target_index,draw_id,draw_date,actual_numbers,top6,top10,top12,hits_top6,hits_top10,hits_top12,brier,log_loss,probability_sum,train_start_date,train_end_date,training_draws,parameters,model_version,model
500,100000083,2011-10-18,4 8 19 32 44 46,25 1 10 22 31 16,25 1 10 22 31 16 39 38 43 44,25 1 10 22 31 16 39 38 43 44 41 13,0,1,1,0.10968246273354268,0.3823634338571925,6.000000000000001,2007-01-02,2011-10-14,500,"{""C_proxy"": 0.2, ""features"": [""long_z"", ""recent20_z"", ""recent50_z"", ""recent100_z"", ""ewma_z"", ""gap_z"", ""transition_z"", ""in_last_draw""], ""include_number"": true, ""retrain_interval"": 1, ""seed"": 20260728, ""shrink_strength"": 0.1}",audited-1.0.0-online-SGD-r1,FullFeatureLogistic
501,100000084,2011-10-21,20 33 34 35 41 43,25 1 10 22 39 16,25 1 10 22 39 16 31 43 38 13,25 1 10 22 39 16 31 43 38 13 7 41,0,1,2,0.10753351579730304,0.3717054711079138,6.0,2007-01-02,2011-10-18,501,"{""C_proxy"": 0.2, ""features"": [""long_z"", ""recent20_z"", ""recent50_z"", ""recent100_z"", ""ewma_z"", ""gap_z"", ""transition_z"", ""in_last_draw""], ""include_number"": true, ""retrain_interval"": 1, ""seed"": 20260728, ""shrink_strength"": 0.1}",audited-1.0.0-online-SGD-r1,FullFeatureLogistic
502,100000085,2011-10-25,2 5 24 28 33 44,25 1 10 39 31 22,25 1 10 39 31 22 38 16 13 9,25 1 10 39 31 22 38 16 13 9 7 42,0,0,0,0.10878652201739746,0.37779042832476983,6.000000000000001,2007-01-02,2011-10-21,502,"{""C_proxy"": 0.2, ""features"": [""long_z"", ""recent20_z"", ""recent50_z"", ""recent100_z"", ""ewma_z"", ""gap_z"", ""transition_z"", ""in_last_draw""], ""include_number"": true, ""retrain_interval"": 1, ""seed"": 20260728, ""shrink_strength"": 0.1}",audited-1.0.0-online-SGD-r1,FullFeatureLogistic
503,100000086,2011-10-28,5 15 24 27 33 36,25 1 10 39 22 38,25 1 10 39 22 38 31 16 13 9,25 1 10 39 22 38 31 16 13 9 42 29,0,0,0,0.10977469891664271,0.382694461041575,6.0,2007-01-02,2011-10-25,503,"{""C_proxy"": 0.2, ""features"": [""long_z"", ""recent20_z"", ""recent50_z"", ""recent100_z"", ""ewma_z"", ""gap_z"", ""transition_z"", ""in_last_draw""], ""include_number"": true, ""retrain_interval"": 1, ""seed"": 20260728, ""shrink_strength"": 0.1}",audited-1.0.0-online-SGD-r1,FullFeatureLogistic
504,100000087,2011-11-01,4 7 13 14 21 29,25 1 10 38 31 22,25 1 10 38 31 22 39 16 13 9,25 1 10 38 31 22 39 16 13 9 42 29,0,1,2,0.10912393292556691,0.3802860113192288,6.000000000000002,2007-01-02,2011-10-28,504,"{""C_proxy"": 0.2, ""features"": [""long_z"", ""recent20_z"", ""recent50_z"", ""recent100_z"", ""ewma_z"", ""gap_z"", ""transition_z"", ""in_last_draw""], ""include_number"": true, ""retrain_interval"": 1, ""seed"": 20260728, ""shrink_strength"": 0.1}",audited-1.0.0-online-SGD-r1,FullFeatureLogistic
505,100000088,2011-11-04,2 7 8 14 21 38,1 25 10 38 31 22,1 25 10 38 31 22 39 16 9 49,1 25 10 38 31 22 39 16 9 49 42 41,1,1,1,0.11032223933717668,0.38616587738853647,6.000000000000001,2007-01-02,2011-11-01,505,"{""C_proxy"": 0.2, ""features"": [""long_z"", ""recent20_z"", ""recent50_z"", ""recent100_z"", ""ewma_z"", ""gap_z"", ""transition_z"", ""in_last_draw""], ""include_number"": true, ""retrain_interval"": 1, ""seed"": 20260728, ""shrink_strength"": 0.1}",audited-1.0.0-online-SGD-r1,FullFeatureLogistic
506,100000089,2011-11-08,2 11 22 35 39 40,1 25 10 22 31 39,1 25 10 22 31 39 16 38 9 49,1 25 10 22 31 39 16 38 9 49 41 42,2,2,2,0.10689361274563274,0.36887178529776576,6.0,2007-01-02,2011-11-04,506,"{""C_proxy"": 0.2, ""features"": [""long_z"", ""recent20_z"", ""recent50_z"", ""recent100_z"", ""ewma_z"", ""gap_z"", ""transition_z"", ""in_last_draw""], ""include_number"": true, ""retrain_interval"": 1, ""seed"": 20260728, ""shrink_strength"": 0.1}",audited-1.0.0-online-SGD-r1,FullFeatureLogistic
507,100000090,2011-11-11,4 19 20 29 32 36,1 25 10 31 38 16,1 25 10 31 38 16 9 49 41 22,1 25 10 31 38 16 9 49 41 22 42 18,0,0,0,0.10925869648444533,0.3799841046212352,5.999999999999999,2007-01-02,2011-11-08,507,"{""C_proxy"": 0.2, ""features"": [""long_z"", ""recent20_z"", ""recent50_z"", ""recent100_z"", ""ewma_z"", ""gap_z"", ""transition_z"", ""in_last_draw""], ""include_number"": true, ""retrain_interval"": 1, ""seed"": 20260728, ""shrink_strength"": 0.1}",audited-1.0.0-online-SGD-r1,FullFeatureLogistic
508,100000091,2011-11-15,12 19 21 35 42 46,1 25 10 31 38 16,1 25 10 31 38 16 22 9 41 39,1 25 10 31 38 16 22 9 41 39 49 13,0,0,0,0.10891330083379074,0.37834094971939974,6.0,2007-01-02,2011-11-11,508,"{""C_proxy"": 0.2, ""features"": [""long_z"", ""recent20_z"", ""recent50_z"", ""recent100_z"", ""ewma_z"", ""gap_z"", ""transition_z"", ""in_last_draw""], ""include_number"": true, ""retrain_interval"": 1, ""seed"": 20260728, ""shrink_strength"": 0.1}",audited-1.0.0-online-SGD-r1,FullFeatureLogistic
509,100000092,2011-11-18,10 11 12 15 16 45,1 25 10 31 38 16,1 25 10 31 38 16 22 9 41 39,1 25 10 31 38 16 22 9 41 39 49 13,2,2,2,0.10552056404721283,0.36233464019533346,6.000000000000001,2007-01-02,2011-11-15,509,"{""C_proxy"": 0.2, ""features"": [""long_z"", ""recent20_z"", ""recent50_z"", ""recent100_z"", ""ewma_z"", ""gap_z"", ""transition_z"", ""in_last_draw""], ""include_number"": true, ""retrain_interval"": 1, ""seed"": 20260728, ""shrink_strength"": 0.1}",audited-1.0.0-online-SGD-r1,FullFeatureLogistic
510,100000093,2011-11-22,16 21 37 40 41 46,1 25 31 22 38 9,1 25 31 22 38 9 41 39 49 13,1 25 31 22 38 9 41 39 49 13 28 10,0,1,1,0.10731009151665426,0.370855773417303,6.0,2007-01-02,2011-11-18,510,"{""C_proxy"": 0.2, ""features"": [""long_z"", ""recent20_z"", ""recent50_z"", ""recent100_z"", ""ewma_z"", ""gap_z"", ""transition_z"", ""in_last_draw""], ""include_number"": true, ""retrain_interval"": 1, ""seed"": 20260728, ""shrink_strength"": 0.1}",audited-1.0.0-online-SGD-r1,FullFeatureLogistic
511,100000094,2011-11-25,8 10 27 30 36 43,1 25 31 10 22 39,1 25 31 10 22 39 13 9 28 38,1 25 31 10 22 39 13 9 28 38 49 18,1,1,1,0.10806143890343739,0.3744261634507249,6.000000000000001,2007-01-02,2011-11-22,511,"{""C_proxy"": 0.2, ""features"": [""long_z"", ""recent20_z"", ""recent50_z"", ""recent100_z"", ""ewma_z"", ""gap_z"", ""transition_z"", ""in_last_draw""], ""include_number"": true, ""retrain_interval"": 1, ""seed"": 20260728, ""shrink_strength"": 0.1}",audited-1.0.0-online-SGD-r1,FullFeatureLogistic
512,100000095,2011-11-29,1 7 11 14 35 36,25 1 31 39 9 28,25 1 31 39 9 28 38 22 13 49,25 1 31 39 9 28 38 22 13 49 18 42,1,1,1,0.10953779707888356,0.3827770864154546,6.000000000000001,2007-01-02,2011-11-25,512,"{""C_proxy"": 0.2, ""features"": [""long_z"", ""recent20_z"", ""recent50_z"", ""recent100_z"", ""ewma_z"", ""gap_z"", ""transition_z"", ""in_last_draw""], ""include_number"": true, ""retrain_interval"": 1, ""seed"": 20260728, ""shrink_strength"": 0.1}",audited-1.0.0-online-SGD-r1,FullFeatureLogistic
513,100000096,2011-12-02,23 27 31 37 39 45,25 1 31 38 9 28,25 1 31 38 9 28 39 13 10 22,25 1 31 38 9 28 39 13 10 22 49 42,1,2,2,0.10635014846299022,0.36615493557136414,5.999999999999999,2007-01-02,2011-11-29,513,"{""C_proxy"": 0.2, ""features"": [""long_z"", ""recent20_z"", ""recent50_z"", ""recent100_z"", ""ewma_z"", ""gap_z"", ""transition_z"", ""in_last_draw""], ""include_number"": true, ""retrain_interval"": 1, ""seed"": 20260728, ""shrink_strength"": 0.1}",audited-1.0.0-online-SGD-r1,FullFeatureLogistic
514,100000097,2011-12-06,3 13 14 18 22 38,25 1 38 13 31 22,25 1 38 13 31 22 49 9 28 42,25 1 38 13 31 22 49 9 28 42 18 10,3,3,4,0.10685559655326199,0.37016752543178433,6.0,2007-01-02,2011-12-02,514,"{""C_proxy"": 0.2, ""features"": [""long_z"", ""recent20_z"", ""recent50_z"", ""recent100_z"", ""ewma_z"", ""gap_z"", ""transition_z"", ""in_last_draw""], ""include_number"": true, ""retrain_interval"": 1, ""seed"": 20260728, ""shrink_strength"": 0.1}",audited-1.0.0-online-SGD-r1,FullFeatureLogistic
515,100000098,2011-12-09,10 37 38 39 40 45,25 1 31 49 28 9,25 1 31 49 28 9 42 10 44 39,25 1 31 49 28 9 42 10 44 39 47 41,0,2,2,0.10662597339505796,0.3673466029996758,6.0,2007-01-02,2011-12-06,515,"{""C_proxy"": 0.2, ""features"": [""long_z"", ""recent20_z"", ""recent50_z"", ""recent100_z"", ""ewma_z"", ""gap_z"", ""transition_z"", ""in_last_draw""], ""include_number"": true, ""retrain_interval"": 1, ""seed"": 20260728, ""shrink_strength"": 0.1}",audited-1.0.0-online-SGD-r1,FullFeatureLogistic
516,100000099,2011-12-13,2 23 30 36 44 48,25 1 31 28 42 9,25 1 31 28 42 9 49 13 44 41,25 1 31 28 42 9 49 13 44 41 18 22,0,1,1,0.10898267014907309,0.3787033022207211,6.0,2007-01-02,2011-12-09,516,"{""C_proxy"": 0.2, ""features"": [""long_z"", ""recent20_z"", ""recent50_z"", ""recent100_z"", ""ewma_z"", ""gap_z"", ""transition_z"", ""in_last_draw""], ""include_number"": true, ""retrain_interval"": 1, ""seed"": 20260728, ""shrink_strength"": 0.1}",audited-1.0.0-online-SGD-r1,FullFeatureLogistic
517,100000100,2011-12-16,10 31 35 36 41 44,25 1 28 31 9 42,25 1 28 31 9 42 49 41 22 18,25 1 28 31 9 42 49 41 22 18 13 43,1,2,2,0.10774103305660022,0.3732683616630842,6.0,2007-01-02,2011-12-13,517,"{""C_proxy"": 0.2, ""features"": [""long_z"", ""recent20_z"", ""recent50_z"", ""recent100_z"", ""ewma_z"", ""gap_z"", ""transition_z"", ""in_last_draw""], ""include_number"": true, ""retrain_interval"": 1, ""seed"": 20260728, ""shrink_strength"": 0.1}",audited-1.0.0-online-SGD-r1,FullFeatureLogistic
518,100000101,2011-12-20,5 7 9 26 27 34,25 1 28 42 49 22,25 1 28 42 49 22 9 18 43 13,25 1 28 42 49 22 9 18 43 13 16 29,0,1,1,0.10703141110897474,0.3691657753841203,6.0,2007-01-02,2011-12-16,518,"{""C_proxy"": 0.2, ""features"": [""long_z"", ""recent20_z"", ""recent50_z"", ""recent100_z"", ""ewma_z"", ""gap_z"", ""transition_z"", ""in_last_draw""], ""include_number"": true, ""retrain_interval"": 1, ""seed"": 20260728, ""shrink_strength"": 0.1}",audited-1.0.0-online-SGD-r1,FullFeatureLogistic
519,100000102,2011-12-23,6 17 27 31 40 48,25 1 28 42 22 49,25 1 28 42 22 49 18 43 29 13,25 1 28 42 22 49 18 43 29 13 16 31,0,0,1,0.10834423216916593,0.3755780493386114,6.0,2007-01-02,2011-12-20,519,"{""C_proxy"": 0.2, ""features"": [""long_z"", ""recent20_z"", ""recent50_z"", ""recent100_z"", ""ewma_z"", ""gap_z"", ""transition_z"", ""in_last_draw""], ""include_number"": true, ""retrain_interval"": 1, ""seed"": 20260728, ""shrink_strength"": 0.1}",audited-1.0.0-online-SGD-r1,FullFeatureLogistic
520,100000103,2011-12-27,1 8 23 24 30 32,25 1 28 42 22 18,25 1 28 42 22 18 43 29 16 9,25 1 28 42 22 18 43 29 16 9 20 49,1,1,1,0.10782090767157354,0.3737137901672768,6.0,2007-01-02,2011-12-23,520,"{""C_proxy"": 0.2, ""features"": [""long_z"", ""recent20_z"", ""recent50_z"", ""recent100_z"", ""ewma_z"", ""gap_z"", ""transition_z"", ""in_last_draw""], ""include_number"": true, ""retrain_interval"": 1, ""seed"": 20260728, ""shrink_strength"": 0.1}",audited-1.0.0-online-SGD-r1,FullFeatureLogistic
521,100000104,2011-12-30,12 13 15 28 30 37,25 28 1 42 22 43,25 28 1 42 22 43 16 18 29 9,25 28 1 42 22 43 16 18 29 9 49 13,1,1,2,0.10733571041487301,0.3716971963141438,6.000000000000001,2007-01-02,2011-12-27,521,"{""C_proxy"": 0.2, ""features"": [""long_z"", ""recent20_z"", ""recent50_z"", ""recent100_z"", ""ewma_z"", ""gap_z"", ""transition_z"", ""in_last_draw""], ""include_number"": true, ""retrain_interval"": 1, ""seed"": 20260728, ""shrink_strength"": 0.1}",audited-1.0.0-online-SGD-r1,FullFeatureLogistic
522,101000001,2012-01-03,9 19 26 34 38 40,25 1 42 22 29 9,25 1 42 22 29 9 43 18 49 28,25 1 42 22 29 9 43 18 49 28 41 16,1,1,1,0.10684084038600408,0.36837491740089834,6.0,2007-01-02,2011-12-30,522,"{""C_proxy"": 0.2, ""features"": [""long_z"", ""recent20_z"", ""recent50_z"", ""recent100_z"", ""ewma_z"", ""gap_z"", ""transition_z"", ""in_last_draw""], ""include_number"": true, ""retrain_interval"": 1, ""seed"": 20260728, ""shrink_strength"": 0.1}",audited-1.0.0-online-SGD-r1,FullFeatureLogistic
523,101000002,2012-01-06,10 14 23 35 41 46,25 1 22 42 28 29,25 1 22 42 28 29 43 18 49 16,25 1 22 42 28 29 43 18 49 16 41 10,0,0,2,0.1095594661914391,0.3825009260915448,6.0,2007-01-02,2012-01-03,523,"{""C_proxy"": 0.2, ""features"": [""long_z"", ""recent20_z"", ""recent50_z"", ""recent100_z"", ""ewma_z"", ""gap_z"", ""transition_z"", ""in_last_draw""], ""include_number"": true, ""retrain_interval"": 1, ""seed"": 20260728, ""shrink_strength"": 0.1}",audited-1.0.0-online-SGD-r1,FullFeatureLogistic
524,101000003,2012-01-10,3 21 23 27 45 47,25 1 22 28 42 29,25 1 22 28 42 29 18 16 49 43,25 1 22 28 42 29 18 16 49 43 20 13,0,0,0,0.11015901841392756,0.3842174725061445,6.0,2007-01-02,2012-01-06,524,"{""C_proxy"": 0.2, ""features"": [""long_z"", ""recent20_z"", ""recent50_z"", ""recent100_z"", ""ewma_z"", ""gap_z"", ""transition_z"", ""in_last_draw""], ""include_number"": true, ""retrain_interval"": 1, ""seed"": 20260728, ""shrink_strength"": 0.1}",audited-1.0.0-online-SGD-r1,FullFeatureLogistic
525,101000004,2012-01-13,22 36 42 43 46 48,25 1 28 22 42 29,25 1 28 22 42 29 18 16 43 49,25 1 28 22 42 29 18 16 43 49 44 9,2,3,3,0.10584043712334114,0.3641433961447847,6.000000000000001,2007-01-02,2012-01-10,525,"{""C_proxy"": 0.2, ""features"": [""long_z"", ""recent20_z"", ""recent50_z"", ""recent100_z"", ""ewma_z"", ""gap_z"", ""transition_z"", ""in_last_draw""], ""include_number"": true, ""retrain_interval"": 1, ""seed"": 20260728, ""shrink_strength"": 0.1}",audited-1.0.0-online-SGD-r1,FullFeatureLogistic
526,101000005,2012-01-17,4 10 22 35 42 46,25 1 28 29 16 18,25 1 28 29 16 18 49 44 42 9,25 1 28 29 16 18 49 44 42 9 10 22,0,1,3,0.10869781389466908,0.37758823641943995,6.0,2007-01-02,2012-01-13,526,"{""C_proxy"": 0.2, ""features"": [""long_z"", ""recent20_z"", ""recent50_z"", ""recent100_z"", ""ewma_z"", ""gap_z"", ""transition_z"", ""in_last_draw""], ""include_number"": true, ""retrain_interval"": 1, ""seed"": 20260728, ""shrink_strength"": 0.1}",audited-1.0.0-online-SGD-r1,FullFeatureLogistic
527,101000006,2012-01-20,10 12 22 30 39 44,25 1 28 16 29 18,25 1 28 16 29 18 44 49 9 41,25 1 28 16 29 18 44 49 9 41 31 43,0,1,1,0.10784413378795137,0.3733535383000439,5.999999999999998,2007-01-02,2012-01-17,527,"{""C_proxy"": 0.2, ""features"": [""long_z"", ""recent20_z"", ""recent50_z"", ""recent100_z"", ""ewma_z"", ""gap_z"", ""transition_z"", ""in_last_draw""], ""include_number"": true, ""retrain_interval"": 1, ""seed"": 20260728, ""shrink_strength"": 0.1}",audited-1.0.0-online-SGD-r1,FullFeatureLogistic
528,101000007,2012-01-24,8 21 29 38 44 45,25 1 28 16 29 18,25 1 28 16 29 18 9 31 43 15,25 1 28 16 29 18 9 31 43 15 41 49,1,1,1,0.10716855102585154,0.3699289794160775,6.000000000000001,2007-01-02,2012-01-20,528,"{""C_proxy"": 0.2, ""features"": [""long_z"", ""recent20_z"", ""recent50_z"", ""recent100_z"", ""ewma_z"", ""gap_z"", ""transition_z"", ""in_last_draw""], ""include_number"": true, ""retrain_interval"": 1, ""seed"": 20260728, ""shrink_strength"": 0.1}",audited-1.0.0-online-SGD-r1,FullFeatureLogistic
529,101000008,2012-01-27,3 20 21 22 34 40,25 1 28 16 18 9,25 1 28 16 18 9 43 15 31 29,25 1 28 16 18 9 43 15 31 29 49 41,0,0,0,0.1081694178583607,0.3747675659314292,6.000000000000001,2007-01-02,2012-01-24,529,"{""C_proxy"": 0.2, ""features"": [""long_z"", ""recent20_z"", ""recent50_z"", ""recent100_z"", ""ewma_z"", ""gap_z"", ""transition_z"", ""in_last_draw""], ""include_number"": true, ""retrain_interval"": 1, ""seed"": 20260728, ""shrink_strength"": 0.1}",audited-1.0.0-online-SGD-r1,FullFeatureLogistic
530,101000009,2012-01-31,1 11 14 15 19 33,25 1 28 16 18 9,25 1 28 16 18 9 29 43 15 31,25 1 28 16 18 9 29 43 15 31 41 13,1,2,2,0.10781416250138505,0.37449652511819337,6.000000000000002,2007-01-02,2012-01-27,530,"{""C_proxy"": 0.2, ""features"": [""long_z"", ""recent20_z"", ""recent50_z"", ""recent100_z"", ""ewma_z"", ""gap_z"", ""transition_z"", ""in_last_draw""], ""include_number"": true, ""retrain_interval"": 1, ""seed"": 20260728, ""shrink_strength"": 0.1}",audited-1.0.0-online-SGD-r1,FullFeatureLogistic
531,101000010,2012-02-03,5 8 20 32 34 35,25 1 28 16 18 29,25 1 28 16 18 29 43 9 31 41,25 1 28 16 18 29 43 9 31 41 13 49,0,0,0,0.1082185140724981,0.37488643198046595,6.0,2007-01-02,2012-01-31,531,"{""C_proxy"": 0.2, ""features"": [""long_z"", ""recent20_z"", ""recent50_z"", ""recent100_z"", ""ewma_z"", ""gap_z"", ""transition_z"", ""in_last_draw""], ""include_number"": true, ""retrain_interval"": 1, ""seed"": 20260728, ""shrink_strength"": 0.1}",audited-1.0.0-online-SGD-r1,FullFeatureLogistic
532,101000011,2012-02-07,7 22 27 33 39 41,25 1 28 16 18 29,25 1 28 16 18 29 43 9 31 41,25 1 28 16 18 29 43 9 31 41 13 2,0,1,1,0.10760396282412969,0.3717342540847415,6.0,2007-01-02,2012-02-03,532,"{""C_proxy"": 0.2, ""features"": [""long_z"", ""recent20_z"", ""recent50_z"", ""recent100_z"", ""ewma_z"", ""gap_z"", ""transition_z"", ""in_last_draw""], ""include_number"": true, ""retrain_interval"": 1, ""seed"": 20260728, ""shrink_strength"": 0.1}",audited-1.0.0-online-SGD-r1,FullFeatureLogistic
533,101000012,2012-02-10,5 16 19 29 41 43,25 1 28 16 29 18,25 1 28 16 29 18 31 9 43 13,25 1 28 16 29 18 31 9 43 13 2 48,2,3,3,0.10581644317542083,0.3640026344928679,6.0,2007-01-02,2012-02-07,533,"{""C_proxy"": 0.2, ""features"": [""long_z"", ""recent20_z"", ""recent50_z"", ""recent100_z"", ""ewma_z"", ""gap_z"", ""transition_z"", ""in_last_draw""], ""include_number"": true, ""retrain_interval"": 1, ""seed"": 20260728, ""shrink_strength"": 0.1}",audited-1.0.0-online-SGD-r1,FullFeatureLogistic
534,101000013,2012-02-14,2 11 19 21 33 45,25 1 28 18 9 31,25 1 28 18 9 31 16 13 49 48,25 1 28 18 9 31 16 13 49 48 2 10,0,0,1,0.10994952501623097,0.38354370122875936,6.0,2007-01-02,2012-02-10,534,"{""C_proxy"": 0.2, ""features"": [""long_z"", ""recent20_z"", ""recent50_z"", ""recent100_z"", ""ewma_z"", ""gap_z"", ""transition_z"", ""in_last_draw""], ""include_number"": true, ""retrain_interval"": 1, ""seed"": 20260728, ""shrink_strength"": 0.1}",audited-1.0.0-online-SGD-r1,FullFeatureLogistic
535,101000014,2012-02-17,14 15 26 30 38 44,25 1 28 16 9 18,25 1 28 16 9 18 31 10 29 43,25 1 28 16 9 18 31 10 29 43 49 13,0,0,0,0.10874843789773213,0.3787127567852863,6.000000000000002,2007-01-02,2012-02-14,535,"{""C_proxy"": 0.2, ""features"": [""long_z"", ""recent20_z"", ""recent50_z"", ""recent100_z"", ""ewma_z"", ""gap_z"", ""transition_z"", ""in_last_draw""], ""include_number"": true, ""retrain_interval"": 1, ""seed"": 20260728, ""shrink_strength"": 0.1}",audited-1.0.0-online-SGD-r1,FullFeatureLogistic
536,101000015,2012-02-21,2 21 32 39 42 46,25 1 28 9 16 18,25 1 28 9 16 18 31 29 10 13,25 1 28 9 16 18 31 29 10 13 49 43,0,0,0,0.1082110567978545,0.374805407098796,5.999999999999999,2007-01-02,2012-02-17,536,"{""C_proxy"": 0.2, ""features"": [""long_z"", ""recent20_z"", ""recent50_z"", ""recent100_z"", ""ewma_z"", ""gap_z"", ""transition_z"", ""in_last_draw""], ""include_number"": true, ""retrain_interval"": 1, ""seed"": 20260728, ""shrink_strength"": 0.1}",audited-1.0.0-online-SGD-r1,FullFeatureLogistic
537,101000016,2012-02-24,2 6 13 15 17 43,25 1 28 9 16 18,25 1 28 9 16 18 31 29 43 13,25 1 28 9 16 18 31 29 43 13 10 49,0,2,2,0.10698086880612069,0.3688372529810118,6.000000000000001,2007-01-02,2012-02-21,537,"{""C_proxy"": 0.2, ""features"": [""long_z"", ""recent20_z"", ""recent50_z"", ""recent100_z"", ""ewma_z"", ""gap_z"", ""transition_z"", ""in_last_draw""], ""include_number"": true, ""retrain_interval"": 1, ""seed"": 20260728, ""shrink_strength"": 0.1}",audited-1.0.0-online-SGD-r1,FullFeatureLogistic
538,101000017,2012-02-28,2 30 32 36 43 47,25 1 28 9 16 18,25 1 28 9 16 18 31 29 49 10,25 1 28 9 16 18 31 29 49 10 48 47,0,0,1,0.11009885875700232,0.38395276399622325,6.0,2007-01-02,2012-02-24,538,"{""C_proxy"": 0.2, ""features"": [""long_z"", ""recent20_z"", ""recent50_z"", ""recent100_z"", ""ewma_z"", ""gap_z"", ""transition_z"", ""in_last_draw""], ""include_number"": true, ""retrain_interval"": 1, ""seed"": 20260728, ""shrink_strength"": 0.1}",audited-1.0.0-online-SGD-r1,FullFeatureLogistic
539,101000018,2012-03-02,2 6 15 21 31 45,1 25 28 16 9 18,1 25 28 16 9 18 31 10 29 49,1 25 28 16 9 18 31 10 29 49 48 44,0,1,1,0.10916163946597313,0.37961341744956956,5.999999999999999,2007-01-02,2012-02-28,539,"{""C_proxy"": 0.2, ""features"": [""long_z"", ""recent20_z"", ""recent50_z"", ""recent100_z"", ""ewma_z"", ""gap_z"", ""transition_z"", ""in_last_draw""], ""include_number"": true, ""retrain_interval"": 1, ""seed"": 20260728, ""shrink_strength"": 0.1}",audited-1.0.0-online-SGD-r1,FullFeatureLogistic
540,101000019,2012-03-06,2 5 17 20 25 48,1 25 28 16 9 10,1 25 28 16 9 10 18 29 49 44,1 25 28 16 9 10 18 29 49 44 48 13,1,1,2,0.10716901806916462,0.37073638394901265,5.999999999999998,2007-01-02,2012-03-02,540,"{""C_proxy"": 0.2, ""features"": [""long_z"", ""recent20_z"", ""recent50_z"", ""recent100_z"", ""ewma_z"", ""gap_z"", ""transition_z"", ""in_last_draw""], ""include_number"": true, ""retrain_interval"": 1, ""seed"": 20260728, ""shrink_strength"": 0.1}",audited-1.0.0-online-SGD-r1,FullFeatureLogistic
541,101000020,2012-03-09,10 21 41 44 45 48,1 25 28 16 10 9,1 25 28 16 10 9 18 29 31 44,1 25 28 16 10 9 18 29 31 44 49 13,1,2,2,0.10752834534994717,0.3719724637945935,6.0,2007-01-02,2012-03-06,541,"{""C_proxy"": 0.2, ""features"": [""long_z"", ""recent20_z"", ""recent50_z"", ""recent100_z"", ""ewma_z"", ""gap_z"", ""transition_z"", ""in_last_draw""], ""include_number"": true, ""retrain_interval"": 1, ""seed"": 20260728, ""shrink_strength"": 0.1}",audited-1.0.0-online-SGD-r1,FullFeatureLogistic
542,101000021,2012-03-13,6 24 46 47 48 49,25 1 28 16 9 29,25 1 28 16 9 29 31 18 34 49,25 1 28 16 9 29 31 18 34 49 13 38,0,1,1,0.1079235283851298,0.3730702326456841,6.000000000000001,2007-01-02,2012-03-09,542,"{""C_proxy"": 0.2, ""features"": [""long_z"", ""recent20_z"", ""recent50_z"", ""recent100_z"", ""ewma_z"", ""gap_z"", ""transition_z"", ""in_last_draw""], ""include_number"": true, ""retrain_interval"": 1, ""seed"": 20260728, ""shrink_strength"": 0.1}",audited-1.0.0-online-SGD-r1,FullFeatureLogistic
543,101000022,2012-03-16,26 27 28 30 31 43,25 1 16 28 9 29,25 1 16 28 9 29 31 10 13 7,25 1 16 28 9 29 31 10 13 7 18 49,1,2,2,0.10688975862384507,0.3694268953133094,6.000000000000001,2007-01-02,2012-03-13,543,"{""C_proxy"": 0.2, ""features"": [""long_z"", ""recent20_z"", ""recent50_z"", ""recent100_z"", ""ewma_z"", ""gap_z"", ""transition_z"", ""in_last_draw""], ""include_number"": true, ""retrain_interval"": 1, ""seed"": 20260728, ""shrink_strength"": 0.1}",audited-1.0.0-online-SGD-r1,FullFeatureLogistic
544,101000023,2012-03-20,4 5 7 13 26 46,25 1 16 9 29 49,25 1 16 9 29 49 28 10 13 7,25 1 16 9 29 49 28 10 13 7 42 18,0,2,2,0.10762360880482831,0.3719178873103717,6.0,2007-01-02,2012-03-16,544,"{""C_proxy"": 0.2, ""features"": [""long_z"", ""recent20_z"", ""recent50_z"", ""recent100_z"", ""ewma_z"", ""gap_z"", ""transition_z"", ""in_last_draw""], ""include_number"": true, ""retrain_interval"": 1, ""seed"": 20260728, ""shrink_strength"": 0.1}",audited-1.0.0-online-SGD-r1,FullFeatureLogistic
545,101000024,2012-03-23,22 31 36 37 43 44,25 1 16 28 49 9,25 1 16 28 49 9 29 10 38 18,25 1 16 28 49 9 29 10 38 18 34 44,0,0,1,0.10720834635792248,0.36986551413391877,6.0,2007-01-02,2012-03-20,545,"{""C_proxy"": 0.2, ""features"": [""long_z"", ""recent20_z"", ""recent50_z"", ""recent100_z"", ""ewma_z"", ""gap_z"", ""transition_z"", ""in_last_draw""], ""include_number"": true, ""retrain_interval"": 1, ""seed"": 20260728, ""shrink_strength"": 0.1}",audited-1.0.0-online-SGD-r1,FullFeatureLogistic
546,101000025,2012-03-27,16 18 23 27 28 29,25 1 16 28 49 29,25 1 16 28 49 29 9 10 18 38,25 1 16 28 49 29 9 10 18 38 42 34,3,4,4,0.1053435228689267,0.36206241334625283,5.999999999999999,2007-01-02,2012-03-23,546,"{""C_proxy"": 0.2, ""features"": [""long_z"", ""recent20_z"", ""recent50_z"", ""recent100_z"", ""ewma_z"", ""gap_z"", ""transition_z"", ""in_last_draw""], ""include_number"": true, ""retrain_interval"": 1, ""seed"": 20260728, ""shrink_strength"": 0.1}",audited-1.0.0-online-SGD-r1,FullFeatureLogistic
547,101000026,2012-03-30,1 20 21 28 36 38,25 1 49 9 16 38,25 1 49 9 16 38 10 34 42 40,25 1 49 9 16 38 10 34 42 40 7 18,2,2,2,0.1066624397308633,0.3687706650600864,6.0,2007-01-02,2012-03-27,547,"{""C_proxy"": 0.2, ""features"": [""long_z"", ""recent20_z"", ""recent50_z"", ""recent100_z"", ""ewma_z"", ""gap_z"", ""transition_z"", ""in_last_draw""], ""include_number"": true, ""retrain_interval"": 1, ""seed"": 20260728, ""shrink_strength"": 0.1}",audited-1.0.0-online-SGD-r1,FullFeatureLogistic
548,101000027,2012-04-03,8 22 23 39 44 47,25 1 49 16 18 9,25 1 49 16 18 9 10 34 7 40,25 1 49 16 18 9 10 34 7 40 42 13,0,0,0,0.10698228485927738,0.36877259756885006,6.000000000000001,2007-01-02,2012-03-30,548,"{""C_proxy"": 0.2, ""features"": [""long_z"", ""recent20_z"", ""recent50_z"", ""recent100_z"", ""ewma_z"", ""gap_z"", ""transition_z"", ""in_last_draw""], ""include_number"": true, ""retrain_interval"": 1, ""seed"": 20260728, ""shrink_strength"": 0.1}",audited-1.0.0-online-SGD-r1,FullFeatureLogistic
549,101000028,2012-04-06,4 5 14 36 37 40,25 1 16 49 9 18,25 1 16 49 9 18 10 34 7 42,25 1 16 49 9 18 10 34 7 42 40 13,0,0,1,0.11086396000235611,0.3884979737587882,5.999999999999999,2007-01-02,2012-04-03,549,"{""C_proxy"": 0.2, ""features"": [""long_z"", ""recent20_z"", ""recent50_z"", ""recent100_z"", ""ewma_z"", ""gap_z"", ""transition_z"", ""in_last_draw""], ""include_number"": true, ""retrain_interval"": 1, ""seed"": 20260728, ""shrink_strength"": 0.1}",audited-1.0.0-online-SGD-r1,FullFeatureLogistic
550,101000029,2012-04-10,6 19 27 31 33 42,25 1 16 49 9 10,25 1 16 49 9 10 18 42 34 13,25 1 16 49 9 10 18 42 34 13 7 29,0,1,1,0.10845919513936862,0.3756850045839852,6.000000000000001,2007-01-02,2012-04-06,550,"{""C_proxy"": 0.2, ""features"": [""long_z"", ""recent20_z"", ""recent50_z"", ""recent100_z"", ""ewma_z"", ""gap_z"", ""transition_z"", ""in_last_draw""], ""include_number"": true, ""retrain_interval"": 1, ""seed"": 20260728, ""shrink_strength"": 0.1}",audited-1.0.0-online-SGD-r1,FullFeatureLogistic
551,101000030,2012-04-13,1 4 9 20 25 35,25 1 16 49 9 10,25 1 16 49 9 10 18 34 7 13,25 1 16 49 9 10 18 34 7 13 29 38,3,3,3,0.10511421849744246,0.36298721908623355,5.999999999999999,2007-01-02,2012-04-10,551,"{""C_proxy"": 0.2, ""features"": [""long_z"", ""recent20_z"", ""recent50_z"", ""recent100_z"", ""ewma_z"", ""gap_z"", ""transition_z"", ""in_last_draw""], ""include_number"": true, ""retrain_interval"": 1, ""seed"": 20260728, ""shrink_strength"": 0.1}",audited-1.0.0-online-SGD-r1,FullFeatureLogistic
552,101000031,2012-04-17,19 23 25 26 31 43,25 49 16 1 10 18,25 49 16 1 10 18 13 9 29 7,25 49 16 1 10 18 13 9 29 7 38 34,1,1,1,0.10717217069650632,0.37045074694565705,6.0,2007-01-02,2012-04-13,552,"{""C_proxy"": 0.2, ""features"": [""long_z"", ""recent20_z"", ""recent50_z"", ""recent100_z"", ""ewma_z"", ""gap_z"", ""transition_z"", ""in_last_draw""], ""include_number"": true, ""retrain_interval"": 1, ""seed"": 20260728, ""shrink_strength"": 0.1}",audited-1.0.0-online-SGD-r1,FullFeatureLogistic
553,101000032,2012-04-20,2 3 25 44 45 48,1 16 49 25 9 10,1 16 49 25 9 10 18 13 29 38,1 16 49 25 9 10 18 13 29 38 34 7,1,1,1,0.10667017930374771,0.36751216946051035,5.999999999999999,2007-01-02,2012-04-17,553,"{""C_proxy"": 0.2, ""features"": [""long_z"", ""recent20_z"", ""recent50_z"", ""recent100_z"", ""ewma_z"", ""gap_z"", ""transition_z"", ""in_last_draw""], ""include_number"": true, ""retrain_interval"": 1, ""seed"": 20260728, ""shrink_strength"": 0.1}",audited-1.0.0-online-SGD-r1,FullFeatureLogistic
554,101000033,2012-04-24,9 14 19 21 39 47,1 16 49 9 10 18,1 16 49 9 10 18 13 38 25 29,1 16 49 9 10 18 13 38 25 29 42 7,1,1,1,0.10957691646896404,0.3825917399971409,6.0,2007-01-02,2012-04-20,554,"{""C_proxy"": 0.2, ""features"": [""long_z"", ""recent20_z"", ""recent50_z"", ""recent100_z"", ""ewma_z"", ""gap_z"", ""transition_z"", ""in_last_draw""], ""include_number"": true, ""retrain_interval"": 1, ""seed"": 20260728, ""shrink_strength"": 0.1}",audited-1.0.0-online-SGD-r1,FullFeatureLogistic
555,101000034,2012-04-27,13 22 24 35 40 45,1 16 49 25 10 18,1 16 49 25 10 18 13 38 29 34,1 16 49 25 10 18 13 38 29 34 40 7,0,1,2,0.10738281658684247,0.37092179105902384,6.000000000000001,2007-01-02,2012-04-24,555,"{""C_proxy"": 0.2, ""features"": [""long_z"", ""recent20_z"", ""recent50_z"", ""recent100_z"", ""ewma_z"", ""gap_z"", ""transition_z"", ""in_last_draw""], ""include_number"": true, ""retrain_interval"": 1, ""seed"": 20260728, ""shrink_strength"": 0.1}",audited-1.0.0-online-SGD-r1,FullFeatureLogistic
556,101000035,2012-05-01,5 7 21 22 31 43,1 49 16 25 10 18,1 49 16 25 10 18 34 28 9 38,1 49 16 25 10 18 34 28 9 38 29 41,0,0,0,0.10841654214012307,0.37583638878540526,6.0,2007-01-02,2012-04-27,556,"{""C_proxy"": 0.2, ""features"": [""long_z"", ""recent20_z"", ""recent50_z"", ""recent100_z"", ""ewma_z"", ""gap_z"", ""transition_z"", ""in_last_draw""], ""include_number"": true, ""retrain_interval"": 1, ""seed"": 20260728, ""shrink_strength"": 0.1}",audited-1.0.0-online-SGD-r1,FullFeatureLogistic
557,101000036,2012-05-04,4 11 17 23 31 39,1 25 49 16 10 18,1 25 49 16 10 18 28 9 34 38,1 25 49 16 10 18 28 9 34 38 29 13,0,0,0,0.10974912626952141,0.3823410142457499,6.000000000000001,2007-01-02,2012-05-01,557,"{""C_proxy"": 0.2, ""features"": [""long_z"", ""recent20_z"", ""recent50_z"", ""recent100_z"", ""ewma_z"", ""gap_z"", ""transition_z"", ""in_last_draw""], ""include_number"": true, ""retrain_interval"": 1, ""seed"": 20260728, ""shrink_strength"": 0.1}",audited-1.0.0-online-SGD-r1,FullFeatureLogistic
558,101000037,2012-05-08,6 23 24 25 29 30,1 25 49 16 10 18,1 25 49 16 10 18 9 28 38 41,1 25 49 16 10 18 9 28 38 41 34 13,1,1,1,0.10851594951166477,0.37709730366184147,6.000000000000001,2007-01-02,2012-05-04,558,"{""C_proxy"": 0.2, ""features"": [""long_z"", ""recent20_z"", ""recent50_z"", ""recent100_z"", ""ewma_z"", ""gap_z"", ""transition_z"", ""in_last_draw""], ""include_number"": true, ""retrain_interval"": 1, ""seed"": 20260728, ""shrink_strength"": 0.1}",audited-1.0.0-online-SGD-r1,FullFeatureLogistic
559,101000038,2012-05-11,10 22 29 30 33 37,1 49 10 16 18 9,1 49 10 16 18 9 28 38 41 34,1 49 10 16 18 9 28 38 41 34 13 25,1,1,1,0.10855829691675893,0.3769603938779584,6.0,2007-01-02,2012-05-08,559,"{""C_proxy"": 0.2, ""features"": [""long_z"", ""recent20_z"", ""recent50_z"", ""recent100_z"", ""ewma_z"", ""gap_z"", ""transition_z"", ""in_last_draw""], ""include_number"": true, ""retrain_interval"": 1, ""seed"": 20260728, ""shrink_strength"": 0.1}",audited-1.0.0-online-SGD-r1,FullFeatureLogistic
560,101000039,2012-05-15,1 30 35 44 47 49,1 49 25 16 18 9,1 49 25 16 18 9 28 38 13 41,1 49 25 16 18 9 28 38 13 41 34 10,2,2,2,0.10716247662394082,0.3717828522088597,6.000000000000001,2007-01-02,2012-05-11,560,"{""C_proxy"": 0.2, ""features"": [""long_z"", ""recent20_z"", ""recent50_z"", ""recent100_z"", ""ewma_z"", ""gap_z"", ""transition_z"", ""in_last_draw""], ""include_number"": true, ""retrain_interval"": 1, ""seed"": 20260728, ""shrink_strength"": 0.1}",audited-1.0.0-online-SGD-r1,FullFeatureLogistic
561,101000040,2012-05-18,13 23 25 31 39 46,1 25 16 18 28 10,1 25 16 18 28 10 9 13 34 49,1 25 16 18 28 10 9 13 34 49 38 41,1,2,2,0.1065520513211523,0.3674729491549195,6.0,2007-01-02,2012-05-15,561,"{""C_proxy"": 0.2, ""features"": [""long_z"", ""recent20_z"", ""recent50_z"", ""recent100_z"", ""ewma_z"", ""gap_z"", ""transition_z"", ""in_last_draw""], ""include_number"": true, ""retrain_interval"": 1, ""seed"": 20260728, ""shrink_strength"": 0.1}",audited-1.0.0-online-SGD-r1,FullFeatureLogistic
562,101000041,2012-05-22,1 8 13 18 28 49,1 49 16 28 18 9,1 49 16 28 18 9 10 38 34 41,1 49 16 28 18 9 10 38 34 41 7 40,4,4,4,0.10315881274929525,0.35232056305846104,6.000000000000001,2007-01-02,2012-05-18,562,"{""C_proxy"": 0.2, ""features"": [""long_z"", ""recent20_z"", ""recent50_z"", ""recent100_z"", ""ewma_z"", ""gap_z"", ""transition_z"", ""in_last_draw""], ""include_number"": true, ""retrain_interval"": 1, ""seed"": 20260728, ""shrink_strength"": 0.1}",audited-1.0.0-online-SGD-r1,FullFeatureLogistic
563,101000042,2012-05-25,1 17 22 26 33 40,16 9 10 25 38 1,16 9 10 25 38 1 34 41 40 42,16 9 10 25 38 1 34 41 40 42 7 28,1,2,2,0.10695841319559637,0.36910989713130055,5.999999999999999,2007-01-02,2012-05-22,563,"{""C_proxy"": 0.2, ""features"": [""long_z"", ""recent20_z"", ""recent50_z"", ""recent100_z"", ""ewma_z"", ""gap_z"", ""transition_z"", ""in_last_draw""], ""include_number"": true, ""retrain_interval"": 1, ""seed"": 20260728, ""shrink_strength"": 0.1}",audited-1.0.0-online-SGD-r1,FullFeatureLogistic
564,101000043,2012-05-29,5 22 38 43 46 49,16 25 9 38 10 28,16 25 9 38 10 28 34 18 49 41,16 25 9 38 10 28 34 18 49 41 42 7,1,2,2,0.10649399934203702,0.3669514783657279,6.000000000000001,2007-01-02,2012-05-25,564,"{""C_proxy"": 0.2, ""features"": [""long_z"", ""recent20_z"", ""recent50_z"", ""recent100_z"", ""ewma_z"", ""gap_z"", ""transition_z"", ""in_last_draw""], ""include_number"": true, ""retrain_interval"": 1, ""seed"": 20260728, ""shrink_strength"": 0.1}",audited-1.0.0-online-SGD-r1,FullFeatureLogistic
565,101000044,2012-06-01,4 18 31 34 39 44,25 16 9 28 10 34,25 16 9 28 10 34 18 1 41 42,25 16 9 28 10 34 18 1 41 42 7 44,1,2,3,0.10679991120287691,0.3688286363052446,5.999999999999999,2007-01-02,2012-05-29,565,"{""C_proxy"": 0.2, ""features"": [""long_z"", ""recent20_z"", ""recent50_z"", ""recent100_z"", ""ewma_z"", ""gap_z"", ""transition_z"", ""in_last_draw""], ""include_number"": true, ""retrain_interval"": 1, ""seed"": 20260728, ""shrink_strength"": 0.1}",audited-1.0.0-online-SGD-r1,FullFeatureLogistic
566,101000045,2012-06-05,11 13 16 35 40 49,25 16 9 28 10 1,25 16 9 28 10 1 41 34 42 7,25 16 9 28 10 1 41 34 42 7 38 49,1,1,2,0.10612979971850665,0.3655833893208624,5.999999999999999,2007-01-02,2012-06-01,566,"{""C_proxy"": 0.2, ""features"": [""long_z"", ""recent20_z"", ""recent50_z"", ""recent100_z"", ""ewma_z"", ""gap_z"", ""transition_z"", ""in_last_draw""], ""include_number"": true, ""retrain_interval"": 1, ""seed"": 20260728, ""shrink_strength"": 0.1}",audited-1.0.0-online-SGD-r1,FullFeatureLogistic
567,101000046,2012-06-08,1 9 24 45 46 49,25 9 28 34 10 1,25 9 28 34 10 1 41 38 7 16,25 9 28 34 10 1 41 38 7 16 42 2,2,2,2,0.10647470767103623,0.3669862564127164,6.000000000000002,2007-01-02,2012-06-05,567,"{""C_proxy"": 0.2, ""features"": [""long_z"", ""recent20_z"", ""recent50_z"", ""recent100_z"", ""ewma_z"", ""gap_z"", ""transition_z"", ""in_last_draw""], ""include_number"": true, ""retrain_interval"": 1, ""seed"": 20260728, ""shrink_strength"": 0.1}",audited-1.0.0-online-SGD-r1,FullFeatureLogistic
568,101000047,2012-06-12,3 21 29 33 35 40,25 28 34 16 10 7,25 28 34 16 10 7 41 9 42 38,25 28 34 16 10 7 41 9 42 38 2 18,0,0,0,0.109634260300884,0.3819603999808739,6.0,2007-01-02,2012-06-08,568,"{""C_proxy"": 0.2, ""features"": [""long_z"", ""recent20_z"", ""recent50_z"", ""recent100_z"", ""ewma_z"", ""gap_z"", ""transition_z"", ""in_last_draw""], ""include_number"": true, ""retrain_interval"": 1, ""seed"": 20260728, ""shrink_strength"": 0.1}",audited-1.0.0-online-SGD-r1,FullFeatureLogistic
569,101000048,2012-06-15,9 15 23 38 47 49,25 28 16 34 9 10,25 28 16 34 9 10 41 7 38 42,25 28 16 34 9 10 41 7 38 42 2 1,1,2,2,0.10679687489306679,0.3683774492694205,6.000000000000001,2007-01-02,2012-06-12,569,"{""C_proxy"": 0.2, ""features"": [""long_z"", ""recent20_z"", ""recent50_z"", ""recent100_z"", ""ewma_z"", ""gap_z"", ""transition_z"", ""in_last_draw""], ""include_number"": true, ""retrain_interval"": 1, ""seed"": 20260728, ""shrink_strength"": 0.1}",audited-1.0.0-online-SGD-r1,FullFeatureLogistic
570,101000049,2012-06-19,1 5 17 19 26 46,25 28 16 34 10 41,25 28 16 34 10 41 1 7 42 2,25 28 16 34 10 41 1 7 42 2 18 43,0,1,1,0.10821798434019791,0.37494364498011096,6.000000000000001,2007-01-02,2012-06-15,570,"{""C_proxy"": 0.2, ""features"": [""long_z"", ""recent20_z"", ""recent50_z"", ""recent100_z"", ""ewma_z"", ""gap_z"", ""transition_z"", ""in_last_draw""], ""include_number"": true, ""retrain_interval"": 1, ""seed"": 20260728, ""shrink_strength"": 0.1}",audited-1.0.0-online-SGD-r1,FullFeatureLogistic
571,101000050,2012-06-22,6 24 28 36 38 44,25 28 16 34 10 41,25 28 16 34 10 41 7 42 2 18,25 28 16 34 10 41 7 42 2 18 43 44,1,1,2,0.10704284612891776,0.36966555994699,6.0,2007-01-02,2012-06-19,571,"{""C_proxy"": 0.2, ""features"": [""long_z"", ""recent20_z"", ""recent50_z"", ""recent100_z"", ""ewma_z"", ""gap_z"", ""transition_z"", ""in_last_draw""], ""include_number"": true, ""retrain_interval"": 1, ""seed"": 20260728, ""shrink_strength"": 0.1}",audited-1.0.0-online-SGD-r1,FullFeatureLogistic
572,101000051,2012-06-26,1 6 7 12 16 41,25 34 16 10 41 7,25 34 16 10 41 7 42 2 18 9,25 34 16 10 41 7 42 2 18 9 43 28,3,3,3,0.10520825141817383,0.36135057425490863,6.000000000000001,2007-01-02,2012-06-22,572,"{""C_proxy"": 0.2, ""features"": [""long_z"", ""recent20_z"", ""recent50_z"", ""recent100_z"", ""ewma_z"", ""gap_z"", ""transition_z"", ""in_last_draw""], ""include_number"": true, ""retrain_interval"": 1, ""seed"": 20260728, ""shrink_strength"": 0.1}",audited-1.0.0-online-SGD-r1,FullFeatureLogistic
573,101000052,2012-06-29,9 11 30 36 39 45,25 34 10 28 42 2,25 34 10 28 42 2 18 43 29 9,25 34 10 28 42 2 18 43 29 9 48 16,0,1,1,0.10792510406726466,0.37373298461811094,6.000000000000001,2007-01-02,2012-06-26,573,"{""C_proxy"": 0.2, ""features"": [""long_z"", ""recent20_z"", ""recent50_z"", ""recent100_z"", ""ewma_z"", ""gap_z"", ""transition_z"", ""in_last_draw""], ""include_number"": true, ""retrain_interval"": 1, ""seed"": 20260728, ""shrink_strength"": 0.1}",audited-1.0.0-online-SGD-r1,FullFeatureLogistic
574,101000053,2012-07-03,11 18 21 34 41 49,25 34 10 28 16 42,25 34 10 28 16 42 2 41 7 18,25 34 10 28 16 42 2 41 7 18 12 29,1,3,3,0.10632714693383805,0.3663743601372326,6.0,2007-01-02,2012-06-29,574,"{""C_proxy"": 0.2, ""features"": [""long_z"", ""recent20_z"", ""recent50_z"", ""recent100_z"", ""ewma_z"", ""gap_z"", ""transition_z"", ""in_last_draw""], ""include_number"": true, ""retrain_interval"": 1, ""seed"": 20260728, ""shrink_strength"": 0.1}",audited-1.0.0-online-SGD-r1,FullFeatureLogistic
575,101000054,2012-07-06,4 11 18 19 27 31,25 10 28 16 42 7,25 10 28 16 42 7 29 2 12 34,25 10 28 16 42 7 29 2 12 34 43 48,0,0,0,0.10976467216492686,0.3823139584016578,6.000000000000001,2007-01-02,2012-07-03,575,"{""C_proxy"": 0.2, ""features"": [""long_z"", ""recent20_z"", ""recent50_z"", ""recent100_z"", ""ewma_z"", ""gap_z"", ""transition_z"", ""in_last_draw""], ""include_number"": true, ""retrain_interval"": 1, ""seed"": 20260728, ""shrink_strength"": 0.1}",audited-1.0.0-online-SGD-r1,FullFeatureLogistic
576,101000055,2012-07-10,3 16 26 28 31 41,25 10 28 16 34 7,25 10 28 16 34 7 29 42 2 12,25 10 28 16 34 7 29 42 2 12 44 43,2,2,2,0.10573385565446798,0.36345729414100303,6.0,2007-01-02,2012-07-06,576,"{""C_proxy"": 0.2, ""features"": [""long_z"", ""recent20_z"", ""recent50_z"", ""recent100_z"", ""ewma_z"", ""gap_z"", ""transition_z"", ""in_last_draw""], ""include_number"": true, ""retrain_interval"": 1, ""seed"": 20260728, ""shrink_strength"": 0.1}",audited-1.0.0-online-SGD-r1,FullFeatureLogistic
577,101000056,2012-07-13,8 15 28 35 41 46,25 10 34 7 44 29,25 10 34 7 44 29 12 42 2 43,25 10 34 7 44 29 12 42 2 43 48 15,0,0,1,0.10794245726990784,0.37392597825017043,6.000000000000001,2007-01-02,2012-07-10,577,"{""C_proxy"": 0.2, ""features"": [""long_z"", ""recent20_z"", ""recent50_z"", ""recent100_z"", ""ewma_z"", ""gap_z"", ""transition_z"", ""in_last_draw""], ""include_number"": true, ""retrain_interval"": 1, ""seed"": 20260728, ""shrink_strength"": 0.1}",audited-1.0.0-online-SGD-r1,FullFeatureLogistic
578,101000057,2012-07-17,17 19 22 25 30 37,25 34 10 7 29 44,25 34 10 7 29 44 2 42 1 43,25 34 10 7 29 44 2 42 1 43 16 12,1,1,1,0.10857387343681299,0.3781771401672891,6.0,2007-01-02,2012-07-13,578,"{""C_proxy"": 0.2, ""features"": [""long_z"", ""recent20_z"", ""recent50_z"", ""recent100_z"", ""ewma_z"", ""gap_z"", ""transition_z"", ""in_last_draw""], ""include_number"": true, ""retrain_interval"": 1, ""seed"": 20260728, ""shrink_strength"": 0.1}",audited-1.0.0-online-SGD-r1,FullFeatureLogistic
579,101000058,2012-07-20,11 14 22 34 41 44,25 34 10 7 1 16,25 34 10 7 1 16 2 44 43 29,25 34 10 7 1 16 2 44 43 29 12 48,1,2,2,0.10804347107827249,0.374770288839648,6.000000000000001,2007-01-02,2012-07-17,579,"{""C_proxy"": 0.2, ""features"": [""long_z"", ""recent20_z"", ""recent50_z"", ""recent100_z"", ""ewma_z"", ""gap_z"", ""transition_z"", ""in_last_draw""], ""include_number"": true, ""retrain_interval"": 1, ""seed"": 20260728, ""shrink_strength"": 0.1}",audited-1.0.0-online-SGD-r1,FullFeatureLogistic
580,101000059,2012-07-24,5 11 21 24 37 39,25 10 7 1 16 9,25 10 7 1 16 9 12 43 29 2,25 10 7 1 16 9 12 43 29 2 42 48,0,0,0,0.11001575899900598,0.3835838729971424,6.000000000000001,2007-01-02,2012-07-20,580,"{""C_proxy"": 0.2, ""features"": [""long_z"", ""recent20_z"", ""recent50_z"", ""recent100_z"", ""ewma_z"", ""gap_z"", ""transition_z"", ""in_last_draw""], ""include_number"": true, ""retrain_interval"": 1, ""seed"": 20260728, ""shrink_strength"": 0.1}",audited-1.0.0-online-SGD-r1,FullFeatureLogistic
581,101000060,2012-07-27,5 7 9 22 27 34,25 10 7 16 1 9,25 10 7 16 1 9 43 12 29 34,25 10 7 16 1 9 43 12 29 34 2 42,2,3,3,0.10620632873216454,0.3656144184606348,6.0,2007-01-02,2012-07-24,581,"{""C_proxy"": 0.2, ""features"": [""long_z"", ""recent20_z"", ""recent50_z"", ""recent100_z"", ""ewma_z"", ""gap_z"", ""transition_z"", ""in_last_draw""], ""include_number"": true, ""retrain_interval"": 1, ""seed"": 20260728, ""shrink_strength"": 0.1}",audited-1.0.0-online-SGD-r1,FullFeatureLogistic
582,101000061,2012-07-31,1 24 28 33 43 44,25 10 16 1 43 29,25 10 16 1 43 29 48 42 12 13,25 10 16 1 43 29 48 42 12 13 2 44,2,2,3,0.10618546570725035,0.3657710734835611,5.999999999999999,2007-01-02,2012-07-27,582,"{""C_proxy"": 0.2, ""features"": [""long_z"", ""recent20_z"", ""recent50_z"", ""recent100_z"", ""ewma_z"", ""gap_z"", ""transition_z"", ""in_last_draw""], ""include_number"": true, ""retrain_interval"": 1, ""seed"": 20260728, ""shrink_strength"": 0.1}",audited-1.0.0-online-SGD-r1,FullFeatureLogistic
583,101000062,2012-08-03,13 14 18 27 29 44,25 16 10 29 12 48,25 16 10 29 12 48 7 13 1 9,25 16 10 29 12 48 7 13 1 9 2 18,1,2,3,0.10759639340587815,0.3728080033399816,6.0,2007-01-02,2012-07-31,583,"{""C_proxy"": 0.2, ""features"": [""long_z"", ""recent20_z"", ""recent50_z"", ""recent100_z"", ""ewma_z"", ""gap_z"", ""transition_z"", ""in_last_draw""], ""include_number"": true, ""retrain_interval"": 1, ""seed"": 20260728, ""shrink_strength"": 0.1}",audited-1.0.0-online-SGD-r1,FullFeatureLogistic
584,101000063,2012-08-07,12 23 28 29 43 47,25 10 16 1 7 12,25 10 16 1 7 12 9 2 48 42,25 10 16 1 7 12 9 2 48 42 43 15,1,1,2,0.10644736597930779,0.36651366211857117,6.000000000000001,2007-01-02,2012-08-03,584,"{""C_proxy"": 0.2, ""features"": [""long_z"", ""recent20_z"", ""recent50_z"", ""recent100_z"", ""ewma_z"", ""gap_z"", ""transition_z"", ""in_last_draw""], ""include_number"": true, ""retrain_interval"": 1, ""seed"": 20260728, ""shrink_strength"": 0.1}",audited-1.0.0-online-SGD-r1,FullFeatureLogistic
585,101000064,2012-08-10,1 3 14 24 26 45,25 10 16 1 7 9,25 10 16 1 7 9 48 2 15 34,25 10 16 1 7 9 48 2 15 34 42 26,1,1,2,0.10868738657398348,0.37825946868889654,6.0,2007-01-02,2012-08-07,585,"{""C_proxy"": 0.2, ""features"": [""long_z"", ""recent20_z"", ""recent50_z"", ""recent100_z"", ""ewma_z"", ""gap_z"", ""transition_z"", ""in_last_draw""], ""include_number"": true, ""retrain_interval"": 1, ""seed"": 20260728, ""shrink_strength"": 0.1}",audited-1.0.0-online-SGD-r1,FullFeatureLogistic
586,101000065,2012-08-14,2 19 27 31 38 49,25 16 10 9 7 48,25 16 10 9 7 48 2 34 42 49,25 16 10 9 7 48 2 34 42 49 40 15,0,2,2,0.10740816879345734,0.37131083484118654,5.999999999999999,2007-01-02,2012-08-10,586,"{""C_proxy"": 0.2, ""features"": [""long_z"", ""recent20_z"", ""recent50_z"", ""recent100_z"", ""ewma_z"", ""gap_z"", ""transition_z"", ""in_last_draw""], ""include_number"": true, ""retrain_interval"": 1, ""seed"": 20260728, ""shrink_strength"": 0.1}",audited-1.0.0-online-SGD-r1,FullFeatureLogistic
587,101000066,2012-08-17,7 38 39 43 47 48,25 16 10 9 7 1,25 16 10 9 7 1 34 48 15 40,25 16 10 9 7 1 34 48 15 40 42 13,1,2,2,0.10582409863973469,0.3635777348008511,6.000000000000001,2007-01-02,2012-08-14,587,"{""C_proxy"": 0.2, ""features"": [""long_z"", ""recent20_z"", ""recent50_z"", ""recent100_z"", ""ewma_z"", ""gap_z"", ""transition_z"", ""in_last_draw""], ""include_number"": true, ""retrain_interval"": 1, ""seed"": 20260728, ""shrink_strength"": 0.1}",audited-1.0.0-online-SGD-r1,FullFeatureLogistic
588,101000067,2012-08-21,6 29 40 44 46 47,25 16 10 9 1 34,25 16 10 9 1 34 15 40 42 12,25 16 10 9 1 34 15 40 42 12 13 18,0,1,1,0.10704497420365085,0.36912216809071663,5.999999999999999,2007-01-02,2012-08-17,588,"{""C_proxy"": 0.2, ""features"": [""long_z"", ""recent20_z"", ""recent50_z"", ""recent100_z"", ""ewma_z"", ""gap_z"", ""transition_z"", ""in_last_draw""], ""include_number"": true, ""retrain_interval"": 1, ""seed"": 20260728, ""shrink_strength"": 0.1}",audited-1.0.0-online-SGD-r1,FullFeatureLogistic
589,101000068,2012-08-24,7 34 35 42 43 47,25 16 10 9 1 34,25 16 10 9 1 34 7 15 48 12,25 16 10 9 1 34 7 15 48 12 18 13,1,2,2,0.10771130393215646,0.3730372160255676,6.000000000000001,2007-01-02,2012-08-21,589,"{""C_proxy"": 0.2, ""features"": [""long_z"", ""recent20_z"", ""recent50_z"", ""recent100_z"", ""ewma_z"", ""gap_z"", ""transition_z"", ""in_last_draw""], ""include_number"": true, ""retrain_interval"": 1, ""seed"": 20260728, ""shrink_strength"": 0.1}",audited-1.0.0-online-SGD-r1,FullFeatureLogistic
590,101000069,2012-08-28,1 3 6 30 38 41,25 16 10 9 1 48,25 16 10 9 1 48 18 13 12 28,25 16 10 9 1 48 18 13 12 28 49 20,1,1,1,0.10837413800028538,0.37576425914346984,6.000000000000001,2007-01-02,2012-08-24,590,"{""C_proxy"": 0.2, ""features"": [""long_z"", ""recent20_z"", ""recent50_z"", ""recent100_z"", ""ewma_z"", ""gap_z"", ""transition_z"", ""in_last_draw""], ""include_number"": true, ""retrain_interval"": 1, ""seed"": 20260728, ""shrink_strength"": 0.1}",audited-1.0.0-online-SGD-r1,FullFeatureLogistic
591,101000070,2012-08-31,18 28 31 34 36 45,25 16 10 9 18 13,25 16 10 9 18 13 34 42 28 49,25 16 10 9 18 13 34 42 28 49 12 48,1,3,3,0.10585893624244723,0.3637988131941754,6.000000000000001,2007-01-02,2012-08-28,591,"{""C_proxy"": 0.2, ""features"": [""long_z"", ""recent20_z"", ""recent50_z"", ""recent100_z"", ""ewma_z"", ""gap_z"", ""transition_z"", ""in_last_draw""], ""include_number"": true, ""retrain_interval"": 1, ""seed"": 20260728, ""shrink_strength"": 0.1}",audited-1.0.0-online-SGD-r1,FullFeatureLogistic
592,101000071,2012-09-04,10 21 32 36 40 48,25 16 9 10 13 1,25 16 9 10 13 1 42 49 12 40,25 16 9 10 13 1 42 49 12 40 7 26,1,2,2,0.10743475858536343,0.3715032039966916,5.999999999999999,2007-01-02,2012-08-31,592,"{""C_proxy"": 0.2, ""features"": [""long_z"", ""recent20_z"", ""recent50_z"", ""recent100_z"", ""ewma_z"", ""gap_z"", ""transition_z"", ""in_last_draw""], ""include_number"": true, ""retrain_interval"": 1, ""seed"": 20260728, ""shrink_strength"": 0.1}",audited-1.0.0-online-SGD-r1,FullFeatureLogistic
593,101000072,2012-09-07,7 17 19 24 30 44,25 16 9 13 42 10,25 16 9 13 42 10 1 49 12 7,25 16 9 13 42 10 1 49 12 7 26 18,0,1,1,0.10987049102623092,0.3832537439633362,6.0,2007-01-02,2012-09-04,593,"{""C_proxy"": 0.2, ""features"": [""long_z"", ""recent20_z"", ""recent50_z"", ""recent100_z"", ""ewma_z"", ""gap_z"", ""transition_z"", ""in_last_draw""], ""include_number"": true, ""retrain_interval"": 1, ""seed"": 20260728, ""shrink_strength"": 0.1}",audited-1.0.0-online-SGD-r1,FullFeatureLogistic
594,101000073,2012-09-11,3 4 21 30 31 48,25 16 9 10 13 1,25 16 9 10 13 1 42 49 12 18,25 16 9 10 13 1 42 49 12 18 26 39,0,0,0,0.11051706067285423,0.3864535194310183,6.0,2007-01-02,2012-09-07,594,"{""C_proxy"": 0.2, ""features"": [""long_z"", ""recent20_z"", ""recent50_z"", ""recent100_z"", ""ewma_z"", ""gap_z"", ""transition_z"", ""in_last_draw""], ""include_number"": true, ""retrain_interval"": 1, ""seed"": 20260728, ""shrink_strength"": 0.1}",audited-1.0.0-online-SGD-r1,FullFeatureLogistic
595,101000074,2012-09-14,20 31 32 33 37 38,25 16 9 10 1 13,25 16 9 10 1 13 49 42 12 18,25 16 9 10 1 13 49 42 12 18 39 34,0,0,0,0.10872282258544114,0.3767615195349085,6.0,2007-01-02,2012-09-11,595,"{""C_proxy"": 0.2, ""features"": [""long_z"", ""recent20_z"", ""recent50_z"", ""recent100_z"", ""ewma_z"", ""gap_z"", ""transition_z"", ""in_last_draw""], ""include_number"": true, ""retrain_interval"": 1, ""seed"": 20260728, ""shrink_strength"": 0.1}",audited-1.0.0-online-SGD-r1,FullFeatureLogistic
596,101000075,2012-09-18,12 13 18 39 44 48,25 16 9 1 10 13,25 16 9 1 10 13 49 42 18 12,25 16 9 1 10 13 49 42 18 12 39 40,1,3,4,0.10549842846543836,0.36214512841253454,6.000000000000001,2007-01-02,2012-09-14,596,"{""C_proxy"": 0.2, ""features"": [""long_z"", ""recent20_z"", ""recent50_z"", ""recent100_z"", ""ewma_z"", ""gap_z"", ""transition_z"", ""in_last_draw""], ""include_number"": true, ""retrain_interval"": 1, ""seed"": 20260728, ""shrink_strength"": 0.1}",audited-1.0.0-online-SGD-r1,FullFeatureLogistic
597,101000076,2012-09-21,22 29 30 36 37 42,25 16 9 1 10 49,25 16 9 1 10 49 42 20 40 34,25 16 9 1 10 49 42 20 40 34 7 13,0,1,1,0.10938672829600335,0.38151226306218344,6.000000000000001,2007-01-02,2012-09-18,597,"{""C_proxy"": 0.2, ""features"": [""long_z"", ""recent20_z"", ""recent50_z"", ""recent100_z"", ""ewma_z"", ""gap_z"", ""transition_z"", ""in_last_draw""], ""include_number"": true, ""retrain_interval"": 1, ""seed"": 20260728, ""shrink_strength"": 0.1}",audited-1.0.0-online-SGD-r1,FullFeatureLogistic
598,101000077,2012-09-25,18 19 34 35 45 49,25 9 16 10 1 49,25 9 16 10 1 49 40 34 20 13,25 9 16 10 1 49 40 34 20 13 7 12,1,2,2,0.10725935211557276,0.3705086994877781,6.0,2007-01-02,2012-09-21,598,"{""C_proxy"": 0.2, ""features"": [""long_z"", ""recent20_z"", ""recent50_z"", ""recent100_z"", ""ewma_z"", ""gap_z"", ""transition_z"", ""in_last_draw""], ""include_number"": true, ""retrain_interval"": 1, ""seed"": 20260728, ""shrink_strength"": 0.1}",audited-1.0.0-online-SGD-r1,FullFeatureLogistic
599,101000078,2012-09-28,4 6 22 41 42 47,25 9 16 1 10 40,25 9 16 1 10 40 7 20 13 12,25 9 16 1 10 40 7 20 13 12 42 39,0,0,1,0.10796904168665507,0.3733513382915065,5.999999999999999,2007-01-02,2012-09-25,599,"{""C_proxy"": 0.2, ""features"": [""long_z"", ""recent20_z"", ""recent50_z"", ""recent100_z"", ""ewma_z"", ""gap_z"", ""transition_z"", ""in_last_draw""], ""include_number"": true, ""retrain_interval"": 1, ""seed"": 20260728, ""shrink_strength"": 0.1}",audited-1.0.0-online-SGD-r1,FullFeatureLogistic
600,101000079,2012-10-02,1 3 7 9 28 40,25 9 16 1 10 49,25 9 16 1 10 49 13 40 20 7,25 9 16 1 10 49 13 40 20 7 12 46,2,4,4,0.10426486398180479,0.357066603603478,6.0,2007-01-02,2012-09-28,600,"{""C_proxy"": 0.2, ""features"": [""long_z"", ""recent20_z"", ""recent50_z"", ""recent100_z"", ""ewma_z"", ""gap_z"", ""transition_z"", ""in_last_draw""], ""include_number"": true, ""retrain_interval"": 1, ""seed"": 20260728, ""shrink_strength"": 0.1}",audited-1.0.0-online-SGD-r1,FullFeatureLogistic
601,101000080,2012-10-05,9 17 18 33 44 47,25 16 10 9 1 49,25 16 10 9 1 49 13 20 12 39,25 16 10 9 1 49 13 20 12 39 15 34,1,1,1,0.1076501161281795,0.3720016981262111,6.0,2007-01-02,2012-10-02,601,"{""C_proxy"": 0.2, ""features"": [""long_z"", ""recent20_z"", ""recent50_z"", ""recent100_z"", ""ewma_z"", ""gap_z"", ""transition_z"", ""in_last_draw""], ""include_number"": true, ""retrain_interval"": 1, ""seed"": 20260728, ""shrink_strength"": 0.1}",audited-1.0.0-online-SGD-r1,FullFeatureLogistic
602,101000081,2012-10-09,8 15 18 30 31 41,25 16 10 1 49 13,25 16 10 1 49 13 12 20 39 40,25 16 10 1 49 13 12 20 39 40 29 46,0,0,0,0.10890103346186492,0.3784771414109615,6.0,2007-01-02,2012-10-05,602,"{""C_proxy"": 0.2, ""features"": [""long_z"", ""recent20_z"", ""recent50_z"", ""recent100_z"", ""ewma_z"", ""gap_z"", ""transition_z"", ""in_last_draw""], ""include_number"": true, ""retrain_interval"": 1, ""seed"": 20260728, ""shrink_strength"": 0.1}",audited-1.0.0-online-SGD-r1,FullFeatureLogistic
603,101000082,2012-10-12,5 11 12 30 43 48,25 16 10 1 49 13,25 16 10 1 49 13 9 12 40 39,25 16 10 1 49 13 9 12 40 39 7 20,0,1,1,0.10845472110915927,0.3770012860736566,6.0,2007-01-02,2012-10-09,603,"{""C_proxy"": 0.2, ""features"": [""long_z"", ""recent20_z"", ""recent50_z"", ""recent100_z"", ""ewma_z"", ""gap_z"", ""transition_z"", ""in_last_draw""], ""include_number"": true, ""retrain_interval"": 1, ""seed"": 20260728, ""shrink_strength"": 0.1}",audited-1.0.0-online-SGD-r1,FullFeatureLogistic
604,101000083,2012-10-16,2 3 28 35 44 45,25 16 10 1 49 9,25 16 10 1 49 9 13 40 7 39,25 16 10 1 49 9 13 40 7 39 20 29,0,0,0,0.10880817820426132,0.37738268831680577,5.999999999999999,2007-01-02,2012-10-12,604,"{""C_proxy"": 0.2, ""features"": [""long_z"", ""recent20_z"", ""recent50_z"", ""recent100_z"", ""ewma_z"", ""gap_z"", ""transition_z"", ""in_last_draw""], ""include_number"": true, ""retrain_interval"": 1, ""seed"": 20260728, ""shrink_strength"": 0.1}",audited-1.0.0-online-SGD-r1,FullFeatureLogistic
605,101000084,2012-10-19,13 25 27 39 45 49,25 16 1 10 49 9,25 16 1 10 49 9 13 40 39 20,25 16 1 10 49 9 13 40 39 20 34 7,2,4,4,0.1040383218889713,0.35667730010485454,5.999999999999999,2007-01-02,2012-10-16,605,"{""C_proxy"": 0.2, ""features"": [""long_z"", ""recent20_z"", ""recent50_z"", ""recent100_z"", ""ewma_z"", ""gap_z"", ""transition_z"", ""in_last_draw""], ""include_number"": true, ""retrain_interval"": 1, ""seed"": 20260728, ""shrink_strength"": 0.1}",audited-1.0.0-online-SGD-r1,FullFeatureLogistic
606,101000085,2012-10-23,2 7 19 20 25 46,25 16 10 1 9 40,25 16 10 1 9 40 20 34 7 46,25 16 10 1 9 40 20 34 7 46 12 29,1,4,4,0.10523411549322095,0.3619185218943242,6.0,2007-01-02,2012-10-19,606,"{""C_proxy"": 0.2, ""features"": [""long_z"", ""recent20_z"", ""recent50_z"", ""recent100_z"", ""ewma_z"", ""gap_z"", ""transition_z"", ""in_last_draw""], ""include_number"": true, ""retrain_interval"": 1, ""seed"": 20260728, ""shrink_strength"": 0.1}",audited-1.0.0-online-SGD-r1,FullFeatureLogistic
607,101000086,2012-10-26,1 17 20 28 32 41,16 1 25 10 9 49,16 1 25 10 9 49 34 40 12 29,16 1 25 10 9 49 34 40 12 29 42 13,1,1,1,0.1062989325194454,0.3659589870910755,6.0,2007-01-02,2012-10-23,607,"{""C_proxy"": 0.2, ""features"": [""long_z"", ""recent20_z"", ""recent50_z"", ""recent100_z"", ""ewma_z"", ""gap_z"", ""transition_z"", ""in_last_draw""], ""include_number"": true, ""retrain_interval"": 1, ""seed"": 20260728, ""shrink_strength"": 0.1}",audited-1.0.0-online-SGD-r1,FullFeatureLogistic
608,101000087,2012-10-30,10 14 20 25 36 46,25 16 10 9 1 49,25 16 10 9 1 49 34 40 12 13,25 16 10 9 1 49 34 40 12 13 42 29,2,2,2,0.10671623432799542,0.36993799888468265,5.999999999999999,2007-01-02,2012-10-26,608,"{""C_proxy"": 0.2, ""features"": [""long_z"", ""recent20_z"", ""recent50_z"", ""recent100_z"", ""ewma_z"", ""gap_z"", ""transition_z"", ""in_last_draw""], ""include_number"": true, ""retrain_interval"": 1, ""seed"": 20260728, ""shrink_strength"": 0.1}",audited-1.0.0-online-SGD-r1,FullFeatureLogistic
609,101000088,2012-11-02,4 18 24 36 37 38,16 1 9 49 34 25,16 1 9 49 34 25 10 40 13 12,16 1 9 49 34 25 10 40 13 12 15 26,0,0,0,0.11005516469291601,0.3838816623748121,5.999999999999999,2007-01-02,2012-10-30,609,"{""C_proxy"": 0.2, ""features"": [""long_z"", ""recent20_z"", ""recent50_z"", ""recent100_z"", ""ewma_z"", ""gap_z"", ""transition_z"", ""in_last_draw""], ""include_number"": true, ""retrain_interval"": 1, ""seed"": 20260728, ""shrink_strength"": 0.1}",audited-1.0.0-online-SGD-r1,FullFeatureLogistic
610,101000089,2012-11-06,8 13 41 42 47 48,16 25 9 1 10 49,16 25 9 1 10 49 34 40 13 12,16 25 9 1 10 49 34 40 13 12 26 42,0,1,2,0.10660312785025167,0.36696502730369646,6.0,2007-01-02,2012-11-02,610,"{""C_proxy"": 0.2, ""features"": [""long_z"", ""recent20_z"", ""recent50_z"", ""recent100_z"", ""ewma_z"", ""gap_z"", ""transition_z"", ""in_last_draw""], ""include_number"": true, ""retrain_interval"": 1, ""seed"": 20260728, ""shrink_strength"": 0.1}",audited-1.0.0-online-SGD-r1,FullFeatureLogistic
611,101000090,2012-11-09,9 25 31 37 38 45,25 16 9 1 10 49,25 16 9 1 10 49 34 40 12 26,25 16 9 1 10 49 34 40 12 26 39 29,2,2,2,0.105663745008161,0.3638442884155277,6.0,2007-01-02,2012-11-06,611,"{""C_proxy"": 0.2, ""features"": [""long_z"", ""recent20_z"", ""recent50_z"", ""recent100_z"", ""ewma_z"", ""gap_z"", ""transition_z"", ""in_last_draw""], ""include_number"": true, ""retrain_interval"": 1, ""seed"": 20260728, ""shrink_strength"": 0.1}",audited-1.0.0-online-SGD-r1,FullFeatureLogistic
612,101000091,2012-11-13,2 11 14 22 25 31,1 16 49 34 10 40,1 16 49 34 10 40 9 25 12 26,1 16 49 34 10 40 9 25 12 26 7 29,0,1,1,0.1080113850370864,0.3744481744310098,6.000000000000001,2007-01-02,2012-11-09,612,"{""C_proxy"": 0.2, ""features"": [""long_z"", ""recent20_z"", ""recent50_z"", ""recent100_z"", ""ewma_z"", ""gap_z"", ""transition_z"", ""in_last_draw""], ""include_number"": true, ""retrain_interval"": 1, ""seed"": 20260728, ""shrink_strength"": 0.1}",audited-1.0.0-online-SGD-r1,FullFeatureLogistic
613,101000092,2012-11-16,17 18 32 33 41 42,16 1 49 9 34 10,16 1 49 9 34 10 40 12 29 26,16 1 49 9 34 10 40 12 29 26 39 7,0,0,0,0.10773656846680837,0.3722257036464695,5.999999999999999,2007-01-02,2012-11-13,613,"{""C_proxy"": 0.2, ""features"": [""long_z"", ""recent20_z"", ""recent50_z"", ""recent100_z"", ""ewma_z"", ""gap_z"", ""transition_z"", ""in_last_draw""], ""include_number"": true, ""retrain_interval"": 1, ""seed"": 20260728, ""shrink_strength"": 0.1}",audited-1.0.0-online-SGD-r1,FullFeatureLogistic
614,101000093,2012-11-20,6 20 23 24 27 34,16 1 9 49 34 10,16 1 9 49 34 10 25 40 12 29,16 1 9 49 34 10 25 40 12 29 7 15,1,1,1,0.10818118811469607,0.37486136388768454,6.0,2007-01-02,2012-11-16,614,"{""C_proxy"": 0.2, ""features"": [""long_z"", ""recent20_z"", ""recent50_z"", ""recent100_z"", ""ewma_z"", ""gap_z"", ""transition_z"", ""in_last_draw""], ""include_number"": true, ""retrain_interval"": 1, ""seed"": 20260728, ""shrink_strength"": 0.1}",audited-1.0.0-online-SGD-r1,FullFeatureLogistic
615,101000094,2012-11-23,2 3 4 14 18 46,16 1 9 49 10 25,16 1 9 49 10 25 40 12 34 29,16 1 9 49 10 25 40 12 34 29 7 39,0,0,0,0.11050134600646538,0.3863645207413733,6.000000000000001,2007-01-02,2012-11-20,615,"{""C_proxy"": 0.2, ""features"": [""long_z"", ""recent20_z"", ""recent50_z"", ""recent100_z"", ""ewma_z"", ""gap_z"", ""transition_z"", ""in_last_draw""], ""include_number"": true, ""retrain_interval"": 1, ""seed"": 20260728, ""shrink_strength"": 0.1}",audited-1.0.0-online-SGD-r1,FullFeatureLogistic
616,101000095,2012-11-27,5 9 13 18 19 31,1 9 16 49 25 34,1 9 16 49 25 34 10 12 7 40,1 9 16 49 25 34 10 12 7 40 29 15,1,1,1,0.10704142855147608,0.36949813712375434,6.0,2007-01-02,2012-11-23,616,"{""C_proxy"": 0.2, ""features"": [""long_z"", ""recent20_z"", ""recent50_z"", ""recent100_z"", ""ewma_z"", ""gap_z"", ""transition_z"", ""in_last_draw""], ""include_number"": true, ""retrain_interval"": 1, ""seed"": 20260728, ""shrink_strength"": 0.1}",audited-1.0.0-online-SGD-r1,FullFeatureLogistic
617,101000096,2012-11-30,5 18 26 31 37 43,1 25 16 49 34 10,1 25 16 49 34 10 7 9 12 29,1 25 16 49 34 10 7 9 12 29 40 28,0,0,0,0.10909644588792505,0.3791767678828044,6.000000000000001,2007-01-02,2012-11-27,617,"{""C_proxy"": 0.2, ""features"": [""long_z"", ""recent20_z"", ""recent50_z"", ""recent100_z"", ""ewma_z"", ""gap_z"", ""transition_z"", ""in_last_draw""], ""include_number"": true, ""retrain_interval"": 1, ""seed"": 20260728, ""shrink_strength"": 0.1}",audited-1.0.0-online-SGD-r1,FullFeatureLogistic
618,101000097,2012-12-04,2 23 29 30 41 43,25 1 16 34 49 9,25 1 16 34 49 9 7 10 12 28,25 1 16 34 49 9 7 10 12 28 29 40,0,0,1,0.10966414642571347,0.38214134058737775,6.000000000000001,2007-01-02,2012-11-30,618,"{""C_proxy"": 0.2, ""features"": [""long_z"", ""recent20_z"", ""recent50_z"", ""recent100_z"", ""ewma_z"", ""gap_z"", ""transition_z"", ""in_last_draw""], ""include_number"": true, ""retrain_interval"": 1, ""seed"": 20260728, ""shrink_strength"": 0.1}",audited-1.0.0-online-SGD-r1,FullFeatureLogistic
619,101000098,2012-12-07,8 11 13 19 23 28,25 1 16 49 9 34,25 1 16 49 9 34 10 12 28 7,25 1 16 49 9 34 10 12 28 7 15 40,0,1,1,0.10817607796980065,0.37483297514795594,6.0,2007-01-02,2012-12-04,619,"{""C_proxy"": 0.2, ""features"": [""long_z"", ""recent20_z"", ""recent50_z"", ""recent100_z"", ""ewma_z"", ""gap_z"", ""transition_z"", ""in_last_draw""], ""include_number"": true, ""retrain_interval"": 1, ""seed"": 20260728, ""shrink_strength"": 0.1}",audited-1.0.0-online-SGD-r1,FullFeatureLogistic
620,101000099,2012-12-11,5 12 14 22 38 44,25 1 16 49 34 9,25 1 16 49 34 9 10 12 7 15,25 1 16 49 34 9 10 12 7 15 26 29,0,1,1,0.10780909385758376,0.3736781223518735,6.0,2007-01-02,2012-12-07,620,"{""C_proxy"": 0.2, ""features"": [""long_z"", ""recent20_z"", ""recent50_z"", ""recent100_z"", ""ewma_z"", ""gap_z"", ""transition_z"", ""in_last_draw""], ""include_number"": true, ""retrain_interval"": 1, ""seed"": 20260728, ""shrink_strength"": 0.1}",audited-1.0.0-online-SGD-r1,FullFeatureLogistic
621,101000100,2012-12-14,8 11 17 21 28 49,25 1 16 49 34 10,25 1 16 49 34 10 9 7 15 29,25 1 16 49 34 10 9 7 15 29 39 28,1,1,2,0.10706736557572742,0.36940094806847656,5.999999999999999,2007-01-02,2012-12-11,621,"{""C_proxy"": 0.2, ""features"": [""long_z"", ""recent20_z"", ""recent50_z"", ""recent100_z"", ""ewma_z"", ""gap_z"", ""transition_z"", ""in_last_draw""], ""include_number"": true, ""retrain_interval"": 1, ""seed"": 20260728, ""shrink_strength"": 0.1}",audited-1.0.0-online-SGD-r1,FullFeatureLogistic
622,101000101,2012-12-18,5 7 10 15 19 44,25 1 16 34 10 9,25 1 16 34 10 9 7 29 39 12,25 1 16 34 10 9 7 29 39 12 49 26,1,2,2,0.10648165722524756,0.36713942749135736,6.0,2007-01-02,2012-12-14,622,"{""C_proxy"": 0.2, ""features"": [""long_z"", ""recent20_z"", ""recent50_z"", ""recent100_z"", ""ewma_z"", ""gap_z"", ""transition_z"", ""in_last_draw""], ""include_number"": true, ""retrain_interval"": 1, ""seed"": 20260728, ""shrink_strength"": 0.1}",audited-1.0.0-online-SGD-r1,FullFeatureLogistic
623,101000102,2012-12-21,13 17 22 25 31 48,25 1 16 34 49 9,25 1 16 34 49 9 29 39 42 12,25 1 16 34 49 9 29 39 42 12 26 40,1,1,1,0.10619902530007781,0.3659906771423598,6.000000000000002,2007-01-02,2012-12-18,623,"{""C_proxy"": 0.2, ""features"": [""long_z"", ""recent20_z"", ""recent50_z"", ""recent100_z"", ""ewma_z"", ""gap_z"", ""transition_z"", ""in_last_draw""], ""include_number"": true, ""retrain_interval"": 1, ""seed"": 20260728, ""shrink_strength"": 0.1}",audited-1.0.0-online-SGD-r1,FullFeatureLogistic
624,101000103,2012-12-25,12 18 25 32 41 47,1 25 16 34 49 9,1 25 16 34 49 9 29 10 42 7,1 25 16 34 49 9 29 10 42 7 12 39,1,1,2,0.10554804356597523,0.36242045631889913,6.000000000000001,2007-01-02,2012-12-21,624,"{""C_proxy"": 0.2, ""features"": [""long_z"", ""recent20_z"", ""recent50_z"", ""recent100_z"", ""ewma_z"", ""gap_z"", ""transition_z"", ""in_last_draw""], ""include_number"": true, ""retrain_interval"": 1, ""seed"": 20260728, ""shrink_strength"": 0.1}",audited-1.0.0-online-SGD-r1,FullFeatureLogistic
625,101000104,2012-12-28,5 14 18 28 37 42,1 16 34 49 9 25,1 16 34 49 9 25 29 10 7 42,1 16 34 49 9 25 29 10 7 42 39 26,0,1,1,0.11000070852885174,0.3844549727635535,6.0,2007-01-02,2012-12-25,625,"{""C_proxy"": 0.2, ""features"": [""long_z"", ""recent20_z"", ""recent50_z"", ""recent100_z"", ""ewma_z"", ""gap_z"", ""transition_z"", ""in_last_draw""], ""include_number"": true, ""retrain_interval"": 1, ""seed"": 20260728, ""shrink_strength"": 0.1}",audited-1.0.0-online-SGD-r1,FullFeatureLogistic
626,102000001,2013-01-01,3 4 22 32 33 49,25 1 16 34 9 49,25 1 16 34 9 49 29 7 10 39,25 1 16 34 9 49 29 7 10 39 26 20,1,1,1,0.10788898990009699,0.373185565390505,6.0,2007-01-02,2012-12-28,626,"{""C_proxy"": 0.2, ""features"": [""long_z"", ""recent20_z"", ""recent50_z"", ""recent100_z"", ""ewma_z"", ""gap_z"", ""transition_z"", ""in_last_draw""], ""include_number"": true, ""retrain_interval"": 1, ""seed"": 20260728, ""shrink_strength"": 0.1}",audited-1.0.0-online-SGD-r1,FullFeatureLogistic
627,102000002,2013-01-04,1 7 24 31 35 47,25 1 16 9 34 29,25 1 16 9 34 29 7 10 39 40,25 1 16 9 34 29 7 10 39 40 20 26,1,2,2,0.1069796674185398,0.36981659335646694,6.000000000000001,2007-01-02,2013-01-01,627,"{""C_proxy"": 0.2, ""features"": [""long_z"", ""recent20_z"", ""recent50_z"", ""recent100_z"", ""ewma_z"", ""gap_z"", ""transition_z"", ""in_last_draw""], ""include_number"": true, ""retrain_interval"": 1, ""seed"": 20260728, ""shrink_strength"": 0.1}",audited-1.0.0-online-SGD-r1,FullFeatureLogistic
628,102000003,2013-01-08,5 6 14 19 27 33,25 16 1 9 34 29,25 16 1 9 34 29 49 10 40 26,25 16 1 9 34 29 49 10 40 26 20 39,0,0,0,0.11142046857687132,0.3909365692624011,6.000000000000001,2007-01-02,2013-01-04,628,"{""C_proxy"": 0.2, ""features"": [""long_z"", ""recent20_z"", ""recent50_z"", ""recent100_z"", ""ewma_z"", ""gap_z"", ""transition_z"", ""in_last_draw""], ""include_number"": true, ""retrain_interval"": 1, ""seed"": 20260728, ""shrink_strength"": 0.1}",audited-1.0.0-online-SGD-r1,FullFeatureLogistic
629,102000004,2013-01-11,1 10 24 33 44 48,25 1 16 9 34 29,25 1 16 9 34 29 49 10 40 26,25 1 16 9 34 29 49 10 40 26 7 39,1,2,2,0.10667685895761979,0.36800843612816475,6.000000000000002,2007-01-02,2013-01-08,629,"{""C_proxy"": 0.2, ""features"": [""long_z"", ""recent20_z"", ""recent50_z"", ""recent100_z"", ""ewma_z"", ""gap_z"", ""transition_z"", ""in_last_draw""], ""include_number"": true, ""retrain_interval"": 1, ""seed"": 20260728, ""shrink_strength"": 0.1}",audited-1.0.0-online-SGD-r1,FullFeatureLogistic
630,102000005,2013-01-15,2 8 32 34 44 46,25 16 9 34 29 49,25 16 9 34 29 49 1 7 26 39,25 16 9 34 29 49 1 7 26 39 42 40,1,1,1,0.10744888834143253,0.37094991092457563,6.0,2007-01-02,2013-01-11,630,"{""C_proxy"": 0.2, ""features"": [""long_z"", ""recent20_z"", ""recent50_z"", ""recent100_z"", ""ewma_z"", ""gap_z"", ""transition_z"", ""in_last_draw""], ""include_number"": true, ""retrain_interval"": 1, ""seed"": 20260728, ""shrink_strength"": 0.1}",audited-1.0.0-online-SGD-r1,FullFeatureLogistic
631,102000006,2013-01-18,22 27 30 33 37 46,25 16 9 49 29 1,25 16 9 49 29 1 7 26 34 40,25 16 9 49 29 1 7 26 34 40 39 42,0,0,0,0.11166461636164123,0.39154195544770354,6.000000000000001,2007-01-02,2013-01-15,631,"{""C_proxy"": 0.2, ""features"": [""long_z"", ""recent20_z"", ""recent50_z"", ""recent100_z"", ""ewma_z"", ""gap_z"", ""transition_z"", ""in_last_draw""], ""include_number"": true, ""retrain_interval"": 1, ""seed"": 20260728, ""shrink_strength"": 0.1}",audited-1.0.0-online-SGD-r1,FullFeatureLogistic
632,102000007,2013-01-22,2 14 23 25 31 47,25 16 9 49 1 29,25 16 9 49 1 29 7 34 26 42,25 16 9 49 1 29 7 34 26 42 12 40,1,1,1,0.10902308305253565,0.38050659679090665,5.999999999999999,2007-01-02,2013-01-18,632,"{""C_proxy"": 0.2, ""features"": [""long_z"", ""recent20_z"", ""recent50_z"", ""recent100_z"", ""ewma_z"", ""gap_z"", ""transition_z"", ""in_last_draw""], ""include_number"": true, ""retrain_interval"": 1, ""seed"": 20260728, ""shrink_strength"": 0.1}",audited-1.0.0-online-SGD-r1,FullFeatureLogistic
633,102000008,2013-01-25,2 4 11 18 48 49,16 9 25 49 1 29,16 9 25 49 1 29 34 42 26 12,16 9 25 49 1 29 34 42 26 12 7 40,1,1,1,0.10761909616344448,0.3720790316056374,6.0,2007-01-02,2013-01-22,633,"{""C_proxy"": 0.2, ""features"": [""long_z"", ""recent20_z"", ""recent50_z"", ""recent100_z"", ""ewma_z"", ""gap_z"", ""transition_z"", ""in_last_draw""], ""include_number"": true, ""retrain_interval"": 1, ""seed"": 20260728, ""shrink_strength"": 0.1}",audited-1.0.0-online-SGD-r1,FullFeatureLogistic
634,102000009,2013-01-29,3 7 31 32 34 43,25 9 16 1 29 34,25 9 16 1 29 34 12 7 42 26,25 9 16 1 29 34 12 7 42 26 40 10,1,2,2,0.106306765422252,0.3656454373487617,6.0,2007-01-02,2013-01-25,634,"{""C_proxy"": 0.2, ""features"": [""long_z"", ""recent20_z"", ""recent50_z"", ""recent100_z"", ""ewma_z"", ""gap_z"", ""transition_z"", ""in_last_draw""], ""include_number"": true, ""retrain_interval"": 1, ""seed"": 20260728, ""shrink_strength"": 0.1}",audited-1.0.0-online-SGD-r1,FullFeatureLogistic
635,102000010,2013-02-01,1 26 28 37 39 46,25 9 16 1 49 42,25 9 16 1 49 42 29 26 12 10,25 9 16 1 49 42 29 26 12 10 40 15,1,2,2,0.10577032121108414,0.36386790675270936,6.0,2007-01-02,2013-01-29,635,"{""C_proxy"": 0.2, ""features"": [""long_z"", ""recent20_z"", ""recent50_z"", ""recent100_z"", ""ewma_z"", ""gap_z"", ""transition_z"", ""in_last_draw""], ""include_number"": true, ""retrain_interval"": 1, ""seed"": 20260728, ""shrink_strength"": 0.1}",audited-1.0.0-online-SGD-r1,FullFeatureLogistic
636,102000011,2013-02-05,8 15 19 25 30 38,25 9 16 49 42 29,25 9 16 49 42 29 12 10 40 1,25 9 16 49 42 29 12 10 40 1 20 15,1,1,2,0.1073556040801091,0.3722791193705289,6.000000000000002,2007-01-02,2013-02-01,636,"{""C_proxy"": 0.2, ""features"": [""long_z"", ""recent20_z"", ""recent50_z"", ""recent100_z"", ""ewma_z"", ""gap_z"", ""transition_z"", ""in_last_draw""], ""include_number"": true, ""retrain_interval"": 1, ""seed"": 20260728, ""shrink_strength"": 0.1}",audited-1.0.0-online-SGD-r1,FullFeatureLogistic
637,102000012,2013-02-08,4 11 22 26 38 47,16 9 25 49 29 12,16 9 25 49 29 12 1 42 10 40,16 9 25 49 29 12 1 42 10 40 20 13,0,0,0,0.10841556870307725,0.3752490577158201,6.0,2007-01-02,2013-02-05,637,"{""C_proxy"": 0.2, ""features"": [""long_z"", ""recent20_z"", ""recent50_z"", ""recent100_z"", ""ewma_z"", ""gap_z"", ""transition_z"", ""in_last_draw""], ""include_number"": true, ""retrain_interval"": 1, ""seed"": 20260728, ""shrink_strength"": 0.1}",audited-1.0.0-online-SGD-r1,FullFeatureLogistic
638,102000013,2013-02-09,5 11 17 22 30 34,25 16 9 49 1 29,25 16 9 49 1 29 12 10 42 40,25 16 9 49 1 29 12 10 42 40 20 34,0,0,1,0.11033064169027552,0.3852583702820593,5.999999999999998,2007-01-02,2013-02-08,638,"{""C_proxy"": 0.2, ""features"": [""long_z"", ""recent20_z"", ""recent50_z"", ""recent100_z"", ""ewma_z"", ""gap_z"", ""transition_z"", ""in_last_draw""], ""include_number"": true, ""retrain_interval"": 1, ""seed"": 20260728, ""shrink_strength"": 0.1}",audited-1.0.0-online-SGD-r1,FullFeatureLogistic
639,102000014,2013-02-10,9 10 12 21 31 35,25 9 16 49 1 12,25 9 16 49 1 12 10 42 29 20,25 9 16 49 1 12 10 42 29 20 40 7,2,3,3,0.1061267629317212,0.36586917977087907,6.000000000000001,2007-01-02,2013-02-09,639,"{""C_proxy"": 0.2, ""features"": [""long_z"", ""recent20_z"", ""recent50_z"", ""recent100_z"", ""ewma_z"", ""gap_z"", ""transition_z"", ""in_last_draw""], ""include_number"": true, ""retrain_interval"": 1, ""seed"": 20260728, ""shrink_strength"": 0.1}",audited-1.0.0-online-SGD-r1,FullFeatureLogistic
640,102000015,2013-02-11,6 16 40 45 46 48,25 16 49 1 9 42,25 16 49 1 9 42 29 20 40 7,25 16 49 1 9 42 29 20 40 7 13 39,1,2,2,0.10495090379368081,0.35982873575831176,5.999999999999998,2007-01-02,2013-02-10,640,"{""C_proxy"": 0.2, ""features"": [""long_z"", ""recent20_z"", ""recent50_z"", ""recent100_z"", ""ewma_z"", ""gap_z"", ""transition_z"", ""in_last_draw""], ""include_number"": true, ""retrain_interval"": 1, ""seed"": 20260728, ""shrink_strength"": 0.1}",audited-1.0.0-online-SGD-r1,FullFeatureLogistic
641,102000016,2013-02-12,3 13 19 24 27 38,25 16 9 49 1 42,25 16 9 49 1 42 29 7 12 20,25 16 9 49 1 42 29 7 12 20 10 40,0,0,0,0.10935479524360929,0.379902775946036,6.0,2007-01-02,2013-02-11,641,"{""C_proxy"": 0.2, ""features"": [""long_z"", ""recent20_z"", ""recent50_z"", ""recent100_z"", ""ewma_z"", ""gap_z"", ""transition_z"", ""in_last_draw""], ""include_number"": true, ""retrain_interval"": 1, ""seed"": 20260728, ""shrink_strength"": 0.1}",audited-1.0.0-online-SGD-r1,FullFeatureLogistic
642,102000017,2013-02-15,2 8 17 30 34 40,16 25 9 49 1 42,16 25 9 49 1 42 29 40 7 12,16 25 9 49 1 42 29 40 7 12 20 10,0,1,1,0.10933861266851323,0.38079929327228274,6.000000000000001,2007-01-02,2013-02-12,642,"{""C_proxy"": 0.2, ""features"": [""long_z"", ""recent20_z"", ""recent50_z"", ""recent100_z"", ""ewma_z"", ""gap_z"", ""transition_z"", ""in_last_draw""], ""include_number"": true, ""retrain_interval"": 1, ""seed"": 20260728, ""shrink_strength"": 0.1}",audited-1.0.0-online-SGD-r1,FullFeatureLogistic
643,102000018,2013-02-19,7 23 24 28 32 40,25 16 9 1 49 42,25 16 9 1 49 42 29 12 7 20,25 16 9 1 49 42 29 12 7 20 39 10,0,1,1,0.10764358855970176,0.37172078527632046,6.0,2007-01-02,2013-02-15,643,"{""C_proxy"": 0.2, ""features"": [""long_z"", ""recent20_z"", ""recent50_z"", ""recent100_z"", ""ewma_z"", ""gap_z"", ""transition_z"", ""in_last_draw""], ""include_number"": true, ""retrain_interval"": 1, ""seed"": 20260728, ""shrink_strength"": 0.1}",audited-1.0.0-online-SGD-r1,FullFeatureLogistic
644,102000019,2013-02-22,7 9 17 25 28 35,25 16 9 1 49 42,25 16 9 1 49 42 29 12 20 18,25 16 9 1 49 42 29 12 20 18 39 10,2,2,2,0.10523804534552758,0.36242246956283686,6.000000000000001,2007-01-02,2013-02-19,644,"{""C_proxy"": 0.2, ""features"": [""long_z"", ""recent20_z"", ""recent50_z"", ""recent100_z"", ""ewma_z"", ""gap_z"", ""transition_z"", ""in_last_draw""], ""include_number"": true, ""retrain_interval"": 1, ""seed"": 20260728, ""shrink_strength"": 0.1}",audited-1.0.0-online-SGD-r1,FullFeatureLogistic
645,102000020,2013-02-26,8 15 21 30 36 39,16 1 49 25 42 29,16 1 49 25 42 29 9 12 20 18,16 1 49 25 42 29 9 12 20 18 39 10,0,0,1,0.11004057723548905,0.3846904888426825,6.000000000000001,2007-01-02,2013-02-22,645,"{""C_proxy"": 0.2, ""features"": [""long_z"", ""recent20_z"", ""recent50_z"", ""recent100_z"", ""ewma_z"", ""gap_z"", ""transition_z"", ""in_last_draw""], ""include_number"": true, ""retrain_interval"": 1, ""seed"": 20260728, ""shrink_strength"": 0.1}",audited-1.0.0-online-SGD-r1,FullFeatureLogistic
646,102000021,2013-03-01,1 26 34 35 36 37,16 25 1 49 9 42,16 25 1 49 9 42 12 29 18 10,16 25 1 49 9 42 12 29 18 10 20 13,1,1,1,0.10832544440721044,0.37604095386786257,6.000000000000001,2007-01-02,2013-02-26,646,"{""C_proxy"": 0.2, ""features"": [""long_z"", ""recent20_z"", ""recent50_z"", ""recent100_z"", ""ewma_z"", ""gap_z"", ""transition_z"", ""in_last_draw""], ""include_number"": true, ""retrain_interval"": 1, ""seed"": 20260728, ""shrink_strength"": 0.1}",audited-1.0.0-online-SGD-r1,FullFeatureLogistic
647,102000022,2013-03-05,5 24 30 35 36 38,16 25 49 9 1 42,16 25 49 9 1 42 12 29 10 20,16 25 49 9 1 42 12 29 10 20 18 13,0,0,0,0.1135631380611237,0.4024702848281712,6.0,2007-01-02,2013-03-01,647,"{""C_proxy"": 0.2, ""features"": [""long_z"", ""recent20_z"", ""recent50_z"", ""recent100_z"", ""ewma_z"", ""gap_z"", ""transition_z"", ""in_last_draw""], ""include_number"": true, ""retrain_interval"": 1, ""seed"": 20260728, ""shrink_strength"": 0.1}",audited-1.0.0-online-SGD-r1,FullFeatureLogistic
648,102000023,2013-03-08,12 13 16 29 44 45,25 16 9 49 1 12,25 16 9 49 1 12 42 10 18 29,25 16 9 49 1 12 42 10 18 29 13 20,2,3,4,0.10323497282303769,0.3521706386359764,6.000000000000001,2007-01-02,2013-03-05,648,"{""C_proxy"": 0.2, ""features"": [""long_z"", ""recent20_z"", ""recent50_z"", ""recent100_z"", ""ewma_z"", ""gap_z"", ""transition_z"", ""in_last_draw""], ""include_number"": true, ""retrain_interval"": 1, ""seed"": 20260728, ""shrink_strength"": 0.1}",audited-1.0.0-online-SGD-r1,FullFeatureLogistic
649,102000024,2013-03-12,16 20 35 46 47 49,25 9 49 16 1 42,25 9 49 16 1 42 10 18 20 29,25 9 49 16 1 42 10 18 20 29 41 12,2,3,3,0.10609991622305436,0.3665886217123503,6.000000000000001,2007-01-02,2013-03-08,649,"{""C_proxy"": 0.2, ""features"": [""long_z"", ""recent20_z"", ""recent50_z"", ""recent100_z"", ""ewma_z"", ""gap_z"", ""transition_z"", ""in_last_draw""], ""include_number"": true, ""retrain_interval"": 1, ""seed"": 20260728, ""shrink_strength"": 0.1}",audited-1.0.0-online-SGD-r1,FullFeatureLogistic
650,102000025,2013-03-15,5 13 23 37 43 44,25 9 1 42 18 10,25 9 1 42 18 10 49 29 16 12,25 9 1 42 18 10 49 29 16 12 39 13,0,0,1,0.10907592063006952,0.37847154951935064,5.999999999999999,2007-01-02,2013-03-12,650,"{""C_proxy"": 0.2, ""features"": [""long_z"", ""recent20_z"", ""recent50_z"", ""recent100_z"", ""ewma_z"", ""gap_z"", ""transition_z"", ""in_last_draw""], ""include_number"": true, ""retrain_interval"": 1, ""seed"": 20260728, ""shrink_strength"": 0.1}",audited-1.0.0-online-SGD-r1,FullFeatureLogistic
651,102000026,2013-03-19,1 12 25 37 39 40,25 9 1 49 16 18,25 9 1 49 16 18 10 29 42 20,25 9 1 49 16 18 10 29 42 20 12 39,2,2,4,0.10372693570486131,0.3560221045634831,6.000000000000001,2007-01-02,2013-03-15,651,"{""C_proxy"": 0.2, ""features"": [""long_z"", ""recent20_z"", ""recent50_z"", ""recent100_z"", ""ewma_z"", ""gap_z"", ""transition_z"", ""in_last_draw""], ""include_number"": true, ""retrain_interval"": 1, ""seed"": 20260728, ""shrink_strength"": 0.1}",audited-1.0.0-online-SGD-r1,FullFeatureLogistic
652,102000027,2013-03-22,5 7 13 23 24 30,25 9 49 16 10 18,25 9 49 16 10 18 29 42 20 1,25 9 49 16 10 18 29 42 20 1 15 7,0,0,1,0.11115832254035281,0.39018908705497984,6.000000000000001,2007-01-02,2013-03-19,652,"{""C_proxy"": 0.2, ""features"": [""long_z"", ""recent20_z"", ""recent50_z"", ""recent100_z"", ""ewma_z"", ""gap_z"", ""transition_z"", ""in_last_draw""], ""include_number"": true, ""retrain_interval"": 1, ""seed"": 20260728, ""shrink_strength"": 0.1}",audited-1.0.0-online-SGD-r1,FullFeatureLogistic
653,102000028,2013-03-26,1 9 20 28 39 42,25 9 49 16 10 18,25 9 49 16 10 18 1 29 42 20,25 9 49 16 10 18 1 29 42 20 34 12,1,4,4,0.10315674097253731,0.35168776919303774,6.000000000000001,2007-01-02,2013-03-22,653,"{""C_proxy"": 0.2, ""features"": [""long_z"", ""recent20_z"", ""recent50_z"", ""recent100_z"", ""ewma_z"", ""gap_z"", ""transition_z"", ""in_last_draw""], ""include_number"": true, ""retrain_interval"": 1, ""seed"": 20260728, ""shrink_strength"": 0.1}",audited-1.0.0-online-SGD-r1,FullFeatureLogistic
654,102000029,2013-03-29,2 3 8 15 24 46,25 49 16 10 18 29,25 49 16 10 18 29 9 42 34 15,25 49 16 10 18 29 9 42 34 15 12 1,0,1,1,0.10850104808866293,0.37572424691280065,6.0,2007-01-02,2013-03-26,654,"{""C_proxy"": 0.2, ""features"": [""long_z"", ""recent20_z"", ""recent50_z"", ""recent100_z"", ""ewma_z"", ""gap_z"", ""transition_z"", ""in_last_draw""], ""include_number"": true, ""retrain_interval"": 1, ""seed"": 20260728, ""shrink_strength"": 0.1}",audited-1.0.0-online-SGD-r1,FullFeatureLogistic
655,102000030,2013-04-02,11 15 20 23 26 35,25 49 16 10 9 18,25 49 16 10 9 18 29 42 1 34,25 49 16 10 9 18 29 42 1 34 12 20,0,0,1,0.10892723366109691,0.3789035920447008,6.000000000000001,2007-01-02,2013-03-29,655,"{""C_proxy"": 0.2, ""features"": [""long_z"", ""recent20_z"", ""recent50_z"", ""recent100_z"", ""ewma_z"", ""gap_z"", ""transition_z"", ""in_last_draw""], ""include_number"": true, ""retrain_interval"": 1, ""seed"": 20260728, ""shrink_strength"": 0.1}",audited-1.0.0-online-SGD-r1,FullFeatureLogistic
656,102000031,2013-04-05,4 7 13 17 21 35,25 16 49 9 18 10,25 16 49 9 18 10 29 42 1 34,25 16 49 9 18 10 29 42 1 34 12 7,0,0,1,0.11054181243942705,0.38679999429504025,6.0,2007-01-02,2013-04-02,656,"{""C_proxy"": 0.2, ""features"": [""long_z"", ""recent20_z"", ""recent50_z"", ""recent100_z"", ""ewma_z"", ""gap_z"", ""transition_z"", ""in_last_draw""], ""include_number"": true, ""retrain_interval"": 1, ""seed"": 20260728, ""shrink_strength"": 0.1}",audited-1.0.0-online-SGD-r1,FullFeatureLogistic
657,102000032,2013-04-09,7 16 35 45 47 48,25 16 49 9 18 10,25 16 49 9 18 10 42 29 1 34,25 16 49 9 18 10 42 29 1 34 12 41,1,1,1,0.1081441574486868,0.3761551585353771,6.000000000000001,2007-01-02,2013-04-05,657,"{""C_proxy"": 0.2, ""features"": [""long_z"", ""recent20_z"", ""recent50_z"", ""recent100_z"", ""ewma_z"", ""gap_z"", ""transition_z"", ""in_last_draw""], ""include_number"": true, ""retrain_interval"": 1, ""seed"": 20260728, ""shrink_strength"": 0.1}",audited-1.0.0-online-SGD-r1,FullFeatureLogistic
658,102000033,2013-04-12,1 3 18 22 29 32,25 49 9 18 10 42,25 49 9 18 10 42 29 1 16 34,25 49 9 18 10 42 29 1 16 34 12 28,1,3,3,0.1048002410462,0.35895536263586886,6.000000000000001,2007-01-02,2013-04-09,658,"{""C_proxy"": 0.2, ""features"": [""long_z"", ""recent20_z"", ""recent50_z"", ""recent100_z"", ""ewma_z"", ""gap_z"", ""transition_z"", ""in_last_draw""], ""include_number"": true, ""retrain_interval"": 1, ""seed"": 20260728, ""shrink_strength"": 0.1}",audited-1.0.0-online-SGD-r1,FullFeatureLogistic
659,102000034,2013-04-16,6 18 40 43 45 48,25 49 9 16 42 10,25 49 9 16 42 10 34 12 18 1,25 49 9 16 42 10 34 12 18 1 28 40,0,1,2,0.1063449925305989,0.3654467569141773,6.0,2007-01-02,2013-04-12,659,"{""C_proxy"": 0.2, ""features"": [""long_z"", ""recent20_z"", ""recent50_z"", ""recent100_z"", ""ewma_z"", ""gap_z"", ""transition_z"", ""in_last_draw""], ""include_number"": true, ""retrain_interval"": 1, ""seed"": 20260728, ""shrink_strength"": 0.1}",audited-1.0.0-online-SGD-r1,FullFeatureLogistic
660,102000035,2013-04-19,3 36 37 40 42 48,25 49 16 9 42 34,25 49 16 9 42 34 10 12 1 28,25 49 16 9 42 34 10 12 1 28 29 41,1,1,1,0.10921360574692035,0.37972226091853134,5.999999999999999,2007-01-02,2013-04-16,660,"{""C_proxy"": 0.2, ""features"": [""long_z"", ""recent20_z"", ""recent50_z"", ""recent100_z"", ""ewma_z"", ""gap_z"", ""transition_z"", ""in_last_draw""], ""include_number"": true, ""retrain_interval"": 1, ""seed"": 20260728, ""shrink_strength"": 0.1}",audited-1.0.0-online-SGD-r1,FullFeatureLogistic
661,102000036,2013-04-23,12 15 29 31 36 45,25 49 9 16 34 12,25 49 9 16 34 12 10 18 1 28,25 49 9 16 34 12 10 18 1 28 29 42,1,1,2,0.10762822038641272,0.37225160475677416,6.000000000000002,2007-01-02,2013-04-19,661,"{""C_proxy"": 0.2, ""features"": [""long_z"", ""recent20_z"", ""recent50_z"", ""recent100_z"", ""ewma_z"", ""gap_z"", ""transition_z"", ""in_last_draw""], ""include_number"": true, ""retrain_interval"": 1, ""seed"": 20260728, ""shrink_strength"": 0.1}",audited-1.0.0-online-SGD-r1,FullFeatureLogistic
662,102000037,2013-04-26,15 17 19 30 40 47,25 49 16 9 34 18,25 49 16 9 34 18 10 1 28 42,25 49 16 9 34 18 10 1 28 42 12 41,0,0,0,0.11072565801537894,0.3870195227801327,5.999999999999999,2007-01-02,2013-04-23,662,"{""C_proxy"": 0.2, ""features"": [""long_z"", ""recent20_z"", ""recent50_z"", ""recent100_z"", ""ewma_z"", ""gap_z"", ""transition_z"", ""in_last_draw""], ""include_number"": true, ""retrain_interval"": 1, ""seed"": 20260728, ""shrink_strength"": 0.1}",audited-1.0.0-online-SGD-r1,FullFeatureLogistic
663,102000038,2013-04-30,10 30 32 37 46 47,25 16 49 9 34 18,25 16 49 9 34 18 10 1 12 28,25 16 49 9 34 18 10 1 12 28 42 26,0,1,1,0.11011614933777877,0.3853060752523795,6.0,2007-01-02,2013-04-26,663,"{""C_proxy"": 0.2, ""features"": [""long_z"", ""recent20_z"", ""recent50_z"", ""recent100_z"", ""ewma_z"", ""gap_z"", ""transition_z"", ""in_last_draw""], ""include_number"": true, ""retrain_interval"": 1, ""seed"": 20260728, ""shrink_strength"": 0.1}",audited-1.0.0-online-SGD-r1,FullFeatureLogistic
664,102000039,2013-05-03,1 4 8 22 32 45,25 16 49 9 34 18,25 16 49 9 34 18 1 12 28 42,25 16 49 9 34 18 1 12 28 42 10 11,0,1,1,0.10861502685040185,0.3761403569098998,6.0,2007-01-02,2013-04-30,664,"{""C_proxy"": 0.2, ""features"": [""long_z"", ""recent20_z"", ""recent50_z"", ""recent100_z"", ""ewma_z"", ""gap_z"", ""transition_z"", ""in_last_draw""], ""include_number"": true, ""retrain_interval"": 1, ""seed"": 20260728, ""shrink_strength"": 0.1}",audited-1.0.0-online-SGD-r1,FullFeatureLogistic
665,102000040,2013-05-07,9 11 14 25 33 35,25 16 9 49 34 18,25 16 9 49 34 18 12 10 28 42,25 16 9 49 34 18 12 10 28 42 1 7,2,2,2,0.10716760655707062,0.37281256302950316,5.999999999999999,2007-01-02,2013-05-03,665,"{""C_proxy"": 0.2, ""features"": [""long_z"", ""recent20_z"", ""recent50_z"", ""recent100_z"", ""ewma_z"", ""gap_z"", ""transition_z"", ""in_last_draw""], ""include_number"": true, ""retrain_interval"": 1, ""seed"": 20260728, ""shrink_strength"": 0.1}",audited-1.0.0-online-SGD-r1,FullFeatureLogistic
666,102000041,2013-05-10,2 17 25 32 39 43,16 49 25 34 9 12,16 49 25 34 9 12 10 18 42 28,16 49 25 34 9 12 10 18 42 28 1 7,1,1,1,0.10711179155086892,0.3694854458900934,6.000000000000002,2007-01-02,2013-05-07,666,"{""C_proxy"": 0.2, ""features"": [""long_z"", ""recent20_z"", ""recent50_z"", ""recent100_z"", ""ewma_z"", ""gap_z"", ""transition_z"", ""in_last_draw""], ""include_number"": true, ""retrain_interval"": 1, ""seed"": 20260728, ""shrink_strength"": 0.1}",audited-1.0.0-online-SGD-r1,FullFeatureLogistic
667,102000042,2013-05-14,1 6 7 27 30 39,16 49 9 12 34 25,16 49 9 12 34 25 10 28 42 18,16 49 9 12 34 25 10 28 42 18 1 7,0,0,2,0.1085393401510975,0.37736779421901073,6.0,2007-01-02,2013-05-10,667,"{""C_proxy"": 0.2, ""features"": [""long_z"", ""recent20_z"", ""recent50_z"", ""recent100_z"", ""ewma_z"", ""gap_z"", ""transition_z"", ""in_last_draw""], ""include_number"": true, ""retrain_interval"": 1, ""seed"": 20260728, ""shrink_strength"": 0.1}",audited-1.0.0-online-SGD-r1,FullFeatureLogistic
668,102000043,2013-05-17,5 10 16 22 23 24,16 25 49 9 12 34,16 25 49 9 12 34 10 42 28 18,16 25 49 9 12 34 10 42 28 18 29 20,1,2,2,0.10700233873407014,0.3700952537122912,5.999999999999999,2007-01-02,2013-05-14,668,"{""C_proxy"": 0.2, ""features"": [""long_z"", ""recent20_z"", ""recent50_z"", ""recent100_z"", ""ewma_z"", ""gap_z"", ""transition_z"", ""in_last_draw""], ""include_number"": true, ""retrain_interval"": 1, ""seed"": 20260728, ""shrink_strength"": 0.1}",audited-1.0.0-online-SGD-r1,FullFeatureLogistic
669,102000044,2013-05-21,24 29 35 39 42 49,25 49 9 12 34 16,25 49 9 12 34 16 42 28 18 20,25 49 9 12 34 16 42 28 18 20 26 7,1,2,2,0.10764797277090388,0.3738491425440723,6.0,2007-01-02,2013-05-17,669,"{""C_proxy"": 0.2, ""features"": [""long_z"", ""recent20_z"", ""recent50_z"", ""recent100_z"", ""ewma_z"", ""gap_z"", ""transition_z"", ""in_last_draw""], ""include_number"": true, ""retrain_interval"": 1, ""seed"": 20260728, ""shrink_strength"": 0.1}",audited-1.0.0-online-SGD-r1,FullFeatureLogistic
670,102000045,2013-05-24,10 27 28 31 37 41,25 16 12 9 34 28,25 16 12 9 34 28 18 10 49 7,25 16 12 9 34 28 18 10 49 7 20 26,1,2,2,0.10688269129084615,0.3686339081274535,6.0,2007-01-02,2013-05-21,670,"{""C_proxy"": 0.2, ""features"": [""long_z"", ""recent20_z"", ""recent50_z"", ""recent100_z"", ""ewma_z"", ""gap_z"", ""transition_z"", ""in_last_draw""], ""include_number"": true, ""retrain_interval"": 1, ""seed"": 20260728, ""shrink_strength"": 0.1}",audited-1.0.0-online-SGD-r1,FullFeatureLogistic
671,102000046,2013-05-28,7 10 16 17 30 43,25 16 9 12 34 49,25 16 9 12 34 49 18 42 7 20,25 16 9 12 34 49 18 42 7 20 28 1,1,2,2,0.10764872194163887,0.37397925854300296,5.999999999999999,2007-01-02,2013-05-24,671,"{""C_proxy"": 0.2, ""features"": [""long_z"", ""recent20_z"", ""recent50_z"", ""recent100_z"", ""ewma_z"", ""gap_z"", ""transition_z"", ""in_last_draw""], ""include_number"": true, ""retrain_interval"": 1, ""seed"": 20260728, ""shrink_strength"": 0.1}",audited-1.0.0-online-SGD-r1,FullFeatureLogistic
672,102000047,2013-05-31,3 6 10 33 39 44,25 9 12 34 49 18,25 9 12 34 49 18 16 42 41 20,25 9 12 34 49 18 16 42 41 20 28 1,0,0,0,0.10844975303479665,0.37503860621558355,6.0,2007-01-02,2013-05-28,672,"{""C_proxy"": 0.2, ""features"": [""long_z"", ""recent20_z"", ""recent50_z"", ""recent100_z"", ""ewma_z"", ""gap_z"", ""transition_z"", ""in_last_draw""], ""include_number"": true, ""retrain_interval"": 1, ""seed"": 20260728, ""shrink_strength"": 0.1}",audited-1.0.0-online-SGD-r1,FullFeatureLogistic
673,102000048,2013-06-04,14 19 34 43 46 47,25 9 16 34 12 49,25 9 16 34 12 49 18 42 28 20,25 9 16 34 12 49 18 42 28 20 41 1,1,1,1,0.10873962083613944,0.37759957645535464,6.0,2007-01-02,2013-05-31,673,"{""C_proxy"": 0.2, ""features"": [""long_z"", ""recent20_z"", ""recent50_z"", ""recent100_z"", ""ewma_z"", ""gap_z"", ""transition_z"", ""in_last_draw""], ""include_number"": true, ""retrain_interval"": 1, ""seed"": 20260728, ""shrink_strength"": 0.1}",audited-1.0.0-online-SGD-r1,FullFeatureLogistic
674,102000049,2013-06-07,3 14 29 33 39 48,25 16 9 12 49 34,25 16 9 12 49 34 18 42 28 41,25 16 9 12 49 34 18 42 28 41 20 1,0,0,0,0.10955626819843718,0.3814132071116144,6.0,2007-01-02,2013-06-04,674,"{""C_proxy"": 0.2, ""features"": [""long_z"", ""recent20_z"", ""recent50_z"", ""recent100_z"", ""ewma_z"", ""gap_z"", ""transition_z"", ""in_last_draw""], ""include_number"": true, ""retrain_interval"": 1, ""seed"": 20260728, ""shrink_strength"": 0.1}",audited-1.0.0-online-SGD-r1,FullFeatureLogistic
675,102000050,2013-06-11,16 20 34 42 46 49,25 16 9 34 12 49,25 16 9 34 12 49 42 18 28 20,25 16 9 34 12 49 42 18 28 20 1 26,3,5,5,0.10264809327106388,0.3500048605479125,5.999999999999999,2007-01-02,2013-06-07,675,"{""C_proxy"": 0.2, ""features"": [""long_z"", ""recent20_z"", ""recent50_z"", ""recent100_z"", ""ewma_z"", ""gap_z"", ""transition_z"", ""in_last_draw""], ""include_number"": true, ""retrain_interval"": 1, ""seed"": 20260728, ""shrink_strength"": 0.1}",audited-1.0.0-online-SGD-r1,FullFeatureLogistic
676,102000051,2013-06-14,4 16 22 32 35 47,25 9 12 18 1 28,25 9 12 18 1 28 16 34 7 41,25 9 12 18 1 28 16 34 7 41 26 13,0,1,1,0.1090800480161615,0.3792881555437639,6.0,2007-01-02,2013-06-11,676,"{""C_proxy"": 0.2, ""features"": [""long_z"", ""recent20_z"", ""recent50_z"", ""recent100_z"", ""ewma_z"", ""gap_z"", ""transition_z"", ""in_last_draw""], ""include_number"": true, ""retrain_interval"": 1, ""seed"": 20260728, ""shrink_strength"": 0.1}",audited-1.0.0-online-SGD-r1,FullFeatureLogistic
677,102000052,2013-06-18,4 11 25 36 41 43,25 9 12 34 1 18,25 9 12 34 1 18 42 49 7 20,25 9 12 34 1 18 42 49 7 20 28 41,1,1,2,0.10695519270429335,0.3702617997983112,6.0,2007-01-02,2013-06-14,677,"{""C_proxy"": 0.2, ""features"": [""long_z"", ""recent20_z"", ""recent50_z"", ""recent100_z"", ""ewma_z"", ""gap_z"", ""transition_z"", ""in_last_draw""], ""include_number"": true, ""retrain_interval"": 1, ""seed"": 20260728, ""shrink_strength"": 0.1}",audited-1.0.0-online-SGD-r1,FullFeatureLogistic
678,102000053,2013-06-21,10 29 35 39 41 44,9 25 12 34 18 1,9 25 12 34 18 1 42 49 20 7,9 25 12 34 18 1 42 49 20 7 16 28,0,0,0,0.10884423880351769,0.3784119151807938,6.0,2007-01-02,2013-06-18,678,"{""C_proxy"": 0.2, ""features"": [""long_z"", ""recent20_z"", ""recent50_z"", ""recent100_z"", ""ewma_z"", ""gap_z"", ""transition_z"", ""in_last_draw""], ""include_number"": true, ""retrain_interval"": 1, ""seed"": 20260728, ""shrink_strength"": 0.1}",audited-1.0.0-online-SGD-r1,FullFeatureLogistic
679,102000054,2013-06-25,7 18 26 28 34 38,25 9 12 34 1 18,25 9 12 34 1 18 42 16 49 7,25 9 12 34 1 18 42 16 49 7 20 28,2,3,4,0.10369967071338185,0.3540524629472661,6.0,2007-01-02,2013-06-21,679,"{""C_proxy"": 0.2, ""features"": [""long_z"", ""recent20_z"", ""recent50_z"", ""recent100_z"", ""ewma_z"", ""gap_z"", ""transition_z"", ""in_last_draw""], ""include_number"": true, ""retrain_interval"": 1, ""seed"": 20260728, ""shrink_strength"": 0.1}",audited-1.0.0-online-SGD-r1,FullFeatureLogistic
680,102000055,2013-06-28,22 26 31 42 44 49,25 9 12 42 16 49,25 9 12 42 16 49 1 20 40 13,25 9 12 42 16 49 1 20 40 13 34 15,2,2,2,0.10646244667211607,0.36661046845514206,6.0,2007-01-02,2013-06-25,680,"{""C_proxy"": 0.2, ""features"": [""long_z"", ""recent20_z"", ""recent50_z"", ""recent100_z"", ""ewma_z"", ""gap_z"", ""transition_z"", ""in_last_draw""], ""include_number"": true, ""retrain_interval"": 1, ""seed"": 20260728, ""shrink_strength"": 0.1}",audited-1.0.0-online-SGD-r1,FullFeatureLogistic
681,102000056,2013-07-02,1 5 18 21 40 44,25 9 12 16 1 20,25 9 12 16 1 20 18 34 7 13,25 9 12 16 1 20 18 34 7 13 40 15,1,2,3,0.10713072293086345,0.37019365942701804,5.999999999999999,2007-01-02,2013-06-28,681,"{""C_proxy"": 0.2, ""features"": [""long_z"", ""recent20_z"", ""recent50_z"", ""recent100_z"", ""ewma_z"", ""gap_z"", ""transition_z"", ""in_last_draw""], ""include_number"": true, ""retrain_interval"": 1, ""seed"": 20260728, ""shrink_strength"": 0.1}",audited-1.0.0-online-SGD-r1,FullFeatureLogistic
682,102000057,2013-07-05,11 14 28 39 40 45,25 9 12 16 20 1,25 9 12 16 20 1 13 49 42 15,25 9 12 16 20 1 13 49 42 15 28 7,0,0,1,0.10860547093937295,0.3770020769272296,6.000000000000001,2007-01-02,2013-07-02,682,"{""C_proxy"": 0.2, ""features"": [""long_z"", ""recent20_z"", ""recent50_z"", ""recent100_z"", ""ewma_z"", ""gap_z"", ""transition_z"", ""in_last_draw""], ""include_number"": true, ""retrain_interval"": 1, ""seed"": 20260728, ""shrink_strength"": 0.1}",audited-1.0.0-online-SGD-r1,FullFeatureLogistic
683,102000058,2013-07-09,19 24 28 29 41 43,25 9 12 16 20 1,25 9 12 16 20 1 42 49 13 7,25 9 12 16 20 1 42 49 13 7 34 38,0,0,0,0.10900718191596195,0.3780509894703546,6.0,2007-01-02,2013-07-05,683,"{""C_proxy"": 0.2, ""features"": [""long_z"", ""recent20_z"", ""recent50_z"", ""recent100_z"", ""ewma_z"", ""gap_z"", ""transition_z"", ""in_last_draw""], ""include_number"": true, ""retrain_interval"": 1, ""seed"": 20260728, ""shrink_strength"": 0.1}",audited-1.0.0-online-SGD-r1,FullFeatureLogistic
684,102000059,2013-07-12,15 24 29 34 47 48,25 9 12 16 20 1,25 9 12 16 20 1 42 7 34 49,25 9 12 16 20 1 42 7 34 49 15 38,0,1,2,0.10692356427379798,0.3685480862412635,6.000000000000001,2007-01-02,2013-07-09,684,"{""C_proxy"": 0.2, ""features"": [""long_z"", ""recent20_z"", ""recent50_z"", ""recent100_z"", ""ewma_z"", ""gap_z"", ""transition_z"", ""in_last_draw""], ""include_number"": true, ""retrain_interval"": 1, ""seed"": 20260728, ""shrink_strength"": 0.1}",audited-1.0.0-online-SGD-r1,FullFeatureLogistic
685,102000060,2013-07-16,10 13 16 29 31 37,25 9 16 12 20 42,25 9 16 12 20 42 1 49 7 10,25 9 16 12 20 42 1 49 7 10 38 13,1,2,3,0.10646657688737537,0.3669749178137276,6.0,2007-01-02,2013-07-12,685,"{""C_proxy"": 0.2, ""features"": [""long_z"", ""recent20_z"", ""recent50_z"", ""recent100_z"", ""ewma_z"", ""gap_z"", ""transition_z"", ""in_last_draw""], ""include_number"": true, ""retrain_interval"": 1, ""seed"": 20260728, ""shrink_strength"": 0.1}",audited-1.0.0-online-SGD-r1,FullFeatureLogistic
686,102000061,2013-07-19,3 5 9 15 30 49,25 9 12 20 42 16,25 9 12 20 42 16 7 49 1 15,25 9 12 20 42 16 7 49 1 15 38 18,1,3,3,0.10644337808622004,0.36765164790659804,6.0,2007-01-02,2013-07-16,686,"{""C_proxy"": 0.2, ""features"": [""long_z"", ""recent20_z"", ""recent50_z"", ""recent100_z"", ""ewma_z"", ""gap_z"", ""transition_z"", ""in_last_draw""], ""include_number"": true, ""retrain_interval"": 1, ""seed"": 20260728, ""shrink_strength"": 0.1}",audited-1.0.0-online-SGD-r1,FullFeatureLogistic
687,102000062,2013-07-23,4 17 24 27 35 49,25 16 12 9 20 42,25 16 12 9 20 42 7 1 13 18,25 16 12 9 20 42 7 1 13 18 34 10,0,0,0,0.11091700633827072,0.38783709895807883,5.999999999999999,2007-01-02,2013-07-19,687,"{""C_proxy"": 0.2, ""features"": [""long_z"", ""recent20_z"", ""recent50_z"", ""recent100_z"", ""ewma_z"", ""gap_z"", ""transition_z"", ""in_last_draw""], ""include_number"": true, ""retrain_interval"": 1, ""seed"": 20260728, ""shrink_strength"": 0.1}",audited-1.0.0-online-SGD-r1,FullFeatureLogistic
688,102000063,2013-07-26,8 17 21 34 39 45,25 9 16 12 20 42,25 9 16 12 20 42 7 1 13 18,25 9 16 12 20 42 7 1 13 18 34 10,0,0,1,0.10813718014680893,0.3738888743254788,5.999999999999999,2007-01-02,2013-07-23,688,"{""C_proxy"": 0.2, ""features"": [""long_z"", ""recent20_z"", ""recent50_z"", ""recent100_z"", ""ewma_z"", ""gap_z"", ""transition_z"", ""in_last_draw""], ""include_number"": true, ""retrain_interval"": 1, ""seed"": 20260728, ""shrink_strength"": 0.1}",audited-1.0.0-online-SGD-r1,FullFeatureLogistic
689,102000064,2013-07-30,6 15 16 22 43 45,25 9 16 12 20 42,25 9 16 12 20 42 7 1 13 18,25 9 16 12 20 42 7 1 13 18 10 40,1,1,1,0.10708961429458079,0.36947344974441615,6.000000000000001,2007-01-02,2013-07-26,689,"{""C_proxy"": 0.2, ""features"": [""long_z"", ""recent20_z"", ""recent50_z"", ""recent100_z"", ""ewma_z"", ""gap_z"", ""transition_z"", ""in_last_draw""], ""include_number"": true, ""retrain_interval"": 1, ""seed"": 20260728, ""shrink_strength"": 0.1}",audited-1.0.0-online-SGD-r1,FullFeatureLogistic
690,102000065,2013-08-02,7 27 43 44 45 46,25 9 20 12 42 1,25 9 20 12 42 1 16 13 18 7,25 9 20 12 42 1 16 13 18 7 10 40,0,1,1,0.10933998223211423,0.3798772592696812,6.000000000000001,2007-01-02,2013-07-30,690,"{""C_proxy"": 0.2, ""features"": [""long_z"", ""recent20_z"", ""recent50_z"", ""recent100_z"", ""ewma_z"", ""gap_z"", ""transition_z"", ""in_last_draw""], ""include_number"": true, ""retrain_interval"": 1, ""seed"": 20260728, ""shrink_strength"": 0.1}",audited-1.0.0-online-SGD-r1,FullFeatureLogistic
691,102000066,2013-08-06,1 4 17 27 32 48,25 9 16 20 12 42,25 9 16 20 12 42 13 18 1 10,25 9 16 20 12 42 13 18 1 10 40 32,0,1,2,0.10816453378741797,0.37471006788193467,6.0,2007-01-02,2013-08-02,691,"{""C_proxy"": 0.2, ""features"": [""long_z"", ""recent20_z"", ""recent50_z"", ""recent100_z"", ""ewma_z"", ""gap_z"", ""transition_z"", ""in_last_draw""], ""include_number"": true, ""retrain_interval"": 1, ""seed"": 20260728, ""shrink_strength"": 0.1}",audited-1.0.0-online-SGD-r1,FullFeatureLogistic
692,102000067,2013-08-09,3 4 12 13 24 30,25 9 16 20 12 42,25 9 16 20 12 42 10 13 18 7,25 9 16 20 12 42 10 13 18 7 40 1,1,2,2,0.1091397293150607,0.3805983315832111,6.000000000000001,2007-01-02,2013-08-06,692,"{""C_proxy"": 0.2, ""features"": [""long_z"", ""recent20_z"", ""recent50_z"", ""recent100_z"", ""ewma_z"", ""gap_z"", ""transition_z"", ""in_last_draw""], ""include_number"": true, ""retrain_interval"": 1, ""seed"": 20260728, ""shrink_strength"": 0.1}",audited-1.0.0-online-SGD-r1,FullFeatureLogistic
693,102000068,2013-08-13,12 14 16 34 37 48,25 9 16 20 12 42,25 9 16 20 12 42 18 10 7 1,25 9 16 20 12 42 18 10 7 1 49 26,2,2,2,0.10650966896864143,0.3679141974310086,6.000000000000001,2007-01-02,2013-08-09,693,"{""C_proxy"": 0.2, ""features"": [""long_z"", ""recent20_z"", ""recent50_z"", ""recent100_z"", ""ewma_z"", ""gap_z"", ""transition_z"", ""in_last_draw""], ""include_number"": true, ""retrain_interval"": 1, ""seed"": 20260728, ""shrink_strength"": 0.1}",audited-1.0.0-online-SGD-r1,FullFeatureLogistic
694,102000069,2013-08-16,4 17 24 27 29 40,25 9 20 42 18 16,25 9 20 42 18 16 10 12 1 49,25 9 20 42 18 16 10 12 1 49 13 7,0,0,0,0.1108485180977691,0.38773969773144334,6.0,2007-01-02,2013-08-13,694,"{""C_proxy"": 0.2, ""features"": [""long_z"", ""recent20_z"", ""recent50_z"", ""recent100_z"", ""ewma_z"", ""gap_z"", ""transition_z"", ""in_last_draw""], ""include_number"": true, ""retrain_interval"": 1, ""seed"": 20260728, ""shrink_strength"": 0.1}",audited-1.0.0-online-SGD-r1,FullFeatureLogistic
695,102000070,2013-08-20,5 7 16 28 31 49,25 9 16 42 20 12,25 9 16 42 20 12 10 18 1 49,25 9 16 42 20 12 10 18 1 49 13 7,1,2,3,0.10556437426140425,0.3622688972700104,6.0,2007-01-02,2013-08-16,695,"{""C_proxy"": 0.2, ""features"": [""long_z"", ""recent20_z"", ""recent50_z"", ""recent100_z"", ""ewma_z"", ""gap_z"", ""transition_z"", ""in_last_draw""], ""include_number"": true, ""retrain_interval"": 1, ""seed"": 20260728, ""shrink_strength"": 0.1}",audited-1.0.0-online-SGD-r1,FullFeatureLogistic
696,102000071,2013-08-23,5 11 12 14 31 35,25 9 42 12 20 10,25 9 42 12 20 10 18 1 16 13,25 9 42 12 20 10 18 1 16 13 26 15,1,1,1,0.11008859477327243,0.3847051593190559,6.0,2007-01-02,2013-08-20,696,"{""C_proxy"": 0.2, ""features"": [""long_z"", ""recent20_z"", ""recent50_z"", ""recent100_z"", ""ewma_z"", ""gap_z"", ""transition_z"", ""in_last_draw""], ""include_number"": true, ""retrain_interval"": 1, ""seed"": 20260728, ""shrink_strength"": 0.1}",audited-1.0.0-online-SGD-r1,FullFeatureLogistic
697,102000072,2013-08-27,5 8 11 14 15 36,25 9 42 20 16 10,25 9 42 20 16 10 18 1 13 49,25 9 42 20 16 10 18 1 13 49 12 26,0,0,0,0.11013445674748165,0.38450843312672656,6.0,2007-01-02,2013-08-23,697,"{""C_proxy"": 0.2, ""features"": [""long_z"", ""recent20_z"", ""recent50_z"", ""recent100_z"", ""ewma_z"", ""gap_z"", ""transition_z"", ""in_last_draw""], ""include_number"": true, ""retrain_interval"": 1, ""seed"": 20260728, ""shrink_strength"": 0.1}",audited-1.0.0-online-SGD-r1,FullFeatureLogistic
698,102000073,2013-08-30,2 21 24 27 36 46,25 9 42 16 20 10,25 9 42 16 20 10 18 1 12 13,25 9 42 16 20 10 18 1 12 13 49 26,0,0,0,0.1120458590843087,0.3932394269014817,6.0,2007-01-02,2013-08-27,698,"{""C_proxy"": 0.2, ""features"": [""long_z"", ""recent20_z"", ""recent50_z"", ""recent100_z"", ""ewma_z"", ""gap_z"", ""transition_z"", ""in_last_draw""], ""include_number"": true, ""retrain_interval"": 1, ""seed"": 20260728, ""shrink_strength"": 0.1}",audited-1.0.0-online-SGD-r1,FullFeatureLogistic
699,102000074,2013-09-03,11 13 22 29 39 48,25 9 16 42 20 10,25 9 16 42 20 10 1 18 12 13,25 9 16 42 20 10 1 18 12 13 49 7,0,1,1,0.10744862678164294,0.37012425308400654,6.0,2007-01-02,2013-08-30,699,"{""C_proxy"": 0.2, ""features"": [""long_z"", ""recent20_z"", ""recent50_z"", ""recent100_z"", ""ewma_z"", ""gap_z"", ""transition_z"", ""in_last_draw""], ""include_number"": true, ""retrain_interval"": 1, ""seed"": 20260728, ""shrink_strength"": 0.1}",audited-1.0.0-online-SGD-r1,FullFeatureLogistic
700,102000075,2013-09-06,6 7 14 33 36 48,25 9 16 10 42 20,25 9 16 10 42 20 1 12 18 49,25 9 16 10 42 20 1 12 18 49 7 40,0,0,1,0.11066262404096128,0.38704371049080394,6.000000000000001,2007-01-02,2013-09-03,700,"{""C_proxy"": 0.2, ""features"": [""long_z"", ""recent20_z"", ""recent50_z"", ""recent100_z"", ""ewma_z"", ""gap_z"", ""transition_z"", ""in_last_draw""], ""include_number"": true, ""retrain_interval"": 1, ""seed"": 20260728, ""shrink_strength"": 0.1}",audited-1.0.0-online-SGD-r1,FullFeatureLogistic
701,102000076,2013-09-10,1 10 14 34 42 47,25 9 16 10 20 42,25 9 16 10 20 42 12 1 18 49,25 9 16 10 20 42 12 1 18 49 15 26,2,3,3,0.1059865937122731,0.3663165726530307,6.000000000000001,2007-01-02,2013-09-06,701,"{""C_proxy"": 0.2, ""features"": [""long_z"", ""recent20_z"", ""recent50_z"", ""recent100_z"", ""ewma_z"", ""gap_z"", ""transition_z"", ""in_last_draw""], ""include_number"": true, ""retrain_interval"": 1, ""seed"": 20260728, ""shrink_strength"": 0.1}",audited-1.0.0-online-SGD-r1,FullFeatureLogistic
702,102000077,2013-09-13,12 16 26 27 28 45,25 9 16 20 12 42,25 9 16 20 12 42 10 49 18 15,25 9 16 20 12 42 10 49 18 15 26 1,2,2,3,0.10550105132647179,0.3625594660031175,6.000000000000001,2007-01-02,2013-09-10,702,"{""C_proxy"": 0.2, ""features"": [""long_z"", ""recent20_z"", ""recent50_z"", ""recent100_z"", ""ewma_z"", ""gap_z"", ""transition_z"", ""in_last_draw""], ""include_number"": true, ""retrain_interval"": 1, ""seed"": 20260728, ""shrink_strength"": 0.1}",audited-1.0.0-online-SGD-r1,FullFeatureLogistic
703,102000078,2013-09-17,1 8 17 19 40 46,25 9 10 20 42 16,25 9 10 20 42 16 49 1 15 18,25 9 10 20 42 16 49 1 15 18 32 12,0,1,1,0.10737129070241405,0.370301498926231,6.0,2007-01-02,2013-09-13,703,"{""C_proxy"": 0.2, ""features"": [""long_z"", ""recent20_z"", ""recent50_z"", ""recent100_z"", ""ewma_z"", ""gap_z"", ""transition_z"", ""in_last_draw""], ""include_number"": true, ""retrain_interval"": 1, ""seed"": 20260728, ""shrink_strength"": 0.1}",audited-1.0.0-online-SGD-r1,FullFeatureLogistic
704,102000079,2013-09-20,6 12 19 28 39 47,25 9 16 10 20 42,25 9 16 10 20 42 49 15 18 32,25 9 16 10 20 42 49 15 18 32 12 26,0,0,1,0.10830018074355618,0.37458560096156746,6.0,2007-01-02,2013-09-17,704,"{""C_proxy"": 0.2, ""features"": [""long_z"", ""recent20_z"", ""recent50_z"", ""recent100_z"", ""ewma_z"", ""gap_z"", ""transition_z"", ""in_last_draw""], ""include_number"": true, ""retrain_interval"": 1, ""seed"": 20260728, ""shrink_strength"": 0.1}",audited-1.0.0-online-SGD-r1,FullFeatureLogistic
705,102000080,2013-09-24,7 9 15 23 34 35,25 9 16 10 20 42,25 9 16 10 20 42 49 18 32 26,25 9 16 10 20 42 49 18 32 26 13 15,1,1,2,0.10660104924783409,0.36809283915578944,6.0,2007-01-02,2013-09-20,705,"{""C_proxy"": 0.2, ""features"": [""long_z"", ""recent20_z"", ""recent50_z"", ""recent100_z"", ""ewma_z"", ""gap_z"", ""transition_z"", ""in_last_draw""], ""include_number"": true, ""retrain_interval"": 1, ""seed"": 20260728, ""shrink_strength"": 0.1}",audited-1.0.0-online-SGD-r1,FullFeatureLogistic
706,102000081,2013-09-27,1 12 18 19 38 46,25 16 10 42 9 20,25 16 10 42 9 20 49 32 18 26,25 16 10 42 9 20 49 32 18 26 13 40,0,1,1,0.10723397469822726,0.3699523746951236,6.0,2007-01-02,2013-09-24,706,"{""C_proxy"": 0.2, ""features"": [""long_z"", ""recent20_z"", ""recent50_z"", ""recent100_z"", ""ewma_z"", ""gap_z"", ""transition_z"", ""in_last_draw""], ""include_number"": true, ""retrain_interval"": 1, ""seed"": 20260728, ""shrink_strength"": 0.1}",audited-1.0.0-online-SGD-r1,FullFeatureLogistic
707,102000082,2013-10-01,1 4 14 17 23 46,25 16 10 9 42 20,25 16 10 9 42 20 49 32 26 29,25 16 10 9 42 20 49 32 26 29 40 13,0,0,0,0.11148493068284887,0.39077803899002345,6.000000000000001,2007-01-02,2013-09-27,707,"{""C_proxy"": 0.2, ""features"": [""long_z"", ""recent20_z"", ""recent50_z"", ""recent100_z"", ""ewma_z"", ""gap_z"", ""transition_z"", ""in_last_draw""], ""include_number"": true, ""retrain_interval"": 1, ""seed"": 20260728, ""shrink_strength"": 0.1}",audited-1.0.0-online-SGD-r1,FullFeatureLogistic
708,102000083,2013-10-04,7 12 18 25 28 48,25 16 10 9 42 49,25 16 10 9 42 49 20 26 18 29,25 16 10 9 42 49 20 26 18 29 32 40,1,2,2,0.10452151240110677,0.35832938154097466,6.0,2007-01-02,2013-10-01,708,"{""C_proxy"": 0.2, ""features"": [""long_z"", ""recent20_z"", ""recent50_z"", ""recent100_z"", ""ewma_z"", ""gap_z"", ""transition_z"", ""in_last_draw""], ""include_number"": true, ""retrain_interval"": 1, ""seed"": 20260728, ""shrink_strength"": 0.1}",audited-1.0.0-online-SGD-r1,FullFeatureLogistic
709,102000084,2013-10-08,4 6 7 11 26 31,25 16 9 10 42 49,25 16 9 10 42 49 26 20 40 29,25 16 9 10 42 49 26 20 40 29 13 15,0,1,1,0.10816175202390609,0.3740269473898249,6.0,2007-01-02,2013-10-04,709,"{""C_proxy"": 0.2, ""features"": [""long_z"", ""recent20_z"", ""recent50_z"", ""recent100_z"", ""ewma_z"", ""gap_z"", ""transition_z"", ""in_last_draw""], ""include_number"": true, ""retrain_interval"": 1, ""seed"": 20260728, ""shrink_strength"": 0.1}",audited-1.0.0-online-SGD-r1,FullFeatureLogistic
710,102000085,2013-10-11,2 10 32 37 46 49,25 16 9 10 42 49,25 16 9 10 42 49 20 29 40 34,25 16 9 10 42 49 20 29 40 34 13 32,2,2,3,0.10595892702906363,0.3646261406295645,6.0,2007-01-02,2013-10-08,710,"{""C_proxy"": 0.2, ""features"": [""long_z"", ""recent20_z"", ""recent50_z"", ""recent100_z"", ""ewma_z"", ""gap_z"", ""transition_z"", ""in_last_draw""], ""include_number"": true, ""retrain_interval"": 1, ""seed"": 20260728, ""shrink_strength"": 0.1}",audited-1.0.0-online-SGD-r1,FullFeatureLogistic
711,102000086,2013-10-15,8 13 16 20 22 28,25 16 9 42 10 20,25 16 9 42 10 20 29 34 15 40,25 16 9 42 10 20 29 34 15 40 49 26,2,2,2,0.10484072897383734,0.35961730467352543,6.0,2007-01-02,2013-10-11,711,"{""C_proxy"": 0.2, ""features"": [""long_z"", ""recent20_z"", ""recent50_z"", ""recent100_z"", ""ewma_z"", ""gap_z"", ""transition_z"", ""in_last_draw""], ""include_number"": true, ""retrain_interval"": 1, ""seed"": 20260728, ""shrink_strength"": 0.1}",audited-1.0.0-online-SGD-r1,FullFeatureLogistic
712,102000087,2013-10-18,9 11 17 39 40 43,25 9 16 42 10 49,25 9 16 42 10 49 34 29 26 40,25 9 16 42 10 49 34 29 26 40 15 32,1,2,2,0.10556969000990417,0.36253940975336835,6.0,2007-01-02,2013-10-15,712,"{""C_proxy"": 0.2, ""features"": [""long_z"", ""recent20_z"", ""recent50_z"", ""recent100_z"", ""ewma_z"", ""gap_z"", ""transition_z"", ""in_last_draw""], ""include_number"": true, ""retrain_interval"": 1, ""seed"": 20260728, ""shrink_strength"": 0.1}",audited-1.0.0-online-SGD-r1,FullFeatureLogistic
713,102000088,2013-10-22,7 8 16 23 32 39,25 16 10 42 9 20,25 16 10 42 9 20 49 34 29 26,25 16 10 42 9 20 49 34 29 26 32 15,1,1,2,0.1063151497978291,0.36629598566842037,6.0,2007-01-02,2013-10-18,713,"{""C_proxy"": 0.2, ""features"": [""long_z"", ""recent20_z"", ""recent50_z"", ""recent100_z"", ""ewma_z"", ""gap_z"", ""transition_z"", ""in_last_draw""], ""include_number"": true, ""retrain_interval"": 1, ""seed"": 20260728, ""shrink_strength"": 0.1}",audited-1.0.0-online-SGD-r1,FullFeatureLogistic
714,102000089,2013-10-25,3 8 10 11 35 36,25 10 9 42 16 49,25 10 9 42 16 49 20 34 29 26,25 10 9 42 16 49 20 34 29 26 15 12,1,1,1,0.10913382708939735,0.37979979261706187,5.999999999999999,2007-01-02,2013-10-22,714,"{""C_proxy"": 0.2, ""features"": [""long_z"", ""recent20_z"", ""recent50_z"", ""recent100_z"", ""ewma_z"", ""gap_z"", ""transition_z"", ""in_last_draw""], ""include_number"": true, ""retrain_interval"": 1, ""seed"": 20260728, ""shrink_strength"": 0.1}",audited-1.0.0-online-SGD-r1,FullFeatureLogistic
715,102000090,2013-10-29,1 4 21 30 39 42,25 16 9 42 49 20,25 16 9 42 49 20 26 29 34 15,25 16 9 42 49 20 26 29 34 15 10 12,1,1,1,0.10948380542174116,0.3820179591831871,6.000000000000001,2007-01-02,2013-10-25,715,"{""C_proxy"": 0.2, ""features"": [""long_z"", ""recent20_z"", ""recent50_z"", ""recent100_z"", ""ewma_z"", ""gap_z"", ""transition_z"", ""in_last_draw""], ""include_number"": true, ""retrain_interval"": 1, ""seed"": 20260728, ""shrink_strength"": 0.1}",audited-1.0.0-online-SGD-r1,FullFeatureLogistic
716,102000091,2013-11-01,6 16 26 31 36 46,25 16 9 49 10 20,25 16 9 49 10 20 42 26 29 34,25 16 9 49 10 20 42 26 29 34 15 12,1,2,2,0.10749656035475177,0.37215379257708325,6.0,2007-01-02,2013-10-29,716,"{""C_proxy"": 0.2, ""features"": [""long_z"", ""recent20_z"", ""recent50_z"", ""recent100_z"", ""ewma_z"", ""gap_z"", ""transition_z"", ""in_last_draw""], ""include_number"": true, ""retrain_interval"": 1, ""seed"": 20260728, ""shrink_strength"": 0.1}",audited-1.0.0-online-SGD-r1,FullFeatureLogistic
717,102000092,2013-11-05,3 12 27 29 37 46,25 9 49 10 42 20,25 9 49 10 42 20 16 29 34 15,25 9 49 10 42 20 16 29 34 15 12 40,0,1,2,0.10808045826105395,0.374194626292658,6.000000000000001,2007-01-02,2013-11-01,717,"{""C_proxy"": 0.2, ""features"": [""long_z"", ""recent20_z"", ""recent50_z"", ""recent100_z"", ""ewma_z"", ""gap_z"", ""transition_z"", ""in_last_draw""], ""include_number"": true, ""retrain_interval"": 1, ""seed"": 20260728, ""shrink_strength"": 0.1}",audited-1.0.0-online-SGD-r1,FullFeatureLogistic
718,102000093,2013-11-08,1 3 28 30 33 39,25 16 9 10 49 42,25 16 9 10 49 42 20 34 15 40,25 16 9 10 49 42 20 34 15 40 29 26,0,0,0,0.11013324673946487,0.38401893315187147,6.000000000000001,2007-01-02,2013-11-05,718,"{""C_proxy"": 0.2, ""features"": [""long_z"", ""recent20_z"", ""recent50_z"", ""recent100_z"", ""ewma_z"", ""gap_z"", ""transition_z"", ""in_last_draw""], ""include_number"": true, ""retrain_interval"": 1, ""seed"": 20260728, ""shrink_strength"": 0.1}",audited-1.0.0-online-SGD-r1,FullFeatureLogistic
719,102000094,2013-11-12,3 12 22 23 29 46,25 9 16 49 42 10,25 9 16 49 42 10 20 34 15 29,25 9 16 49 42 10 20 34 15 29 12 40,0,1,2,0.10928416369838327,0.379905821393344,6.0,2007-01-02,2013-11-08,719,"{""C_proxy"": 0.2, ""features"": [""long_z"", ""recent20_z"", ""recent50_z"", ""recent100_z"", ""ewma_z"", ""gap_z"", ""transition_z"", ""in_last_draw""], ""include_number"": true, ""retrain_interval"": 1, ""seed"": 20260728, ""shrink_strength"": 0.1}",audited-1.0.0-online-SGD-r1,FullFeatureLogistic
720,102000095,2013-11-15,2 4 18 31 36 43,25 16 9 10 49 42,25 16 9 10 49 42 20 34 15 26,25 16 9 10 49 42 20 34 15 26 40 13,0,0,0,0.11035631996992522,0.3845619237145065,6.0,2007-01-02,2013-11-12,720,"{""C_proxy"": 0.2, ""features"": [""long_z"", ""recent20_z"", ""recent50_z"", ""recent100_z"", ""ewma_z"", ""gap_z"", ""transition_z"", ""in_last_draw""], ""include_number"": true, ""retrain_interval"": 1, ""seed"": 20260728, ""shrink_strength"": 0.1}",audited-1.0.0-online-SGD-r1,FullFeatureLogistic
721,102000096,2013-11-19,15 16 33 35 36 46,25 16 9 49 10 42,25 16 9 49 10 42 20 34 15 26,25 16 9 49 10 42 20 34 15 26 40 13,1,2,2,0.10881923140123727,0.37954484825218454,6.000000000000001,2007-01-02,2013-11-15,721,"{""C_proxy"": 0.2, ""features"": [""long_z"", ""recent20_z"", ""recent50_z"", ""recent100_z"", ""ewma_z"", ""gap_z"", ""transition_z"", ""in_last_draw""], ""include_number"": true, ""retrain_interval"": 1, ""seed"": 20260728, ""shrink_strength"": 0.1}",audited-1.0.0-online-SGD-r1,FullFeatureLogistic
722,102000097,2013-11-22,8 9 11 24 40 47,25 9 42 10 49 20,25 9 42 10 49 20 16 34 26 40,25 9 42 10 49 20 16 34 26 40 15 12,1,2,2,0.10653253478782916,0.3668660404958526,6.0,2007-01-02,2013-11-19,722,"{""C_proxy"": 0.2, ""features"": [""long_z"", ""recent20_z"", ""recent50_z"", ""recent100_z"", ""ewma_z"", ""gap_z"", ""transition_z"", ""in_last_draw""], ""include_number"": true, ""retrain_interval"": 1, ""seed"": 20260728, ""shrink_strength"": 0.1}",audited-1.0.0-online-SGD-r1,FullFeatureLogistic
723,102000098,2013-11-26,1 10 11 15 20 21,25 16 42 49 20 10,25 16 42 49 20 10 34 9 26 15,25 16 42 49 20 10 34 9 26 15 12 13,2,3,3,0.10540953131719187,0.3621113263060069,5.999999999999999,2007-01-02,2013-11-22,723,"{""C_proxy"": 0.2, ""features"": [""long_z"", ""recent20_z"", ""recent50_z"", ""recent100_z"", ""ewma_z"", ""gap_z"", ""transition_z"", ""in_last_draw""], ""include_number"": true, ""retrain_interval"": 1, ""seed"": 20260728, ""shrink_strength"": 0.1}",audited-1.0.0-online-SGD-r1,FullFeatureLogistic
724,102000099,2013-11-29,2 8 13 19 30 31,25 16 42 49 9 34,25 16 42 49 9 34 26 12 29 40,25 16 42 49 9 34 26 12 29 40 10 20,0,0,0,0.11127964150991766,0.3903377279075931,6.000000000000001,2007-01-02,2013-11-26,724,"{""C_proxy"": 0.2, ""features"": [""long_z"", ""recent20_z"", ""recent50_z"", ""recent100_z"", ""ewma_z"", ""gap_z"", ""transition_z"", ""in_last_draw""], ""include_number"": true, ""retrain_interval"": 1, ""seed"": 20260728, ""shrink_strength"": 0.1}",audited-1.0.0-online-SGD-r1,FullFeatureLogistic
725,102000100,2013-12-03,8 10 17 38 44 49,25 16 42 49 9 34,25 16 42 49 9 34 20 26 10 12,25 16 42 49 9 34 20 26 10 12 40 29,1,2,2,0.10634668938838558,0.36615675928138225,6.0,2007-01-02,2013-11-29,725,"{""C_proxy"": 0.2, ""features"": [""long_z"", ""recent20_z"", ""recent50_z"", ""recent100_z"", ""ewma_z"", ""gap_z"", ""transition_z"", ""in_last_draw""], ""include_number"": true, ""retrain_interval"": 1, ""seed"": 20260728, ""shrink_strength"": 0.1}",audited-1.0.0-online-SGD-r1,FullFeatureLogistic
726,102000101,2013-12-06,4 6 8 10 15 36,25 16 9 42 20 34,25 16 9 42 20 34 26 49 12 40,25 16 9 42 20 34 26 49 12 40 29 15,0,0,1,0.10963791112349093,0.3816713078618301,6.000000000000001,2007-01-02,2013-12-03,726,"{""C_proxy"": 0.2, ""features"": [""long_z"", ""recent20_z"", ""recent50_z"", ""recent100_z"", ""ewma_z"", ""gap_z"", ""transition_z"", ""in_last_draw""], ""include_number"": true, ""retrain_interval"": 1, ""seed"": 20260728, ""shrink_strength"": 0.1}",audited-1.0.0-online-SGD-r1,FullFeatureLogistic
727,102000102,2013-12-10,6 11 27 34 42 49,25 16 9 42 20 49,25 16 9 42 20 49 34 26 12 40,25 16 9 42 20 49 34 26 12 40 29 13,2,3,3,0.1052207710077202,0.36113629558273663,6.000000000000002,2007-01-02,2013-12-06,727,"{""C_proxy"": 0.2, ""features"": [""long_z"", ""recent20_z"", ""recent50_z"", ""recent100_z"", ""ewma_z"", ""gap_z"", ""transition_z"", ""in_last_draw""], ""include_number"": true, ""retrain_interval"": 1, ""seed"": 20260728, ""shrink_strength"": 0.1}",audited-1.0.0-online-SGD-r1,FullFeatureLogistic
728,102000103,2013-12-13,10 16 26 28 41 48,25 16 9 20 26 12,25 16 9 20 26 12 42 34 40 29,25 16 9 20 26 12 42 34 40 29 13 10,2,2,3,0.10384054503489797,0.354929630253806,5.999999999999999,2007-01-02,2013-12-10,728,"{""C_proxy"": 0.2, ""features"": [""long_z"", ""recent20_z"", ""recent50_z"", ""recent100_z"", ""ewma_z"", ""gap_z"", ""transition_z"", ""in_last_draw""], ""include_number"": true, ""retrain_interval"": 1, ""seed"": 20260728, ""shrink_strength"": 0.1}",audited-1.0.0-online-SGD-r1,FullFeatureLogistic
729,102000104,2013-12-17,1 4 9 14 22 28,25 9 16 20 42 34,25 9 16 20 42 34 12 40 49 29,25 9 16 20 42 34 12 40 49 29 26 13,1,1,1,0.10893145787009614,0.3796459309929422,5.999999999999999,2007-01-02,2013-12-13,729,"{""C_proxy"": 0.2, ""features"": [""long_z"", ""recent20_z"", ""recent50_z"", ""recent100_z"", ""ewma_z"", ""gap_z"", ""transition_z"", ""in_last_draw""], ""include_number"": true, ""retrain_interval"": 1, ""seed"": 20260728, ""shrink_strength"": 0.1}",audited-1.0.0-online-SGD-r1,FullFeatureLogistic
730,102000105,2013-12-20,8 9 14 17 25 45,25 16 20 42 9 34,25 16 20 42 9 34 12 40 49 26,25 16 20 42 9 34 12 40 49 26 29 13,2,2,2,0.1070567476309111,0.3716280369175149,6.000000000000001,2007-01-02,2013-12-17,730,"{""C_proxy"": 0.2, ""features"": [""long_z"", ""recent20_z"", ""recent50_z"", ""recent100_z"", ""ewma_z"", ""gap_z"", ""transition_z"", ""in_last_draw""], ""include_number"": true, ""retrain_interval"": 1, ""seed"": 20260728, ""shrink_strength"": 0.1}",audited-1.0.0-online-SGD-r1,FullFeatureLogistic
731,102000106,2013-12-24,9 21 24 33 36 43,16 25 20 42 12 34,16 25 20 42 12 34 40 29 49 26,16 25 20 42 12 34 40 29 49 26 9 13,0,0,1,0.109288833356987,0.37968777454763686,6.0,2007-01-02,2013-12-20,731,"{""C_proxy"": 0.2, ""features"": [""long_z"", ""recent20_z"", ""recent50_z"", ""recent100_z"", ""ewma_z"", ""gap_z"", ""transition_z"", ""in_last_draw""], ""include_number"": true, ""retrain_interval"": 1, ""seed"": 20260728, ""shrink_strength"": 0.1}",audited-1.0.0-online-SGD-r1,FullFeatureLogistic
732,102000107,2013-12-27,2 12 16 31 39 43,25 16 20 42 12 34,25 16 20 42 12 34 40 29 49 26,25 16 20 42 12 34 40 29 49 26 15 13,2,2,2,0.1060399396456141,0.3653012860993021,6.000000000000001,2007-01-02,2013-12-24,732,"{""C_proxy"": 0.2, ""features"": [""long_z"", ""recent20_z"", ""recent50_z"", ""recent100_z"", ""ewma_z"", ""gap_z"", ""transition_z"", ""in_last_draw""], ""include_number"": true, ""retrain_interval"": 1, ""seed"": 20260728, ""shrink_strength"": 0.1}",audited-1.0.0-online-SGD-r1,FullFeatureLogistic
733,102000108,2013-12-31,5 27 29 36 40 42,25 20 42 16 34 49,25 20 42 16 34 49 26 29 40 12,25 20 42 16 34 49 26 29 40 12 15 9,1,3,3,0.10656117836712574,0.36795606212087123,6.000000000000001,2007-01-02,2013-12-27,733,"{""C_proxy"": 0.2, ""features"": [""long_z"", ""recent20_z"", ""recent50_z"", ""recent100_z"", ""ewma_z"", ""gap_z"", ""transition_z"", ""in_last_draw""], ""include_number"": true, ""retrain_interval"": 1, ""seed"": 20260728, ""shrink_strength"": 0.1}",audited-1.0.0-online-SGD-r1,FullFeatureLogistic
734,103000001,2014-01-03,11 18 20 21 35 37,25 16 20 34 12 26,25 16 20 34 12 26 49 42 15 9,25 16 20 34 12 26 49 42 15 9 13 29,1,1,1,0.10904096592255234,0.37912748790949136,6.000000000000001,2007-01-02,2013-12-31,734,"{""C_proxy"": 0.2, ""features"": [""long_z"", ""recent20_z"", ""recent50_z"", ""recent100_z"", ""ewma_z"", ""gap_z"", ""transition_z"", ""in_last_draw""], ""include_number"": true, ""retrain_interval"": 1, ""seed"": 20260728, ""shrink_strength"": 0.1}",audited-1.0.0-online-SGD-r1,FullFeatureLogistic
735,103000002,2014-01-07,1 7 21 25 35 36,25 16 12 42 26 34,25 16 12 42 26 34 49 9 15 13,25 16 12 42 26 34 49 9 15 13 40 29,1,1,1,0.10842638928478983,0.37842308742201836,6.0,2007-01-02,2014-01-03,735,"{""C_proxy"": 0.2, ""features"": [""long_z"", ""recent20_z"", ""recent50_z"", ""recent100_z"", ""ewma_z"", ""gap_z"", ""transition_z"", ""in_last_draw""], ""include_number"": true, ""retrain_interval"": 1, ""seed"": 20260728, ""shrink_strength"": 0.1}",audited-1.0.0-online-SGD-r1,FullFeatureLogistic
736,103000003,2014-01-10,7 17 19 30 32 37,16 25 20 12 42 49,16 25 20 12 42 49 34 26 9 15,16 25 20 12 42 49 34 26 9 15 40 29,0,0,0,0.11109237836640495,0.38904707341344624,6.000000000000002,2007-01-02,2014-01-07,736,"{""C_proxy"": 0.2, ""features"": [""long_z"", ""recent20_z"", ""recent50_z"", ""recent100_z"", ""ewma_z"", ""gap_z"", ""transition_z"", ""in_last_draw""], ""include_number"": true, ""retrain_interval"": 1, ""seed"": 20260728, ""shrink_strength"": 0.1}",audited-1.0.0-online-SGD-r1,FullFeatureLogistic
737,103000004,2014-01-14,2 11 21 41 45 49,25 16 20 12 42 34,25 16 20 12 42 34 49 26 9 40,25 16 20 12 42 34 49 26 9 40 29 13,0,1,1,0.10790135853362094,0.3731794415016975,6.000000000000001,2007-01-02,2014-01-10,737,"{""C_proxy"": 0.2, ""features"": [""long_z"", ""recent20_z"", ""recent50_z"", ""recent100_z"", ""ewma_z"", ""gap_z"", ""transition_z"", ""in_last_draw""], ""include_number"": true, ""retrain_interval"": 1, ""seed"": 20260728, ""shrink_strength"": 0.1}",audited-1.0.0-online-SGD-r1,FullFeatureLogistic
738,103000005,2014-01-17,13 15 20 26 29 36,16 25 20 12 42 34,16 25 20 12 42 34 9 40 26 15,16 25 20 12 42 34 9 40 26 15 29 13,1,3,5,0.10435182011131575,0.35817198266582934,6.0,2007-01-02,2014-01-14,738,"{""C_proxy"": 0.2, ""features"": [""long_z"", ""recent20_z"", ""recent50_z"", ""recent100_z"", ""ewma_z"", ""gap_z"", ""transition_z"", ""in_last_draw""], ""include_number"": true, ""retrain_interval"": 1, ""seed"": 20260728, ""shrink_strength"": 0.1}",audited-1.0.0-online-SGD-r1,FullFeatureLogistic
739,103000006,2014-01-21,12 15 22 38 43 44,16 25 12 42 9 40,16 25 12 42 9 40 34 10 49 13,16 25 12 42 9 40 34 10 49 13 15 20,1,1,2,0.10603996050438819,0.36442465629959464,6.0,2007-01-02,2014-01-17,739,"{""C_proxy"": 0.2, ""features"": [""long_z"", ""recent20_z"", ""recent50_z"", ""recent100_z"", ""ewma_z"", ""gap_z"", ""transition_z"", ""in_last_draw""], ""include_number"": true, ""retrain_interval"": 1, ""seed"": 20260728, ""shrink_strength"": 0.1}",audited-1.0.0-online-SGD-r1,FullFeatureLogistic
740,103000007,2014-01-24,1 4 20 29 41 45,16 25 42 9 40 34,16 25 42 9 40 34 20 49 10 26,16 25 42 9 40 34 20 49 10 26 12 13,0,1,1,0.10630001636080733,0.3655128151323909,6.0,2007-01-02,2014-01-21,740,"{""C_proxy"": 0.2, ""features"": [""long_z"", ""recent20_z"", ""recent50_z"", ""recent100_z"", ""ewma_z"", ""gap_z"", ""transition_z"", ""in_last_draw""], ""include_number"": true, ""retrain_interval"": 1, ""seed"": 20260728, ""shrink_strength"": 0.1}",audited-1.0.0-online-SGD-r1,FullFeatureLogistic
741,103000008,2014-01-28,1 2 5 7 26 30,25 16 42 9 34 12,25 16 42 9 34 12 40 49 10 26,25 16 42 9 34 12 40 49 10 26 13 32,0,1,1,0.10872573346550077,0.3778895782458497,6.000000000000002,2007-01-02,2014-01-24,741,"{""C_proxy"": 0.2, ""features"": [""long_z"", ""recent20_z"", ""recent50_z"", ""recent100_z"", ""ewma_z"", ""gap_z"", ""transition_z"", ""in_last_draw""], ""include_number"": true, ""retrain_interval"": 1, ""seed"": 20260728, ""shrink_strength"": 0.1}",audited-1.0.0-online-SGD-r1,FullFeatureLogistic
742,103000009,2014-01-30,9 22 44 45 48 49,25 16 42 9 12 34,25 16 42 9 12 34 40 49 10 20,25 16 42 9 12 34 40 49 10 20 13 15,1,2,2,0.10634752777979664,0.366104538800358,6.0,2007-01-02,2014-01-28,742,"{""C_proxy"": 0.2, ""features"": [""long_z"", ""recent20_z"", ""recent50_z"", ""recent100_z"", ""ewma_z"", ""gap_z"", ""transition_z"", ""in_last_draw""], ""include_number"": true, ""retrain_interval"": 1, ""seed"": 20260728, ""shrink_strength"": 0.1}",audited-1.0.0-online-SGD-r1,FullFeatureLogistic
743,103000010,2014-01-31,17 23 27 38 48 49,16 25 42 12 10 34,16 25 42 12 10 34 40 20 9 13,16 25 42 12 10 34 40 20 9 13 26 15,0,0,0,0.10841962642724881,0.37485342153632306,6.0,2007-01-02,2014-01-30,743,"{""C_proxy"": 0.2, ""features"": [""long_z"", ""recent20_z"", ""recent50_z"", ""recent100_z"", ""ewma_z"", ""gap_z"", ""transition_z"", ""in_last_draw""], ""include_number"": true, ""retrain_interval"": 1, ""seed"": 20260728, ""shrink_strength"": 0.1}",audited-1.0.0-online-SGD-r1,FullFeatureLogistic
744,103000011,2014-02-01,6 9 13 19 36 37,25 16 42 12 9 10,25 16 42 12 9 10 34 40 20 13,25 16 42 12 9 10 34 40 20 13 26 15,1,2,2,0.10847350381366727,0.3766436162369798,6.000000000000001,2007-01-02,2014-01-31,744,"{""C_proxy"": 0.2, ""features"": [""long_z"", ""recent20_z"", ""recent50_z"", ""recent100_z"", ""ewma_z"", ""gap_z"", ""transition_z"", ""in_last_draw""], ""include_number"": true, ""retrain_interval"": 1, ""seed"": 20260728, ""shrink_strength"": 0.1}",audited-1.0.0-online-SGD-r1,FullFeatureLogistic
745,103000012,2014-02-02,3 13 14 19 24 45,16 25 42 12 10 34,16 25 42 12 10 34 20 40 26 15,16 25 42 12 10 34 20 40 26 15 39 29,0,0,0,0.11137606458569527,0.3900323796927528,6.000000000000001,2007-01-02,2014-02-01,745,"{""C_proxy"": 0.2, ""features"": [""long_z"", ""recent20_z"", ""recent50_z"", ""recent100_z"", ""ewma_z"", ""gap_z"", ""transition_z"", ""in_last_draw""], ""include_number"": true, ""retrain_interval"": 1, ""seed"": 20260728, ""shrink_strength"": 0.1}",audited-1.0.0-online-SGD-r1,FullFeatureLogistic
746,103000013,2014-02-03,1 2 16 17 27 30,16 25 42 12 10 20,16 25 42 12 10 20 34 40 26 9,16 25 42 12 10 20 34 40 26 9 15 29,1,1,1,0.10916527245265824,0.3818726920763198,5.999999999999998,2007-01-02,2014-02-02,746,"{""C_proxy"": 0.2, ""features"": [""long_z"", ""recent20_z"", ""recent50_z"", ""recent100_z"", ""ewma_z"", ""gap_z"", ""transition_z"", ""in_last_draw""], ""include_number"": true, ""retrain_interval"": 1, ""seed"": 20260728, ""shrink_strength"": 0.1}",audited-1.0.0-online-SGD-r1,FullFeatureLogistic
747,103000014,2014-02-04,8 12 19 32 42 46,25 16 42 12 10 20,25 16 42 12 10 20 9 40 34 26,25 16 42 12 10 20 9 40 34 26 15 29,2,2,2,0.1059532206288889,0.3653112681716117,6.0,2007-01-02,2014-02-03,747,"{""C_proxy"": 0.2, ""features"": [""long_z"", ""recent20_z"", ""recent50_z"", ""recent100_z"", ""ewma_z"", ""gap_z"", ""transition_z"", ""in_last_draw""], ""include_number"": true, ""retrain_interval"": 1, ""seed"": 20260728, ""shrink_strength"": 0.1}",audited-1.0.0-online-SGD-r1,FullFeatureLogistic
748,103000015,2014-02-07,5 11 12 21 22 28,25 16 10 42 20 9,25 16 10 42 20 9 40 34 12 26,25 16 10 42 20 9 40 34 12 26 29 15,0,1,1,0.10895117222262139,0.37763643652948004,6.0,2007-01-02,2014-02-04,748,"{""C_proxy"": 0.2, ""features"": [""long_z"", ""recent20_z"", ""recent50_z"", ""recent100_z"", ""ewma_z"", ""gap_z"", ""transition_z"", ""in_last_draw""], ""include_number"": true, ""retrain_interval"": 1, ""seed"": 20260728, ""shrink_strength"": 0.1}",audited-1.0.0-online-SGD-r1,FullFeatureLogistic
749,103000016,2014-02-11,6 15 21 22 31 44,25 16 42 10 20 9,25 16 42 10 20 9 40 34 26 15,25 16 42 10 20 9 40 34 26 15 29 49,0,1,1,0.11016906719161841,0.38402194490977026,6.000000000000001,2007-01-02,2014-02-07,749,"{""C_proxy"": 0.2, ""features"": [""long_z"", ""recent20_z"", ""recent50_z"", ""recent100_z"", ""ewma_z"", ""gap_z"", ""transition_z"", ""in_last_draw""], ""include_number"": true, ""retrain_interval"": 1, ""seed"": 20260728, ""shrink_strength"": 0.1}",audited-1.0.0-online-SGD-r1,FullFeatureLogistic
750,103000017,2014-02-14,10 19 20 24 33 48,25 16 42 10 20 9,25 16 42 10 20 9 40 34 26 29,25 16 42 10 20 9 40 34 26 29 12 49,2,2,2,0.10763033038218972,0.3729151364895933,6.0,2007-01-02,2014-02-11,750,"{""C_proxy"": 0.2, ""features"": [""long_z"", ""recent20_z"", ""recent50_z"", ""recent100_z"", ""ewma_z"", ""gap_z"", ""transition_z"", ""in_last_draw""], ""include_number"": true, ""retrain_interval"": 1, ""seed"": 20260728, ""shrink_strength"": 0.1}",audited-1.0.0-online-SGD-r1,FullFeatureLogistic
751,103000018,2014-02-18,6 19 20 26 32 47,25 16 42 9 40 10,25 16 42 9 40 10 26 34 12 29,25 16 42 9 40 10 26 34 12 29 49 15,0,1,1,0.10790639871634948,0.3738368627471107,6.0,2007-01-02,2014-02-14,751,"{""C_proxy"": 0.2, ""features"": [""long_z"", ""recent20_z"", ""recent50_z"", ""recent100_z"", ""ewma_z"", ""gap_z"", ""transition_z"", ""in_last_draw""], ""include_number"": true, ""retrain_interval"": 1, ""seed"": 20260728, ""shrink_strength"": 0.1}",audited-1.0.0-online-SGD-r1,FullFeatureLogistic
752,103000019,2014-02-21,11 12 23 28 40 48,16 25 42 10 9 40,16 25 42 10 9 40 29 49 12 34,16 25 42 10 9 40 29 49 12 34 15 18,1,2,2,0.10670879117895168,0.3669857408225574,6.0,2007-01-02,2014-02-18,752,"{""C_proxy"": 0.2, ""features"": [""long_z"", ""recent20_z"", ""recent50_z"", ""recent100_z"", ""ewma_z"", ""gap_z"", ""transition_z"", ""in_last_draw""], ""include_number"": true, ""retrain_interval"": 1, ""seed"": 20260728, ""shrink_strength"": 0.1}",audited-1.0.0-online-SGD-r1,FullFeatureLogistic
753,103000020,2014-02-25,3 5 9 12 13 46,16 25 42 9 10 49,16 25 42 9 10 49 29 34 15 20,16 25 42 9 10 49 29 34 15 20 26 40,1,1,1,0.10654360224736388,0.36642241562689715,6.000000000000001,2007-01-02,2014-02-21,753,"{""C_proxy"": 0.2, ""features"": [""long_z"", ""recent20_z"", ""recent50_z"", ""recent100_z"", ""ewma_z"", ""gap_z"", ""transition_z"", ""in_last_draw""], ""include_number"": true, ""retrain_interval"": 1, ""seed"": 20260728, ""shrink_strength"": 0.1}",audited-1.0.0-online-SGD-r1,FullFeatureLogistic
754,103000021,2014-02-28,13 17 18 24 28 32,16 25 42 10 49 29,16 25 42 10 49 29 15 34 26 9,16 25 42 10 49 29 15 34 26 9 40 20,0,0,0,0.10900750731114534,0.3778484265793244,6.0,2007-01-02,2014-02-25,754,"{""C_proxy"": 0.2, ""features"": [""long_z"", ""recent20_z"", ""recent50_z"", ""recent100_z"", ""ewma_z"", ""gap_z"", ""transition_z"", ""in_last_draw""], ""include_number"": true, ""retrain_interval"": 1, ""seed"": 20260728, ""shrink_strength"": 0.1}",audited-1.0.0-online-SGD-r1,FullFeatureLogistic
755,103000022,2014-03-04,8 26 35 37 40 43,16 25 42 10 9 49,16 25 42 10 9 49 29 26 15 34,16 25 42 10 9 49 29 26 15 34 40 20,0,1,2,0.10786058907438717,0.37321699282578463,6.000000000000002,2007-01-02,2014-02-28,755,"{""C_proxy"": 0.2, ""features"": [""long_z"", ""recent20_z"", ""recent50_z"", ""recent100_z"", ""ewma_z"", ""gap_z"", ""transition_z"", ""in_last_draw""], ""include_number"": true, ""retrain_interval"": 1, ""seed"": 20260728, ""shrink_strength"": 0.1}",audited-1.0.0-online-SGD-r1,FullFeatureLogistic
756,103000023,2014-03-07,6 18 26 30 37 38,16 25 42 10 49 9,16 25 42 10 49 9 29 34 15 20,16 25 42 10 49 9 29 34 15 20 41 18,0,0,1,0.10969581252789092,0.3827568474748154,6.000000000000001,2007-01-02,2014-03-04,756,"{""C_proxy"": 0.2, ""features"": [""long_z"", ""recent20_z"", ""recent50_z"", ""recent100_z"", ""ewma_z"", ""gap_z"", ""transition_z"", ""in_last_draw""], ""include_number"": true, ""retrain_interval"": 1, ""seed"": 20260728, ""shrink_strength"": 0.1}",audited-1.0.0-online-SGD-r1,FullFeatureLogistic
757,103000024,2014-03-11,13 15 16 20 40 43,16 25 10 42 9 49,16 25 10 42 9 49 29 34 20 15,16 25 10 42 9 49 29 34 20 15 41 40,1,3,4,0.10326466302693128,0.3526973004929902,6.0,2007-01-02,2014-03-07,757,"{""C_proxy"": 0.2, ""features"": [""long_z"", ""recent20_z"", ""recent50_z"", ""recent100_z"", ""ewma_z"", ""gap_z"", ""transition_z"", ""in_last_draw""], ""include_number"": true, ""retrain_interval"": 1, ""seed"": 20260728, ""shrink_strength"": 0.1}",audited-1.0.0-online-SGD-r1,FullFeatureLogistic
758,103000025,2014-03-14,2 8 27 40 41 47,25 16 10 42 9 49,25 16 10 42 9 49 29 34 41 1,25 16 10 42 9 49 29 34 41 1 12 39,0,1,1,0.10775577943151643,0.3714971098773652,6.0,2007-01-02,2014-03-11,758,"{""C_proxy"": 0.2, ""features"": [""long_z"", ""recent20_z"", ""recent50_z"", ""recent100_z"", ""ewma_z"", ""gap_z"", ""transition_z"", ""in_last_draw""], ""include_number"": true, ""retrain_interval"": 1, ""seed"": 20260728, ""shrink_strength"": 0.1}",audited-1.0.0-online-SGD-r1,FullFeatureLogistic
759,103000026,2014-03-18,12 26 28 35 39 40,16 25 10 42 9 49,16 25 10 42 9 49 29 34 20 15,16 25 10 42 9 49 29 34 20 15 12 39,0,0,2,0.1084060803059333,0.37551968278471287,6.0,2007-01-02,2014-03-14,759,"{""C_proxy"": 0.2, ""features"": [""long_z"", ""recent20_z"", ""recent50_z"", ""recent100_z"", ""ewma_z"", ""gap_z"", ""transition_z"", ""in_last_draw""], ""include_number"": true, ""retrain_interval"": 1, ""seed"": 20260728, ""shrink_strength"": 0.1}",audited-1.0.0-online-SGD-r1,FullFeatureLogistic
760,103000027,2014-03-21,8 18 26 31 46 47,16 25 10 42 9 49,16 25 10 42 9 49 29 34 20 15,16 25 10 42 9 49 29 34 20 15 1 41,0,0,0,0.10929625325605012,0.3785870238140785,6.000000000000001,2007-01-02,2014-03-18,760,"{""C_proxy"": 0.2, ""features"": [""long_z"", ""recent20_z"", ""recent50_z"", ""recent100_z"", ""ewma_z"", ""gap_z"", ""transition_z"", ""in_last_draw""], ""include_number"": true, ""retrain_interval"": 1, ""seed"": 20260728, ""shrink_strength"": 0.1}",audited-1.0.0-online-SGD-r1,FullFeatureLogistic
761,103000028,2014-03-25,19 23 25 30 42 47,16 25 10 42 9 49,16 25 10 42 9 49 29 20 34 15,16 25 10 42 9 49 29 20 34 15 1 39,2,2,2,0.10854188761331046,0.3798876076141234,6.000000000000001,2007-01-02,2014-03-21,761,"{""C_proxy"": 0.2, ""features"": [""long_z"", ""recent20_z"", ""recent50_z"", ""recent100_z"", ""ewma_z"", ""gap_z"", ""transition_z"", ""in_last_draw""], ""include_number"": true, ""retrain_interval"": 1, ""seed"": 20260728, ""shrink_strength"": 0.1}",audited-1.0.0-online-SGD-r1,FullFeatureLogistic
762,103000029,2014-03-28,9 18 23 35 36 47,16 10 9 25 49 42,16 10 9 25 49 42 29 34 20 15,16 10 9 25 49 42 29 34 20 15 39 1,1,1,1,0.1105776796617422,0.38757140758004593,6.000000000000001,2007-01-02,2014-03-25,762,"{""C_proxy"": 0.2, ""features"": [""long_z"", ""recent20_z"", ""recent50_z"", ""recent100_z"", ""ewma_z"", ""gap_z"", ""transition_z"", ""in_last_draw""], ""include_number"": true, ""retrain_interval"": 1, ""seed"": 20260728, ""shrink_strength"": 0.1}",audited-1.0.0-online-SGD-r1,FullFeatureLogistic
763,103000030,2014-04-01,18 22 29 30 46 47,16 25 10 42 49 9,16 25 10 42 49 9 29 20 34 1,16 25 10 42 49 9 29 20 34 1 15 12,0,1,1,0.11186163004341212,0.39388966909150835,6.000000000000001,2007-01-02,2014-03-28,763,"{""C_proxy"": 0.2, ""features"": [""long_z"", ""recent20_z"", ""recent50_z"", ""recent100_z"", ""ewma_z"", ""gap_z"", ""transition_z"", ""in_last_draw""], ""include_number"": true, ""retrain_interval"": 1, ""seed"": 20260728, ""shrink_strength"": 0.1}",audited-1.0.0-online-SGD-r1,FullFeatureLogistic
764,103000031,2014-04-04,8 24 35 37 41 47,16 25 10 42 9 49,16 25 10 42 9 49 20 34 12 29,16 25 10 42 9 49 20 34 12 29 1 15,0,0,0,0.11255694120623348,0.3968294129663424,6.000000000000001,2007-01-02,2014-04-01,764,"{""C_proxy"": 0.2, ""features"": [""long_z"", ""recent20_z"", ""recent50_z"", ""recent100_z"", ""ewma_z"", ""gap_z"", ""transition_z"", ""in_last_draw""], ""include_number"": true, ""retrain_interval"": 1, ""seed"": 20260728, ""shrink_strength"": 0.1}",audited-1.0.0-online-SGD-r1,FullFeatureLogistic
765,103000032,2014-04-08,1 14 17 27 28 45,16 25 10 42 9 49,16 25 10 42 9 49 20 29 12 15,16 25 10 42 9 49 20 29 12 15 34 1,0,0,1,0.10959088553979529,0.3805630769518866,6.0,2007-01-02,2014-04-04,765,"{""C_proxy"": 0.2, ""features"": [""long_z"", ""recent20_z"", ""recent50_z"", ""recent100_z"", ""ewma_z"", ""gap_z"", ""transition_z"", ""in_last_draw""], ""include_number"": true, ""retrain_interval"": 1, ""seed"": 20260728, ""shrink_strength"": 0.1}",audited-1.0.0-online-SGD-r1,FullFeatureLogistic
766,103000033,2014-04-11,1 3 4 9 12 17,16 25 10 42 9 49,16 25 10 42 9 49 20 29 12 15,16 25 10 42 9 49 20 29 12 15 34 39,1,2,2,0.10667001103506298,0.36740316001870754,6.0,2007-01-02,2014-04-08,766,"{""C_proxy"": 0.2, ""features"": [""long_z"", ""recent20_z"", ""recent50_z"", ""recent100_z"", ""ewma_z"", ""gap_z"", ""transition_z"", ""in_last_draw""], ""include_number"": true, ""retrain_interval"": 1, ""seed"": 20260728, ""shrink_strength"": 0.1}",audited-1.0.0-online-SGD-r1,FullFeatureLogistic
767,103000034,2014-04-15,5 8 24 26 35 44,16 25 10 42 49 20,16 25 10 42 49 20 29 15 34 9,16 25 10 42 49 20 29 15 34 9 12 41,0,0,0,0.11107462438936283,0.38872542881027905,5.999999999999999,2007-01-02,2014-04-11,767,"{""C_proxy"": 0.2, ""features"": [""long_z"", ""recent20_z"", ""recent50_z"", ""recent100_z"", ""ewma_z"", ""gap_z"", ""transition_z"", ""in_last_draw""], ""include_number"": true, ""retrain_interval"": 1, ""seed"": 20260728, ""shrink_strength"": 0.1}",audited-1.0.0-online-SGD-r1,FullFeatureLogistic
768,103000035,2014-04-18,8 9 15 40 44 48,16 25 10 42 49 20,16 25 10 42 49 20 9 29 15 34,16 25 10 42 49 20 9 29 15 34 12 41,0,2,2,0.10673769670560544,0.3673780526053946,5.999999999999999,2007-01-02,2014-04-15,768,"{""C_proxy"": 0.2, ""features"": [""long_z"", ""recent20_z"", ""recent50_z"", ""recent100_z"", ""ewma_z"", ""gap_z"", ""transition_z"", ""in_last_draw""], ""include_number"": true, ""retrain_interval"": 1, ""seed"": 20260728, ""shrink_strength"": 0.1}",audited-1.0.0-online-SGD-r1,FullFeatureLogistic
769,103000036,2014-04-22,11 12 15 18 20 37,16 25 42 10 49 20,16 25 42 10 49 20 29 34 12 9,16 25 42 10 49 20 29 34 12 9 41 15,1,2,3,0.10637501204829503,0.36624791394549344,6.000000000000002,2007-01-02,2014-04-18,769,"{""C_proxy"": 0.2, ""features"": [""long_z"", ""recent20_z"", ""recent50_z"", ""recent100_z"", ""ewma_z"", ""gap_z"", ""transition_z"", ""in_last_draw""], ""include_number"": true, ""retrain_interval"": 1, ""seed"": 20260728, ""shrink_strength"": 0.1}",audited-1.0.0-online-SGD-r1,FullFeatureLogistic
770,103000037,2014-04-25,4 24 34 35 38 46,16 25 10 42 49 9,16 25 10 42 49 9 29 34 20 41,16 25 10 42 49 9 29 34 20 41 38 26,0,1,2,0.1104465040213409,0.3867756684269805,6.0,2007-01-02,2014-04-22,770,"{""C_proxy"": 0.2, ""features"": [""long_z"", ""recent20_z"", ""recent50_z"", ""recent100_z"", ""ewma_z"", ""gap_z"", ""transition_z"", ""in_last_draw""], ""include_number"": true, ""retrain_interval"": 1, ""seed"": 20260728, ""shrink_strength"": 0.1}",audited-1.0.0-online-SGD-r1,FullFeatureLogistic
771,103000038,2014-04-29,2 9 27 30 44 46,16 25 42 10 49 20,16 25 42 10 49 20 9 34 29 41,16 25 42 10 49 20 9 34 29 41 26 12,0,1,1,0.11052099069555626,0.3871099886207461,6.0,2007-01-02,2014-04-25,771,"{""C_proxy"": 0.2, ""features"": [""long_z"", ""recent20_z"", ""recent50_z"", ""recent100_z"", ""ewma_z"", ""gap_z"", ""transition_z"", ""in_last_draw""], ""include_number"": true, ""retrain_interval"": 1, ""seed"": 20260728, ""shrink_strength"": 0.1}",audited-1.0.0-online-SGD-r1,FullFeatureLogistic
772,103000039,2014-05-02,1 7 23 25 37 40,25 16 42 49 10 20,25 16 42 49 10 20 34 29 12 9,25 16 42 49 10 20 34 29 12 9 41 26,1,1,1,0.10698343320826373,0.37002704197042846,6.000000000000001,2007-01-02,2014-04-29,772,"{""C_proxy"": 0.2, ""features"": [""long_z"", ""recent20_z"", ""recent50_z"", ""recent100_z"", ""ewma_z"", ""gap_z"", ""transition_z"", ""in_last_draw""], ""include_number"": true, ""retrain_interval"": 1, ""seed"": 20260728, ""shrink_strength"": 0.1}",audited-1.0.0-online-SGD-r1,FullFeatureLogistic
773,103000040,2014-05-06,10 25 35 39 40 46,16 42 25 49 20 10,16 42 25 49 20 10 34 29 9 12,16 42 25 49 20 10 34 29 9 12 26 41,2,2,2,0.10802241517199813,0.3760650992221339,5.999999999999999,2007-01-02,2014-05-02,773,"{""C_proxy"": 0.2, ""features"": [""long_z"", ""recent20_z"", ""recent50_z"", ""recent100_z"", ""ewma_z"", ""gap_z"", ""transition_z"", ""in_last_draw""], ""include_number"": true, ""retrain_interval"": 1, ""seed"": 20260728, ""shrink_strength"": 0.1}",audited-1.0.0-online-SGD-r1,FullFeatureLogistic
774,103000041,2014-05-09,1 11 13 21 27 37,16 42 49 20 25 34,16 42 49 20 25 34 9 29 10 26,16 42 49 20 25 34 9 29 10 26 12 41,0,0,0,0.1093098237943914,0.3795642487122934,6.000000000000001,2007-01-02,2014-05-06,774,"{""C_proxy"": 0.2, ""features"": [""long_z"", ""recent20_z"", ""recent50_z"", ""recent100_z"", ""ewma_z"", ""gap_z"", ""transition_z"", ""in_last_draw""], ""include_number"": true, ""retrain_interval"": 1, ""seed"": 20260728, ""shrink_strength"": 0.1}",audited-1.0.0-online-SGD-r1,FullFeatureLogistic
775,103000042,2014-05-13,15 20 29 31 32 44,16 42 25 20 49 10,16 42 25 20 49 10 34 9 29 26,16 42 25 20 49 10 34 9 29 26 12 41,1,2,2,0.10583253451106914,0.36353587265380816,6.0,2007-01-02,2014-05-09,775,"{""C_proxy"": 0.2, ""features"": [""long_z"", ""recent20_z"", ""recent50_z"", ""recent100_z"", ""ewma_z"", ""gap_z"", ""transition_z"", ""in_last_draw""], ""include_number"": true, ""retrain_interval"": 1, ""seed"": 20260728, ""shrink_strength"": 0.1}",audited-1.0.0-online-SGD-r1,FullFeatureLogistic
776,103000043,2014-05-16,14 31 38 41 42 45,16 25 42 49 9 10,16 25 42 49 9 10 34 12 26 41,16 25 42 49 9 10 34 12 26 41 38 29,1,2,3,0.10679736309172476,0.3692360772952825,6.000000000000001,2007-01-02,2014-05-13,776,"{""C_proxy"": 0.2, ""features"": [""long_z"", ""recent20_z"", ""recent50_z"", ""recent100_z"", ""ewma_z"", ""gap_z"", ""transition_z"", ""in_last_draw""], ""include_number"": true, ""retrain_interval"": 1, ""seed"": 20260728, ""shrink_strength"": 0.1}",audited-1.0.0-online-SGD-r1,FullFeatureLogistic
777,103000044,2014-05-20,6 13 30 33 34 35,16 25 49 42 9 10,16 25 49 42 9 10 34 20 12 26,16 25 49 42 9 10 34 20 12 26 29 13,0,1,2,0.11023547220665571,0.38780358153109806,6.0,2007-01-02,2014-05-16,777,"{""C_proxy"": 0.2, ""features"": [""long_z"", ""recent20_z"", ""recent50_z"", ""recent100_z"", ""ewma_z"", ""gap_z"", ""transition_z"", ""in_last_draw""], ""include_number"": true, ""retrain_interval"": 1, ""seed"": 20260728, ""shrink_strength"": 0.1}",audited-1.0.0-online-SGD-r1,FullFeatureLogistic
778,103000045,2014-05-23,11 17 22 27 30 46,16 25 42 9 49 10,16 25 42 9 49 10 20 12 26 29,16 25 42 9 49 10 20 12 26 29 34 41,0,0,0,0.11315314888252667,0.4002937733781791,5.999999999999998,2007-01-02,2014-05-20,778,"{""C_proxy"": 0.2, ""features"": [""long_z"", ""recent20_z"", ""recent50_z"", ""recent100_z"", ""ewma_z"", ""gap_z"", ""transition_z"", ""in_last_draw""], ""include_number"": true, ""retrain_interval"": 1, ""seed"": 20260728, ""shrink_strength"": 0.1}",audited-1.0.0-online-SGD-r1,FullFeatureLogistic
779,103000046,2014-05-27,10 19 23 26 32 39,16 25 42 9 49 20,16 25 42 9 49 20 12 10 26 34,16 25 42 9 49 20 12 10 26 34 29 15,0,2,2,0.10714128141006563,0.3694100915636313,6.0,2007-01-02,2014-05-23,779,"{""C_proxy"": 0.2, ""features"": [""long_z"", ""recent20_z"", ""recent50_z"", ""recent100_z"", ""ewma_z"", ""gap_z"", ""transition_z"", ""in_last_draw""], ""include_number"": true, ""retrain_interval"": 1, ""seed"": 20260728, ""shrink_strength"": 0.1}",audited-1.0.0-online-SGD-r1,FullFeatureLogistic
780,103000047,2014-05-30,9 17 21 24 30 35,16 25 42 9 49 20,16 25 42 9 49 20 12 29 34 15,16 25 42 9 49 20 12 29 34 15 41 7,1,1,1,0.11260546992312746,0.4005694955524611,6.000000000000001,2007-01-02,2014-05-27,780,"{""C_proxy"": 0.2, ""features"": [""long_z"", ""recent20_z"", ""recent50_z"", ""recent100_z"", ""ewma_z"", ""gap_z"", ""transition_z"", ""in_last_draw""], ""include_number"": true, ""retrain_interval"": 1, ""seed"": 20260728, ""shrink_strength"": 0.1}",audited-1.0.0-online-SGD-r1,FullFeatureLogistic
781,103000048,2014-06-03,16 31 32 33 35 44,16 25 42 20 12 49,16 25 42 20 12 49 29 9 34 10,16 25 42 20 12 49 29 9 34 10 15 26,1,1,1,0.10961508032870397,0.3843845583785717,6.0,2007-01-02,2014-05-30,781,"{""C_proxy"": 0.2, ""features"": [""long_z"", ""recent20_z"", ""recent50_z"", ""recent100_z"", ""ewma_z"", ""gap_z"", ""transition_z"", ""in_last_draw""], ""include_number"": true, ""retrain_interval"": 1, ""seed"": 20260728, ""shrink_strength"": 0.1}",audited-1.0.0-online-SGD-r1,FullFeatureLogistic
782,103000049,2014-06-06,25 29 40 41 47 49,25 16 42 20 12 49,25 16 42 20 12 49 9 29 34 10,25 16 42 20 12 49 9 29 34 10 15 26,2,3,3,0.10340366918891186,0.3531408721528577,6.0,2007-01-02,2014-06-03,782,"{""C_proxy"": 0.2, ""features"": [""long_z"", ""recent20_z"", ""recent50_z"", ""recent100_z"", ""ewma_z"", ""gap_z"", ""transition_z"", ""in_last_draw""], ""include_number"": true, ""retrain_interval"": 1, ""seed"": 20260728, ""shrink_strength"": 0.1}",audited-1.0.0-online-SGD-r1,FullFeatureLogistic
783,103000050,2014-06-10,3 11 28 32 33 35,16 42 20 12 9 25,16 42 20 12 9 25 49 34 10 15,16 42 20 12 9 25 49 34 10 15 26 38,0,0,0,0.11088442034118684,0.38866048948403653,6.000000000000001,2007-01-02,2014-06-06,783,"{""C_proxy"": 0.2, ""features"": [""long_z"", ""recent20_z"", ""recent50_z"", ""recent100_z"", ""ewma_z"", ""gap_z"", ""transition_z"", ""in_last_draw""], ""include_number"": true, ""retrain_interval"": 1, ""seed"": 20260728, ""shrink_strength"": 0.1}",audited-1.0.0-online-SGD-r1,FullFeatureLogistic
784,103000051,2014-06-13,4 21 28 32 37 42,16 25 20 42 49 9,16 25 20 42 49 9 12 10 34 15,16 25 20 42 49 9 12 10 34 15 26 38,1,1,1,0.10941347383892902,0.3803368668725489,6.0,2007-01-02,2014-06-10,784,"{""C_proxy"": 0.2, ""features"": [""long_z"", ""recent20_z"", ""recent50_z"", ""recent100_z"", ""ewma_z"", ""gap_z"", ""transition_z"", ""in_last_draw""], ""include_number"": true, ""retrain_interval"": 1, ""seed"": 20260728, ""shrink_strength"": 0.1}",audited-1.0.0-online-SGD-r1,FullFeatureLogistic
785,103000052,2014-06-17,3 6 18 20 25 48,16 25 49 20 9 12,16 25 49 20 9 12 42 10 26 34,16 25 49 20 9 12 42 10 26 34 15 13,2,2,2,0.10376122554167651,0.35436738667819734,6.000000000000001,2007-01-02,2014-06-13,785,"{""C_proxy"": 0.2, ""features"": [""long_z"", ""recent20_z"", ""recent50_z"", ""recent100_z"", ""ewma_z"", ""gap_z"", ""transition_z"", ""in_last_draw""], ""include_number"": true, ""retrain_interval"": 1, ""seed"": 20260728, ""shrink_strength"": 0.1}",audited-1.0.0-online-SGD-r1,FullFeatureLogistic
786,103000053,2014-06-20,12 14 16 33 36 47,16 49 9 12 42 10,16 49 9 12 42 10 25 26 34 15,16 49 9 12 42 10 25 26 34 15 20 38,2,2,2,0.1073972066608403,0.37278201896941066,6.0,2007-01-02,2014-06-17,786,"{""C_proxy"": 0.2, ""features"": [""long_z"", ""recent20_z"", ""recent50_z"", ""recent100_z"", ""ewma_z"", ""gap_z"", ""transition_z"", ""in_last_draw""], ""include_number"": true, ""retrain_interval"": 1, ""seed"": 20260728, ""shrink_strength"": 0.1}",audited-1.0.0-online-SGD-r1,FullFeatureLogistic
787,103000054,2014-06-24,1 8 12 14 40 41,49 25 9 42 20 16,49 25 9 42 20 16 12 10 26 34,49 25 9 42 20 16 12 10 26 34 15 38,0,1,1,0.10721611182616286,0.37042991858087626,6.000000000000001,2007-01-02,2014-06-20,787,"{""C_proxy"": 0.2, ""features"": [""long_z"", ""recent20_z"", ""recent50_z"", ""recent100_z"", ""ewma_z"", ""gap_z"", ""transition_z"", ""in_last_draw""], ""include_number"": true, ""retrain_interval"": 1, ""seed"": 20260728, ""shrink_strength"": 0.1}",audited-1.0.0-online-SGD-r1,FullFeatureLogistic
788,103000055,2014-06-27,13 21 27 34 35 36,16 25 9 42 20 49,16 25 9 42 20 49 10 34 26 15,16 25 9 42 20 49 10 34 26 15 38 13,0,1,2,0.11006131146442578,0.38580867683497005,6.0,2007-01-02,2014-06-24,788,"{""C_proxy"": 0.2, ""features"": [""long_z"", ""recent20_z"", ""recent50_z"", ""recent100_z"", ""ewma_z"", ""gap_z"", ""transition_z"", ""in_last_draw""], ""include_number"": true, ""retrain_interval"": 1, ""seed"": 20260728, ""shrink_strength"": 0.1}",audited-1.0.0-online-SGD-r1,FullFeatureLogistic
789,103000056,2014-07-01,6 7 8 9 21 48,16 25 9 42 20 49,16 25 9 42 20 49 10 26 12 38,16 25 9 42 20 49 10 26 12 38 15 34,1,1,1,0.1062182185733897,0.3653428895210943,6.000000000000001,2007-01-02,2014-06-27,789,"{""C_proxy"": 0.2, ""features"": [""long_z"", ""recent20_z"", ""recent50_z"", ""recent100_z"", ""ewma_z"", ""gap_z"", ""transition_z"", ""in_last_draw""], ""include_number"": true, ""retrain_interval"": 1, ""seed"": 20260728, ""shrink_strength"": 0.1}",audited-1.0.0-online-SGD-r1,FullFeatureLogistic
790,103000057,2014-07-04,3 14 17 24 27 48,25 16 42 20 49 10,25 16 42 20 49 10 26 9 12 38,25 16 42 20 49 10 26 9 12 38 34 29,0,0,0,0.1120629128739685,0.39311083977739464,6.0,2007-01-02,2014-07-01,790,"{""C_proxy"": 0.2, ""features"": [""long_z"", ""recent20_z"", ""recent50_z"", ""recent100_z"", ""ewma_z"", ""gap_z"", ""transition_z"", ""in_last_draw""], ""include_number"": true, ""retrain_interval"": 1, ""seed"": 20260728, ""shrink_strength"": 0.1}",audited-1.0.0-online-SGD-r1,FullFeatureLogistic
791,103000058,2014-07-08,10 22 25 33 39 47,25 16 42 20 49 9,25 16 42 20 49 9 10 26 12 34,25 16 42 20 49 9 10 26 12 34 38 15,1,2,2,0.10602631491643197,0.36488944964399245,6.0,2007-01-02,2014-07-04,791,"{""C_proxy"": 0.2, ""features"": [""long_z"", ""recent20_z"", ""recent50_z"", ""recent100_z"", ""ewma_z"", ""gap_z"", ""transition_z"", ""in_last_draw""], ""include_number"": true, ""retrain_interval"": 1, ""seed"": 20260728, ""shrink_strength"": 0.1}",audited-1.0.0-online-SGD-r1,FullFeatureLogistic
792,103000059,2014-07-11,1 7 14 15 18 30,16 42 20 49 9 25,16 42 20 49 9 25 12 26 34 38,16 42 20 49 9 25 12 26 34 38 15 10,0,0,1,0.10989291768065222,0.38516066310056307,6.000000000000001,2007-01-02,2014-07-08,792,"{""C_proxy"": 0.2, ""features"": [""long_z"", ""recent20_z"", ""recent50_z"", ""recent100_z"", ""ewma_z"", ""gap_z"", ""transition_z"", ""in_last_draw""], ""include_number"": true, ""retrain_interval"": 1, ""seed"": 20260728, ""shrink_strength"": 0.1}",audited-1.0.0-online-SGD-r1,FullFeatureLogistic
793,103000060,2014-07-15,7 18 23 32 34 48,16 42 25 20 49 9,16 42 25 20 49 9 26 12 10 34,16 42 25 20 49 9 26 12 10 34 38 29,0,1,1,0.1081535224655998,0.37315792921709395,6.0,2007-01-02,2014-07-11,793,"{""C_proxy"": 0.2, ""features"": [""long_z"", ""recent20_z"", ""recent50_z"", ""recent100_z"", ""ewma_z"", ""gap_z"", ""transition_z"", ""in_last_draw""], ""include_number"": true, ""retrain_interval"": 1, ""seed"": 20260728, ""shrink_strength"": 0.1}",audited-1.0.0-online-SGD-r1,FullFeatureLogistic
794,103000061,2014-07-18,1 2 15 19 21 30,42 16 25 20 9 49,42 16 25 20 9 49 26 10 12 38,42 16 25 20 9 49 26 10 12 38 29 13,0,0,0,0.11056220183486379,0.3872624174223455,6.0,2007-01-02,2014-07-15,794,"{""C_proxy"": 0.2, ""features"": [""long_z"", ""recent20_z"", ""recent50_z"", ""recent100_z"", ""ewma_z"", ""gap_z"", ""transition_z"", ""in_last_draw""], ""include_number"": true, ""retrain_interval"": 1, ""seed"": 20260728, ""shrink_strength"": 0.1}",audited-1.0.0-online-SGD-r1,FullFeatureLogistic
795,103000062,2014-07-22,3 9 13 17 28 42,42 16 25 20 9 49,42 16 25 20 9 49 26 10 12 38,42 16 25 20 9 49 26 10 12 38 29 13,2,2,3,0.1048643984201949,0.3599117142056151,6.0,2007-01-02,2014-07-18,795,"{""C_proxy"": 0.2, ""features"": [""long_z"", ""recent20_z"", ""recent50_z"", ""recent100_z"", ""ewma_z"", ""gap_z"", ""transition_z"", ""in_last_draw""], ""include_number"": true, ""retrain_interval"": 1, ""seed"": 20260728, ""shrink_strength"": 0.1}",audited-1.0.0-online-SGD-r1,FullFeatureLogistic
796,103000063,2014-07-25,5 21 30 32 35 45,25 16 20 42 49 26,25 16 20 42 49 26 10 12 9 38,25 16 20 42 49 26 10 12 9 38 29 34,0,0,0,0.11351642547695193,0.4032591822192913,6.0,2007-01-02,2014-07-22,796,"{""C_proxy"": 0.2, ""features"": [""long_z"", ""recent20_z"", ""recent50_z"", ""recent100_z"", ""ewma_z"", ""gap_z"", ""transition_z"", ""in_last_draw""], ""include_number"": true, ""retrain_interval"": 1, ""seed"": 20260728, ""shrink_strength"": 0.1}",audited-1.0.0-online-SGD-r1,FullFeatureLogistic
797,103000064,2014-07-29,31 32 34 36 44 47,25 20 16 42 49 26,25 20 16 42 49 26 9 10 12 38,25 20 16 42 49 26 9 10 12 38 34 29,0,0,1,0.10998477490950796,0.3820266636898801,6.000000000000001,2007-01-02,2014-07-25,797,"{""C_proxy"": 0.2, ""features"": [""long_z"", ""recent20_z"", ""recent50_z"", ""recent100_z"", ""ewma_z"", ""gap_z"", ""transition_z"", ""in_last_draw""], ""include_number"": true, ""retrain_interval"": 1, ""seed"": 20260728, ""shrink_strength"": 0.1}",audited-1.0.0-online-SGD-r1,FullFeatureLogistic
798,103000065,2014-08-01,5 8 21 23 32 45,25 20 16 42 9 26,25 20 16 42 9 26 49 10 12 38,25 20 16 42 9 26 49 10 12 38 29 41,0,0,0,0.11072181567465453,0.3854642478540014,6.000000000000001,2007-01-02,2014-07-29,798,"{""C_proxy"": 0.2, ""features"": [""long_z"", ""recent20_z"", ""recent50_z"", ""recent100_z"", ""ewma_z"", ""gap_z"", ""transition_z"", ""in_last_draw""], ""include_number"": true, ""retrain_interval"": 1, ""seed"": 20260728, ""shrink_strength"": 0.1}",audited-1.0.0-online-SGD-r1,FullFeatureLogistic
799,103000066,2014-08-05,4 11 26 33 40 42,25 20 16 42 9 26,25 20 16 42 9 26 10 49 12 38,25 20 16 42 9 26 10 49 12 38 29 41,2,2,2,0.10529248123430342,0.36127772545623155,6.000000000000001,2007-01-02,2014-08-01,799,"{""C_proxy"": 0.2, ""features"": [""long_z"", ""recent20_z"", ""recent50_z"", ""recent100_z"", ""ewma_z"", ""gap_z"", ""transition_z"", ""in_last_draw""], ""include_number"": true, ""retrain_interval"": 1, ""seed"": 20260728, ""shrink_strength"": 0.1}",audited-1.0.0-online-SGD-r1,FullFeatureLogistic
800,103000067,2014-08-08,26 31 32 38 42 45,25 20 16 9 49 10,25 20 16 9 49 10 12 42 26 38,25 20 16 9 49 10 12 42 26 38 41 29,0,3,3,0.10686225670696348,0.36842144611030564,5.999999999999999,2007-01-02,2014-08-05,800,"{""C_proxy"": 0.2, ""features"": [""long_z"", ""recent20_z"", ""recent50_z"", ""recent100_z"", ""ewma_z"", ""gap_z"", ""transition_z"", ""in_last_draw""], ""include_number"": true, ""retrain_interval"": 1, ""seed"": 20260728, ""shrink_strength"": 0.1}",audited-1.0.0-online-SGD-r1,FullFeatureLogistic
801,103000068,2014-08-12,4 6 10 12 34 45,25 16 20 9 49 10,25 16 20 9 49 10 12 42 41 38,25 16 20 9 49 10 12 42 41 38 29 26,1,2,2,0.10589443283803437,0.3640553310847229,6.0,2007-01-02,2014-08-08,801,"{""C_proxy"": 0.2, ""features"": [""long_z"", ""recent20_z"", ""recent50_z"", ""recent100_z"", ""ewma_z"", ""gap_z"", ""transition_z"", ""in_last_draw""], ""include_number"": true, ""retrain_interval"": 1, ""seed"": 20260728, ""shrink_strength"": 0.1}",audited-1.0.0-online-SGD-r1,FullFeatureLogistic
802,103000069,2014-08-15,18 23 29 46 47 48,25 16 20 9 49 42,25 16 20 9 49 42 38 26 12 41,25 16 20 9 49 42 38 26 12 41 29 10,0,0,1,0.10827273360288049,0.3737643239718425,6.0,2007-01-02,2014-08-12,802,"{""C_proxy"": 0.2, ""features"": [""long_z"", ""recent20_z"", ""recent50_z"", ""recent100_z"", ""ewma_z"", ""gap_z"", ""transition_z"", ""in_last_draw""], ""include_number"": true, ""retrain_interval"": 1, ""seed"": 20260728, ""shrink_strength"": 0.1}",audited-1.0.0-online-SGD-r1,FullFeatureLogistic
803,103000070,2014-08-19,6 7 9 12 14 19,25 20 9 16 49 42,25 20 9 16 49 42 10 38 12 26,25 20 9 16 49 42 10 38 12 26 41 15,1,2,2,0.10716461668948314,0.3712824474774038,6.000000000000001,2007-01-02,2014-08-15,803,"{""C_proxy"": 0.2, ""features"": [""long_z"", ""recent20_z"", ""recent50_z"", ""recent100_z"", ""ewma_z"", ""gap_z"", ""transition_z"", ""in_last_draw""], ""include_number"": true, ""retrain_interval"": 1, ""seed"": 20260728, ""shrink_strength"": 0.1}",audited-1.0.0-online-SGD-r1,FullFeatureLogistic
804,103000071,2014-08-22,8 16 23 30 31 43,25 20 16 49 9 42,25 20 16 49 9 42 10 38 26 41,25 20 16 49 9 42 10 38 26 41 15 29,1,1,1,0.10966872875656561,0.38404144375468396,6.0,2007-01-02,2014-08-19,804,"{""C_proxy"": 0.2, ""features"": [""long_z"", ""recent20_z"", ""recent50_z"", ""recent100_z"", ""ewma_z"", ""gap_z"", ""transition_z"", ""in_last_draw""], ""include_number"": true, ""retrain_interval"": 1, ""seed"": 20260728, ""shrink_strength"": 0.1}",audited-1.0.0-online-SGD-r1,FullFeatureLogistic
805,103000072,2014-08-26,1 17 19 23 32 43,25 20 9 16 49 10,25 20 9 16 49 10 42 38 26 41,25 20 9 16 49 10 42 38 26 41 15 29,0,0,0,0.11129433812329145,0.3886974498008264,6.0,2007-01-02,2014-08-22,805,"{""C_proxy"": 0.2, ""features"": [""long_z"", ""recent20_z"", ""recent50_z"", ""recent100_z"", ""ewma_z"", ""gap_z"", ""transition_z"", ""in_last_draw""], ""include_number"": true, ""retrain_interval"": 1, ""seed"": 20260728, ""shrink_strength"": 0.1}",audited-1.0.0-online-SGD-r1,FullFeatureLogistic
806,103000073,2014-08-29,9 10 21 23 38 39,25 20 16 9 49 42,25 20 16 9 49 42 10 38 26 41,25 20 16 9 49 42 10 38 26 41 15 29,1,3,3,0.10615450117200667,0.36628266893129025,6.0,2007-01-02,2014-08-26,806,"{""C_proxy"": 0.2, ""features"": [""long_z"", ""recent20_z"", ""recent50_z"", ""recent100_z"", ""ewma_z"", ""gap_z"", ""transition_z"", ""in_last_draw""], ""include_number"": true, ""retrain_interval"": 1, ""seed"": 20260728, ""shrink_strength"": 0.1}",audited-1.0.0-online-SGD-r1,FullFeatureLogistic
807,103000074,2014-09-02,7 8 36 39 42 43,25 20 16 42 49 26,25 20 16 42 49 26 9 41 15 29,25 20 16 42 49 26 9 41 15 29 40 13,1,1,1,0.10744781342782163,0.37043707977158985,6.0,2007-01-02,2014-08-29,807,"{""C_proxy"": 0.2, ""features"": [""long_z"", ""recent20_z"", ""recent50_z"", ""recent100_z"", ""ewma_z"", ""gap_z"", ""transition_z"", ""in_last_draw""], ""include_number"": true, ""retrain_interval"": 1, ""seed"": 20260728, ""shrink_strength"": 0.1}",audited-1.0.0-online-SGD-r1,FullFeatureLogistic
808,103000075,2014-09-05,10 16 25 27 32 36,25 20 16 49 9 26,25 20 16 49 9 26 10 42 41 15,25 20 16 49 9 26 10 42 41 15 29 38,2,3,3,0.10451509261344023,0.35996531748997335,5.999999999999999,2007-01-02,2014-09-02,808,"{""C_proxy"": 0.2, ""features"": [""long_z"", ""recent20_z"", ""recent50_z"", ""recent100_z"", ""ewma_z"", ""gap_z"", ""transition_z"", ""in_last_draw""], ""include_number"": true, ""retrain_interval"": 1, ""seed"": 20260728, ""shrink_strength"": 0.1}",audited-1.0.0-online-SGD-r1,FullFeatureLogistic
809,103000076,2014-09-09,21 23 29 41 42 49,20 25 9 49 42 26,20 25 9 49 42 26 16 41 29 15,20 25 9 49 42 26 16 41 29 15 38 13,2,4,4,0.10540819968460927,0.3629829297344395,6.0,2007-01-02,2014-09-05,809,"{""C_proxy"": 0.2, ""features"": [""long_z"", ""recent20_z"", ""recent50_z"", ""recent100_z"", ""ewma_z"", ""gap_z"", ""transition_z"", ""in_last_draw""], ""include_number"": true, ""retrain_interval"": 1, ""seed"": 20260728, ""shrink_strength"": 0.1}",audited-1.0.0-online-SGD-r1,FullFeatureLogistic
810,103000077,2014-09-12,2 23 27 31 36 49,25 20 9 16 49 26,25 20 9 16 49 26 15 10 38 42,25 20 9 16 49 26 15 10 38 42 13 34,1,1,1,0.11022722532654872,0.38506498510887366,6.000000000000001,2007-01-02,2014-09-09,810,"{""C_proxy"": 0.2, ""features"": [""long_z"", ""recent20_z"", ""recent50_z"", ""recent100_z"", ""ewma_z"", ""gap_z"", ""transition_z"", ""in_last_draw""], ""include_number"": true, ""retrain_interval"": 1, ""seed"": 20260728, ""shrink_strength"": 0.1}",audited-1.0.0-online-SGD-r1,FullFeatureLogistic
811,103000078,2014-09-16,7 12 16 18 19 41,25 20 9 16 42 26,25 20 9 16 42 26 41 15 38 10,25 20 9 16 42 26 41 15 38 10 13 34,1,2,2,0.10557965327280494,0.3627444940064675,6.000000000000001,2007-01-02,2014-09-12,811,"{""C_proxy"": 0.2, ""features"": [""long_z"", ""recent20_z"", ""recent50_z"", ""recent100_z"", ""ewma_z"", ""gap_z"", ""transition_z"", ""in_last_draw""], ""include_number"": true, ""retrain_interval"": 1, ""seed"": 20260728, ""shrink_strength"": 0.1}",audited-1.0.0-online-SGD-r1,FullFeatureLogistic
812,103000079,2014-09-19,2 6 17 29 32 39,25 20 9 42 26 49,25 20 9 42 26 49 15 38 16 10,25 20 9 42 26 49 15 38 16 10 34 40,0,0,0,0.1081920470429324,0.37367464941033013,6.000000000000002,2007-01-02,2014-09-16,812,"{""C_proxy"": 0.2, ""features"": [""long_z"", ""recent20_z"", ""recent50_z"", ""recent100_z"", ""ewma_z"", ""gap_z"", ""transition_z"", ""in_last_draw""], ""include_number"": true, ""retrain_interval"": 1, ""seed"": 20260728, ""shrink_strength"": 0.1}",audited-1.0.0-online-SGD-r1,FullFeatureLogistic
813,103000080,2014-09-23,2 11 20 28 32 38,25 20 9 42 16 26,25 20 9 42 16 26 49 38 15 10,25 20 9 42 16 26 49 38 15 10 34 13,1,2,2,0.10630436931271657,0.36594955754562075,6.0,2007-01-02,2014-09-19,813,"{""C_proxy"": 0.2, ""features"": [""long_z"", ""recent20_z"", ""recent50_z"", ""recent100_z"", ""ewma_z"", ""gap_z"", ""transition_z"", ""in_last_draw""], ""include_number"": true, ""retrain_interval"": 1, ""seed"": 20260728, ""shrink_strength"": 0.1}",audited-1.0.0-online-SGD-r1,FullFeatureLogistic
814,103000081,2014-09-26,8 15 19 22 29 37,25 9 20 42 26 16,25 9 20 42 26 16 49 15 10 34,25 9 20 42 26 16 49 15 10 34 13 41,0,1,1,0.10900990783849226,0.37836065097646665,6.0,2007-01-02,2014-09-23,814,"{""C_proxy"": 0.2, ""features"": [""long_z"", ""recent20_z"", ""recent50_z"", ""recent100_z"", ""ewma_z"", ""gap_z"", ""transition_z"", ""in_last_draw""], ""include_number"": true, ""retrain_interval"": 1, ""seed"": 20260728, ""shrink_strength"": 0.1}",audited-1.0.0-online-SGD-r1,FullFeatureLogistic
815,103000082,2014-09-30,18 35 36 41 47 49,25 20 9 42 16 26,25 20 9 42 16 26 49 10 34 12,25 20 9 42 16 26 49 10 34 12 38 13,0,1,1,0.10893339278570018,0.3789161383914514,6.000000000000001,2007-01-02,2014-09-26,815,"{""C_proxy"": 0.2, ""features"": [""long_z"", ""recent20_z"", ""recent50_z"", ""recent100_z"", ""ewma_z"", ""gap_z"", ""transition_z"", ""in_last_draw""], ""include_number"": true, ""retrain_interval"": 1, ""seed"": 20260728, ""shrink_strength"": 0.1}",audited-1.0.0-online-SGD-r1,FullFeatureLogistic
816,103000083,2014-10-03,10 14 19 24 35 37,25 20 9 42 16 26,25 20 9 42 16 26 15 10 34 12,25 20 9 42 16 26 15 10 34 12 38 40,0,1,1,0.11316196518544698,0.40051805834528836,6.0,2007-01-02,2014-09-30,816,"{""C_proxy"": 0.2, ""features"": [""long_z"", ""recent20_z"", ""recent50_z"", ""recent100_z"", ""ewma_z"", ""gap_z"", ""transition_z"", ""in_last_draw""], ""include_number"": true, ""retrain_interval"": 1, ""seed"": 20260728, ""shrink_strength"": 0.1}",audited-1.0.0-online-SGD-r1,FullFeatureLogistic
817,103000084,2014-10-07,17 18 40 41 45 47,25 20 9 42 16 26,25 20 9 42 16 26 15 49 34 38,25 20 9 42 16 26 15 49 34 38 12 40,0,0,1,0.10826520551549883,0.3740274168288752,5.999999999999999,2007-01-02,2014-10-03,817,"{""C_proxy"": 0.2, ""features"": [""long_z"", ""recent20_z"", ""recent50_z"", ""recent100_z"", ""ewma_z"", ""gap_z"", ""transition_z"", ""in_last_draw""], ""include_number"": true, ""retrain_interval"": 1, ""seed"": 20260728, ""shrink_strength"": 0.1}",audited-1.0.0-online-SGD-r1,FullFeatureLogistic
818,103000085,2014-10-10,1 11 19 24 26 28,25 20 9 42 16 26,25 20 9 42 16 26 15 49 34 38,25 20 9 42 16 26 15 49 34 38 10 13,1,1,1,0.10911596942099763,0.37889751986533404,5.999999999999999,2007-01-02,2014-10-07,818,"{""C_proxy"": 0.2, ""features"": [""long_z"", ""recent20_z"", ""recent50_z"", ""recent100_z"", ""ewma_z"", ""gap_z"", ""transition_z"", ""in_last_draw""], ""include_number"": true, ""retrain_interval"": 1, ""seed"": 20260728, ""shrink_strength"": 0.1}",audited-1.0.0-online-SGD-r1,FullFeatureLogistic
819,103000086,2014-10-14,9 10 14 20 36 47,25 20 9 42 16 49,25 20 9 42 16 49 34 38 15 10,25 20 9 42 16 49 34 38 15 10 13 12,2,3,3,0.10651206128156925,0.36995045851442987,6.000000000000002,2007-01-02,2014-10-10,819,"{""C_proxy"": 0.2, ""features"": [""long_z"", ""recent20_z"", ""recent50_z"", ""recent100_z"", ""ewma_z"", ""gap_z"", ""transition_z"", ""in_last_draw""], ""include_number"": true, ""retrain_interval"": 1, ""seed"": 20260728, ""shrink_strength"": 0.1}",audited-1.0.0-online-SGD-r1,FullFeatureLogistic
820,103000087,2014-10-17,2 11 20 32 33 36,25 42 16 9 49 20,25 42 16 9 49 20 38 34 26 15,25 42 16 9 49 20 38 34 26 15 13 40,1,1,1,0.1086051660756876,0.3765579805606132,6.000000000000001,2007-01-02,2014-10-14,820,"{""C_proxy"": 0.2, ""features"": [""long_z"", ""recent20_z"", ""recent50_z"", ""recent100_z"", ""ewma_z"", ""gap_z"", ""transition_z"", ""in_last_draw""], ""include_number"": true, ""retrain_interval"": 1, ""seed"": 20260728, ""shrink_strength"": 0.1}",audited-1.0.0-online-SGD-r1,FullFeatureLogistic
821,103000088,2014-10-21,14 28 31 38 42 44,25 9 42 16 49 26,25 9 42 16 49 26 38 34 15 20,25 9 42 16 49 26 38 34 15 20 13 10,1,2,2,0.10790473756008669,0.37455513269165197,6.0,2007-01-02,2014-10-17,821,"{""C_proxy"": 0.2, ""features"": [""long_z"", ""recent20_z"", ""recent50_z"", ""recent100_z"", ""ewma_z"", ""gap_z"", ""transition_z"", ""in_last_draw""], ""include_number"": true, ""retrain_interval"": 1, ""seed"": 20260728, ""shrink_strength"": 0.1}",audited-1.0.0-online-SGD-r1,FullFeatureLogistic
822,103000089,2014-10-24,1 17 20 36 37 45,25 9 20 16 49 42,25 9 20 16 49 42 26 34 15 13,25 9 20 16 49 42 26 34 15 13 10 40,1,1,1,0.1098053263013151,0.3830643384718379,6.000000000000001,2007-01-02,2014-10-21,822,"{""C_proxy"": 0.2, ""features"": [""long_z"", ""recent20_z"", ""recent50_z"", ""recent100_z"", ""ewma_z"", ""gap_z"", ""transition_z"", ""in_last_draw""], ""include_number"": true, ""retrain_interval"": 1, ""seed"": 20260728, ""shrink_strength"": 0.1}",audited-1.0.0-online-SGD-r1,FullFeatureLogistic
823,103000090,2014-10-28,5 16 25 32 37 44,25 9 42 16 49 26,25 9 42 16 49 26 34 15 13 10,25 9 42 16 49 26 34 15 13 10 38 12,2,2,2,0.10508663787094681,0.3622866957463787,5.999999999999999,2007-01-02,2014-10-24,823,"{""C_proxy"": 0.2, ""features"": [""long_z"", ""recent20_z"", ""recent50_z"", ""recent100_z"", ""ewma_z"", ""gap_z"", ""transition_z"", ""in_last_draw""], ""include_number"": true, ""retrain_interval"": 1, ""seed"": 20260728, ""shrink_strength"": 0.1}",audited-1.0.0-online-SGD-r1,FullFeatureLogistic
824,103000091,2014-10-31,2 8 10 14 27 49,25 9 42 49 26 20,25 9 42 49 26 20 34 16 13 38,25 9 42 49 26 20 34 16 13 38 15 12,1,1,1,0.10793512086427223,0.37445911409715227,5.999999999999999,2007-01-02,2014-10-28,824,"{""C_proxy"": 0.2, ""features"": [""long_z"", ""recent20_z"", ""recent50_z"", ""recent100_z"", ""ewma_z"", ""gap_z"", ""transition_z"", ""in_last_draw""], ""include_number"": true, ""retrain_interval"": 1, ""seed"": 20260728, ""shrink_strength"": 0.1}",audited-1.0.0-online-SGD-r1,FullFeatureLogistic
825,103000092,2014-11-04,3 20 30 35 38 41,25 42 9 16 26 20,25 42 9 16 26 20 34 38 15 49,25 42 9 16 26 20 34 38 15 49 12 41,1,2,3,0.10848342240913864,0.3786724960641452,5.999999999999999,2007-01-02,2014-10-31,825,"{""C_proxy"": 0.2, ""features"": [""long_z"", ""recent20_z"", ""recent50_z"", ""recent100_z"", ""ewma_z"", ""gap_z"", ""transition_z"", ""in_last_draw""], ""include_number"": true, ""retrain_interval"": 1, ""seed"": 20260728, ""shrink_strength"": 0.1}",audited-1.0.0-online-SGD-r1,FullFeatureLogistic
826,103000093,2014-11-07,11 19 25 27 40 49,25 42 9 16 26 49,25 42 9 16 26 49 34 15 12 13,25 42 9 16 26 49 34 15 12 13 40 29,2,2,3,0.10552401719799055,0.3643468765622498,6.0,2007-01-02,2014-11-04,826,"{""C_proxy"": 0.2, ""features"": [""long_z"", ""recent20_z"", ""recent50_z"", ""recent100_z"", ""ewma_z"", ""gap_z"", ""transition_z"", ""in_last_draw""], ""include_number"": true, ""retrain_interval"": 1, ""seed"": 20260728, ""shrink_strength"": 0.1}",audited-1.0.0-online-SGD-r1,FullFeatureLogistic
827,103000094,2014-11-11,5 11 18 23 36 43,25 9 42 16 26 34,25 9 42 16 26 34 20 12 13 15,25 9 42 16 26 34 20 12 13 15 41 29,0,0,0,0.11041675340074908,0.38510209192796296,6.0,2007-01-02,2014-11-07,827,"{""C_proxy"": 0.2, ""features"": [""long_z"", ""recent20_z"", ""recent50_z"", ""recent100_z"", ""ewma_z"", ""gap_z"", ""transition_z"", ""in_last_draw""], ""include_number"": true, ""retrain_interval"": 1, ""seed"": 20260728, ""shrink_strength"": 0.1}",audited-1.0.0-online-SGD-r1,FullFeatureLogistic
828,103000095,2014-11-14,15 16 29 34 41 44,25 9 42 16 26 20,25 9 42 16 26 20 34 12 15 49,25 9 42 16 26 20 34 12 15 49 13 41,1,3,4,0.1032318250518871,0.35162147009625117,6.000000000000001,2007-01-02,2014-11-11,828,"{""C_proxy"": 0.2, ""features"": [""long_z"", ""recent20_z"", ""recent50_z"", ""recent100_z"", ""ewma_z"", ""gap_z"", ""transition_z"", ""in_last_draw""], ""include_number"": true, ""retrain_interval"": 1, ""seed"": 20260728, ""shrink_strength"": 0.1}",audited-1.0.0-online-SGD-r1,FullFeatureLogistic
829,103000096,2014-11-18,11 12 20 26 28 43,25 9 42 26 20 12,25 9 42 26 20 12 49 34 16 13,25 9 42 26 20 12 49 34 16 13 38 40,3,3,3,0.10540110040530598,0.3621338388081893,6.0,2007-01-02,2014-11-14,829,"{""C_proxy"": 0.2, ""features"": [""long_z"", ""recent20_z"", ""recent50_z"", ""recent100_z"", ""ewma_z"", ""gap_z"", ""transition_z"", ""in_last_draw""], ""include_number"": true, ""retrain_interval"": 1, ""seed"": 20260728, ""shrink_strength"": 0.1}",audited-1.0.0-online-SGD-r1,FullFeatureLogistic
830,103000097,2014-11-21,2 3 22 26 32 34,25 9 42 16 34 49,25 9 42 16 34 49 13 38 15 26,25 9 42 16 34 49 13 38 15 26 12 40,1,2,2,0.10617312250413614,0.3643350522819087,6.0,2007-01-02,2014-11-18,830,"{""C_proxy"": 0.2, ""features"": [""long_z"", ""recent20_z"", ""recent50_z"", ""recent100_z"", ""ewma_z"", ""gap_z"", ""transition_z"", ""in_last_draw""], ""include_number"": true, ""retrain_interval"": 1, ""seed"": 20260728, ""shrink_strength"": 0.1}",audited-1.0.0-online-SGD-r1,FullFeatureLogistic
831,103000098,2014-11-25,1 15 16 32 44 48,25 42 9 16 20 49,25 42 9 16 20 49 12 13 38 15,25 42 9 16 20 49 12 13 38 15 40 29,1,2,2,0.10593876861739607,0.3635030122841425,6.000000000000001,2007-01-02,2014-11-21,831,"{""C_proxy"": 0.2, ""features"": [""long_z"", ""recent20_z"", ""recent50_z"", ""recent100_z"", ""ewma_z"", ""gap_z"", ""transition_z"", ""in_last_draw""], ""include_number"": true, ""retrain_interval"": 1, ""seed"": 20260728, ""shrink_strength"": 0.1}",audited-1.0.0-online-SGD-r1,FullFeatureLogistic
832,103000099,2014-11-28,1 10 21 35 40 44,25 42 9 20 49 12,25 42 9 20 49 12 38 13 34 40,25 42 9 20 49 12 38 13 34 40 26 29,0,1,1,0.10919722152371775,0.3798143037861381,6.000000000000001,2007-01-02,2014-11-25,832,"{""C_proxy"": 0.2, ""features"": [""long_z"", ""recent20_z"", ""recent50_z"", ""recent100_z"", ""ewma_z"", ""gap_z"", ""transition_z"", ""in_last_draw""], ""include_number"": true, ""retrain_interval"": 1, ""seed"": 20260728, ""shrink_strength"": 0.1}",audited-1.0.0-online-SGD-r1,FullFeatureLogistic
833,103000100,2014-12-02,9 11 13 23 26 42,25 42 9 20 49 38,25 42 9 20 49 38 13 12 34 26,25 42 9 20 49 38 13 12 34 26 16 29,2,4,4,0.1040257863510766,0.3569411683323856,5.999999999999998,2007-01-02,2014-11-28,833,"{""C_proxy"": 0.2, ""features"": [""long_z"", ""recent20_z"", ""recent50_z"", ""recent100_z"", ""ewma_z"", ""gap_z"", ""transition_z"", ""in_last_draw""], ""include_number"": true, ""retrain_interval"": 1, ""seed"": 20260728, ""shrink_strength"": 0.1}",audited-1.0.0-online-SGD-r1,FullFeatureLogistic
834,103000101,2014-12-05,11 18 30 34 37 47,25 42 20 49 9 38,25 42 20 49 9 38 34 12 16 13,25 42 20 49 9 38 34 12 16 13 15 41,0,1,1,0.11070942784612432,0.38850270518842056,6.000000000000001,2007-01-02,2014-12-02,834,"{""C_proxy"": 0.2, ""features"": [""long_z"", ""recent20_z"", ""recent50_z"", ""recent100_z"", ""ewma_z"", ""gap_z"", ""transition_z"", ""in_last_draw""], ""include_number"": true, ""retrain_interval"": 1, ""seed"": 20260728, ""shrink_strength"": 0.1}",audited-1.0.0-online-SGD-r1,FullFeatureLogistic
835,103000102,2014-12-09,7 9 23 33 41 43,25 42 9 20 49 38,25 42 9 20 49 38 13 12 16 41,25 42 9 20 49 38 13 12 16 41 15 10,1,2,2,0.10555249434666926,0.36187552750385965,6.000000000000001,2007-01-02,2014-12-05,835,"{""C_proxy"": 0.2, ""features"": [""long_z"", ""recent20_z"", ""recent50_z"", ""recent100_z"", ""ewma_z"", ""gap_z"", ""transition_z"", ""in_last_draw""], ""include_number"": true, ""retrain_interval"": 1, ""seed"": 20260728, ""shrink_strength"": 0.1}",audited-1.0.0-online-SGD-r1,FullFeatureLogistic
836,103000103,2014-12-12,7 8 24 29 32 48,25 42 20 49 38 13,25 42 20 49 38 13 16 12 9 15,25 42 20 49 38 13 16 12 9 15 34 26,0,0,0,0.1079764350427291,0.3726387630398932,5.999999999999999,2007-01-02,2014-12-09,836,"{""C_proxy"": 0.2, ""features"": [""long_z"", ""recent20_z"", ""recent50_z"", ""recent100_z"", ""ewma_z"", ""gap_z"", ""transition_z"", ""in_last_draw""], ""include_number"": true, ""retrain_interval"": 1, ""seed"": 20260728, ""shrink_strength"": 0.1}",audited-1.0.0-online-SGD-r1,FullFeatureLogistic
837,103000104,2014-12-16,17 28 32 34 35 45,25 42 20 49 38 9,25 42 20 49 38 9 13 16 12 15,25 42 20 49 38 9 13 16 12 15 26 34,0,0,1,0.11045139248348451,0.3860742924272387,6.000000000000001,2007-01-02,2014-12-12,837,"{""C_proxy"": 0.2, ""features"": [""long_z"", ""recent20_z"", ""recent50_z"", ""recent100_z"", ""ewma_z"", ""gap_z"", ""transition_z"", ""in_last_draw""], ""include_number"": true, ""retrain_interval"": 1, ""seed"": 20260728, ""shrink_strength"": 0.1}",audited-1.0.0-online-SGD-r1,FullFeatureLogistic
838,103000105,2014-12-19,1 9 24 32 41 49,25 42 20 49 38 9,25 42 20 49 38 9 13 16 12 26,25 42 20 49 38 9 13 16 12 26 15 10,2,2,2,0.10685456074876054,0.3686106347487183,6.0,2007-01-02,2014-12-16,838,"{""C_proxy"": 0.2, ""features"": [""long_z"", ""recent20_z"", ""recent50_z"", ""recent100_z"", ""ewma_z"", ""gap_z"", ""transition_z"", ""in_last_draw""], ""include_number"": true, ""retrain_interval"": 1, ""seed"": 20260728, ""shrink_strength"": 0.1}",audited-1.0.0-online-SGD-r1,FullFeatureLogistic
839,103000106,2014-12-23,3 27 30 31 32 39,25 42 20 38 16 13,25 42 20 38 16 13 12 10 26 15,25 42 20 38 16 13 12 10 26 15 9 49,0,0,0,0.11185899613155333,0.39278225495615765,6.0,2007-01-02,2014-12-19,839,"{""C_proxy"": 0.2, ""features"": [""long_z"", ""recent20_z"", ""recent50_z"", ""recent100_z"", ""ewma_z"", ""gap_z"", ""transition_z"", ""in_last_draw""], ""include_number"": true, ""retrain_interval"": 1, ""seed"": 20260728, ""shrink_strength"": 0.1}",audited-1.0.0-online-SGD-r1,FullFeatureLogistic
840,103000107,2014-12-26,9 27 32 42 45 49,25 42 20 16 38 49,25 42 20 16 38 49 13 9 10 12,25 42 20 16 38 49 13 9 10 12 26 15,2,3,3,0.10579663972828164,0.3647572814339315,6.000000000000001,2007-01-02,2014-12-23,840,"{""C_proxy"": 0.2, ""features"": [""long_z"", ""recent20_z"", ""recent50_z"", ""recent100_z"", ""ewma_z"", ""gap_z"", ""transition_z"", ""in_last_draw""], ""include_number"": true, ""retrain_interval"": 1, ""seed"": 20260728, ""shrink_strength"": 0.1}",audited-1.0.0-online-SGD-r1,FullFeatureLogistic
841,103000108,2014-12-30,7 30 32 44 48 49,25 42 20 16 38 13,25 42 20 16 38 13 10 26 12 15,25 42 20 16 38 13 10 26 12 15 34 40,0,0,0,0.11062947477334491,0.3876245769975543,6.000000000000001,2007-01-02,2014-12-26,841,"{""C_proxy"": 0.2, ""features"": [""long_z"", ""recent20_z"", ""recent50_z"", ""recent100_z"", ""ewma_z"", ""gap_z"", ""transition_z"", ""in_last_draw""], ""include_number"": true, ""retrain_interval"": 1, ""seed"": 20260728, ""shrink_strength"": 0.1}",audited-1.0.0-online-SGD-r1,FullFeatureLogistic
842,104000001,2015-01-02,13 22 23 29 31 48,25 42 20 16 38 13,25 42 20 16 38 13 10 12 26 34,25 42 20 16 38 13 10 12 26 34 15 9,1,1,1,0.10789820064970167,0.3723421087210717,5.999999999999999,2007-01-02,2014-12-30,842,"{""C_proxy"": 0.2, ""features"": [""long_z"", ""recent20_z"", ""recent50_z"", ""recent100_z"", ""ewma_z"", ""gap_z"", ""transition_z"", ""in_last_draw""], ""include_number"": true, ""retrain_interval"": 1, ""seed"": 20260728, ""shrink_strength"": 0.1}",audited-1.0.0-online-SGD-r1,FullFeatureLogistic
843,104000002,2015-01-06,11 16 29 30 37 43,25 42 20 16 38 10,25 42 20 16 38 10 26 12 34 15,25 42 20 16 38 10 26 12 34 15 9 40,1,1,1,0.11005977076006511,0.3859408680285068,6.0,2007-01-02,2015-01-02,843,"{""C_proxy"": 0.2, ""features"": [""long_z"", ""recent20_z"", ""recent50_z"", ""recent100_z"", ""ewma_z"", ""gap_z"", ""transition_z"", ""in_last_draw""], ""include_number"": true, ""retrain_interval"": 1, ""seed"": 20260728, ""shrink_strength"": 0.1}",audited-1.0.0-online-SGD-r1,FullFeatureLogistic
844,104000003,2015-01-09,7 8 18 21 23 24,25 42 20 38 16 10,25 42 20 38 16 10 26 12 34 13,25 42 20 38 16 10 26 12 34 13 9 15,0,0,0,0.1098110556387334,0.3811287012085363,6.000000000000001,2007-01-02,2015-01-06,844,"{""C_proxy"": 0.2, ""features"": [""long_z"", ""recent20_z"", ""recent50_z"", ""recent100_z"", ""ewma_z"", ""gap_z"", ""transition_z"", ""in_last_draw""], ""include_number"": true, ""retrain_interval"": 1, ""seed"": 20260728, ""shrink_strength"": 0.1}",audited-1.0.0-online-SGD-r1,FullFeatureLogistic
845,104000004,2015-01-13,2 14 16 22 37 46,25 42 20 16 38 26,25 42 20 16 38 26 10 12 34 15,25 42 20 16 38 26 10 12 34 15 13 9,1,1,1,0.1100956989463791,0.3843190991538521,6.0,2007-01-02,2015-01-09,845,"{""C_proxy"": 0.2, ""features"": [""long_z"", ""recent20_z"", ""recent50_z"", ""recent100_z"", ""ewma_z"", ""gap_z"", ""transition_z"", ""in_last_draw""], ""include_number"": true, ""retrain_interval"": 1, ""seed"": 20260728, ""shrink_strength"": 0.1}",audited-1.0.0-online-SGD-r1,FullFeatureLogistic
846,104000005,2015-01-16,2 17 28 32 38 46,25 42 20 38 26 10,25 42 20 38 26 10 12 34 15 9,25 42 20 38 26 10 12 34 15 9 40 16,1,1,1,0.10942907129866951,0.3800783717815601,6.0,2007-01-02,2015-01-13,846,"{""C_proxy"": 0.2, ""features"": [""long_z"", ""recent20_z"", ""recent50_z"", ""recent100_z"", ""ewma_z"", ""gap_z"", ""transition_z"", ""in_last_draw""], ""include_number"": true, ""retrain_interval"": 1, ""seed"": 20260728, ""shrink_strength"": 0.1}",audited-1.0.0-online-SGD-r1,FullFeatureLogistic
847,104000006,2015-01-20,9 24 28 35 45 47,25 42 20 26 10 12,25 42 20 26 10 12 34 38 16 15,25 42 20 26 10 12 34 38 16 15 9 49,0,0,1,0.11061076083295618,0.38641076021830184,6.000000000000001,2007-01-02,2015-01-16,847,"{""C_proxy"": 0.2, ""features"": [""long_z"", ""recent20_z"", ""recent50_z"", ""recent100_z"", ""ewma_z"", ""gap_z"", ""transition_z"", ""in_last_draw""], ""include_number"": true, ""retrain_interval"": 1, ""seed"": 20260728, ""shrink_strength"": 0.1}",audited-1.0.0-online-SGD-r1,FullFeatureLogistic
848,104000007,2015-01-23,8 16 20 38 39 42,25 42 20 38 26 10,25 42 20 38 26 10 34 16 12 15,25 42 20 38 26 10 34 16 12 15 49 40,3,4,4,0.10190348056302295,0.3466317382335556,6.000000000000001,2007-01-02,2015-01-20,848,"{""C_proxy"": 0.2, ""features"": [""long_z"", ""recent20_z"", ""recent50_z"", ""recent100_z"", ""ewma_z"", ""gap_z"", ""transition_z"", ""in_last_draw""], ""include_number"": true, ""retrain_interval"": 1, ""seed"": 20260728, ""shrink_strength"": 0.1}",audited-1.0.0-online-SGD-r1,FullFeatureLogistic
849,104000008,2015-01-27,4 9 15 21 27 45,25 42 26 10 20 34,25 42 26 10 20 34 15 49 12 40,25 42 26 10 20 34 15 49 12 40 13 41,0,1,1,0.10857663539983237,0.37592848561457076,6.000000000000002,2007-01-02,2015-01-23,849,"{""C_proxy"": 0.2, ""features"": [""long_z"", ""recent20_z"", ""recent50_z"", ""recent100_z"", ""ewma_z"", ""gap_z"", ""transition_z"", ""in_last_draw""], ""include_number"": true, ""retrain_interval"": 1, ""seed"": 20260728, ""shrink_strength"": 0.1}",audited-1.0.0-online-SGD-r1,FullFeatureLogistic
850,104000009,2015-01-30,3 14 24 35 39 44,25 20 42 10 26 34,25 20 42 10 26 34 49 38 12 13,25 20 42 10 26 34 49 38 12 13 40 41,0,0,0,0.11246499660285146,0.3962008398965947,6.0,2007-01-02,2015-01-27,850,"{""C_proxy"": 0.2, ""features"": [""long_z"", ""recent20_z"", ""recent50_z"", ""recent100_z"", ""ewma_z"", ""gap_z"", ""transition_z"", ""in_last_draw""], ""include_number"": true, ""retrain_interval"": 1, ""seed"": 20260728, ""shrink_strength"": 0.1}",audited-1.0.0-online-SGD-r1,FullFeatureLogistic
851,104000010,2015-02-03,5 13 15 16 18 30,25 20 42 10 34 26,25 20 42 10 34 26 49 12 38 13,25 20 42 10 34 26 49 12 38 13 16 41,0,1,2,0.10679099797989444,0.36996745921923446,6.000000000000002,2007-01-02,2015-01-30,851,"{""C_proxy"": 0.2, ""features"": [""long_z"", ""recent20_z"", ""recent50_z"", ""recent100_z"", ""ewma_z"", ""gap_z"", ""transition_z"", ""in_last_draw""], ""include_number"": true, ""retrain_interval"": 1, ""seed"": 20260728, ""shrink_strength"": 0.1}",audited-1.0.0-online-SGD-r1,FullFeatureLogistic
852,104000011,2015-02-06,5 11 29 36 42 46,25 42 20 10 49 34,25 42 20 10 49 34 26 38 41 12,25 42 20 10 49 34 26 38 41 12 40 9,1,1,1,0.10820417919665722,0.3747380879661977,6.0,2007-01-02,2015-02-03,852,"{""C_proxy"": 0.2, ""features"": [""long_z"", ""recent20_z"", ""recent50_z"", ""recent100_z"", ""ewma_z"", ""gap_z"", ""transition_z"", ""in_last_draw""], ""include_number"": true, ""retrain_interval"": 1, ""seed"": 20260728, ""shrink_strength"": 0.1}",audited-1.0.0-online-SGD-r1,FullFeatureLogistic
853,104000012,2015-02-10,14 15 26 29 35 44,25 20 49 10 34 26,25 20 49 10 34 26 38 42 41 12,25 20 49 10 34 26 38 42 41 12 40 13,1,1,1,0.1101233729782278,0.385594720960318,6.000000000000002,2007-01-02,2015-02-06,853,"{""C_proxy"": 0.2, ""features"": [""long_z"", ""recent20_z"", ""recent50_z"", ""recent100_z"", ""ewma_z"", ""gap_z"", ""transition_z"", ""in_last_draw""], ""include_number"": true, ""retrain_interval"": 1, ""seed"": 20260728, ""shrink_strength"": 0.1}",audited-1.0.0-online-SGD-r1,FullFeatureLogistic
854,104000013,2015-02-13,1 9 15 25 29 35,25 20 42 49 34 10,25 20 42 49 34 10 38 41 40 16,25 20 42 49 34 10 38 41 40 16 12 13,1,1,1,0.10633840813249686,0.3697020206855011,6.000000000000002,2007-01-02,2015-02-10,854,"{""C_proxy"": 0.2, ""features"": [""long_z"", ""recent20_z"", ""recent50_z"", ""recent100_z"", ""ewma_z"", ""gap_z"", ""transition_z"", ""in_last_draw""], ""include_number"": true, ""retrain_interval"": 1, ""seed"": 20260728, ""shrink_strength"": 0.1}",audited-1.0.0-online-SGD-r1,FullFeatureLogistic
855,104000014,2015-02-17,3 11 15 23 40 46,25 20 42 49 38 10,25 20 42 49 38 10 34 41 26 16,25 20 42 49 38 10 34 41 26 16 40 12,0,0,1,0.10951480817526439,0.38003147504711543,5.999999999999999,2007-01-02,2015-02-13,855,"{""C_proxy"": 0.2, ""features"": [""long_z"", ""recent20_z"", ""recent50_z"", ""recent100_z"", ""ewma_z"", ""gap_z"", ""transition_z"", ""in_last_draw""], ""include_number"": true, ""retrain_interval"": 1, ""seed"": 20260728, ""shrink_strength"": 0.1}",audited-1.0.0-online-SGD-r1,FullFeatureLogistic
856,104000015,2015-02-18,3 6 15 16 27 31,25 20 42 49 38 34,25 20 42 49 38 34 10 41 16 26,25 20 42 49 38 34 10 41 16 26 12 13,0,1,1,0.10893700507028772,0.3768423295855847,6.000000000000001,2007-01-02,2015-02-17,856,"{""C_proxy"": 0.2, ""features"": [""long_z"", ""recent20_z"", ""recent50_z"", ""recent100_z"", ""ewma_z"", ""gap_z"", ""transition_z"", ""in_last_draw""], ""include_number"": true, ""retrain_interval"": 1, ""seed"": 20260728, ""shrink_strength"": 0.1}",audited-1.0.0-online-SGD-r1,FullFeatureLogistic
857,104000016,2015-02-19,7 25 27 31 40 49,25 20 42 49 34 38,25 20 42 49 34 38 10 41 26 13,25 20 42 49 34 38 10 41 26 13 40 12,2,2,3,0.10410885078559218,0.35817121538085217,6.000000000000001,2007-01-02,2015-02-18,857,"{""C_proxy"": 0.2, ""features"": [""long_z"", ""recent20_z"", ""recent50_z"", ""recent100_z"", ""ewma_z"", ""gap_z"", ""transition_z"", ""in_last_draw""], ""include_number"": true, ""retrain_interval"": 1, ""seed"": 20260728, ""shrink_strength"": 0.1}",audited-1.0.0-online-SGD-r1,FullFeatureLogistic
858,104000017,2015-02-20,5 9 10 28 29 45,25 20 42 34 38 10,25 20 42 34 38 10 41 49 26 16,25 20 42 34 38 10 41 49 26 16 12 9,1,1,2,0.10635321178904036,0.3651658661013989,6.0,2007-01-02,2015-02-19,858,"{""C_proxy"": 0.2, ""features"": [""long_z"", ""recent20_z"", ""recent50_z"", ""recent100_z"", ""ewma_z"", ""gap_z"", ""transition_z"", ""in_last_draw""], ""include_number"": true, ""retrain_interval"": 1, ""seed"": 20260728, ""shrink_strength"": 0.1}",audited-1.0.0-online-SGD-r1,FullFeatureLogistic
859,104000018,2015-02-21,2 5 11 17 27 40,25 20 42 49 34 38,25 20 42 49 34 38 41 26 16 10,25 20 42 49 34 38 41 26 16 10 13 12,0,0,0,0.11051608603065713,0.3850218644389483,6.000000000000001,2007-01-02,2015-02-20,859,"{""C_proxy"": 0.2, ""features"": [""long_z"", ""recent20_z"", ""recent50_z"", ""recent100_z"", ""ewma_z"", ""gap_z"", ""transition_z"", ""in_last_draw""], ""include_number"": true, ""retrain_interval"": 1, ""seed"": 20260728, ""shrink_strength"": 0.1}",audited-1.0.0-online-SGD-r1,FullFeatureLogistic
860,104000019,2015-02-22,3 6 12 34 37 43,25 20 42 49 34 38,25 20 42 49 34 38 10 41 26 16,25 20 42 49 34 38 10 41 26 16 13 12,1,1,2,0.10657489971100186,0.36644681545408936,6.000000000000002,2007-01-02,2015-02-21,860,"{""C_proxy"": 0.2, ""features"": [""long_z"", ""recent20_z"", ""recent50_z"", ""recent100_z"", ""ewma_z"", ""gap_z"", ""transition_z"", ""in_last_draw""], ""include_number"": true, ""retrain_interval"": 1, ""seed"": 20260728, ""shrink_strength"": 0.1}",audited-1.0.0-online-SGD-r1,FullFeatureLogistic
861,104000020,2015-02-23,14 20 21 32 38 43,25 20 42 49 38 10,25 20 42 49 38 10 34 41 16 26,25 20 42 49 38 10 34 41 16 26 13 9,2,2,2,0.10705302408628654,0.370830655427308,6.000000000000001,2007-01-02,2015-02-22,861,"{""C_proxy"": 0.2, ""features"": [""long_z"", ""recent20_z"", ""recent50_z"", ""recent100_z"", ""ewma_z"", ""gap_z"", ""transition_z"", ""in_last_draw""], ""include_number"": true, ""retrain_interval"": 1, ""seed"": 20260728, ""shrink_strength"": 0.1}",audited-1.0.0-online-SGD-r1,FullFeatureLogistic
862,104000021,2015-02-24,3 28 39 41 46 48,25 42 49 34 10 20,25 42 49 34 10 20 41 38 16 26,25 42 49 34 10 20 41 38 16 26 13 12,0,1,1,0.10813216393909794,0.37346799189457347,6.0,2007-01-02,2015-02-23,862,"{""C_proxy"": 0.2, ""features"": [""long_z"", ""recent20_z"", ""recent50_z"", ""recent100_z"", ""ewma_z"", ""gap_z"", ""transition_z"", ""in_last_draw""], ""include_number"": true, ""retrain_interval"": 1, ""seed"": 20260728, ""shrink_strength"": 0.1}",audited-1.0.0-online-SGD-r1,FullFeatureLogistic
863,104000022,2015-02-27,2 6 27 34 38 43,25 20 42 49 34 10,25 20 42 49 34 10 38 16 26 13,25 20 42 49 34 10 38 16 26 13 41 12,1,2,2,0.10614300627601332,0.3650327763351533,6.000000000000001,2007-01-02,2015-02-24,863,"{""C_proxy"": 0.2, ""features"": [""long_z"", ""recent20_z"", ""recent50_z"", ""recent100_z"", ""ewma_z"", ""gap_z"", ""transition_z"", ""in_last_draw""], ""include_number"": true, ""retrain_interval"": 1, ""seed"": 20260728, ""shrink_strength"": 0.1}",audited-1.0.0-online-SGD-r1,FullFeatureLogistic
864,104000023,2015-03-03,4 6 11 41 43 46,25 42 20 49 10 16,25 42 20 49 10 16 41 26 34 13,25 42 20 49 10 16 41 26 34 13 9 12,0,1,1,0.11037575237203137,0.38455902931586816,6.000000000000001,2007-01-02,2015-02-27,864,"{""C_proxy"": 0.2, ""features"": [""long_z"", ""recent20_z"", ""recent50_z"", ""recent100_z"", ""ewma_z"", ""gap_z"", ""transition_z"", ""in_last_draw""], ""include_number"": true, ""retrain_interval"": 1, ""seed"": 20260728, ""shrink_strength"": 0.1}",audited-1.0.0-online-SGD-r1,FullFeatureLogistic
865,104000024,2015-03-06,6 21 22 35 37 44,25 42 20 49 10 16,25 42 20 49 10 16 34 26 9 38,25 42 20 49 10 16 34 26 9 38 13 12,0,0,0,0.11235041615995726,0.39458744332920564,6.000000000000001,2007-01-02,2015-03-03,865,"{""C_proxy"": 0.2, ""features"": [""long_z"", ""recent20_z"", ""recent50_z"", ""recent100_z"", ""ewma_z"", ""gap_z"", ""transition_z"", ""in_last_draw""], ""include_number"": true, ""retrain_interval"": 1, ""seed"": 20260728, ""shrink_strength"": 0.1}",audited-1.0.0-online-SGD-r1,FullFeatureLogistic
866,104000025,2015-03-10,3 11 25 34 46 47,25 42 20 49 10 16,25 42 20 49 10 16 34 26 9 38,25 42 20 49 10 16 34 26 9 38 13 12,1,2,2,0.10663631046458809,0.36967895404603485,6.0,2007-01-02,2015-03-06,866,"{""C_proxy"": 0.2, ""features"": [""long_z"", ""recent20_z"", ""recent50_z"", ""recent100_z"", ""ewma_z"", ""gap_z"", ""transition_z"", ""in_last_draw""], ""include_number"": true, ""retrain_interval"": 1, ""seed"": 20260728, ""shrink_strength"": 0.1}",audited-1.0.0-online-SGD-r1,FullFeatureLogistic
867,104000026,2015-03-13,6 9 14 16 22 33,25 42 20 49 10 16,25 42 20 49 10 16 26 38 9 13,25 42 20 49 10 16 26 38 9 13 34 41,1,2,2,0.10774660132420402,0.3732517130810446,6.000000000000001,2007-01-02,2015-03-10,867,"{""C_proxy"": 0.2, ""features"": [""long_z"", ""recent20_z"", ""recent50_z"", ""recent100_z"", ""ewma_z"", ""gap_z"", ""transition_z"", ""in_last_draw""], ""include_number"": true, ""retrain_interval"": 1, ""seed"": 20260728, ""shrink_strength"": 0.1}",audited-1.0.0-online-SGD-r1,FullFeatureLogistic
868,104000027,2015-03-17,5 32 36 40 42 49,25 20 42 49 10 38,25 20 42 49 10 38 34 26 16 13,25 20 42 49 10 38 34 26 16 13 41 12,2,2,2,0.10503088834140753,0.3605202688482071,6.000000000000001,2007-01-02,2015-03-13,868,"{""C_proxy"": 0.2, ""features"": [""long_z"", ""recent20_z"", ""recent50_z"", ""recent100_z"", ""ewma_z"", ""gap_z"", ""transition_z"", ""in_last_draw""], ""include_number"": true, ""retrain_interval"": 1, ""seed"": 20260728, ""shrink_strength"": 0.1}",audited-1.0.0-online-SGD-r1,FullFeatureLogistic
869,104000028,2015-03-20,4 7 9 13 29 46,25 20 42 10 16 38,25 20 42 10 16 38 34 49 26 13,25 20 42 10 16 38 34 49 26 13 41 12,0,1,1,0.10735356275997253,0.37032174094009057,5.999999999999999,2007-01-02,2015-03-17,869,"{""C_proxy"": 0.2, ""features"": [""long_z"", ""recent20_z"", ""recent50_z"", ""recent100_z"", ""ewma_z"", ""gap_z"", ""transition_z"", ""in_last_draw""], ""include_number"": true, ""retrain_interval"": 1, ""seed"": 20260728, ""shrink_strength"": 0.1}",audited-1.0.0-online-SGD-r1,FullFeatureLogistic
870,104000029,2015-03-24,3 4 6 9 17 24,25 42 20 49 10 16,25 42 20 49 10 16 34 38 26 41,25 42 20 49 10 16 34 38 26 41 12 33,0,0,0,0.11201511578664858,0.39198841362869474,6.0,2007-01-02,2015-03-20,870,"{""C_proxy"": 0.2, ""features"": [""long_z"", ""recent20_z"", ""recent50_z"", ""recent100_z"", ""ewma_z"", ""gap_z"", ""transition_z"", ""in_last_draw""], ""include_number"": true, ""retrain_interval"": 1, ""seed"": 20260728, ""shrink_strength"": 0.1}",audited-1.0.0-online-SGD-r1,FullFeatureLogistic
871,104000030,2015-03-27,12 13 15 18 24 36,25 42 20 49 10 16,25 42 20 49 10 16 34 38 26 41,25 42 20 49 10 16 34 38 26 41 13 12,0,0,2,0.10803725780357792,0.37351092414044806,6.000000000000001,2007-01-02,2015-03-24,871,"{""C_proxy"": 0.2, ""features"": [""long_z"", ""recent20_z"", ""recent50_z"", ""recent100_z"", ""ewma_z"", ""gap_z"", ""transition_z"", ""in_last_draw""], ""include_number"": true, ""retrain_interval"": 1, ""seed"": 20260728, ""shrink_strength"": 0.1}",audited-1.0.0-online-SGD-r1,FullFeatureLogistic
872,104000031,2015-03-31,2 4 13 25 32 43,25 42 20 49 10 16,25 42 20 49 10 16 34 38 26 41,25 42 20 49 10 16 34 38 26 41 33 29,1,1,1,0.10557579928832983,0.36377164444039234,6.000000000000001,2007-01-02,2015-03-27,872,"{""C_proxy"": 0.2, ""features"": [""long_z"", ""recent20_z"", ""recent50_z"", ""recent100_z"", ""ewma_z"", ""gap_z"", ""transition_z"", ""in_last_draw""], ""include_number"": true, ""retrain_interval"": 1, ""seed"": 20260728, ""shrink_strength"": 0.1}",audited-1.0.0-online-SGD-r1,FullFeatureLogistic
873,104000032,2015-04-03,13 32 36 40 42 43,25 42 20 49 10 16,25 42 20 49 10 16 34 38 26 41,25 42 20 49 10 16 34 38 26 41 33 12,1,1,1,0.10791665044194164,0.37362935712667983,6.0,2007-01-02,2015-03-31,873,"{""C_proxy"": 0.2, ""features"": [""long_z"", ""recent20_z"", ""recent50_z"", ""recent100_z"", ""ewma_z"", ""gap_z"", ""transition_z"", ""in_last_draw""], ""include_number"": true, ""retrain_interval"": 1, ""seed"": 20260728, ""shrink_strength"": 0.1}",audited-1.0.0-online-SGD-r1,FullFeatureLogistic
874,104000033,2015-04-07,11 17 19 33 45 47,25 20 49 16 42 10,25 20 49 16 42 10 34 38 41 26,25 20 49 16 42 10 34 38 41 26 33 12,0,0,1,0.11055522859533772,0.38518852105083734,6.0,2007-01-02,2015-04-03,874,"{""C_proxy"": 0.2, ""features"": [""long_z"", ""recent20_z"", ""recent50_z"", ""recent100_z"", ""ewma_z"", ""gap_z"", ""transition_z"", ""in_last_draw""], ""include_number"": true, ""retrain_interval"": 1, ""seed"": 20260728, ""shrink_strength"": 0.1}",audited-1.0.0-online-SGD-r1,FullFeatureLogistic
875,104000034,2015-04-10,10 11 17 20 42 44,25 20 49 42 16 34,25 20 49 42 16 34 10 38 41 26,25 20 49 42 16 34 10 38 41 26 12 29,2,3,3,0.10542323497884389,0.3641263642735387,6.0,2007-01-02,2015-04-07,875,"{""C_proxy"": 0.2, ""features"": [""long_z"", ""recent20_z"", ""recent50_z"", ""recent100_z"", ""ewma_z"", ""gap_z"", ""transition_z"", ""in_last_draw""], ""include_number"": true, ""retrain_interval"": 1, ""seed"": 20260728, ""shrink_strength"": 0.1}",audited-1.0.0-online-SGD-r1,FullFeatureLogistic
876,104000035,2015-04-14,1 22 23 38 48 49,25 49 16 34 38 42,25 49 16 34 38 42 41 26 20 10,25 49 16 34 38 42 41 26 20 10 12 33,2,2,2,0.10496131999810548,0.35950032410603017,6.000000000000001,2007-01-02,2015-04-10,876,"{""C_proxy"": 0.2, ""features"": [""long_z"", ""recent20_z"", ""recent50_z"", ""recent100_z"", ""ewma_z"", ""gap_z"", ""transition_z"", ""in_last_draw""], ""include_number"": true, ""retrain_interval"": 1, ""seed"": 20260728, ""shrink_strength"": 0.1}",audited-1.0.0-online-SGD-r1,FullFeatureLogistic
877,104000036,2015-04-17,26 32 33 36 45 47,25 16 34 20 10 42,25 16 34 20 10 42 26 41 49 38,25 16 34 20 10 42 26 41 49 38 12 33,0,1,2,0.10842689239906486,0.37551387295883215,6.000000000000001,2007-01-02,2015-04-14,877,"{""C_proxy"": 0.2, ""features"": [""long_z"", ""recent20_z"", ""recent50_z"", ""recent100_z"", ""ewma_z"", ""gap_z"", ""transition_z"", ""in_last_draw""], ""include_number"": true, ""retrain_interval"": 1, ""seed"": 20260728, ""shrink_strength"": 0.1}",audited-1.0.0-online-SGD-r1,FullFeatureLogistic
878,104000037,2015-04-21,1 3 11 22 29 33,25 16 20 34 49 42,25 16 20 34 49 42 10 41 38 26,25 16 20 34 49 42 10 41 38 26 12 29,0,0,1,0.10907224284406455,0.3775856171377764,6.0,2007-01-02,2015-04-17,878,"{""C_proxy"": 0.2, ""features"": [""long_z"", ""recent20_z"", ""recent50_z"", ""recent100_z"", ""ewma_z"", ""gap_z"", ""transition_z"", ""in_last_draw""], ""include_number"": true, ""retrain_interval"": 1, ""seed"": 20260728, ""shrink_strength"": 0.1}",audited-1.0.0-online-SGD-r1,FullFeatureLogistic
879,104000038,2015-04-24,13 25 31 35 41 46,25 16 20 49 42 34,25 16 20 49 42 34 10 26 38 41,25 16 20 49 42 34 10 26 38 41 12 9,1,2,2,0.10761195193774002,0.3753059944690629,6.000000000000001,2007-01-02,2015-04-21,879,"{""C_proxy"": 0.2, ""features"": [""long_z"", ""recent20_z"", ""recent50_z"", ""recent100_z"", ""ewma_z"", ""gap_z"", ""transition_z"", ""in_last_draw""], ""include_number"": true, ""retrain_interval"": 1, ""seed"": 20260728, ""shrink_strength"": 0.1}",audited-1.0.0-online-SGD-r1,FullFeatureLogistic
880,104000039,2015-04-28,3 5 12 26 36 44,25 16 20 42 49 34,25 16 20 42 49 34 10 38 26 9,25 16 20 42 49 34 10 38 26 9 12 41,0,1,2,0.10784969353043194,0.3727652835764601,6.000000000000001,2007-01-02,2015-04-24,880,"{""C_proxy"": 0.2, ""features"": [""long_z"", ""recent20_z"", ""recent50_z"", ""recent100_z"", ""ewma_z"", ""gap_z"", ""transition_z"", ""in_last_draw""], ""include_number"": true, ""retrain_interval"": 1, ""seed"": 20260728, ""shrink_strength"": 0.1}",audited-1.0.0-online-SGD-r1,FullFeatureLogistic
881,104000040,2015-05-01,8 15 25 29 47 49,25 16 42 20 49 34,25 16 42 20 49 34 10 38 41 9,25 16 42 20 49 34 10 38 41 9 15 7,2,2,3,0.1034159251997375,0.3537366232773622,6.0,2007-01-02,2015-04-28,881,"{""C_proxy"": 0.2, ""features"": [""long_z"", ""recent20_z"", ""recent50_z"", ""recent100_z"", ""ewma_z"", ""gap_z"", ""transition_z"", ""in_last_draw""], ""include_number"": true, ""retrain_interval"": 1, ""seed"": 20260728, ""shrink_strength"": 0.1}",audited-1.0.0-online-SGD-r1,FullFeatureLogistic
882,104000041,2015-05-05,8 28 41 42 44 49,42 20 16 25 34 10,42 20 16 25 34 10 38 41 49 9,42 20 16 25 34 10 38 41 49 9 26 7,1,3,3,0.10485577545913688,0.3594789710025056,6.000000000000001,2007-01-02,2015-05-01,882,"{""C_proxy"": 0.2, ""features"": [""long_z"", ""recent20_z"", ""recent50_z"", ""recent100_z"", ""ewma_z"", ""gap_z"", ""transition_z"", ""in_last_draw""], ""include_number"": true, ""retrain_interval"": 1, ""seed"": 20260728, ""shrink_strength"": 0.1}",audited-1.0.0-online-SGD-r1,FullFeatureLogistic
883,104000042,2015-05-08,2 10 15 28 44 49,25 20 16 34 42 10,25 20 16 34 42 10 38 9 26 7,25 20 16 34 42 10 38 9 26 7 18 12,1,1,1,0.10632515190992008,0.3655880933950893,6.0,2007-01-02,2015-05-05,883,"{""C_proxy"": 0.2, ""features"": [""long_z"", ""recent20_z"", ""recent50_z"", ""recent100_z"", ""ewma_z"", ""gap_z"", ""transition_z"", ""in_last_draw""], ""include_number"": true, ""retrain_interval"": 1, ""seed"": 20260728, ""shrink_strength"": 0.1}",audited-1.0.0-online-SGD-r1,FullFeatureLogistic
884,104000043,2015-05-12,1 13 23 29 31 33,25 16 20 42 34 38,25 16 20 42 34 38 9 10 7 26,25 16 20 42 34 38 9 10 7 26 41 18,0,0,0,0.10793233381510318,0.37195223045293385,6.0,2007-01-02,2015-05-08,884,"{""C_proxy"": 0.2, ""features"": [""long_z"", ""recent20_z"", ""recent50_z"", ""recent100_z"", ""ewma_z"", ""gap_z"", ""transition_z"", ""in_last_draw""], ""include_number"": true, ""retrain_interval"": 1, ""seed"": 20260728, ""shrink_strength"": 0.1}",audited-1.0.0-online-SGD-r1,FullFeatureLogistic
885,104000044,2015-05-15,3 6 18 27 29 32,25 20 16 42 34 38,25 20 16 42 34 38 9 10 49 26,25 20 16 42 34 38 9 10 49 26 7 41,0,0,0,0.10851209338805722,0.3746311022437349,5.999999999999999,2007-01-02,2015-05-12,885,"{""C_proxy"": 0.2, ""features"": [""long_z"", ""recent20_z"", ""recent50_z"", ""recent100_z"", ""ewma_z"", ""gap_z"", ""transition_z"", ""in_last_draw""], ""include_number"": true, ""retrain_interval"": 1, ""seed"": 20260728, ""shrink_strength"": 0.1}",audited-1.0.0-online-SGD-r1,FullFeatureLogistic
886,104000045,2015-05-19,15 16 29 39 42 46,25 16 20 42 34 38,25 16 20 42 34 38 10 9 49 26,25 16 20 42 34 38 10 9 49 26 12 41,2,2,2,0.10479164575857625,0.3597353779619686,6.0,2007-01-02,2015-05-15,886,"{""C_proxy"": 0.2, ""features"": [""long_z"", ""recent20_z"", ""recent50_z"", ""recent100_z"", ""ewma_z"", ""gap_z"", ""transition_z"", ""in_last_draw""], ""include_number"": true, ""retrain_interval"": 1, ""seed"": 20260728, ""shrink_strength"": 0.1}",audited-1.0.0-online-SGD-r1,FullFeatureLogistic
887,104000046,2015-05-22,3 21 23 28 37 43,25 20 34 38 16 10,25 20 34 38 16 10 42 9 49 26,25 20 34 38 16 10 42 9 49 26 41 12,0,0,0,0.11024386057361005,0.38330761987438844,6.0,2007-01-02,2015-05-19,887,"{""C_proxy"": 0.2, ""features"": [""long_z"", ""recent20_z"", ""recent50_z"", ""recent100_z"", ""ewma_z"", ""gap_z"", ""transition_z"", ""in_last_draw""], ""include_number"": true, ""retrain_interval"": 1, ""seed"": 20260728, ""shrink_strength"": 0.1}",audited-1.0.0-online-SGD-r1,FullFeatureLogistic
888,104000047,2015-05-26,2 10 11 20 26 45,25 20 16 38 42 34,25 20 16 38 42 34 10 49 9 26,25 20 16 38 42 34 10 49 9 26 41 7,1,3,3,0.10427613553993335,0.3570708615211686,6.0,2007-01-02,2015-05-22,888,"{""C_proxy"": 0.2, ""features"": [""long_z"", ""recent20_z"", ""recent50_z"", ""recent100_z"", ""ewma_z"", ""gap_z"", ""transition_z"", ""in_last_draw""], ""include_number"": true, ""retrain_interval"": 1, ""seed"": 20260728, ""shrink_strength"": 0.1}",audited-1.0.0-online-SGD-r1,FullFeatureLogistic
889,104000048,2015-05-29,2 5 11 28 32 34,25 16 38 42 34 20,25 16 38 42 34 20 9 49 7 41,25 16 38 42 34 20 9 49 7 41 10 12,1,1,1,0.10861320076485384,0.37669132075883116,6.0,2007-01-02,2015-05-26,889,"{""C_proxy"": 0.2, ""features"": [""long_z"", ""recent20_z"", ""recent50_z"", ""recent100_z"", ""ewma_z"", ""gap_z"", ""transition_z"", ""in_last_draw""], ""include_number"": true, ""retrain_interval"": 1, ""seed"": 20260728, ""shrink_strength"": 0.1}",audited-1.0.0-online-SGD-r1,FullFeatureLogistic
890,104000049,2015-06-02,1 7 19 20 46 47,25 16 20 38 42 49,25 16 20 38 42 49 34 10 9 26,25 16 20 38 42 49 34 10 9 26 41 12,1,1,1,0.10804537103827841,0.37398188010900296,5.999999999999999,2007-01-02,2015-05-29,890,"{""C_proxy"": 0.2, ""features"": [""long_z"", ""recent20_z"", ""recent50_z"", ""recent100_z"", ""ewma_z"", ""gap_z"", ""transition_z"", ""in_last_draw""], ""include_number"": true, ""retrain_interval"": 1, ""seed"": 20260728, ""shrink_strength"": 0.1}",audited-1.0.0-online-SGD-r1,FullFeatureLogistic
891,104000050,2015-06-05,8 21 32 35 41 48,25 16 38 42 34 49,25 16 38 42 34 49 10 9 26 20,25 16 38 42 34 49 10 9 26 20 41 12,0,0,1,0.11050888595657145,0.386272570363334,6.000000000000002,2007-01-02,2015-06-02,891,"{""C_proxy"": 0.2, ""features"": [""long_z"", ""recent20_z"", ""recent50_z"", ""recent100_z"", ""ewma_z"", ""gap_z"", ""transition_z"", ""in_last_draw""], ""include_number"": true, ""retrain_interval"": 1, ""seed"": 20260728, ""shrink_strength"": 0.1}",audited-1.0.0-online-SGD-r1,FullFeatureLogistic
892,104000051,2015-06-09,3 20 27 34 37 44,25 16 38 42 34 20,25 16 38 42 34 20 49 10 9 26,25 16 38 42 34 20 49 10 9 26 12 43,2,2,2,0.10765059617650152,0.3722065620697752,6.000000000000001,2007-01-02,2015-06-05,892,"{""C_proxy"": 0.2, ""features"": [""long_z"", ""recent20_z"", ""recent50_z"", ""recent100_z"", ""ewma_z"", ""gap_z"", ""transition_z"", ""in_last_draw""], ""include_number"": true, ""retrain_interval"": 1, ""seed"": 20260728, ""shrink_strength"": 0.1}",audited-1.0.0-online-SGD-r1,FullFeatureLogistic
893,104000052,2015-06-12,8 19 22 24 26 28,25 16 38 42 49 10,25 16 38 42 49 10 9 26 34 12,25 16 38 42 49 10 9 26 34 12 43 15,0,1,1,0.10989812182716545,0.3817798174899111,5.999999999999999,2007-01-02,2015-06-09,893,"{""C_proxy"": 0.2, ""features"": [""long_z"", ""recent20_z"", ""recent50_z"", ""recent100_z"", ""ewma_z"", ""gap_z"", ""transition_z"", ""in_last_draw""], ""include_number"": true, ""retrain_interval"": 1, ""seed"": 20260728, ""shrink_strength"": 0.1}",audited-1.0.0-online-SGD-r1,FullFeatureLogistic
894,104000053,2015-06-16,3 4 25 35 41 45,25 16 38 42 49 10,25 16 38 42 49 10 20 9 34 12,25 16 38 42 49 10 20 9 34 12 15 41,1,1,2,0.10754693322981015,0.3743870293431117,6.0,2007-01-02,2015-06-12,894,"{""C_proxy"": 0.2, ""features"": [""long_z"", ""recent20_z"", ""recent50_z"", ""recent100_z"", ""ewma_z"", ""gap_z"", ""transition_z"", ""in_last_draw""], ""include_number"": true, ""retrain_interval"": 1, ""seed"": 20260728, ""shrink_strength"": 0.1}",audited-1.0.0-online-SGD-r1,FullFeatureLogistic
895,104000054,2015-06-19,3 5 11 18 25 38,25 16 42 38 49 10,25 16 42 38 49 10 20 34 9 12,25 16 42 38 49 10 20 34 9 12 26 43,2,2,2,0.10533849007464645,0.3629524496274409,6.000000000000001,2007-01-02,2015-06-16,895,"{""C_proxy"": 0.2, ""features"": [""long_z"", ""recent20_z"", ""recent50_z"", ""recent100_z"", ""ewma_z"", ""gap_z"", ""transition_z"", ""in_last_draw""], ""include_number"": true, ""retrain_interval"": 1, ""seed"": 20260728, ""shrink_strength"": 0.1}",audited-1.0.0-online-SGD-r1,FullFeatureLogistic
896,104000055,2015-06-23,2 13 33 35 43 45,16 42 25 49 38 20,16 42 25 49 38 20 10 34 9 12,16 42 25 49 38 20 10 34 9 12 26 15,0,0,0,0.10833006784141021,0.3762455887852158,6.0,2007-01-02,2015-06-19,896,"{""C_proxy"": 0.2, ""features"": [""long_z"", ""recent20_z"", ""recent50_z"", ""recent100_z"", ""ewma_z"", ""gap_z"", ""transition_z"", ""in_last_draw""], ""include_number"": true, ""retrain_interval"": 1, ""seed"": 20260728, ""shrink_strength"": 0.1}",audited-1.0.0-online-SGD-r1,FullFeatureLogistic
897,104000056,2015-06-26,5 6 12 28 29 41,25 16 42 38 49 20,25 16 42 38 49 20 10 34 9 12,25 16 42 38 49 20 10 34 9 12 26 15,0,1,1,0.10647631695058253,0.36523574153810645,6.000000000000001,2007-01-02,2015-06-23,897,"{""C_proxy"": 0.2, ""features"": [""long_z"", ""recent20_z"", ""recent50_z"", ""recent100_z"", ""ewma_z"", ""gap_z"", ""transition_z"", ""in_last_draw""], ""include_number"": true, ""retrain_interval"": 1, ""seed"": 20260728, ""shrink_strength"": 0.1}",audited-1.0.0-online-SGD-r1,FullFeatureLogistic
898,104000057,2015-06-30,18 19 32 35 46 48,25 16 42 49 38 20,25 16 42 49 38 20 10 34 9 26,25 16 42 49 38 20 10 34 9 26 15 39,0,0,0,0.11273762863779441,0.39798781367003294,6.0,2007-01-02,2015-06-26,898,"{""C_proxy"": 0.2, ""features"": [""long_z"", ""recent20_z"", ""recent50_z"", ""recent100_z"", ""ewma_z"", ""gap_z"", ""transition_z"", ""in_last_draw""], ""include_number"": true, ""retrain_interval"": 1, ""seed"": 20260728, ""shrink_strength"": 0.1}",audited-1.0.0-online-SGD-r1,FullFeatureLogistic
899,104000058,2015-07-03,21 23 28 29 41 46,25 42 16 49 38 20,25 42 16 49 38 20 10 34 9 26,25 42 16 49 38 20 10 34 9 26 15 12,0,0,0,0.1104796458247142,0.3842263551800836,6.000000000000001,2007-01-02,2015-06-30,899,"{""C_proxy"": 0.2, ""features"": [""long_z"", ""recent20_z"", ""recent50_z"", ""recent100_z"", ""ewma_z"", ""gap_z"", ""transition_z"", ""in_last_draw""], ""include_number"": true, ""retrain_interval"": 1, ""seed"": 20260728, ""shrink_strength"": 0.1}",audited-1.0.0-online-SGD-r1,FullFeatureLogistic
900,104000059,2015-07-07,1 14 27 33 42 46,25 16 42 49 38 20,25 16 42 49 38 20 10 34 9 26,25 16 42 49 38 20 10 34 9 26 15 12,1,1,1,0.10957166455595446,0.3821109138257862,6.000000000000002,2007-01-02,2015-07-03,900,"{""C_proxy"": 0.2, ""features"": [""long_z"", ""recent20_z"", ""recent50_z"", ""recent100_z"", ""ewma_z"", ""gap_z"", ""transition_z"", ""in_last_draw""], ""include_number"": true, ""retrain_interval"": 1, ""seed"": 20260728, ""shrink_strength"": 0.1}",audited-1.0.0-online-SGD-r1,FullFeatureLogistic
901,104000060,2015-07-10,5 6 13 26 29 47,25 16 49 20 38 10,25 16 49 20 38 10 42 34 9 15,25 16 49 20 38 10 42 34 9 15 26 12,0,0,1,0.10680474624835727,0.36642827478709183,5.999999999999999,2007-01-02,2015-07-07,901,"{""C_proxy"": 0.2, ""features"": [""long_z"", ""recent20_z"", ""recent50_z"", ""recent100_z"", ""ewma_z"", ""gap_z"", ""transition_z"", ""in_last_draw""], ""include_number"": true, ""retrain_interval"": 1, ""seed"": 20260728, ""shrink_strength"": 0.1}",audited-1.0.0-online-SGD-r1,FullFeatureLogistic
902,104000061,2015-07-14,10 12 14 19 30 45,25 16 49 20 38 42,25 16 49 20 38 42 10 34 9 15,25 16 49 20 38 42 10 34 9 15 43 12,0,1,2,0.1110639179013389,0.391367420491486,5.999999999999999,2007-01-02,2015-07-10,902,"{""C_proxy"": 0.2, ""features"": [""long_z"", ""recent20_z"", ""recent50_z"", ""recent100_z"", ""ewma_z"", ""gap_z"", ""transition_z"", ""in_last_draw""], ""include_number"": true, ""retrain_interval"": 1, ""seed"": 20260728, ""shrink_strength"": 0.1}",audited-1.0.0-online-SGD-r1,FullFeatureLogistic
903,104000062,2015-07-17,4 7 20 27 33 40,25 16 49 20 38 42,25 16 49 20 38 42 34 9 10 15,25 16 49 20 38 42 34 9 10 15 43 26,1,1,1,0.10643953364394829,0.3657955903842672,6.0,2007-01-02,2015-07-14,903,"{""C_proxy"": 0.2, ""features"": [""long_z"", ""recent20_z"", ""recent50_z"", ""recent100_z"", ""ewma_z"", ""gap_z"", ""transition_z"", ""in_last_draw""], ""include_number"": true, ""retrain_interval"": 1, ""seed"": 20260728, ""shrink_strength"": 0.1}",audited-1.0.0-online-SGD-r1,FullFeatureLogistic
904,104000063,2015-07-21,8 9 16 39 40 44,25 16 49 38 42 34,25 16 49 38 42 34 10 20 9 43,25 16 49 38 42 34 10 20 9 43 15 26,1,2,2,0.10454833608006778,0.35749744545256196,6.000000000000001,2007-01-02,2015-07-17,904,"{""C_proxy"": 0.2, ""features"": [""long_z"", ""recent20_z"", ""recent50_z"", ""recent100_z"", ""ewma_z"", ""gap_z"", ""transition_z"", ""in_last_draw""], ""include_number"": true, ""retrain_interval"": 1, ""seed"": 20260728, ""shrink_strength"": 0.1}",audited-1.0.0-online-SGD-r1,FullFeatureLogistic
905,104000064,2015-07-24,10 12 25 33 39 42,25 49 38 42 20 16,25 49 38 42 20 16 34 10 43 9,25 49 38 42 20 16 34 10 43 9 15 26,2,3,3,0.10148845432529004,0.3454263756225942,6.000000000000001,2007-01-02,2015-07-21,905,"{""C_proxy"": 0.2, ""features"": [""long_z"", ""recent20_z"", ""recent50_z"", ""recent100_z"", ""ewma_z"", ""gap_z"", ""transition_z"", ""in_last_draw""], ""include_number"": true, ""retrain_interval"": 1, ""seed"": 20260728, ""shrink_strength"": 0.1}",audited-1.0.0-online-SGD-r1,FullFeatureLogistic
906,104000065,2015-07-28,6 15 27 32 44 49,49 25 38 16 20 34,49 25 38 16 20 34 42 9 43 26,49 25 38 16 20 34 42 9 43 26 15 10,1,1,2,0.10704719798761292,0.3695652673494483,6.000000000000002,2007-01-02,2015-07-24,906,"{""C_proxy"": 0.2, ""features"": [""long_z"", ""recent20_z"", ""recent50_z"", ""recent100_z"", ""ewma_z"", ""gap_z"", ""transition_z"", ""in_last_draw""], ""include_number"": true, ""retrain_interval"": 1, ""seed"": 20260728, ""shrink_strength"": 0.1}",audited-1.0.0-online-SGD-r1,FullFeatureLogistic
907,104000066,2015-07-31,13 16 18 30 32 40,25 20 38 16 34 49,25 20 38 16 34 49 42 9 10 26,25 20 38 16 34 49 42 9 10 26 43 41,1,1,1,0.10834733664497793,0.37776992191029357,5.999999999999999,2007-01-02,2015-07-28,907,"{""C_proxy"": 0.2, ""features"": [""long_z"", ""recent20_z"", ""recent50_z"", ""recent100_z"", ""ewma_z"", ""gap_z"", ""transition_z"", ""in_last_draw""], ""include_number"": true, ""retrain_interval"": 1, ""seed"": 20260728, ""shrink_strength"": 0.1}",audited-1.0.0-online-SGD-r1,FullFeatureLogistic
908,104000067,2015-08-04,3 12 17 19 38 48,25 20 49 38 34 42,25 20 49 38 34 42 16 9 10 26,25 20 49 38 34 42 16 9 10 26 43 41,1,1,1,0.10794364127721323,0.37362651439196454,6.000000000000001,2007-01-02,2015-07-31,908,"{""C_proxy"": 0.2, ""features"": [""long_z"", ""recent20_z"", ""recent50_z"", ""recent100_z"", ""ewma_z"", ""gap_z"", ""transition_z"", ""in_last_draw""], ""include_number"": true, ""retrain_interval"": 1, ""seed"": 20260728, ""shrink_strength"": 0.1}",audited-1.0.0-online-SGD-r1,FullFeatureLogistic
909,104000068,2015-08-07,25 26 27 28 36 37,25 49 20 34 42 38,25 49 20 34 42 38 16 9 26 41,25 49 20 34 42 38 16 9 26 41 10 43,1,2,2,0.10764569564862699,0.3737148875051874,6.0,2007-01-02,2015-08-04,909,"{""C_proxy"": 0.2, ""features"": [""long_z"", ""recent20_z"", ""recent50_z"", ""recent100_z"", ""ewma_z"", ""gap_z"", ""transition_z"", ""in_last_draw""], ""include_number"": true, ""retrain_interval"": 1, ""seed"": 20260728, ""shrink_strength"": 0.1}",audited-1.0.0-online-SGD-r1,FullFeatureLogistic
910,104000069,2015-08-11,1 2 35 43 45 46,20 49 25 34 38 42,20 49 25 34 38 42 16 9 10 43,20 49 25 34 38 42 16 9 10 43 41 15,0,1,1,0.10982712642031468,0.38367742168738506,6.000000000000001,2007-01-02,2015-08-07,910,"{""C_proxy"": 0.2, ""features"": [""long_z"", ""recent20_z"", ""recent50_z"", ""recent100_z"", ""ewma_z"", ""gap_z"", ""transition_z"", ""in_last_draw""], ""include_number"": true, ""retrain_interval"": 1, ""seed"": 20260728, ""shrink_strength"": 0.1}",audited-1.0.0-online-SGD-r1,FullFeatureLogistic
911,104000070,2015-08-14,5 13 14 23 24 42,25 20 49 38 34 42,25 20 49 38 34 42 16 9 10 41,25 20 49 38 34 42 16 9 10 41 15 26,1,1,1,0.10864398993446264,0.3772323033856551,6.0,2007-01-02,2015-08-11,911,"{""C_proxy"": 0.2, ""features"": [""long_z"", ""recent20_z"", ""recent50_z"", ""recent100_z"", ""ewma_z"", ""gap_z"", ""transition_z"", ""in_last_draw""], ""include_number"": true, ""retrain_interval"": 1, ""seed"": 20260728, ""shrink_strength"": 0.1}",audited-1.0.0-online-SGD-r1,FullFeatureLogistic
912,104000071,2015-08-18,8 20 29 30 42 49,25 20 49 38 34 16,25 20 49 38 34 16 9 10 42 15,25 20 49 38 34 16 9 10 42 15 26 41,2,3,3,0.10537809346164742,0.3652118785508655,6.000000000000001,2007-01-02,2015-08-14,912,"{""C_proxy"": 0.2, ""features"": [""long_z"", ""recent20_z"", ""recent50_z"", ""recent100_z"", ""ewma_z"", ""gap_z"", ""transition_z"", ""in_last_draw""], ""include_number"": true, ""retrain_interval"": 1, ""seed"": 20260728, ""shrink_strength"": 0.1}",audited-1.0.0-online-SGD-r1,FullFeatureLogistic
913,104000072,2015-08-21,10 15 20 21 27 36,25 38 34 16 9 49,25 38 34 16 9 49 10 20 15 26,25 38 34 16 9 49 10 20 15 26 41 43,0,3,3,0.10749586000209616,0.372108805655588,6.0,2007-01-02,2015-08-18,913,"{""C_proxy"": 0.2, ""features"": [""long_z"", ""recent20_z"", ""recent50_z"", ""recent100_z"", ""ewma_z"", ""gap_z"", ""transition_z"", ""in_last_draw""], ""include_number"": true, ""retrain_interval"": 1, ""seed"": 20260728, ""shrink_strength"": 0.1}",audited-1.0.0-online-SGD-r1,FullFeatureLogistic
914,104000073,2015-08-25,13 15 22 26 45 47,25 49 38 34 16 9,25 49 38 34 16 9 26 42 41 43,25 49 38 34 16 9 26 42 41 43 20 13,0,1,2,0.10616727334833487,0.36397924881282456,6.0,2007-01-02,2015-08-21,914,"{""C_proxy"": 0.2, ""features"": [""long_z"", ""recent20_z"", ""recent50_z"", ""recent100_z"", ""ewma_z"", ""gap_z"", ""transition_z"", ""in_last_draw""], ""include_number"": true, ""retrain_interval"": 1, ""seed"": 20260728, ""shrink_strength"": 0.1}",audited-1.0.0-online-SGD-r1,FullFeatureLogistic
915,104000074,2015-08-28,8 11 12 15 40 46,25 49 38 16 34 9,25 49 38 16 34 9 20 42 10 41,25 49 38 16 34 9 20 42 10 41 43 7,0,0,0,0.10958589270819832,0.3801210387070005,5.999999999999999,2007-01-02,2015-08-25,915,"{""C_proxy"": 0.2, ""features"": [""long_z"", ""recent20_z"", ""recent50_z"", ""recent100_z"", ""ewma_z"", ""gap_z"", ""transition_z"", ""in_last_draw""], ""include_number"": true, ""retrain_interval"": 1, ""seed"": 20260728, ""shrink_strength"": 0.1}",audited-1.0.0-online-SGD-r1,FullFeatureLogistic
916,104000075,2015-09-01,9 18 19 20 40 48,25 49 16 38 34 20,25 49 16 38 34 20 9 42 10 41,25 49 16 38 34 20 9 42 10 41 26 43,1,2,2,0.10604359819121142,0.3645521521850799,6.0,2007-01-02,2015-08-28,916,"{""C_proxy"": 0.2, ""features"": [""long_z"", ""recent20_z"", ""recent50_z"", ""recent100_z"", ""ewma_z"", ""gap_z"", ""transition_z"", ""in_last_draw""], ""include_number"": true, ""retrain_interval"": 1, ""seed"": 20260728, ""shrink_strength"": 0.1}",audited-1.0.0-online-SGD-r1,FullFeatureLogistic
917,104000076,2015-09-04,19 20 44 46 47 49,25 49 16 38 34 42,25 49 16 38 34 42 10 26 9 41,25 49 16 38 34 42 10 26 9 41 43 20,1,1,2,0.10868628038869116,0.3780565541868737,5.999999999999999,2007-01-02,2015-09-01,917,"{""C_proxy"": 0.2, ""features"": [""long_z"", ""recent20_z"", ""recent50_z"", ""recent100_z"", ""ewma_z"", ""gap_z"", ""transition_z"", ""in_last_draw""], ""include_number"": true, ""retrain_interval"": 1, ""seed"": 20260728, ""shrink_strength"": 0.1}",audited-1.0.0-online-SGD-r1,FullFeatureLogistic
918,104000077,2015-09-08,8 28 31 32 36 43,25 38 16 34 42 10,25 38 16 34 42 10 49 9 26 43,25 38 16 34 42 10 49 9 26 43 41 13,0,1,1,0.11056465315687493,0.3851091325648068,6.000000000000002,2007-01-02,2015-09-04,918,"{""C_proxy"": 0.2, ""features"": [""long_z"", ""recent20_z"", ""recent50_z"", ""recent100_z"", ""ewma_z"", ""gap_z"", ""transition_z"", ""in_last_draw""], ""include_number"": true, ""retrain_interval"": 1, ""seed"": 20260728, ""shrink_strength"": 0.1}",audited-1.0.0-online-SGD-r1,FullFeatureLogistic
919,104000078,2015-09-11,5 10 18 29 41 44,25 38 16 49 42 34,25 38 16 49 42 34 10 9 26 20,25 38 16 49 42 34 10 9 26 20 13 41,0,1,2,0.10550047014519773,0.36077084947523713,6.000000000000001,2007-01-02,2015-09-08,919,"{""C_proxy"": 0.2, ""features"": [""long_z"", ""recent20_z"", ""recent50_z"", ""recent100_z"", ""ewma_z"", ""gap_z"", ""transition_z"", ""in_last_draw""], ""include_number"": true, ""retrain_interval"": 1, ""seed"": 20260728, ""shrink_strength"": 0.1}",audited-1.0.0-online-SGD-r1,FullFeatureLogistic
920,104000079,2015-09-15,2 13 30 31 34 44,25 38 16 49 42 34,25 38 16 49 42 34 26 9 20 13,25 38 16 49 42 34 26 9 20 13 43 2,1,2,3,0.10829079256852775,0.3768920111142071,6.0,2007-01-02,2015-09-11,920,"{""C_proxy"": 0.2, ""features"": [""long_z"", ""recent20_z"", ""recent50_z"", ""recent100_z"", ""ewma_z"", ""gap_z"", ""transition_z"", ""in_last_draw""], ""include_number"": true, ""retrain_interval"": 1, ""seed"": 20260728, ""shrink_strength"": 0.1}",audited-1.0.0-online-SGD-r1,FullFeatureLogistic
921,104000080,2015-09-18,6 16 17 36 37 41,25 38 16 49 42 34,25 38 16 49 42 34 26 9 20 10,25 38 16 49 42 34 26 9 20 10 41 43,1,1,2,0.10872187747065305,0.3777764152003303,6.000000000000001,2007-01-02,2015-09-15,921,"{""C_proxy"": 0.2, ""features"": [""long_z"", ""recent20_z"", ""recent50_z"", ""recent100_z"", ""ewma_z"", ""gap_z"", ""transition_z"", ""in_last_draw""], ""include_number"": true, ""retrain_interval"": 1, ""seed"": 20260728, ""shrink_strength"": 0.1}",audited-1.0.0-online-SGD-r1,FullFeatureLogistic
922,104000081,2015-09-22,6 10 39 44 46 47,25 38 34 49 42 16,25 38 34 49 42 16 26 9 20 10,25 38 34 49 42 16 26 9 20 10 43 39,0,1,2,0.10966110921210294,0.380861807061614,6.000000000000001,2007-01-02,2015-09-18,922,"{""C_proxy"": 0.2, ""features"": [""long_z"", ""recent20_z"", ""recent50_z"", ""recent100_z"", ""ewma_z"", ""gap_z"", ""transition_z"", ""in_last_draw""], ""include_number"": true, ""retrain_interval"": 1, ""seed"": 20260728, ""shrink_strength"": 0.1}",audited-1.0.0-online-SGD-r1,FullFeatureLogistic
923,104000082,2015-09-25,9 13 21 25 38 39,25 49 34 16 38 42,25 49 34 16 38 42 26 20 9 43,25 49 34 16 38 42 26 20 9 43 12 15,2,3,3,0.10212181570934349,0.3484970470136113,6.000000000000001,2007-01-02,2015-09-22,923,"{""C_proxy"": 0.2, ""features"": [""long_z"", ""recent20_z"", ""recent50_z"", ""recent100_z"", ""ewma_z"", ""gap_z"", ""transition_z"", ""in_last_draw""], ""include_number"": true, ""retrain_interval"": 1, ""seed"": 20260728, ""shrink_strength"": 0.1}",audited-1.0.0-online-SGD-r1,FullFeatureLogistic
924,104000083,2015-09-29,1 3 25 31 35 44,25 49 34 16 42 38,25 49 34 16 42 38 26 20 43 10,25 49 34 16 42 38 26 20 43 10 15 12,1,1,1,0.10856103587831119,0.3786880262167149,6.0,2007-01-02,2015-09-25,924,"{""C_proxy"": 0.2, ""features"": [""long_z"", ""recent20_z"", ""recent50_z"", ""recent100_z"", ""ewma_z"", ""gap_z"", ""transition_z"", ""in_last_draw""], ""include_number"": true, ""retrain_interval"": 1, ""seed"": 20260728, ""shrink_strength"": 0.1}",audited-1.0.0-online-SGD-r1,FullFeatureLogistic
925,104000084,2015-10-02,11 15 36 41 44 45,49 34 25 42 16 38,49 34 25 42 16 38 26 20 43 9,49 34 25 42 16 38 26 20 43 9 15 12,0,0,1,0.11017853372418629,0.3842223292145071,6.000000000000001,2007-01-02,2015-09-29,925,"{""C_proxy"": 0.2, ""features"": [""long_z"", ""recent20_z"", ""recent50_z"", ""recent100_z"", ""ewma_z"", ""gap_z"", ""transition_z"", ""in_last_draw""], ""include_number"": true, ""retrain_interval"": 1, ""seed"": 20260728, ""shrink_strength"": 0.1}",audited-1.0.0-online-SGD-r1,FullFeatureLogistic
926,104000085,2015-10-06,3 8 10 28 38 47,25 49 34 16 42 38,25 49 34 16 42 38 26 20 43 9,25 49 34 16 42 38 26 20 43 9 12 10,1,1,2,0.107159702005439,0.3690724228764095,6.000000000000001,2007-01-02,2015-10-02,926,"{""C_proxy"": 0.2, ""features"": [""long_z"", ""recent20_z"", ""recent50_z"", ""recent100_z"", ""ewma_z"", ""gap_z"", ""transition_z"", ""in_last_draw""], ""include_number"": true, ""retrain_interval"": 1, ""seed"": 20260728, ""shrink_strength"": 0.1}",audited-1.0.0-online-SGD-r1,FullFeatureLogistic
927,104000086,2015-10-09,2 8 22 27 35 43,25 34 16 49 42 26,25 34 16 49 42 26 20 38 9 43,25 34 16 49 42 26 20 38 9 43 12 15,0,1,1,0.11016597985131242,0.38506913811410187,6.0,2007-01-02,2015-10-06,927,"{""C_proxy"": 0.2, ""features"": [""long_z"", ""recent20_z"", ""recent50_z"", ""recent100_z"", ""ewma_z"", ""gap_z"", ""transition_z"", ""in_last_draw""], ""include_number"": true, ""retrain_interval"": 1, ""seed"": 20260728, ""shrink_strength"": 0.1}",audited-1.0.0-online-SGD-r1,FullFeatureLogistic
928,104000087,2015-10-13,24 29 31 32 44 49,25 34 49 16 42 20,25 34 49 16 42 20 26 38 9 12,25 34 49 16 42 20 26 38 9 12 15 29,1,1,2,0.10896479367843101,0.3784914276456983,6.000000000000001,2007-01-02,2015-10-09,928,"{""C_proxy"": 0.2, ""features"": [""long_z"", ""recent20_z"", ""recent50_z"", ""recent100_z"", ""ewma_z"", ""gap_z"", ""transition_z"", ""in_last_draw""], ""include_number"": true, ""retrain_interval"": 1, ""seed"": 20260728, ""shrink_strength"": 0.1}",audited-1.0.0-online-SGD-r1,FullFeatureLogistic
929,104000088,2015-10-16,20 25 29 31 40 44,25 42 34 16 20 26,25 42 34 16 20 26 38 49 9 12,25 42 34 16 20 26 38 49 9 12 15 13,2,2,2,0.10622921255297946,0.3676082121086402,6.0,2007-01-02,2015-10-13,929,"{""C_proxy"": 0.2, ""features"": [""long_z"", ""recent20_z"", ""recent50_z"", ""recent100_z"", ""ewma_z"", ""gap_z"", ""transition_z"", ""in_last_draw""], ""include_number"": true, ""retrain_interval"": 1, ""seed"": 20260728, ""shrink_strength"": 0.1}",audited-1.0.0-online-SGD-r1,FullFeatureLogistic
930,104000089,2015-10-20,12 17 32 37 38 39,42 34 25 16 49 38,42 34 25 16 49 38 26 9 15 13,42 34 25 16 49 38 26 9 15 13 12 20,1,1,2,0.10856401752545307,0.3768123183174317,6.000000000000001,2007-01-02,2015-10-16,930,"{""C_proxy"": 0.2, ""features"": [""long_z"", ""recent20_z"", ""recent50_z"", ""recent100_z"", ""ewma_z"", ""gap_z"", ""transition_z"", ""in_last_draw""], ""include_number"": true, ""retrain_interval"": 1, ""seed"": 20260728, ""shrink_strength"": 0.1}",audited-1.0.0-online-SGD-r1,FullFeatureLogistic
931,104000090,2015-10-23,1 16 41 43 46 47,25 42 16 49 34 20,25 42 16 49 34 20 26 9 15 38,25 42 16 49 34 20 26 9 15 38 13 10,1,1,1,0.10639252629186893,0.3660731714830087,6.000000000000001,2007-01-02,2015-10-20,931,"{""C_proxy"": 0.2, ""features"": [""long_z"", ""recent20_z"", ""recent50_z"", ""recent100_z"", ""ewma_z"", ""gap_z"", ""transition_z"", ""in_last_draw""], ""include_number"": true, ""retrain_interval"": 1, ""seed"": 20260728, ""shrink_strength"": 0.1}",audited-1.0.0-online-SGD-r1,FullFeatureLogistic
932,104000091,2015-10-27,7 8 10 17 34 36,25 42 34 49 20 16,25 42 34 49 20 16 26 38 9 13,25 42 34 49 20 16 26 38 9 13 10 15,1,1,2,0.10829421074021478,0.37652433350924375,6.000000000000001,2007-01-02,2015-10-23,932,"{""C_proxy"": 0.2, ""features"": [""long_z"", ""recent20_z"", ""recent50_z"", ""recent100_z"", ""ewma_z"", ""gap_z"", ""transition_z"", ""in_last_draw""], ""include_number"": true, ""retrain_interval"": 1, ""seed"": 20260728, ""shrink_strength"": 0.1}",audited-1.0.0-online-SGD-r1,FullFeatureLogistic
933,104000092,2015-10-30,3 6 8 15 20 30,25 42 49 16 20 34,25 42 49 16 20 34 26 38 9 13,25 42 49 16 20 34 26 38 9 13 15 12,1,1,2,0.10881538563495284,0.37944665948363393,6.0,2007-01-02,2015-10-27,933,"{""C_proxy"": 0.2, ""features"": [""long_z"", ""recent20_z"", ""recent50_z"", ""recent100_z"", ""ewma_z"", ""gap_z"", ""transition_z"", ""in_last_draw""], ""include_number"": true, ""retrain_interval"": 1, ""seed"": 20260728, ""shrink_strength"": 0.1}",audited-1.0.0-online-SGD-r1,FullFeatureLogistic
934,104000093,2015-11-03,8 16 22 28 45 48,25 42 49 34 16 38,25 42 49 34 16 38 26 9 13 12,25 42 49 34 16 38 26 9 13 12 7 20,1,1,1,0.10699727697335783,0.3688117011958231,6.0,2007-01-02,2015-10-30,934,"{""C_proxy"": 0.2, ""features"": [""long_z"", ""recent20_z"", ""recent50_z"", ""recent100_z"", ""ewma_z"", ""gap_z"", ""transition_z"", ""in_last_draw""], ""include_number"": true, ""retrain_interval"": 1, ""seed"": 20260728, ""shrink_strength"": 0.1}",audited-1.0.0-online-SGD-r1,FullFeatureLogistic
935,104000094,2015-11-06,8 24 27 30 45 49,25 42 49 34 38 20,25 42 49 34 38 20 26 9 16 13,25 42 49 34 38 20 26 9 16 13 12 7,1,1,1,0.11145788173782226,0.3928270971440615,6.000000000000001,2007-01-02,2015-11-03,935,"{""C_proxy"": 0.2, ""features"": [""long_z"", ""recent20_z"", ""recent50_z"", ""recent100_z"", ""ewma_z"", ""gap_z"", ""transition_z"", ""in_last_draw""], ""include_number"": true, ""retrain_interval"": 1, ""seed"": 20260728, ""shrink_strength"": 0.1}",audited-1.0.0-online-SGD-r1,FullFeatureLogistic
936,104000095,2015-11-10,7 10 11 27 28 45,25 42 34 38 20 16,25 42 34 38 20 16 26 49 9 13,25 42 34 38 20 16 26 49 9 13 12 10,0,0,1,0.10931662658150224,0.3790530926731995,6.0,2007-01-02,2015-11-06,936,"{""C_proxy"": 0.2, ""features"": [""long_z"", ""recent20_z"", ""recent50_z"", ""recent100_z"", ""ewma_z"", ""gap_z"", ""transition_z"", ""in_last_draw""], ""include_number"": true, ""retrain_interval"": 1, ""seed"": 20260728, ""shrink_strength"": 0.1}",audited-1.0.0-online-SGD-r1,FullFeatureLogistic
937,104000096,2015-11-13,1 11 16 18 31 33,25 42 34 49 38 20,25 42 34 49 38 20 16 26 13 9,25 42 34 49 38 20 16 26 13 9 12 15,0,1,1,0.10794336626624905,0.3730164291196944,6.0,2007-01-02,2015-11-10,937,"{""C_proxy"": 0.2, ""features"": [""long_z"", ""recent20_z"", ""recent50_z"", ""recent100_z"", ""ewma_z"", ""gap_z"", ""transition_z"", ""in_last_draw""], ""include_number"": true, ""retrain_interval"": 1, ""seed"": 20260728, ""shrink_strength"": 0.1}",audited-1.0.0-online-SGD-r1,FullFeatureLogistic
938,104000097,2015-11-17,2 7 26 31 44 47,25 42 38 49 34 20,25 42 38 49 34 20 26 13 9 12,25 42 38 49 34 20 26 13 9 12 16 15,0,1,1,0.10853092652855321,0.37571111375750416,6.0,2007-01-02,2015-11-13,938,"{""C_proxy"": 0.2, ""features"": [""long_z"", ""recent20_z"", ""recent50_z"", ""recent100_z"", ""ewma_z"", ""gap_z"", ""transition_z"", ""in_last_draw""], ""include_number"": true, ""retrain_interval"": 1, ""seed"": 20260728, ""shrink_strength"": 0.1}",audited-1.0.0-online-SGD-r1,FullFeatureLogistic
939,104000098,2015-11-20,4 9 10 39 40 42,25 42 38 34 20 49,25 42 38 34 20 49 13 16 12 9,25 42 38 34 20 49 13 16 12 9 15 26,1,2,2,0.10401172567655059,0.35475304663193835,5.999999999999999,2007-01-02,2015-11-17,939,"{""C_proxy"": 0.2, ""features"": [""long_z"", ""recent20_z"", ""recent50_z"", ""recent100_z"", ""ewma_z"", ""gap_z"", ""transition_z"", ""in_last_draw""], ""include_number"": true, ""retrain_interval"": 1, ""seed"": 20260728, ""shrink_strength"": 0.1}",audited-1.0.0-online-SGD-r1,FullFeatureLogistic
940,104000099,2015-11-24,1 9 13 28 29 48,25 42 38 20 49 34,25 42 38 20 49 34 13 16 26 12,25 42 38 20 49 34 13 16 26 12 15 43,0,1,1,0.10595998858965762,0.362901047792733,5.999999999999999,2007-01-02,2015-11-20,940,"{""C_proxy"": 0.2, ""features"": [""long_z"", ""recent20_z"", ""recent50_z"", ""recent100_z"", ""ewma_z"", ""gap_z"", ""transition_z"", ""in_last_draw""], ""include_number"": true, ""retrain_interval"": 1, ""seed"": 20260728, ""shrink_strength"": 0.1}",audited-1.0.0-online-SGD-r1,FullFeatureLogistic
941,104000100,2015-11-27,4 5 23 25 40 41,25 42 38 20 49 34,25 42 38 20 49 34 16 26 12 15,25 42 38 20 49 34 16 26 12 15 13 43,1,1,1,0.1041800475021566,0.35700262451983916,6.0,2007-01-02,2015-11-24,941,"{""C_proxy"": 0.2, ""features"": [""long_z"", ""recent20_z"", ""recent50_z"", ""recent100_z"", ""ewma_z"", ""gap_z"", ""transition_z"", ""in_last_draw""], ""include_number"": true, ""retrain_interval"": 1, ""seed"": 20260728, ""shrink_strength"": 0.1}",audited-1.0.0-online-SGD-r1,FullFeatureLogistic
942,104000101,2015-12-01,6 13 15 19 37 41,25 42 38 20 34 49,25 42 38 20 34 49 16 26 13 12,25 42 38 20 34 49 16 26 13 12 15 43,0,1,2,0.10739800492255507,0.3704891551583247,5.999999999999999,2007-01-02,2015-11-27,942,"{""C_proxy"": 0.2, ""features"": [""long_z"", ""recent20_z"", ""recent50_z"", ""recent100_z"", ""ewma_z"", ""gap_z"", ""transition_z"", ""in_last_draw""], ""include_number"": true, ""retrain_interval"": 1, ""seed"": 20260728, ""shrink_strength"": 0.1}",audited-1.0.0-online-SGD-r1,FullFeatureLogistic
943,104000102,2015-12-04,16 21 34 37 41 47,25 42 38 20 49 34,25 42 38 20 49 34 16 26 12 43,25 42 38 20 49 34 16 26 12 43 33 5,1,2,2,0.10785645326114067,0.3731803286260799,6.0,2007-01-02,2015-12-01,943,"{""C_proxy"": 0.2, ""features"": [""long_z"", ""recent20_z"", ""recent50_z"", ""recent100_z"", ""ewma_z"", ""gap_z"", ""transition_z"", ""in_last_draw""], ""include_number"": true, ""retrain_interval"": 1, ""seed"": 20260728, ""shrink_strength"": 0.1}",audited-1.0.0-online-SGD-r1,FullFeatureLogistic
944,104000103,2015-12-08,8 15 32 36 40 43,25 42 38 20 49 26,25 42 38 20 49 26 12 34 15 33,25 42 38 20 49 26 12 34 15 33 16 43,0,1,2,0.10970075204614077,0.38172638053177455,5.999999999999999,2007-01-02,2015-12-04,944,"{""C_proxy"": 0.2, ""features"": [""long_z"", ""recent20_z"", ""recent50_z"", ""recent100_z"", ""ewma_z"", ""gap_z"", ""transition_z"", ""in_last_draw""], ""include_number"": true, ""retrain_interval"": 1, ""seed"": 20260728, ""shrink_strength"": 0.1}",audited-1.0.0-online-SGD-r1,FullFeatureLogistic
945,104000104,2015-12-11,1 4 25 29 42 43,25 42 38 20 49 34,25 42 38 20 49 34 26 12 16 13,25 42 38 20 49 34 26 12 16 13 33 5,2,2,2,0.10313177694929151,0.3526850169056667,6.000000000000001,2007-01-02,2015-12-08,945,"{""C_proxy"": 0.2, ""features"": [""long_z"", ""recent20_z"", ""recent50_z"", ""recent100_z"", ""ewma_z"", ""gap_z"", ""transition_z"", ""in_last_draw""], ""include_number"": true, ""retrain_interval"": 1, ""seed"": 20260728, ""shrink_strength"": 0.1}",audited-1.0.0-online-SGD-r1,FullFeatureLogistic
946,104000105,2015-12-15,4 11 18 22 23 31,25 38 20 49 42 34,25 38 20 49 42 34 26 12 16 13,25 38 20 49 42 34 26 12 16 13 10 33,0,0,0,0.11067275213862769,0.38565857409961285,6.0,2007-01-02,2015-12-11,946,"{""C_proxy"": 0.2, ""features"": [""long_z"", ""recent20_z"", ""recent50_z"", ""recent100_z"", ""ewma_z"", ""gap_z"", ""transition_z"", ""in_last_draw""], ""include_number"": true, ""retrain_interval"": 1, ""seed"": 20260728, ""shrink_strength"": 0.1}",audited-1.0.0-online-SGD-r1,FullFeatureLogistic
947,104000106,2015-12-18,5 6 11 15 18 25,25 20 42 49 38 34,25 20 42 49 38 34 26 12 16 13,25 20 42 49 38 34 26 12 16 13 10 33,1,1,1,0.10565892723877096,0.3641092066334541,6.000000000000001,2007-01-02,2015-12-15,947,"{""C_proxy"": 0.2, ""features"": [""long_z"", ""recent20_z"", ""recent50_z"", ""recent100_z"", ""ewma_z"", ""gap_z"", ""transition_z"", ""in_last_draw""], ""include_number"": true, ""retrain_interval"": 1, ""seed"": 20260728, ""shrink_strength"": 0.1}",audited-1.0.0-online-SGD-r1,FullFeatureLogistic
948,104000107,2015-12-22,8 12 13 29 37 49,20 42 49 38 25 34,20 42 49 38 25 34 26 16 12 13,20 42 49 38 25 34 26 16 12 13 10 39,1,3,3,0.10595187797245907,0.36502437936197374,6.0,2007-01-02,2015-12-18,948,"{""C_proxy"": 0.2, ""features"": [""long_z"", ""recent20_z"", ""recent50_z"", ""recent100_z"", ""ewma_z"", ""gap_z"", ""transition_z"", ""in_last_draw""], ""include_number"": true, ""retrain_interval"": 1, ""seed"": 20260728, ""shrink_strength"": 0.1}",audited-1.0.0-online-SGD-r1,FullFeatureLogistic
949,104000108,2015-12-25,3 7 11 12 16 30,25 20 42 38 34 26,25 20 42 38 34 26 16 49 10 12,25 20 42 38 34 26 16 49 10 12 33 39,0,2,2,0.10905517311435953,0.38098187016252544,6.0,2007-01-02,2015-12-22,949,"{""C_proxy"": 0.2, ""features"": [""long_z"", ""recent20_z"", ""recent50_z"", ""recent100_z"", ""ewma_z"", ""gap_z"", ""transition_z"", ""in_last_draw""], ""include_number"": true, ""retrain_interval"": 1, ""seed"": 20260728, ""shrink_strength"": 0.1}",audited-1.0.0-online-SGD-r1,FullFeatureLogistic
950,104000109,2015-12-29,1 8 13 30 32 42,25 20 42 38 49 34,25 20 42 38 49 34 26 10 33 13,25 20 42 38 49 34 26 10 33 13 16 39,1,2,2,0.10997662894285724,0.3864013866049385,6.0,2007-01-02,2015-12-25,950,"{""C_proxy"": 0.2, ""features"": [""long_z"", ""recent20_z"", ""recent50_z"", ""recent100_z"", ""ewma_z"", ""gap_z"", ""transition_z"", ""in_last_draw""], ""include_number"": true, ""retrain_interval"": 1, ""seed"": 20260728, ""shrink_strength"": 0.1}",audited-1.0.0-online-SGD-r1,FullFeatureLogistic
951,105000001,2016-01-01,16 19 24 29 41 43,25 20 38 49 34 26,25 20 38 49 34 26 42 10 16 12,25 20 38 49 34 26 42 10 16 12 33 9,0,1,1,0.1080708331523353,0.37307569435307186,6.000000000000001,2007-01-02,2015-12-29,951,"{""C_proxy"": 0.2, ""features"": [""long_z"", ""recent20_z"", ""recent50_z"", ""recent100_z"", ""ewma_z"", ""gap_z"", ""transition_z"", ""in_last_draw""], ""include_number"": true, ""retrain_interval"": 1, ""seed"": 20260728, ""shrink_strength"": 0.1}",audited-1.0.0-online-SGD-r1,FullFeatureLogistic
952,105000002,2016-01-05,1 3 7 15 25 33,25 20 38 49 34 42,25 20 38 49 34 42 26 10 12 9,25 20 38 49 34 42 26 10 12 9 33 39,1,1,2,0.10399743462784164,0.3553871356988299,5.999999999999998,2007-01-02,2016-01-01,952,"{""C_proxy"": 0.2, ""features"": [""long_z"", ""recent20_z"", ""recent50_z"", ""recent100_z"", ""ewma_z"", ""gap_z"", ""transition_z"", ""in_last_draw""], ""include_number"": true, ""retrain_interval"": 1, ""seed"": 20260728, ""shrink_strength"": 0.1}",audited-1.0.0-online-SGD-r1,FullFeatureLogistic
953,105000003,2016-01-08,3 10 13 28 44 48,20 25 49 38 34 42,20 25 49 38 34 42 26 10 12 9,20 25 49 38 34 42 26 10 12 9 16 39,0,1,1,0.10669044617108477,0.36649774125805284,6.000000000000002,2007-01-02,2016-01-05,953,"{""C_proxy"": 0.2, ""features"": [""long_z"", ""recent20_z"", ""recent50_z"", ""recent100_z"", ""ewma_z"", ""gap_z"", ""transition_z"", ""in_last_draw""], ""include_number"": true, ""retrain_interval"": 1, ""seed"": 20260728, ""shrink_strength"": 0.1}",audited-1.0.0-online-SGD-r1,FullFeatureLogistic
954,105000004,2016-01-12,5 15 18 39 40 44,25 20 49 38 34 42,25 20 49 38 34 42 26 12 16 9,25 20 49 38 34 42 26 12 16 9 39 10,0,0,1,0.10646905329322158,0.3652220476581156,6.000000000000001,2007-01-02,2016-01-08,954,"{""C_proxy"": 0.2, ""features"": [""long_z"", ""recent20_z"", ""recent50_z"", ""recent100_z"", ""ewma_z"", ""gap_z"", ""transition_z"", ""in_last_draw""], ""include_number"": true, ""retrain_interval"": 1, ""seed"": 20260728, ""shrink_strength"": 0.1}",audited-1.0.0-online-SGD-r1,FullFeatureLogistic
955,105000005,2016-01-15,6 11 16 17 27 42,25 20 49 38 34 42,25 20 49 38 34 42 26 10 12 16,25 20 49 38 34 42 26 10 12 16 2 9,1,2,2,0.1084174435369316,0.37631785452793753,6.000000000000002,2007-01-02,2016-01-12,955,"{""C_proxy"": 0.2, ""features"": [""long_z"", ""recent20_z"", ""recent50_z"", ""recent100_z"", ""ewma_z"", ""gap_z"", ""transition_z"", ""in_last_draw""], ""include_number"": true, ""retrain_interval"": 1, ""seed"": 20260728, ""shrink_strength"": 0.1}",audited-1.0.0-online-SGD-r1,FullFeatureLogistic
956,105000006,2016-01-19,4 9 14 23 44 46,25 20 49 38 34 26,25 20 49 38 34 26 10 42 12 2,25 20 49 38 34 26 10 42 12 2 9 43,0,0,1,0.11134546175632802,0.3895594972944915,6.000000000000001,2007-01-02,2016-01-15,956,"{""C_proxy"": 0.2, ""features"": [""long_z"", ""recent20_z"", ""recent50_z"", ""recent100_z"", ""ewma_z"", ""gap_z"", ""transition_z"", ""in_last_draw""], ""include_number"": true, ""retrain_interval"": 1, ""seed"": 20260728, ""shrink_strength"": 0.1}",audited-1.0.0-online-SGD-r1,FullFeatureLogistic
957,105000007,2016-01-22,10 15 17 20 43 46,25 20 49 38 34 26,25 20 49 38 34 26 42 10 12 2,25 20 49 38 34 26 42 10 12 2 43 33,1,2,3,0.10625069640505554,0.3661670724720128,6.000000000000001,2007-01-02,2016-01-19,957,"{""C_proxy"": 0.2, ""features"": [""long_z"", ""recent20_z"", ""recent50_z"", ""recent100_z"", ""ewma_z"", ""gap_z"", ""transition_z"", ""in_last_draw""], ""include_number"": true, ""retrain_interval"": 1, ""seed"": 20260728, ""shrink_strength"": 0.1}",audited-1.0.0-online-SGD-r1,FullFeatureLogistic
958,105000008,2016-01-26,11 13 17 35 39 46,25 38 49 34 26 20,25 38 49 34 26 20 42 12 2 39,25 38 49 34 26 20 42 12 2 39 9 13,0,1,2,0.11279002617981727,0.3993833558581213,6.0,2007-01-02,2016-01-22,958,"{""C_proxy"": 0.2, ""features"": [""long_z"", ""recent20_z"", ""recent50_z"", ""recent100_z"", ""ewma_z"", ""gap_z"", ""transition_z"", ""in_last_draw""], ""include_number"": true, ""retrain_interval"": 1, ""seed"": 20260728, ""shrink_strength"": 0.1}",audited-1.0.0-online-SGD-r1,FullFeatureLogistic
959,105000009,2016-01-29,16 35 38 44 45 48,25 20 49 34 38 42,25 20 49 34 38 42 26 12 10 2,25 20 49 34 38 42 26 12 10 2 16 33,1,1,2,0.10839543125116685,0.37739855697748625,5.999999999999999,2007-01-02,2016-01-26,959,"{""C_proxy"": 0.2, ""features"": [""long_z"", ""recent20_z"", ""recent50_z"", ""recent100_z"", ""ewma_z"", ""gap_z"", ""transition_z"", ""in_last_draw""], ""include_number"": true, ""retrain_interval"": 1, ""seed"": 20260728, ""shrink_strength"": 0.1}",audited-1.0.0-online-SGD-r1,FullFeatureLogistic
960,105000010,2016-02-02,15 21 23 26 43 48,25 20 49 34 38 42,25 20 49 34 38 42 26 12 10 33,25 20 49 34 38 42 26 12 10 33 41 43,0,1,2,0.10722859734271015,0.36884019307925436,6.000000000000001,2007-01-02,2016-01-29,960,"{""C_proxy"": 0.2, ""features"": [""long_z"", ""recent20_z"", ""recent50_z"", ""recent100_z"", ""ewma_z"", ""gap_z"", ""transition_z"", ""in_last_draw""], ""include_number"": true, ""retrain_interval"": 1, ""seed"": 20260728, ""shrink_strength"": 0.1}",audited-1.0.0-online-SGD-r1,FullFeatureLogistic
961,105000011,2016-02-05,4 5 26 30 38 41,25 20 38 49 34 42,25 20 38 49 34 42 26 10 12 41,25 20 38 49 34 42 26 10 12 41 33 9,1,3,3,0.10662630412430184,0.3697316836688787,6.000000000000001,2007-01-02,2016-02-02,961,"{""C_proxy"": 0.2, ""features"": [""long_z"", ""recent20_z"", ""recent50_z"", ""recent100_z"", ""ewma_z"", ""gap_z"", ""transition_z"", ""in_last_draw""], ""include_number"": true, ""retrain_interval"": 1, ""seed"": 20260728, ""shrink_strength"": 0.1}",audited-1.0.0-online-SGD-r1,FullFeatureLogistic
962,105000012,2016-02-07,4 11 21 25 35 37,25 20 49 34 42 38,25 20 49 34 42 38 10 12 33 9,25 20 49 34 42 38 10 12 33 9 16 13,1,1,1,0.11113913713351695,0.3929874963024681,6.000000000000001,2007-01-02,2016-02-05,962,"{""C_proxy"": 0.2, ""features"": [""long_z"", ""recent20_z"", ""recent50_z"", ""recent100_z"", ""ewma_z"", ""gap_z"", ""transition_z"", ""in_last_draw""], ""include_number"": true, ""retrain_interval"": 1, ""seed"": 20260728, ""shrink_strength"": 0.1}",audited-1.0.0-online-SGD-r1,FullFeatureLogistic
963,105000013,2016-02-08,8 12 13 16 27 32,25 20 49 34 42 38,25 20 49 34 42 38 10 12 26 16,25 20 49 34 42 38 10 12 26 16 33 13,0,2,3,0.10794684705502375,0.37319077518926985,6.000000000000001,2007-01-02,2016-02-07,963,"{""C_proxy"": 0.2, ""features"": [""long_z"", ""recent20_z"", ""recent50_z"", ""recent100_z"", ""ewma_z"", ""gap_z"", ""transition_z"", ""in_last_draw""], ""include_number"": true, ""retrain_interval"": 1, ""seed"": 20260728, ""shrink_strength"": 0.1}",audited-1.0.0-online-SGD-r1,FullFeatureLogistic
964,105000014,2016-02-09,9 24 25 31 37 45,25 20 49 42 34 38,25 20 49 42 34 38 10 26 33 9,25 20 49 42 34 38 10 26 33 9 12 22,1,2,2,0.1069009000445409,0.3695620374665236,6.000000000000001,2007-01-02,2016-02-08,964,"{""C_proxy"": 0.2, ""features"": [""long_z"", ""recent20_z"", ""recent50_z"", ""recent100_z"", ""ewma_z"", ""gap_z"", ""transition_z"", ""in_last_draw""], ""include_number"": true, ""retrain_interval"": 1, ""seed"": 20260728, ""shrink_strength"": 0.1}",audited-1.0.0-online-SGD-r1,FullFeatureLogistic
965,105000015,2016-02-10,18 19 22 32 44 47,20 49 25 42 34 38,20 49 25 42 34 38 10 26 12 33,20 49 25 42 34 38 10 26 12 33 39 2,0,0,0,0.10992404288735336,0.3820250627325247,6.0,2007-01-02,2016-02-09,965,"{""C_proxy"": 0.2, ""features"": [""long_z"", ""recent20_z"", ""recent50_z"", ""recent100_z"", ""ewma_z"", ""gap_z"", ""transition_z"", ""in_last_draw""], ""include_number"": true, ""retrain_interval"": 1, ""seed"": 20260728, ""shrink_strength"": 0.1}",audited-1.0.0-online-SGD-r1,FullFeatureLogistic
966,105000016,2016-02-11,3 13 29 30 34 48,25 20 49 42 34 38,25 20 49 42 34 38 10 26 12 33,25 20 49 42 34 38 10 26 12 33 39 2,1,1,1,0.1080584659224722,0.3754667968652998,5.999999999999999,2007-01-02,2016-02-10,966,"{""C_proxy"": 0.2, ""features"": [""long_z"", ""recent20_z"", ""recent50_z"", ""recent100_z"", ""ewma_z"", ""gap_z"", ""transition_z"", ""in_last_draw""], ""include_number"": true, ""retrain_interval"": 1, ""seed"": 20260728, ""shrink_strength"": 0.1}",audited-1.0.0-online-SGD-r1,FullFeatureLogistic
967,105000017,2016-02-12,6 10 11 22 32 45,25 20 49 42 38 34,25 20 49 42 38 34 10 26 12 33,25 20 49 42 38 34 10 26 12 33 16 39,0,1,1,0.10973470773303996,0.3826166567303696,6.000000000000001,2007-01-02,2016-02-11,967,"{""C_proxy"": 0.2, ""features"": [""long_z"", ""recent20_z"", ""recent50_z"", ""recent100_z"", ""ewma_z"", ""gap_z"", ""transition_z"", ""in_last_draw""], ""include_number"": true, ""retrain_interval"": 1, ""seed"": 20260728, ""shrink_strength"": 0.1}",audited-1.0.0-online-SGD-r1,FullFeatureLogistic
968,105000018,2016-02-13,4 6 18 29 35 48,25 20 49 42 38 34,25 20 49 42 38 34 26 12 33 10,25 20 49 42 38 34 26 12 33 10 39 16,0,0,0,0.11130644775030026,0.3897917718726561,6.000000000000001,2007-01-02,2016-02-12,968,"{""C_proxy"": 0.2, ""features"": [""long_z"", ""recent20_z"", ""recent50_z"", ""recent100_z"", ""ewma_z"", ""gap_z"", ""transition_z"", ""in_last_draw""], ""include_number"": true, ""retrain_interval"": 1, ""seed"": 20260728, ""shrink_strength"": 0.1}",audited-1.0.0-online-SGD-r1,FullFeatureLogistic
969,105000019,2016-02-14,1 3 16 20 21 26,25 20 49 38 42 34,25 20 49 38 42 34 26 10 12 16,25 20 49 38 42 34 26 10 12 16 33 39,1,3,3,0.10442002183135952,0.35713661730810553,6.000000000000001,2007-01-02,2016-02-13,969,"{""C_proxy"": 0.2, ""features"": [""long_z"", ""recent20_z"", ""recent50_z"", ""recent100_z"", ""ewma_z"", ""gap_z"", ""transition_z"", ""in_last_draw""], ""include_number"": true, ""retrain_interval"": 1, ""seed"": 20260728, ""shrink_strength"": 0.1}",audited-1.0.0-online-SGD-r1,FullFeatureLogistic
970,105000020,2016-02-16,11 23 29 33 34 40,25 49 38 42 34 20,25 49 38 42 34 20 10 12 39 33,25 49 38 42 34 20 10 12 39 33 41 26,1,2,2,0.10755330210905326,0.3722276945418886,6.0,2007-01-02,2016-02-14,970,"{""C_proxy"": 0.2, ""features"": [""long_z"", ""recent20_z"", ""recent50_z"", ""recent100_z"", ""ewma_z"", ""gap_z"", ""transition_z"", ""in_last_draw""], ""include_number"": true, ""retrain_interval"": 1, ""seed"": 20260728, ""shrink_strength"": 0.1}",audited-1.0.0-online-SGD-r1,FullFeatureLogistic
971,105000021,2016-02-19,11 20 23 30 39 44,25 38 49 20 42 10,25 38 49 20 42 10 12 34 26 39,25 38 49 20 42 10 12 34 26 39 41 16,1,2,2,0.1109103167171008,0.39171943824914196,6.0,2007-01-02,2016-02-16,971,"{""C_proxy"": 0.2, ""features"": [""long_z"", ""recent20_z"", ""recent50_z"", ""recent100_z"", ""ewma_z"", ""gap_z"", ""transition_z"", ""in_last_draw""], ""include_number"": true, ""retrain_interval"": 1, ""seed"": 20260728, ""shrink_strength"": 0.1}",audited-1.0.0-online-SGD-r1,FullFeatureLogistic
972,105000022,2016-02-23,10 14 19 20 43 45,25 38 49 42 10 34,25 38 49 42 10 34 26 12 20 16,25 38 49 42 10 34 26 12 20 16 33 41,1,2,2,0.10793369875995384,0.37363587656464714,5.999999999999999,2007-01-02,2016-02-19,972,"{""C_proxy"": 0.2, ""features"": [""long_z"", ""recent20_z"", ""recent50_z"", ""recent100_z"", ""ewma_z"", ""gap_z"", ""transition_z"", ""in_last_draw""], ""include_number"": true, ""retrain_interval"": 1, ""seed"": 20260728, ""shrink_strength"": 0.1}",audited-1.0.0-online-SGD-r1,FullFeatureLogistic
973,105000023,2016-02-26,3 9 17 21 41 46,25 38 49 42 34 26,25 38 49 42 34 26 12 16 41 33,25 38 49 42 34 26 12 16 41 33 39 10,0,1,1,0.11004301656288094,0.3827206126113578,6.0,2007-01-02,2016-02-23,973,"{""C_proxy"": 0.2, ""features"": [""long_z"", ""recent20_z"", ""recent50_z"", ""recent100_z"", ""ewma_z"", ""gap_z"", ""transition_z"", ""in_last_draw""], ""include_number"": true, ""retrain_interval"": 1, ""seed"": 20260728, ""shrink_strength"": 0.1}",audited-1.0.0-online-SGD-r1,FullFeatureLogistic
974,105000024,2016-03-01,7 14 17 22 23 34,25 49 38 42 34 26,25 49 38 42 34 26 12 20 10 16,25 49 38 42 34 26 12 20 10 16 33 39,1,1,1,0.10954254901576684,0.3820111234745139,6.000000000000001,2007-01-02,2016-02-26,974,"{""C_proxy"": 0.2, ""features"": [""long_z"", ""recent20_z"", ""recent50_z"", ""recent100_z"", ""ewma_z"", ""gap_z"", ""transition_z"", ""in_last_draw""], ""include_number"": true, ""retrain_interval"": 1, ""seed"": 20260728, ""shrink_strength"": 0.1}",audited-1.0.0-online-SGD-r1,FullFeatureLogistic
975,105000025,2016-03-04,5 7 12 17 22 29,25 49 38 42 26 20,25 49 38 42 26 20 12 10 16 34,25 49 38 42 26 20 12 10 16 34 33 39,0,1,1,0.10839364511307328,0.37530549585213896,6.0,2007-01-02,2016-03-01,975,"{""C_proxy"": 0.2, ""features"": [""long_z"", ""recent20_z"", ""recent50_z"", ""recent100_z"", ""ewma_z"", ""gap_z"", ""transition_z"", ""in_last_draw""], ""include_number"": true, ""retrain_interval"": 1, ""seed"": 20260728, ""shrink_strength"": 0.1}",audited-1.0.0-online-SGD-r1,FullFeatureLogistic
976,105000026,2016-03-08,3 27 30 35 39 41,25 49 38 42 26 20,25 49 38 42 26 20 34 16 10 33,25 49 38 42 26 20 34 16 10 33 12 39,0,0,1,0.11231415555898194,0.39735459079306595,6.000000000000002,2007-01-02,2016-03-04,976,"{""C_proxy"": 0.2, ""features"": [""long_z"", ""recent20_z"", ""recent50_z"", ""recent100_z"", ""ewma_z"", ""gap_z"", ""transition_z"", ""in_last_draw""], ""include_number"": true, ""retrain_interval"": 1, ""seed"": 20260728, ""shrink_strength"": 0.1}",audited-1.0.0-online-SGD-r1,FullFeatureLogistic
977,105000027,2016-03-11,9 16 30 34 36 49,25 49 38 42 26 20,25 49 38 42 26 20 34 16 10 12,25 49 38 42 26 20 34 16 10 12 33 13,1,3,3,0.10677846976884585,0.37190349453320287,6.000000000000001,2007-01-02,2016-03-08,977,"{""C_proxy"": 0.2, ""features"": [""long_z"", ""recent20_z"", ""recent50_z"", ""recent100_z"", ""ewma_z"", ""gap_z"", ""transition_z"", ""in_last_draw""], ""include_number"": true, ""retrain_interval"": 1, ""seed"": 20260728, ""shrink_strength"": 0.1}",audited-1.0.0-online-SGD-r1,FullFeatureLogistic
978,105000028,2016-03-15,6 14 30 42 47 48,25 38 42 49 20 26,25 38 42 49 20 26 12 10 16 33,25 38 42 49 20 26 12 10 16 33 34 13,1,1,1,0.11088295338510311,0.3916445832255851,6.000000000000001,2007-01-02,2016-03-11,978,"{""C_proxy"": 0.2, ""features"": [""long_z"", ""recent20_z"", ""recent50_z"", ""recent100_z"", ""ewma_z"", ""gap_z"", ""transition_z"", ""in_last_draw""], ""include_number"": true, ""retrain_interval"": 1, ""seed"": 20260728, ""shrink_strength"": 0.1}",audited-1.0.0-online-SGD-r1,FullFeatureLogistic
979,105000029,2016-03-18,1 3 4 18 25 47,25 49 38 20 42 26,25 49 38 20 42 26 10 12 16 34,25 49 38 20 42 26 10 12 16 34 13 33,1,1,1,0.10613222338107053,0.3659384293486385,6.0,2007-01-02,2016-03-15,979,"{""C_proxy"": 0.2, ""features"": [""long_z"", ""recent20_z"", ""recent50_z"", ""recent100_z"", ""ewma_z"", ""gap_z"", ""transition_z"", ""in_last_draw""], ""include_number"": true, ""retrain_interval"": 1, ""seed"": 20260728, ""shrink_strength"": 0.1}",audited-1.0.0-online-SGD-r1,FullFeatureLogistic
980,105000030,2016-03-22,7 11 16 20 30 33,25 49 38 42 20 26,25 49 38 42 20 26 10 12 16 34,25 49 38 42 20 26 10 12 16 34 33 15,1,2,3,0.10834797809180134,0.3798321274286931,6.000000000000001,2007-01-02,2016-03-18,980,"{""C_proxy"": 0.2, ""features"": [""long_z"", ""recent20_z"", ""recent50_z"", ""recent100_z"", ""ewma_z"", ""gap_z"", ""transition_z"", ""in_last_draw""], ""include_number"": true, ""retrain_interval"": 1, ""seed"": 20260728, ""shrink_strength"": 0.1}",audited-1.0.0-online-SGD-r1,FullFeatureLogistic
981,105000031,2016-03-25,7 11 22 37 40 41,25 49 42 38 26 10,25 49 42 38 26 10 34 12 20 13,25 49 42 38 26 10 34 12 20 13 16 15,0,0,0,0.10971711235028478,0.38181002386850266,6.000000000000001,2007-01-02,2016-03-22,981,"{""C_proxy"": 0.2, ""features"": [""long_z"", ""recent20_z"", ""recent50_z"", ""recent100_z"", ""ewma_z"", ""gap_z"", ""transition_z"", ""in_last_draw""], ""include_number"": true, ""retrain_interval"": 1, ""seed"": 20260728, ""shrink_strength"": 0.1}",audited-1.0.0-online-SGD-r1,FullFeatureLogistic
982,105000032,2016-03-29,1 17 18 34 46 47,25 42 49 38 20 10,25 42 49 38 20 10 26 34 12 16,25 42 49 38 20 10 26 34 12 16 13 39,0,1,1,0.10939967993416085,0.38036177590621323,6.0,2007-01-02,2016-03-25,982,"{""C_proxy"": 0.2, ""features"": [""long_z"", ""recent20_z"", ""recent50_z"", ""recent100_z"", ""ewma_z"", ""gap_z"", ""transition_z"", ""in_last_draw""], ""include_number"": true, ""retrain_interval"": 1, ""seed"": 20260728, ""shrink_strength"": 0.1}",audited-1.0.0-online-SGD-r1,FullFeatureLogistic
983,105000033,2016-04-01,8 12 16 29 37 39,25 42 38 49 20 10,25 42 38 49 20 10 26 12 16 13,25 42 38 49 20 10 26 12 16 13 34 39,0,2,3,0.106336055288276,0.3650792896085941,6.0,2007-01-02,2016-03-29,983,"{""C_proxy"": 0.2, ""features"": [""long_z"", ""recent20_z"", ""recent50_z"", ""recent100_z"", ""ewma_z"", ""gap_z"", ""transition_z"", ""in_last_draw""], ""include_number"": true, ""retrain_interval"": 1, ""seed"": 20260728, ""shrink_strength"": 0.1}",audited-1.0.0-online-SGD-r1,FullFeatureLogistic
984,105000034,2016-04-05,14 23 26 32 38 43,25 42 38 49 20 26,25 42 38 49 20 26 10 34 13 12,25 42 38 49 20 26 10 34 13 12 33 16,2,2,2,0.10788994533088689,0.37545909652418935,6.000000000000001,2007-01-02,2016-04-01,984,"{""C_proxy"": 0.2, ""features"": [""long_z"", ""recent20_z"", ""recent50_z"", ""recent100_z"", ""ewma_z"", ""gap_z"", ""transition_z"", ""in_last_draw""], ""include_number"": true, ""retrain_interval"": 1, ""seed"": 20260728, ""shrink_strength"": 0.1}",audited-1.0.0-online-SGD-r1,FullFeatureLogistic
985,105000035,2016-04-08,2 7 13 30 36 45,25 42 49 20 38 10,25 42 49 20 38 10 34 12 26 13,25 42 49 20 38 10 34 12 26 13 16 15,0,1,1,0.110218576088826,0.3861696296935672,6.000000000000001,2007-01-02,2016-04-05,985,"{""C_proxy"": 0.2, ""features"": [""long_z"", ""recent20_z"", ""recent50_z"", ""recent100_z"", ""ewma_z"", ""gap_z"", ""transition_z"", ""in_last_draw""], ""include_number"": true, ""retrain_interval"": 1, ""seed"": 20260728, ""shrink_strength"": 0.1}",audited-1.0.0-online-SGD-r1,FullFeatureLogistic
986,105000036,2016-04-12,11 14 19 39 45 49,25 42 38 20 49 10,25 42 38 20 49 10 26 34 12 16,25 42 38 20 49 10 26 34 12 16 15 39,1,1,2,0.11034841477772385,0.38650643488384234,5.999999999999999,2007-01-02,2016-04-08,986,"{""C_proxy"": 0.2, ""features"": [""long_z"", ""recent20_z"", ""recent50_z"", ""recent100_z"", ""ewma_z"", ""gap_z"", ""transition_z"", ""in_last_draw""], ""include_number"": true, ""retrain_interval"": 1, ""seed"": 20260728, ""shrink_strength"": 0.1}",audited-1.0.0-online-SGD-r1,FullFeatureLogistic
987,105000037,2016-04-15,9 13 17 28 45 47,25 42 38 20 26 10,25 42 38 20 26 10 34 12 16 49,25 42 38 20 26 10 34 12 16 49 13 2,0,0,1,0.10988157532254894,0.3819735876255163,6.000000000000001,2007-01-02,2016-04-12,987,"{""C_proxy"": 0.2, ""features"": [""long_z"", ""recent20_z"", ""recent50_z"", ""recent100_z"", ""ewma_z"", ""gap_z"", ""transition_z"", ""in_last_draw""], ""include_number"": true, ""retrain_interval"": 1, ""seed"": 20260728, ""shrink_strength"": 0.1}",audited-1.0.0-online-SGD-r1,FullFeatureLogistic
988,105000038,2016-04-19,12 21 39 41 46 47,25 20 38 42 26 49,25 20 38 42 26 49 34 10 12 16,25 20 38 42 26 49 34 10 12 16 2 40,0,1,1,0.1086963934944152,0.37619923663976923,6.0,2007-01-02,2016-04-15,988,"{""C_proxy"": 0.2, ""features"": [""long_z"", ""recent20_z"", ""recent50_z"", ""recent100_z"", ""ewma_z"", ""gap_z"", ""transition_z"", ""in_last_draw""], ""include_number"": true, ""retrain_interval"": 1, ""seed"": 20260728, ""shrink_strength"": 0.1}",audited-1.0.0-online-SGD-r1,FullFeatureLogistic
989,105000039,2016-04-22,12 19 23 33 46 48,25 38 42 20 34 49,25 38 42 20 34 49 26 10 16 40,25 38 42 20 34 49 26 10 16 40 12 5,0,0,1,0.10898217994456,0.3773488202032031,6.0,2007-01-02,2016-04-19,989,"{""C_proxy"": 0.2, ""features"": [""long_z"", ""recent20_z"", ""recent50_z"", ""recent100_z"", ""ewma_z"", ""gap_z"", ""transition_z"", ""in_last_draw""], ""include_number"": true, ""retrain_interval"": 1, ""seed"": 20260728, ""shrink_strength"": 0.1}",audited-1.0.0-online-SGD-r1,FullFeatureLogistic
990,105000040,2016-04-26,6 12 21 25 34 43,25 38 42 20 49 34,25 38 42 20 49 34 26 10 16 40,25 38 42 20 49 34 26 10 16 40 13 43,2,2,3,0.10307119646584623,0.3522106923288661,6.000000000000001,2007-01-02,2016-04-22,990,"{""C_proxy"": 0.2, ""features"": [""long_z"", ""recent20_z"", ""recent50_z"", ""recent100_z"", ""ewma_z"", ""gap_z"", ""transition_z"", ""in_last_draw""], ""include_number"": true, ""retrain_interval"": 1, ""seed"": 20260728, ""shrink_strength"": 0.1}",audited-1.0.0-online-SGD-r1,FullFeatureLogistic
991,105000041,2016-04-29,8 14 27 31 36 40,25 38 42 20 49 26,25 38 42 20 49 26 10 16 34 40,25 38 42 20 49 26 10 16 34 40 13 41,0,1,1,0.1113613795499125,0.3897121544541088,6.0,2007-01-02,2016-04-26,991,"{""C_proxy"": 0.2, ""features"": [""long_z"", ""recent20_z"", ""recent50_z"", ""recent100_z"", ""ewma_z"", ""gap_z"", ""transition_z"", ""in_last_draw""], ""include_number"": true, ""retrain_interval"": 1, ""seed"": 20260728, ""shrink_strength"": 0.1}",audited-1.0.0-online-SGD-r1,FullFeatureLogistic
992,105000042,2016-05-03,1 7 17 40 41 43,25 38 42 20 49 26,25 38 42 20 49 26 10 16 34 13,25 38 42 20 49 26 10 16 34 13 15 5,0,0,0,0.10804549907324928,0.37245706587058053,6.000000000000001,2007-01-02,2016-04-29,992,"{""C_proxy"": 0.2, ""features"": [""long_z"", ""recent20_z"", ""recent50_z"", ""recent100_z"", ""ewma_z"", ""gap_z"", ""transition_z"", ""in_last_draw""], ""include_number"": true, ""retrain_interval"": 1, ""seed"": 20260728, ""shrink_strength"": 0.1}",audited-1.0.0-online-SGD-r1,FullFeatureLogistic
993,105000043,2016-05-06,1 26 37 39 42 48,25 38 42 49 20 26,25 38 42 49 20 26 16 10 34 13,25 38 42 49 20 26 16 10 34 13 9 15,2,2,2,0.10492738415663509,0.35942327903728327,5.999999999999999,2007-01-02,2016-05-03,993,"{""C_proxy"": 0.2, ""features"": [""long_z"", ""recent20_z"", ""recent50_z"", ""recent100_z"", ""ewma_z"", ""gap_z"", ""transition_z"", ""in_last_draw""], ""include_number"": true, ""retrain_interval"": 1, ""seed"": 20260728, ""shrink_strength"": 0.1}",audited-1.0.0-online-SGD-r1,FullFeatureLogistic
994,105000044,2016-05-10,3 4 8 22 36 38,25 38 20 49 42 16,25 38 20 49 42 16 10 34 13 26,25 38 20 49 42 16 10 34 13 26 15 9,1,1,1,0.10783528094046736,0.37292364879122464,5.999999999999999,2007-01-02,2016-05-06,994,"{""C_proxy"": 0.2, ""features"": [""long_z"", ""recent20_z"", ""recent50_z"", ""recent100_z"", ""ewma_z"", ""gap_z"", ""transition_z"", ""in_last_draw""], ""include_number"": true, ""retrain_interval"": 1, ""seed"": 20260728, ""shrink_strength"": 0.1}",audited-1.0.0-online-SGD-r1,FullFeatureLogistic
995,105000045,2016-05-13,3 10 22 31 35 38,25 42 20 49 38 16,25 42 20 49 38 16 10 34 26 13,25 42 20 49 38 16 10 34 26 13 9 5,1,2,2,0.10838509907901683,0.3772939417964799,6.0,2007-01-02,2016-05-10,995,"{""C_proxy"": 0.2, ""features"": [""long_z"", ""recent20_z"", ""recent50_z"", ""recent100_z"", ""ewma_z"", ""gap_z"", ""transition_z"", ""in_last_draw""], ""include_number"": true, ""retrain_interval"": 1, ""seed"": 20260728, ""shrink_strength"": 0.1}",audited-1.0.0-online-SGD-r1,FullFeatureLogistic
996,105000046,2016-05-17,2 3 20 23 34 42,25 20 49 42 16 34,25 20 49 42 16 34 26 10 38 13,25 20 49 42 16 34 26 10 38 13 9 15,3,3,3,0.10432626747370695,0.358159655562164,6.000000000000001,2007-01-02,2016-05-13,996,"{""C_proxy"": 0.2, ""features"": [""long_z"", ""recent20_z"", ""recent50_z"", ""recent100_z"", ""ewma_z"", ""gap_z"", ""transition_z"", ""in_last_draw""], ""include_number"": true, ""retrain_interval"": 1, ""seed"": 20260728, ""shrink_strength"": 0.1}",audited-1.0.0-online-SGD-r1,FullFeatureLogistic
997,105000047,2016-05-20,5 10 25 30 40 43,25 49 16 10 38 26,25 49 16 10 38 26 42 20 13 12,25 49 16 10 38 26 42 20 13 12 9 34,2,2,2,0.10443975156256724,0.3605877386827934,5.999999999999999,2007-01-02,2016-05-17,997,"{""C_proxy"": 0.2, ""features"": [""long_z"", ""recent20_z"", ""recent50_z"", ""recent100_z"", ""ewma_z"", ""gap_z"", ""transition_z"", ""in_last_draw""], ""include_number"": true, ""retrain_interval"": 1, ""seed"": 20260728, ""shrink_strength"": 0.1}",audited-1.0.0-online-SGD-r1,FullFeatureLogistic
998,105000048,2016-05-24,6 8 13 21 33 39,25 49 20 16 42 38,25 49 20 16 42 38 26 13 34 9,25 49 20 16 42 38 26 13 34 9 12 10,0,1,1,0.10675525368168674,0.36686765788237313,5.999999999999999,2007-01-02,2016-05-20,998,"{""C_proxy"": 0.2, ""features"": [""long_z"", ""recent20_z"", ""recent50_z"", ""recent100_z"", ""ewma_z"", ""gap_z"", ""transition_z"", ""in_last_draw""], ""include_number"": true, ""retrain_interval"": 1, ""seed"": 20260728, ""shrink_strength"": 0.1}",audited-1.0.0-online-SGD-r1,FullFeatureLogistic
999,105000049,2016-05-27,2 9 13 16 24 39,25 49 20 16 38 42,25 49 20 16 38 42 26 34 10 9,25 49 20 16 38 42 26 34 10 9 12 15,1,2,2,0.10502072840746893,0.3594107370898258,6.000000000000001,2007-01-02,2016-05-24,999,"{""C_proxy"": 0.2, ""features"": [""long_z"", ""recent20_z"", ""recent50_z"", ""recent100_z"", ""ewma_z"", ""gap_z"", ""transition_z"", ""in_last_draw""], ""include_number"": true, ""retrain_interval"": 1, ""seed"": 20260728, ""shrink_strength"": 0.1}",audited-1.0.0-online-SGD-r1,FullFeatureLogistic
1000,105000050,2016-05-31,1 2 5 32 45 46,25 20 49 38 42 26,25 20 49 38 42 26 16 34 10 12,25 20 49 38 42 26 16 34 10 12 15 33,0,0,0,0.11049756641888153,0.3848199640874889,6.000000000000001,2007-01-02,2016-05-27,1000,"{""C_proxy"": 0.2, ""features"": [""long_z"", ""recent20_z"", ""recent50_z"", ""recent100_z"", ""ewma_z"", ""gap_z"", ""transition_z"", ""in_last_draw""], ""include_number"": true, ""retrain_interval"": 1, ""seed"": 20260728, ""shrink_strength"": 0.1}",audited-1.0.0-online-SGD-r1,FullFeatureLogistic
1001,105000051,2016-06-03,3 10 27 33 41 44,25 20 49 38 16 26,25 20 49 38 16 26 42 34 10 12,25 20 49 38 16 26 42 34 10 12 15 9,0,1,1,0.10791054640224221,0.372447332729989,6.000000000000001,2007-01-02,2016-05-31,1001,"{""C_proxy"": 0.2, ""features"": [""long_z"", ""recent20_z"", ""recent50_z"", ""recent100_z"", ""ewma_z"", ""gap_z"", ""transition_z"", ""in_last_draw""], ""include_number"": true, ""retrain_interval"": 1, ""seed"": 20260728, ""shrink_strength"": 0.1}",audited-1.0.0-online-SGD-r1,FullFeatureLogistic
1002,105000052,2016-06-07,5 8 23 31 39 44,25 20 49 38 16 42,25 20 49 38 16 42 26 34 12 9,25 20 49 38 16 42 26 34 12 9 15 10,0,0,0,0.10993545869158751,0.3809632925468591,6.000000000000001,2007-01-02,2016-06-03,1002,"{""C_proxy"": 0.2, ""features"": [""long_z"", ""recent20_z"", ""recent50_z"", ""recent100_z"", ""ewma_z"", ""gap_z"", ""transition_z"", ""in_last_draw""], ""include_number"": true, ""retrain_interval"": 1, ""seed"": 20260728, ""shrink_strength"": 0.1}",audited-1.0.0-online-SGD-r1,FullFeatureLogistic
1003,105000053,2016-06-10,4 13 15 22 23 48,25 20 49 38 16 42,25 20 49 38 16 42 34 26 12 10,25 20 49 38 16 42 34 26 12 10 9 15,0,0,1,0.10706861973704927,0.36790766994016555,6.0,2007-01-02,2016-06-07,1003,"{""C_proxy"": 0.2, ""features"": [""long_z"", ""recent20_z"", ""recent50_z"", ""recent100_z"", ""ewma_z"", ""gap_z"", ""transition_z"", ""in_last_draw""], ""include_number"": true, ""retrain_interval"": 1, ""seed"": 20260728, ""shrink_strength"": 0.1}",audited-1.0.0-online-SGD-r1,FullFeatureLogistic
1004,105000054,2016-06-14,12 13 16 33 35 37,25 38 20 49 42 16,25 38 20 49 42 16 34 26 12 10,25 38 20 49 42 16 34 26 12 10 9 15,1,2,2,0.10820802424197502,0.3760274119442622,6.000000000000001,2007-01-02,2016-06-10,1004,"{""C_proxy"": 0.2, ""features"": [""long_z"", ""recent20_z"", ""recent50_z"", ""recent100_z"", ""ewma_z"", ""gap_z"", ""transition_z"", ""in_last_draw""], ""include_number"": true, ""retrain_interval"": 1, ""seed"": 20260728, ""shrink_strength"": 0.1}",audited-1.0.0-online-SGD-r1,FullFeatureLogistic
1005,105000055,2016-06-17,7 10 17 20 21 31,25 20 38 49 42 34,25 20 38 49 42 34 26 16 10 15,25 20 38 49 42 34 26 16 10 15 9 12,1,2,2,0.10638493222153854,0.3663553904956371,6.0,2007-01-02,2016-06-14,1005,"{""C_proxy"": 0.2, ""features"": [""long_z"", ""recent20_z"", ""recent50_z"", ""recent100_z"", ""ewma_z"", ""gap_z"", ""transition_z"", ""in_last_draw""], ""include_number"": true, ""retrain_interval"": 1, ""seed"": 20260728, ""shrink_strength"": 0.1}",audited-1.0.0-online-SGD-r1,FullFeatureLogistic
1006,105000056,2016-06-21,2 27 34 35 36 49,25 38 49 34 26 42,25 38 49 34 26 42 16 20 15 9,25 38 49 34 26 42 16 20 15 9 12 43,2,2,2,0.10798095453233837,0.3767757030083613,6.0,2007-01-02,2016-06-17,1006,"{""C_proxy"": 0.2, ""features"": [""long_z"", ""recent20_z"", ""recent50_z"", ""recent100_z"", ""ewma_z"", ""gap_z"", ""transition_z"", ""in_last_draw""], ""include_number"": true, ""retrain_interval"": 1, ""seed"": 20260728, ""shrink_strength"": 0.1}",audited-1.0.0-online-SGD-r1,FullFeatureLogistic
1007,105000057,2016-06-24,14 17 27 28 39 41,25 38 20 26 42 16,25 38 20 26 42 16 34 49 15 12,25 38 20 26 42 16 34 49 15 12 9 10,0,0,0,0.11166134532658703,0.39126840743046426,6.0,2007-01-02,2016-06-21,1007,"{""C_proxy"": 0.2, ""features"": [""long_z"", ""recent20_z"", ""recent50_z"", ""recent100_z"", ""ewma_z"", ""gap_z"", ""transition_z"", ""in_last_draw""], ""include_number"": true, ""retrain_interval"": 1, ""seed"": 20260728, ""shrink_strength"": 0.1}",audited-1.0.0-online-SGD-r1,FullFeatureLogistic
1008,105000058,2016-06-28,7 8 25 39 45 46,25 38 20 49 42 26,25 38 20 49 42 26 34 16 12 9,25 38 20 49 42 26 34 16 12 9 15 10,1,1,1,0.10671924177182021,0.3687018332516312,6.0,2007-01-02,2016-06-24,1008,"{""C_proxy"": 0.2, ""features"": [""long_z"", ""recent20_z"", ""recent50_z"", ""recent100_z"", ""ewma_z"", ""gap_z"", ""transition_z"", ""in_last_draw""], ""include_number"": true, ""retrain_interval"": 1, ""seed"": 20260728, ""shrink_strength"": 0.1}",audited-1.0.0-online-SGD-r1,FullFeatureLogistic
1009,105000059,2016-07-01,8 20 24 34 41 43,25 38 20 49 34 42,25 38 20 49 34 42 26 16 9 12,25 38 20 49 34 42 26 16 9 12 10 15,2,2,2,0.10505714120781975,0.36066184765271786,6.000000000000001,2007-01-02,2016-06-28,1009,"{""C_proxy"": 0.2, ""features"": [""long_z"", ""recent20_z"", ""recent50_z"", ""recent100_z"", ""ewma_z"", ""gap_z"", ""transition_z"", ""in_last_draw""], ""include_number"": true, ""retrain_interval"": 1, ""seed"": 20260728, ""shrink_strength"": 0.1}",audited-1.0.0-online-SGD-r1,FullFeatureLogistic
1010,105000060,2016-07-05,6 9 15 17 40 47,25 38 49 42 26 16,25 38 49 42 26 16 34 20 10 9,25 38 49 42 26 16 34 20 10 9 12 15,0,1,2,0.10757028312651139,0.3713293612191216,6.000000000000001,2007-01-02,2016-07-01,1010,"{""C_proxy"": 0.2, ""features"": [""long_z"", ""recent20_z"", ""recent50_z"", ""recent100_z"", ""ewma_z"", ""gap_z"", ""transition_z"", ""in_last_draw""], ""include_number"": true, ""retrain_interval"": 1, ""seed"": 20260728, ""shrink_strength"": 0.1}",audited-1.0.0-online-SGD-r1,FullFeatureLogistic
1011,105000061,2016-07-08,9 10 13 19 23 35,25 38 49 42 20 26,25 38 49 42 20 26 16 34 10 12,25 38 49 42 20 26 16 34 10 12 9 22,0,1,2,0.10990374844237123,0.3841709566378935,6.0,2007-01-02,2016-07-05,1011,"{""C_proxy"": 0.2, ""features"": [""long_z"", ""recent20_z"", ""recent50_z"", ""recent100_z"", ""ewma_z"", ""gap_z"", ""transition_z"", ""in_last_draw""], ""include_number"": true, ""retrain_interval"": 1, ""seed"": 20260728, ""shrink_strength"": 0.1}",audited-1.0.0-online-SGD-r1,FullFeatureLogistic
1012,105000062,2016-07-12,25 31 34 42 43 46,25 38 49 20 42 34,25 38 49 20 42 34 16 26 12 22,25 38 49 20 42 34 16 26 12 22 48 15,3,3,3,0.10335966140254425,0.3546725694952026,5.999999999999999,2007-01-02,2016-07-08,1012,"{""C_proxy"": 0.2, ""features"": [""long_z"", ""recent20_z"", ""recent50_z"", ""recent100_z"", ""ewma_z"", ""gap_z"", ""transition_z"", ""in_last_draw""], ""include_number"": true, ""retrain_interval"": 1, ""seed"": 20260728, ""shrink_strength"": 0.1}",audited-1.0.0-online-SGD-r1,FullFeatureLogistic
1013,105000063,2016-07-15,24 25 29 33 35 38,38 49 25 20 16 26,38 49 25 20 16 26 42 12 34 10,38 49 25 20 16 26 42 12 34 10 22 48,2,2,2,0.1068826409622596,0.37237512948624313,5.999999999999999,2007-01-02,2016-07-12,1013,"{""C_proxy"": 0.2, ""features"": [""long_z"", ""recent20_z"", ""recent50_z"", ""recent100_z"", ""ewma_z"", ""gap_z"", ""transition_z"", ""in_last_draw""], ""include_number"": true, ""retrain_interval"": 1, ""seed"": 20260728, ""shrink_strength"": 0.1}",audited-1.0.0-online-SGD-r1,FullFeatureLogistic
1014,105000064,2016-07-19,7 13 33 40 45 46,49 38 20 16 26 42,49 38 20 16 26 42 25 34 12 10,49 38 20 16 26 42 25 34 12 10 22 48,0,0,0,0.10856234513813688,0.37564263390446206,6.0,2007-01-02,2016-07-15,1014,"{""C_proxy"": 0.2, ""features"": [""long_z"", ""recent20_z"", ""recent50_z"", ""recent100_z"", ""ewma_z"", ""gap_z"", ""transition_z"", ""in_last_draw""], ""include_number"": true, ""retrain_interval"": 1, ""seed"": 20260728, ""shrink_strength"": 0.1}",audited-1.0.0-online-SGD-r1,FullFeatureLogistic
1015,105000065,2016-07-22,2 10 17 27 33 49,38 49 25 20 16 34,38 49 25 20 16 34 42 26 12 10,38 49 25 20 16 34 42 26 12 10 48 9,1,2,2,0.10748267546391269,0.3723308406805623,5.999999999999999,2007-01-02,2016-07-19,1015,"{""C_proxy"": 0.2, ""features"": [""long_z"", ""recent20_z"", ""recent50_z"", ""recent100_z"", ""ewma_z"", ""gap_z"", ""transition_z"", ""in_last_draw""], ""include_number"": true, ""retrain_interval"": 1, ""seed"": 20260728, ""shrink_strength"": 0.1}",audited-1.0.0-online-SGD-r1,FullFeatureLogistic
1016,105000066,2016-07-26,9 15 19 22 35 41,25 38 20 16 34 42,25 38 20 16 34 42 26 49 12 9,25 38 20 16 34 42 26 49 12 9 48 39,0,1,1,0.10908925504924234,0.38074895902012007,6.000000000000002,2007-01-02,2016-07-22,1016,"{""C_proxy"": 0.2, ""features"": [""long_z"", ""recent20_z"", ""recent50_z"", ""recent100_z"", ""ewma_z"", ""gap_z"", ""transition_z"", ""in_last_draw""], ""include_number"": true, ""retrain_interval"": 1, ""seed"": 20260728, ""shrink_strength"": 0.1}",audited-1.0.0-online-SGD-r1,FullFeatureLogistic
1017,105000067,2016-07-29,9 15 27 28 30 41,25 38 49 16 20 34,25 38 49 16 20 34 42 26 12 10,25 38 49 16 20 34 42 26 12 10 39 7,0,0,0,0.11131586214329284,0.3897147192838784,6.000000000000001,2007-01-02,2016-07-26,1017,"{""C_proxy"": 0.2, ""features"": [""long_z"", ""recent20_z"", ""recent50_z"", ""recent100_z"", ""ewma_z"", ""gap_z"", ""transition_z"", ""in_last_draw""], ""include_number"": true, ""retrain_interval"": 1, ""seed"": 20260728, ""shrink_strength"": 0.1}",audited-1.0.0-online-SGD-r1,FullFeatureLogistic
1018,105000068,2016-08-02,4 15 20 22 28 29,25 38 16 34 49 20,25 38 16 34 49 20 42 26 12 10,25 38 16 34 49 20 42 26 12 10 39 7,1,1,1,0.10708910817818142,0.3684263892471457,5.999999999999998,2007-01-02,2016-07-29,1018,"{""C_proxy"": 0.2, ""features"": [""long_z"", ""recent20_z"", ""recent50_z"", ""recent100_z"", ""ewma_z"", ""gap_z"", ""transition_z"", ""in_last_draw""], ""include_number"": true, ""retrain_interval"": 1, ""seed"": 20260728, ""shrink_strength"": 0.1}",audited-1.0.0-online-SGD-r1,FullFeatureLogistic
1019,105000069,2016-08-05,1 2 22 27 35 40,25 38 16 34 49 42,25 38 16 34 49 42 26 12 10 20,25 38 16 34 49 42 26 12 10 20 39 7,0,0,0,0.11068204274528895,0.3886061900512549,6.0,2007-01-02,2016-08-02,1019,"{""C_proxy"": 0.2, ""features"": [""long_z"", ""recent20_z"", ""recent50_z"", ""recent100_z"", ""ewma_z"", ""gap_z"", ""transition_z"", ""in_last_draw""], ""include_number"": true, ""retrain_interval"": 1, ""seed"": 20260728, ""shrink_strength"": 0.1}",audited-1.0.0-online-SGD-r1,FullFeatureLogistic
1020,105000070,2016-08-09,15 17 30 35 37 45,25 38 34 49 16 42,25 38 34 49 16 42 20 26 12 10,25 38 34 49 16 42 20 26 12 10 39 7,0,0,0,0.11485891667345256,0.4102117841084255,6.000000000000001,2007-01-02,2016-08-05,1020,"{""C_proxy"": 0.2, ""features"": [""long_z"", ""recent20_z"", ""recent50_z"", ""recent100_z"", ""ewma_z"", ""gap_z"", ""transition_z"", ""in_last_draw""], ""include_number"": true, ""retrain_interval"": 1, ""seed"": 20260728, ""shrink_strength"": 0.1}",audited-1.0.0-online-SGD-r1,FullFeatureLogistic
1021,105000071,2016-08-12,8 20 33 35 42 43,25 38 49 34 42 16,25 38 49 34 42 16 20 26 12 10,25 38 49 34 42 16 20 26 12 10 39 7,1,2,2,0.10758432915603364,0.3757577898392633,5.999999999999999,2007-01-02,2016-08-09,1021,"{""C_proxy"": 0.2, ""features"": [""long_z"", ""recent20_z"", ""recent50_z"", ""recent100_z"", ""ewma_z"", ""gap_z"", ""transition_z"", ""in_last_draw""], ""include_number"": true, ""retrain_interval"": 1, ""seed"": 20260728, ""shrink_strength"": 0.1}",audited-1.0.0-online-SGD-r1,FullFeatureLogistic
1022,105000072,2016-08-16,5 14 15 20 27 29,25 38 49 34 16 26,25 38 49 34 16 26 42 12 10 39,25 38 49 34 16 26 42 12 10 39 7 20,0,0,1,0.11038040579938466,0.38445987623517874,6.000000000000002,2007-01-02,2016-08-12,1022,"{""C_proxy"": 0.2, ""features"": [""long_z"", ""recent20_z"", ""recent50_z"", ""recent100_z"", ""ewma_z"", ""gap_z"", ""transition_z"", ""in_last_draw""], ""include_number"": true, ""retrain_interval"": 1, ""seed"": 20260728, ""shrink_strength"": 0.1}",audited-1.0.0-online-SGD-r1,FullFeatureLogistic
1023,105000073,2016-08-19,5 19 26 44 46 48,25 38 34 49 16 42,25 38 34 49 16 42 26 12 7 39,25 38 34 49 16 42 26 12 7 39 10 48,0,1,2,0.10923338707645794,0.3793402731284724,6.000000000000001,2007-01-02,2016-08-16,1023,"{""C_proxy"": 0.2, ""features"": [""long_z"", ""recent20_z"", ""recent50_z"", ""recent100_z"", ""ewma_z"", ""gap_z"", ""transition_z"", ""in_last_draw""], ""include_number"": true, ""retrain_interval"": 1, ""seed"": 20260728, ""shrink_strength"": 0.1}",audited-1.0.0-online-SGD-r1,FullFeatureLogistic
1024,105000074,2016-08-23,25 26 37 38 44 48,25 38 34 49 16 42,25 38 34 49 16 42 12 7 26 10,25 38 34 49 16 42 12 7 26 10 20 39,2,3,3,0.10385067222298038,0.35678014910002603,6.000000000000002,2007-01-02,2016-08-19,1024,"{""C_proxy"": 0.2, ""features"": [""long_z"", ""recent20_z"", ""recent50_z"", ""recent100_z"", ""ewma_z"", ""gap_z"", ""transition_z"", ""in_last_draw""], ""include_number"": true, ""retrain_interval"": 1, ""seed"": 20260728, ""shrink_strength"": 0.1}",audited-1.0.0-online-SGD-r1,FullFeatureLogistic
1025,105000075,2016-08-26,9 28 34 41 42 49,34 49 25 16 38 42,34 49 25 16 38 42 12 7 10 39,34 49 25 16 38 42 12 7 10 39 20 26,3,3,3,0.10210812615119133,0.3476742510632543,6.0,2007-01-02,2016-08-23,1025,"{""C_proxy"": 0.2, ""features"": [""long_z"", ""recent20_z"", ""recent50_z"", ""recent100_z"", ""ewma_z"", ""gap_z"", ""transition_z"", ""in_last_draw""], ""include_number"": true, ""retrain_interval"": 1, ""seed"": 20260728, ""shrink_strength"": 0.1}",audited-1.0.0-online-SGD-r1,FullFeatureLogistic
1026,105000076,2016-08-30,1 11 18 27 36 46,25 38 16 34 12 49,25 38 16 34 12 49 42 26 10 39,25 38 16 34 12 49 42 26 10 39 7 20,0,0,0,0.1120379657522289,0.39354069412747483,6.000000000000001,2007-01-02,2016-08-26,1026,"{""C_proxy"": 0.2, ""features"": [""long_z"", ""recent20_z"", ""recent50_z"", ""recent100_z"", ""ewma_z"", ""gap_z"", ""transition_z"", ""in_last_draw""], ""include_number"": true, ""retrain_interval"": 1, ""seed"": 20260728, ""shrink_strength"": 0.1}",audited-1.0.0-online-SGD-r1,FullFeatureLogistic
1027,105000077,2016-09-02,9 11 20 21 45 46,25 38 16 34 49 42,25 38 16 34 49 42 12 26 20 7,25 38 16 34 49 42 12 26 20 7 39 10,0,1,1,0.11051738384866694,0.3861290364201494,6.0,2007-01-02,2016-08-30,1027,"{""C_proxy"": 0.2, ""features"": [""long_z"", ""recent20_z"", ""recent50_z"", ""recent100_z"", ""ewma_z"", ""gap_z"", ""transition_z"", ""in_last_draw""], ""include_number"": true, ""retrain_interval"": 1, ""seed"": 20260728, ""shrink_strength"": 0.1}",audited-1.0.0-online-SGD-r1,FullFeatureLogistic
1028,105000078,2016-09-06,4 7 20 23 28 45,25 38 34 16 49 42,25 38 34 16 49 42 12 26 7 10,25 38 34 16 49 42 12 26 7 10 39 43,0,1,1,0.10803373052546014,0.3723812697073505,6.0,2007-01-02,2016-09-02,1028,"{""C_proxy"": 0.2, ""features"": [""long_z"", ""recent20_z"", ""recent50_z"", ""recent100_z"", ""ewma_z"", ""gap_z"", ""transition_z"", ""in_last_draw""], ""include_number"": true, ""retrain_interval"": 1, ""seed"": 20260728, ""shrink_strength"": 0.1}",audited-1.0.0-online-SGD-r1,FullFeatureLogistic
1029,105000079,2016-09-09,1 12 35 36 41 44,25 38 34 16 49 42,25 38 34 16 49 42 26 12 10 39,25 38 34 16 49 42 26 12 10 39 43 7,0,1,1,0.11057109062930484,0.388576783080912,6.0,2007-01-02,2016-09-06,1029,"{""C_proxy"": 0.2, ""features"": [""long_z"", ""recent20_z"", ""recent50_z"", ""recent100_z"", ""ewma_z"", ""gap_z"", ""transition_z"", ""in_last_draw""], ""include_number"": true, ""retrain_interval"": 1, ""seed"": 20260728, ""shrink_strength"": 0.1}",audited-1.0.0-online-SGD-r1,FullFeatureLogistic
1030,105000080,2016-09-13,3 16 22 33 40 41,25 38 34 16 49 42,25 38 34 16 49 42 26 10 12 39,25 38 34 16 49 42 26 10 12 39 7 43,1,1,1,0.1059620165459791,0.3632484284761795,6.000000000000003,2007-01-02,2016-09-09,1030,"{""C_proxy"": 0.2, ""features"": [""long_z"", ""recent20_z"", ""recent50_z"", ""recent100_z"", ""ewma_z"", ""gap_z"", ""transition_z"", ""in_last_draw""], ""include_number"": true, ""retrain_interval"": 1, ""seed"": 20260728, ""shrink_strength"": 0.1}",audited-1.0.0-online-SGD-r1,FullFeatureLogistic
1031,105000081,2016-09-16,17 23 30 31 34 49,25 38 34 49 42 16,25 38 34 49 42 16 26 12 10 7,25 38 34 49 42 16 26 12 10 7 39 43,2,2,2,0.10817053682233553,0.37721838893117093,6.000000000000001,2007-01-02,2016-09-13,1031,"{""C_proxy"": 0.2, ""features"": [""long_z"", ""recent20_z"", ""recent50_z"", ""recent100_z"", ""ewma_z"", ""gap_z"", ""transition_z"", ""in_last_draw""], ""include_number"": true, ""retrain_interval"": 1, ""seed"": 20260728, ""shrink_strength"": 0.1}",audited-1.0.0-online-SGD-r1,FullFeatureLogistic
1032,105000082,2016-09-20,4 7 17 22 44 45,25 38 42 16 34 26,25 38 42 16 34 26 12 10 49 39,25 38 42 16 34 26 12 10 49 39 7 2,0,0,1,0.1102122599050867,0.3838548145974281,6.000000000000001,2007-01-02,2016-09-16,1032,"{""C_proxy"": 0.2, ""features"": [""long_z"", ""recent20_z"", ""recent50_z"", ""recent100_z"", ""ewma_z"", ""gap_z"", ""transition_z"", ""in_last_draw""], ""include_number"": true, ""retrain_interval"": 1, ""seed"": 20260728, ""shrink_strength"": 0.1}",audited-1.0.0-online-SGD-r1,FullFeatureLogistic
1033,105000083,2016-09-23,1 2 29 31 33 43,25 38 42 16 26 49,25 38 42 16 26 49 34 12 10 39,25 38 42 16 26 49 34 12 10 39 20 2,0,0,1,0.10683422849496964,0.36642126918867585,6.0,2007-01-02,2016-09-20,1033,"{""C_proxy"": 0.2, ""features"": [""long_z"", ""recent20_z"", ""recent50_z"", ""recent100_z"", ""ewma_z"", ""gap_z"", ""transition_z"", ""in_last_draw""], ""include_number"": true, ""retrain_interval"": 1, ""seed"": 20260728, ""shrink_strength"": 0.1}",audited-1.0.0-online-SGD-r1,FullFeatureLogistic
1034,105000084,2016-09-27,14 15 16 35 46 48,25 38 42 16 49 26,25 38 42 16 49 26 34 12 10 39,25 38 42 16 49 26 34 12 10 39 20 13,1,1,1,0.11057599028449148,0.3894413784734673,6.0,2007-01-02,2016-09-23,1034,"{""C_proxy"": 0.2, ""features"": [""long_z"", ""recent20_z"", ""recent50_z"", ""recent100_z"", ""ewma_z"", ""gap_z"", ""transition_z"", ""in_last_draw""], ""include_number"": true, ""retrain_interval"": 1, ""seed"": 20260728, ""shrink_strength"": 0.1}",audited-1.0.0-online-SGD-r1,FullFeatureLogistic
1035,105000085,2016-09-30,4 10 31 38 40 48,25 38 42 49 34 26,25 38 42 49 34 26 12 10 16 39,25 38 42 49 34 26 12 10 16 39 20 13,1,2,2,0.10503983586845421,0.3595826069225029,6.0,2007-01-02,2016-09-27,1035,"{""C_proxy"": 0.2, ""features"": [""long_z"", ""recent20_z"", ""recent50_z"", ""recent100_z"", ""ewma_z"", ""gap_z"", ""transition_z"", ""in_last_draw""], ""include_number"": true, ""retrain_interval"": 1, ""seed"": 20260728, ""shrink_strength"": 0.1}",audited-1.0.0-online-SGD-r1,FullFeatureLogistic
1036,105000086,2016-10-04,11 23 30 35 40 44,25 42 34 38 26 49,25 42 34 38 26 49 12 16 20 39,25 42 34 38 26 49 12 16 20 39 10 13,0,0,0,0.11536897733514562,0.41292978557340015,6.000000000000001,2007-01-02,2016-09-30,1036,"{""C_proxy"": 0.2, ""features"": [""long_z"", ""recent20_z"", ""recent50_z"", ""recent100_z"", ""ewma_z"", ""gap_z"", ""transition_z"", ""in_last_draw""], ""include_number"": true, ""retrain_interval"": 1, ""seed"": 20260728, ""shrink_strength"": 0.1}",audited-1.0.0-online-SGD-r1,FullFeatureLogistic
1037,105000087,2016-10-07,10 16 30 33 37 42,25 38 42 34 26 49,25 38 42 34 26 49 12 16 20 10,25 38 42 34 26 49 12 16 20 10 39 13,1,3,3,0.10679067927505402,0.37106351497171275,6.000000000000001,2007-01-02,2016-10-04,1037,"{""C_proxy"": 0.2, ""features"": [""long_z"", ""recent20_z"", ""recent50_z"", ""recent100_z"", ""ewma_z"", ""gap_z"", ""transition_z"", ""in_last_draw""], ""include_number"": true, ""retrain_interval"": 1, ""seed"": 20260728, ""shrink_strength"": 0.1}",audited-1.0.0-online-SGD-r1,FullFeatureLogistic
1038,105000088,2016-10-11,2 8 13 14 37 39,25 38 34 26 49 42,25 38 34 26 49 42 12 20 39 2,25 38 34 26 49 42 12 20 39 2 13 9,0,2,3,0.10862639845801657,0.37638138811990224,6.000000000000001,2007-01-02,2016-10-07,1038,"{""C_proxy"": 0.2, ""features"": [""long_z"", ""recent20_z"", ""recent50_z"", ""recent100_z"", ""ewma_z"", ""gap_z"", ""transition_z"", ""in_last_draw""], ""include_number"": true, ""retrain_interval"": 1, ""seed"": 20260728, ""shrink_strength"": 0.1}",audited-1.0.0-online-SGD-r1,FullFeatureLogistic
1039,105000089,2016-10-14,10 23 29 30 44 47,25 38 34 42 49 26,25 38 34 42 49 26 12 20 16 43,25 38 34 42 49 26 12 20 16 43 9 39,0,0,0,0.11262667411539559,0.3973210790453492,6.0,2007-01-02,2016-10-11,1039,"{""C_proxy"": 0.2, ""features"": [""long_z"", ""recent20_z"", ""recent50_z"", ""recent100_z"", ""ewma_z"", ""gap_z"", ""transition_z"", ""in_last_draw""], ""include_number"": true, ""retrain_interval"": 1, ""seed"": 20260728, ""shrink_strength"": 0.1}",audited-1.0.0-online-SGD-r1,FullFeatureLogistic
1040,105000090,2016-10-18,14 15 16 24 44 47,25 38 34 42 49 26,25 38 34 42 49 26 12 20 16 39,25 38 34 42 49 26 12 20 16 39 43 13,0,1,1,0.11132140217573873,0.3899327215395755,6.000000000000001,2007-01-02,2016-10-14,1040,"{""C_proxy"": 0.2, ""features"": [""long_z"", ""recent20_z"", ""recent50_z"", ""recent100_z"", ""ewma_z"", ""gap_z"", ""transition_z"", ""in_last_draw""], ""include_number"": true, ""retrain_interval"": 1, ""seed"": 20260728, ""shrink_strength"": 0.1}",audited-1.0.0-online-SGD-r1,FullFeatureLogistic
1041,105000091,2016-10-21,2 8 21 32 33 37,25 38 34 42 49 26,25 38 34 42 49 26 20 12 39 43,25 38 34 42 49 26 20 12 39 43 13 5,0,0,0,0.11074327964252563,0.3856703590326395,5.999999999999999,2007-01-02,2016-10-18,1041,"{""C_proxy"": 0.2, ""features"": [""long_z"", ""recent20_z"", ""recent50_z"", ""recent100_z"", ""ewma_z"", ""gap_z"", ""transition_z"", ""in_last_draw""], ""include_number"": true, ""retrain_interval"": 1, ""seed"": 20260728, ""shrink_strength"": 0.1}",audited-1.0.0-online-SGD-r1,FullFeatureLogistic
1042,105000092,2016-10-25,5 15 25 27 33 34,25 38 34 42 49 26,25 38 34 42 49 26 20 12 39 16,25 38 34 42 49 26 20 12 39 16 43 13,2,2,2,0.10392684530339907,0.3561946860077426,6.0,2007-01-02,2016-10-21,1042,"{""C_proxy"": 0.2, ""features"": [""long_z"", ""recent20_z"", ""recent50_z"", ""recent100_z"", ""ewma_z"", ""gap_z"", ""transition_z"", ""in_last_draw""], ""include_number"": true, ""retrain_interval"": 1, ""seed"": 20260728, ""shrink_strength"": 0.1}",audited-1.0.0-online-SGD-r1,FullFeatureLogistic
1043,105000093,2016-10-28,1 10 13 33 37 38,38 25 42 49 34 26,38 25 42 49 34 26 20 12 39 16,38 25 42 49 34 26 20 12 39 16 43 9,1,1,1,0.10586766500184557,0.3641093984295717,6.0,2007-01-02,2016-10-25,1043,"{""C_proxy"": 0.2, ""features"": [""long_z"", ""recent20_z"", ""recent50_z"", ""recent100_z"", ""ewma_z"", ""gap_z"", ""transition_z"", ""in_last_draw""], ""include_number"": true, ""retrain_interval"": 1, ""seed"": 20260728, ""shrink_strength"": 0.1}",audited-1.0.0-online-SGD-r1,FullFeatureLogistic
1044,105000094,2016-11-01,10 11 15 20 31 49,25 49 42 38 34 26,25 49 42 38 34 26 20 12 39 16,25 49 42 38 34 26 20 12 39 16 43 9,1,2,2,0.10635547158304436,0.3665049610190474,6.0,2007-01-02,2016-10-28,1044,"{""C_proxy"": 0.2, ""features"": [""long_z"", ""recent20_z"", ""recent50_z"", ""recent100_z"", ""ewma_z"", ""gap_z"", ""transition_z"", ""in_last_draw""], ""include_number"": true, ""retrain_interval"": 1, ""seed"": 20260728, ""shrink_strength"": 0.1}",audited-1.0.0-online-SGD-r1,FullFeatureLogistic
1045,105000095,2016-11-04,2 3 17 28 38 49,25 38 42 34 26 12,25 38 42 34 26 12 49 39 16 20,25 38 42 34 26 12 49 39 16 20 9 7,1,2,2,0.10603040067347587,0.36495746732830775,6.0,2007-01-02,2016-11-01,1045,"{""C_proxy"": 0.2, ""features"": [""long_z"", ""recent20_z"", ""recent50_z"", ""recent100_z"", ""ewma_z"", ""gap_z"", ""transition_z"", ""in_last_draw""], ""include_number"": true, ""retrain_interval"": 1, ""seed"": 20260728, ""shrink_strength"": 0.1}",audited-1.0.0-online-SGD-r1,FullFeatureLogistic
1046,105000096,2016-11-08,3 6 11 17 22 49,25 34 42 26 20 12,25 34 42 26 20 12 38 39 16 49,25 34 42 26 20 12 38 39 16 49 7 9,0,1,1,0.11021893631005687,0.38435145426872264,6.0,2007-01-02,2016-11-04,1046,"{""C_proxy"": 0.2, ""features"": [""long_z"", ""recent20_z"", ""recent50_z"", ""recent100_z"", ""ewma_z"", ""gap_z"", ""transition_z"", ""in_last_draw""], ""include_number"": true, ""retrain_interval"": 1, ""seed"": 20260728, ""shrink_strength"": 0.1}",audited-1.0.0-online-SGD-r1,FullFeatureLogistic
1047,105000097,2016-11-11,2 7 8 22 28 32,25 34 42 38 26 20,25 34 42 38 26 20 12 16 39 7,25 34 42 38 26 20 12 16 39 7 9 5,0,1,1,0.10934408844664495,0.3791305740039972,6.000000000000001,2007-01-02,2016-11-08,1047,"{""C_proxy"": 0.2, ""features"": [""long_z"", ""recent20_z"", ""recent50_z"", ""recent100_z"", ""ewma_z"", ""gap_z"", ""transition_z"", ""in_last_draw""], ""include_number"": true, ""retrain_interval"": 1, ""seed"": 20260728, ""shrink_strength"": 0.1}",audited-1.0.0-online-SGD-r1,FullFeatureLogistic
1048,105000098,2016-11-15,7 8 25 33 41 43,25 34 42 38 26 20,25 34 42 38 26 20 12 16 39 49,25 34 42 38 26 20 12 16 39 49 9 13,1,1,1,0.10526109343169156,0.3615565511672215,6.000000000000002,2007-01-02,2016-11-11,1048,"{""C_proxy"": 0.2, ""features"": [""long_z"", ""recent20_z"", ""recent50_z"", ""recent100_z"", ""ewma_z"", ""gap_z"", ""transition_z"", ""in_last_draw""], ""include_number"": true, ""retrain_interval"": 1, ""seed"": 20260728, ""shrink_strength"": 0.1}",audited-1.0.0-online-SGD-r1,FullFeatureLogistic
1049,105000099,2016-11-18,6 18 24 25 26 34,34 42 38 25 26 20,34 42 38 25 26 20 12 16 39 49,34 42 38 25 26 20 12 16 39 49 9 48,3,3,3,0.10236082209728713,0.34869405726012703,5.999999999999999,2007-01-02,2016-11-15,1049,"{""C_proxy"": 0.2, ""features"": [""long_z"", ""recent20_z"", ""recent50_z"", ""recent100_z"", ""ewma_z"", ""gap_z"", ""transition_z"", ""in_last_draw""], ""include_number"": true, ""retrain_interval"": 1, ""seed"": 20260728, ""shrink_strength"": 0.1}",audited-1.0.0-online-SGD-r1,FullFeatureLogistic
1050,105000100,2016-11-22,1 21 24 25 34 44,42 38 20 34 25 26,42 38 20 34 25 26 12 16 39 49,42 38 20 34 25 26 12 16 39 49 9 48,2,2,2,0.10647170033257995,0.3668326263881831,6.0,2007-01-02,2016-11-18,1050,"{""C_proxy"": 0.2, ""features"": [""long_z"", ""recent20_z"", ""recent50_z"", ""recent100_z"", ""ewma_z"", ""gap_z"", ""transition_z"", ""in_last_draw""], ""include_number"": true, ""retrain_interval"": 1, ""seed"": 20260728, ""shrink_strength"": 0.1}",audited-1.0.0-online-SGD-r1,FullFeatureLogistic
1051,105000101,2016-11-25,1 3 22 28 37 42,38 42 26 20 49 12,38 42 26 20 49 12 16 39 34 25,38 42 26 20 49 12 16 39 34 25 9 48,1,1,1,0.10831037102683301,0.37518040378739925,6.000000000000001,2007-01-02,2016-11-22,1051,"{""C_proxy"": 0.2, ""features"": [""long_z"", ""recent20_z"", ""recent50_z"", ""recent100_z"", ""ewma_z"", ""gap_z"", ""transition_z"", ""in_last_draw""], ""include_number"": true, ""retrain_interval"": 1, ""seed"": 20260728, ""shrink_strength"": 0.1}",audited-1.0.0-online-SGD-r1,FullFeatureLogistic
1052,105000102,2016-11-29,3 21 26 28 38 40,38 20 26 25 42 34,38 20 26 25 42 34 49 12 39 16,38 20 26 25 42 34 49 12 39 16 9 48,2,2,2,0.10605953645247153,0.36607575080525556,6.0,2007-01-02,2016-11-25,1052,"{""C_proxy"": 0.2, ""features"": [""long_z"", ""recent20_z"", ""recent50_z"", ""recent100_z"", ""ewma_z"", ""gap_z"", ""transition_z"", ""in_last_draw""], ""include_number"": true, ""retrain_interval"": 1, ""seed"": 20260728, ""shrink_strength"": 0.1}",audited-1.0.0-online-SGD-r1,FullFeatureLogistic
1053,105000103,2016-12-02,5 25 26 34 40 49,20 42 25 38 34 49,20 42 25 38 34 49 12 16 39 26,20 42 25 38 34 49 12 16 39 26 9 48,3,4,4,0.10172825376098546,0.34550024290360076,6.0,2007-01-02,2016-11-29,1053,"{""C_proxy"": 0.2, ""features"": [""long_z"", ""recent20_z"", ""recent50_z"", ""recent100_z"", ""ewma_z"", ""gap_z"", ""transition_z"", ""in_last_draw""], ""include_number"": true, ""retrain_interval"": 1, ""seed"": 20260728, ""shrink_strength"": 0.1}",audited-1.0.0-online-SGD-r1,FullFeatureLogistic
1054,105000104,2016-12-06,27 30 32 41 44 46,20 38 42 16 12 34,20 38 42 16 12 34 39 9 25 49,20 38 42 16 12 34 39 9 25 49 10 26,0,0,0,0.1137429463036298,0.4031901775510401,5.999999999999999,2007-01-02,2016-12-02,1054,"{""C_proxy"": 0.2, ""features"": [""long_z"", ""recent20_z"", ""recent50_z"", ""recent100_z"", ""ewma_z"", ""gap_z"", ""transition_z"", ""in_last_draw""], ""include_number"": true, ""retrain_interval"": 1, ""seed"": 20260728, ""shrink_strength"": 0.1}",audited-1.0.0-online-SGD-r1,FullFeatureLogistic
1055,105000105,2016-12-09,12 28 38 42 44 49,20 38 42 25 34 49,20 38 42 25 34 49 12 16 26 9,20 38 42 25 34 49 12 16 26 9 39 10,3,4,4,0.1040554444445559,0.3583648704456791,6.0,2007-01-02,2016-12-06,1055,"{""C_proxy"": 0.2, ""features"": [""long_z"", ""recent20_z"", ""recent50_z"", ""recent100_z"", ""ewma_z"", ""gap_z"", ""transition_z"", ""in_last_draw""], ""include_number"": true, ""retrain_interval"": 1, ""seed"": 20260728, ""shrink_strength"": 0.1}",audited-1.0.0-online-SGD-r1,FullFeatureLogistic
1056,105000106,2016-12-13,19 29 33 36 39 49,20 25 34 38 26 42,20 25 34 38 26 42 16 39 9 12,20 25 34 38 26 42 16 39 9 12 10 43,0,1,1,0.10774479599523068,0.37202868642259473,6.0,2007-01-02,2016-12-09,1056,"{""C_proxy"": 0.2, ""features"": [""long_z"", ""recent20_z"", ""recent50_z"", ""recent100_z"", ""ewma_z"", ""gap_z"", ""transition_z"", ""in_last_draw""], ""include_number"": true, ""retrain_interval"": 1, ""seed"": 20260728, ""shrink_strength"": 0.1}",audited-1.0.0-online-SGD-r1,FullFeatureLogistic
1057,105000107,2016-12-16,11 19 25 34 36 42,20 25 38 34 42 26,20 25 38 34 42 26 12 16 9 10,20 25 38 34 42 26 12 16 9 10 39 43,3,3,3,0.10656674235327697,0.36969540368527415,6.000000000000001,2007-01-02,2016-12-13,1057,"{""C_proxy"": 0.2, ""features"": [""long_z"", ""recent20_z"", ""recent50_z"", ""recent100_z"", ""ewma_z"", ""gap_z"", ""transition_z"", ""in_last_draw""], ""include_number"": true, ""retrain_interval"": 1, ""seed"": 20260728, ""shrink_strength"": 0.1}",audited-1.0.0-online-SGD-r1,FullFeatureLogistic
1058,105000108,2016-12-20,1 29 35 36 44 46,20 38 26 12 34 25,20 38 26 12 34 25 16 39 9 42,20 38 26 12 34 25 16 39 9 42 49 10,0,0,0,0.11382906424062877,0.40304765159655326,6.0,2007-01-02,2016-12-16,1058,"{""C_proxy"": 0.2, ""features"": [""long_z"", ""recent20_z"", ""recent50_z"", ""recent100_z"", ""ewma_z"", ""gap_z"", ""transition_z"", ""in_last_draw""], ""include_number"": true, ""retrain_interval"": 1, ""seed"": 20260728, ""shrink_strength"": 0.1}",audited-1.0.0-online-SGD-r1,FullFeatureLogistic
1059,105000109,2016-12-23,8 23 28 38 41 42,38 20 25 26 34 12,38 20 25 26 34 12 42 16 49 9,38 20 25 26 34 12 42 16 49 9 10 39,1,2,2,0.10636692312753489,0.3663816920923191,6.0,2007-01-02,2016-12-20,1059,"{""C_proxy"": 0.2, ""features"": [""long_z"", ""recent20_z"", ""recent50_z"", ""recent100_z"", ""ewma_z"", ""gap_z"", ""transition_z"", ""in_last_draw""], ""include_number"": true, ""retrain_interval"": 1, ""seed"": 20260728, ""shrink_strength"": 0.1}",audited-1.0.0-online-SGD-r1,FullFeatureLogistic
1060,105000110,2016-12-27,10 25 26 29 31 40,20 25 26 34 38 12,20 25 26 34 38 12 49 16 9 2,20 25 26 34 38 12 49 16 9 2 39 10,2,2,3,0.10438344941198978,0.35732350667196255,6.0,2007-01-02,2016-12-23,1060,"{""C_proxy"": 0.2, ""features"": [""long_z"", ""recent20_z"", ""recent50_z"", ""recent100_z"", ""ewma_z"", ""gap_z"", ""transition_z"", ""in_last_draw""], ""include_number"": true, ""retrain_interval"": 1, ""seed"": 20260728, ""shrink_strength"": 0.1}",audited-1.0.0-online-SGD-r1,FullFeatureLogistic
1061,105000111,2016-12-30,6 7 35 37 38 47,20 38 34 12 49 25,20 38 34 12 49 25 16 42 9 2,20 38 34 12 49 25 16 42 9 2 39 26,1,1,1,0.10876083212597139,0.37887608198587636,6.0,2007-01-02,2016-12-27,1061,"{""C_proxy"": 0.2, ""features"": [""long_z"", ""recent20_z"", ""recent50_z"", ""recent100_z"", ""ewma_z"", ""gap_z"", ""transition_z"", ""in_last_draw""], ""include_number"": true, ""retrain_interval"": 1, ""seed"": 20260728, ""shrink_strength"": 0.1}",audited-1.0.0-online-SGD-r1,FullFeatureLogistic
1062,106000001,2017-01-03,18 22 41 42 47 49,20 34 25 12 49 26,20 34 25 12 49 26 42 38 16 9,20 34 25 12 49 26 42 38 16 9 2 39,1,2,2,0.10482812795915701,0.3587880019381844,5.999999999999999,2007-01-02,2016-12-30,1062,"{""C_proxy"": 0.2, ""features"": [""long_z"", ""recent20_z"", ""recent50_z"", ""recent100_z"", ""ewma_z"", ""gap_z"", ""transition_z"", ""in_last_draw""], ""include_number"": true, ""retrain_interval"": 1, ""seed"": 20260728, ""shrink_strength"": 0.1}",audited-1.0.0-online-SGD-r1,FullFeatureLogistic
1063,106000002,2017-01-06,12 14 32 35 40 43,20 34 25 38 12 26,20 34 25 38 12 26 16 2 9 39,20 34 25 38 12 26 16 2 9 39 10 49,1,1,1,0.11040749446931089,0.3878869572796512,6.000000000000001,2007-01-02,2017-01-03,1063,"{""C_proxy"": 0.2, ""features"": [""long_z"", ""recent20_z"", ""recent50_z"", ""recent100_z"", ""ewma_z"", ""gap_z"", ""transition_z"", ""in_last_draw""], ""include_number"": true, ""retrain_interval"": 1, ""seed"": 20260728, ""shrink_strength"": 0.1}",audited-1.0.0-online-SGD-r1,FullFeatureLogistic
1064,106000003,2017-01-10,4 13 14 37 39 46,20 34 25 38 26 49,20 34 25 38 26 49 16 2 9 39,20 34 25 38 26 49 16 2 9 39 42 10,0,1,1,0.11041106756856495,0.38538765299682826,6.0,2007-01-02,2017-01-06,1064,"{""C_proxy"": 0.2, ""features"": [""long_z"", ""recent20_z"", ""recent50_z"", ""recent100_z"", ""ewma_z"", ""gap_z"", ""transition_z"", ""in_last_draw""], ""include_number"": true, ""retrain_interval"": 1, ""seed"": 20260728, ""shrink_strength"": 0.1}",audited-1.0.0-online-SGD-r1,FullFeatureLogistic
1065,106000004,2017-01-13,14 19 21 25 27 38,20 34 25 38 26 49,20 34 25 38 26 49 16 2 12 42,20 34 25 38 26 49 16 2 12 42 9 10,2,2,2,0.10830874240710694,0.3762711780563476,6.0,2007-01-02,2017-01-10,1065,"{""C_proxy"": 0.2, ""features"": [""long_z"", ""recent20_z"", ""recent50_z"", ""recent100_z"", ""ewma_z"", ""gap_z"", ""transition_z"", ""in_last_draw""], ""include_number"": true, ""retrain_interval"": 1, ""seed"": 20260728, ""shrink_strength"": 0.1}",audited-1.0.0-online-SGD-r1,FullFeatureLogistic
1066,106000005,2017-01-17,4 12 17 28 34 40,20 34 26 49 12 16,20 34 26 49 12 16 42 38 2 9,20 34 26 49 12 16 42 38 2 9 10 25,2,2,2,0.10653762119878514,0.36721777088638796,6.000000000000003,2007-01-02,2017-01-13,1066,"{""C_proxy"": 0.2, ""features"": [""long_z"", ""recent20_z"", ""recent50_z"", ""recent100_z"", ""ewma_z"", ""gap_z"", ""transition_z"", ""in_last_draw""], ""include_number"": true, ""retrain_interval"": 1, ""seed"": 20260728, ""shrink_strength"": 0.1}",audited-1.0.0-online-SGD-r1,FullFeatureLogistic
1067,106000006,2017-01-20,1 5 16 18 31 41,20 26 49 34 25 38,20 26 49 34 25 38 42 16 2 10,20 26 49 34 25 38 42 16 2 10 9 7,0,1,1,0.10558231898732416,0.36128849010842073,6.0,2007-01-02,2017-01-17,1067,"{""C_proxy"": 0.2, ""features"": [""long_z"", ""recent20_z"", ""recent50_z"", ""recent100_z"", ""ewma_z"", ""gap_z"", ""transition_z"", ""in_last_draw""], ""include_number"": true, ""retrain_interval"": 1, ""seed"": 20260728, ""shrink_strength"": 0.1}",audited-1.0.0-online-SGD-r1,FullFeatureLogistic
1068,106000007,2017-01-24,1 9 17 31 33 48,20 26 34 49 25 38,20 26 34 49 25 38 42 2 16 7,20 26 34 49 25 38 42 2 16 7 12 9,0,0,1,0.10735837031638215,0.3702042064613956,6.000000000000001,2007-01-02,2017-01-20,1068,"{""C_proxy"": 0.2, ""features"": [""long_z"", ""recent20_z"", ""recent50_z"", ""recent100_z"", ""ewma_z"", ""gap_z"", ""transition_z"", ""in_last_draw""], ""include_number"": true, ""retrain_interval"": 1, ""seed"": 20260728, ""shrink_strength"": 0.1}",audited-1.0.0-online-SGD-r1,FullFeatureLogistic
1069,106000008,2017-01-27,1 5 7 31 35 49,20 26 34 49 25 38,20 26 34 49 25 38 42 16 2 12,20 26 34 49 25 38 42 16 2 12 39 7,1,1,2,0.10835998829716556,0.3777475987126764,6.0,2007-01-02,2017-01-24,1069,"{""C_proxy"": 0.2, ""features"": [""long_z"", ""recent20_z"", ""recent50_z"", ""recent100_z"", ""ewma_z"", ""gap_z"", ""transition_z"", ""in_last_draw""], ""include_number"": true, ""retrain_interval"": 1, ""seed"": 20260728, ""shrink_strength"": 0.1}",audited-1.0.0-online-SGD-r1,FullFeatureLogistic
1070,106000009,2017-01-28,1 19 20 25 30 32,20 34 25 38 26 42,20 34 25 38 26 42 16 12 9 2,20 34 25 38 26 42 16 12 9 2 39 49,2,2,2,0.10911689423678245,0.3826721548409118,6.0,2007-01-02,2017-01-27,1070,"{""C_proxy"": 0.2, ""features"": [""long_z"", ""recent20_z"", ""recent50_z"", ""recent100_z"", ""ewma_z"", ""gap_z"", ""transition_z"", ""in_last_draw""], ""include_number"": true, ""retrain_interval"": 1, ""seed"": 20260728, ""shrink_strength"": 0.1}",audited-1.0.0-online-SGD-r1,FullFeatureLogistic
1071,106000010,2017-01-29,3 8 9 12 14 22,38 34 26 42 49 20,38 34 26 42 49 20 16 12 9 2,38 34 26 42 49 20 16 12 9 2 25 39,0,2,2,0.10797409409244836,0.3737164626845069,6.0,2007-01-02,2017-01-28,1071,"{""C_proxy"": 0.2, ""features"": [""long_z"", ""recent20_z"", ""recent50_z"", ""recent100_z"", ""ewma_z"", ""gap_z"", ""transition_z"", ""in_last_draw""], ""include_number"": true, ""retrain_interval"": 1, ""seed"": 20260728, ""shrink_strength"": 0.1}",audited-1.0.0-online-SGD-r1,FullFeatureLogistic
1072,106000011,2017-01-30,10 19 26 29 43 45,38 34 20 26 49 42,38 34 20 26 49 42 25 16 2 10,38 34 20 26 49 42 25 16 2 10 39 7,1,2,2,0.10655395532438738,0.3669262318474764,6.0,2007-01-02,2017-01-29,1072,"{""C_proxy"": 0.2, ""features"": [""long_z"", ""recent20_z"", ""recent50_z"", ""recent100_z"", ""ewma_z"", ""gap_z"", ""transition_z"", ""in_last_draw""], ""include_number"": true, ""retrain_interval"": 1, ""seed"": 20260728, ""shrink_strength"": 0.1}",audited-1.0.0-online-SGD-r1,FullFeatureLogistic
1073,106000012,2017-01-31,4 11 16 28 33 46,38 34 49 20 42 25,38 34 49 20 42 25 16 2 26 39,38 34 49 20 42 25 16 2 26 39 12 7,0,1,1,0.10923659996896284,0.37985283160530703,6.0,2007-01-02,2017-01-30,1073,"{""C_proxy"": 0.2, ""features"": [""long_z"", ""recent20_z"", ""recent50_z"", ""recent100_z"", ""ewma_z"", ""gap_z"", ""transition_z"", ""in_last_draw""], ""include_number"": true, ""retrain_interval"": 1, ""seed"": 20260728, ""shrink_strength"": 0.1}",audited-1.0.0-online-SGD-r1,FullFeatureLogistic
1074,106000013,2017-02-01,4 9 11 32 43 47,38 34 49 42 20 25,38 34 49 42 20 25 26 2 39 12,38 34 49 42 20 25 26 2 39 12 7 16,0,0,0,0.11150714782812986,0.39134828170737895,6.000000000000001,2007-01-02,2017-01-31,1074,"{""C_proxy"": 0.2, ""features"": [""long_z"", ""recent20_z"", ""recent50_z"", ""recent100_z"", ""ewma_z"", ""gap_z"", ""transition_z"", ""in_last_draw""], ""include_number"": true, ""retrain_interval"": 1, ""seed"": 20260728, ""shrink_strength"": 0.1}",audited-1.0.0-online-SGD-r1,FullFeatureLogistic
1075,106000014,2017-02-03,2 11 25 29 30 33,38 49 34 42 25 20,38 49 34 42 25 20 26 2 39 12,38 49 34 42 25 20 26 2 39 12 16 7,1,2,2,0.10928922626235482,0.38362876080961944,6.0,2007-01-02,2017-02-01,1075,"{""C_proxy"": 0.2, ""features"": [""long_z"", ""recent20_z"", ""recent50_z"", ""recent100_z"", ""ewma_z"", ""gap_z"", ""transition_z"", ""in_last_draw""], ""include_number"": true, ""retrain_interval"": 1, ""seed"": 20260728, ""shrink_strength"": 0.1}",audited-1.0.0-online-SGD-r1,FullFeatureLogistic
1076,106000015,2017-02-07,6 18 19 23 32 49,38 49 34 20 42 26,38 49 34 20 42 26 25 16 39 12,38 49 34 20 42 26 25 16 39 12 10 2,1,1,1,0.10874324763115328,0.37833497859051063,6.000000000000001,2007-01-02,2017-02-03,1076,"{""C_proxy"": 0.2, ""features"": [""long_z"", ""recent20_z"", ""recent50_z"", ""recent100_z"", ""ewma_z"", ""gap_z"", ""transition_z"", ""in_last_draw""], ""include_number"": true, ""retrain_interval"": 1, ""seed"": 20260728, ""shrink_strength"": 0.1}",audited-1.0.0-online-SGD-r1,FullFeatureLogistic
1077,106000016,2017-02-10,7 11 12 15 24 26,38 34 42 20 25 26,38 34 42 20 25 26 2 49 16 12,38 34 42 20 25 26 2 49 16 12 10 39,1,2,2,0.10675485718406606,0.3691886831344375,5.999999999999999,2007-01-02,2017-02-07,1077,"{""C_proxy"": 0.2, ""features"": [""long_z"", ""recent20_z"", ""recent50_z"", ""recent100_z"", ""ewma_z"", ""gap_z"", ""transition_z"", ""in_last_draw""], ""include_number"": true, ""retrain_interval"": 1, ""seed"": 20260728, ""shrink_strength"": 0.1}",audited-1.0.0-online-SGD-r1,FullFeatureLogistic
1078,106000017,2017-02-14,10 11 21 23 28 37,38 25 34 42 20 49,38 25 34 42 20 49 2 10 16 39,38 25 34 42 20 49 2 10 16 39 26 48,0,1,1,0.11095065159425682,0.3893059193373055,6.0,2007-01-02,2017-02-10,1078,"{""C_proxy"": 0.2, ""features"": [""long_z"", ""recent20_z"", ""recent50_z"", ""recent100_z"", ""ewma_z"", ""gap_z"", ""transition_z"", ""in_last_draw""], ""include_number"": true, ""retrain_interval"": 1, ""seed"": 20260728, ""shrink_strength"": 0.1}",audited-1.0.0-online-SGD-r1,FullFeatureLogistic
1079,106000018,2017-02-17,6 16 21 23 46 49,38 25 34 49 42 20,38 25 34 49 42 20 2 26 16 39,38 25 34 49 42 20 2 26 16 39 12 7,1,2,2,0.10800832598125717,0.37372719018020634,6.000000000000001,2007-01-02,2017-02-14,1079,"{""C_proxy"": 0.2, ""features"": [""long_z"", ""recent20_z"", ""recent50_z"", ""recent100_z"", ""ewma_z"", ""gap_z"", ""transition_z"", ""in_last_draw""], ""include_number"": true, ""retrain_interval"": 1, ""seed"": 20260728, ""shrink_strength"": 0.1}",audited-1.0.0-online-SGD-r1,FullFeatureLogistic
1080,106000019,2017-02-21,8 10 15 32 39 48,38 25 34 20 42 2,38 25 34 20 42 2 26 39 49 12,38 25 34 20 42 2 26 39 49 12 10 33,0,1,2,0.10746492199515022,0.371391564136313,6.000000000000002,2007-01-02,2017-02-17,1080,"{""C_proxy"": 0.2, ""features"": [""long_z"", ""recent20_z"", ""recent50_z"", ""recent100_z"", ""ewma_z"", ""gap_z"", ""transition_z"", ""in_last_draw""], ""include_number"": true, ""retrain_interval"": 1, ""seed"": 20260728, ""shrink_strength"": 0.1}",audited-1.0.0-online-SGD-r1,FullFeatureLogistic
1081,106000020,2017-02-24,12 16 35 38 41 47,38 34 25 42 20 49,38 34 25 42 20 49 2 26 12 39,38 34 25 42 20 49 2 26 12 39 16 7,1,2,3,0.10632370883078862,0.3682668719163125,5.999999999999999,2007-01-02,2017-02-21,1081,"{""C_proxy"": 0.2, ""features"": [""long_z"", ""recent20_z"", ""recent50_z"", ""recent100_z"", ""ewma_z"", ""gap_z"", ""transition_z"", ""in_last_draw""], ""include_number"": true, ""retrain_interval"": 1, ""seed"": 20260728, ""shrink_strength"": 0.1}",audited-1.0.0-online-SGD-r1,FullFeatureLogistic
1082,106000021,2017-02-28,6 14 15 19 30 43,38 25 34 42 20 2,38 25 34 42 20 2 49 26 39 33,38 25 34 42 20 2 49 26 39 33 9 10,0,0,0,0.11229394490595938,0.39560443104252513,6.0,2007-01-02,2017-02-24,1082,"{""C_proxy"": 0.2, ""features"": [""long_z"", ""recent20_z"", ""recent50_z"", ""recent100_z"", ""ewma_z"", ""gap_z"", ""transition_z"", ""in_last_draw""], ""include_number"": true, ""retrain_interval"": 1, ""seed"": 20260728, ""shrink_strength"": 0.1}",audited-1.0.0-online-SGD-r1,FullFeatureLogistic
1083,106000022,2017-03-03,2 16 20 37 43 48,38 25 34 42 20 49,38 25 34 42 20 49 2 26 39 33,38 25 34 42 20 49 2 26 39 33 12 10,1,2,2,0.10466164148912345,0.35773818882308395,6.000000000000001,2007-01-02,2017-02-28,1083,"{""C_proxy"": 0.2, ""features"": [""long_z"", ""recent20_z"", ""recent50_z"", ""recent100_z"", ""ewma_z"", ""gap_z"", ""transition_z"", ""in_last_draw""], ""include_number"": true, ""retrain_interval"": 1, ""seed"": 20260728, ""shrink_strength"": 0.1}",audited-1.0.0-online-SGD-r1,FullFeatureLogistic
1084,106000023,2017-03-07,6 12 22 31 41 44,38 25 34 42 49 26,38 25 34 42 49 26 39 20 2 10,38 25 34 42 49 26 39 20 2 10 33 9,0,0,0,0.10858788173720707,0.3748318379470957,6.0,2007-01-02,2017-03-03,1084,"{""C_proxy"": 0.2, ""features"": [""long_z"", ""recent20_z"", ""recent50_z"", ""recent100_z"", ""ewma_z"", ""gap_z"", ""transition_z"", ""in_last_draw""], ""include_number"": true, ""retrain_interval"": 1, ""seed"": 20260728, ""shrink_strength"": 0.1}",audited-1.0.0-online-SGD-r1,FullFeatureLogistic
1085,106000024,2017-03-10,11 12 21 35 41 48,38 25 34 42 49 26,38 25 34 42 49 26 20 2 39 10,38 25 34 42 49 26 20 2 39 10 33 9,0,0,0,0.11270488269444452,0.39788785070338173,6.000000000000002,2007-01-02,2017-03-07,1085,"{""C_proxy"": 0.2, ""features"": [""long_z"", ""recent20_z"", ""recent50_z"", ""recent100_z"", ""ewma_z"", ""gap_z"", ""transition_z"", ""in_last_draw""], ""include_number"": true, ""retrain_interval"": 1, ""seed"": 20260728, ""shrink_strength"": 0.1}",audited-1.0.0-online-SGD-r1,FullFeatureLogistic
1086,106000025,2017-03-14,15 17 20 32 33 39,25 38 49 42 34 26,25 38 49 42 34 26 20 2 39 33,25 38 49 42 34 26 20 2 39 33 10 9,0,3,3,0.10746243251630881,0.37215182496696586,6.0,2007-01-02,2017-03-10,1086,"{""C_proxy"": 0.2, ""features"": [""long_z"", ""recent20_z"", ""recent50_z"", ""recent100_z"", ""ewma_z"", ""gap_z"", ""transition_z"", ""in_last_draw""], ""include_number"": true, ""retrain_interval"": 1, ""seed"": 20260728, ""shrink_strength"": 0.1}",audited-1.0.0-online-SGD-r1,FullFeatureLogistic
1087,106000026,2017-03-17,4 17 25 36 40 44,25 38 42 49 34 26,25 38 42 49 34 26 2 10 9 5,25 38 42 49 34 26 2 10 9 5 20 7,1,1,1,0.10866861708977728,0.37806390469041695,6.0,2007-01-02,2017-03-14,1087,"{""C_proxy"": 0.2, ""features"": [""long_z"", ""recent20_z"", ""recent50_z"", ""recent100_z"", ""ewma_z"", ""gap_z"", ""transition_z"", ""in_last_draw""], ""include_number"": true, ""retrain_interval"": 1, ""seed"": 20260728, ""shrink_strength"": 0.1}",audited-1.0.0-online-SGD-r1,FullFeatureLogistic
1088,106000027,2017-03-21,8 16 27 32 43 44,38 49 34 42 25 26,38 49 34 42 25 26 2 20 10 9,38 49 34 42 25 26 2 20 10 9 5 33,0,0,0,0.11201787873478056,0.39261298955804286,6.0,2007-01-02,2017-03-17,1088,"{""C_proxy"": 0.2, ""features"": [""long_z"", ""recent20_z"", ""recent50_z"", ""recent100_z"", ""ewma_z"", ""gap_z"", ""transition_z"", ""in_last_draw""], ""include_number"": true, ""retrain_interval"": 1, ""seed"": 20260728, ""shrink_strength"": 0.1}",audited-1.0.0-online-SGD-r1,FullFeatureLogistic
1089,106000028,2017-03-24,24 36 39 41 45 49,38 25 49 34 42 26,38 25 49 34 42 26 20 2 10 9,38 25 49 34 42 26 20 2 10 9 33 5,1,1,1,0.10704346675783287,0.3683349844699826,6.0,2007-01-02,2017-03-21,1089,"{""C_proxy"": 0.2, ""features"": [""long_z"", ""recent20_z"", ""recent50_z"", ""recent100_z"", ""ewma_z"", ""gap_z"", ""transition_z"", ""in_last_draw""], ""include_number"": true, ""retrain_interval"": 1, ""seed"": 20260728, ""shrink_strength"": 0.1}",audited-1.0.0-online-SGD-r1,FullFeatureLogistic
1090,106000029,2017-03-28,21 22 32 37 42 44,38 25 34 42 26 20,38 25 34 42 26 20 49 2 10 9,38 25 34 42 26 20 49 2 10 9 5 33,1,1,1,0.10989185598395095,0.38424920249865346,5.999999999999999,2007-01-02,2017-03-24,1090,"{""C_proxy"": 0.2, ""features"": [""long_z"", ""recent20_z"", ""recent50_z"", ""recent100_z"", ""ewma_z"", ""gap_z"", ""transition_z"", ""in_last_draw""], ""include_number"": true, ""retrain_interval"": 1, ""seed"": 20260728, ""shrink_strength"": 0.1}",audited-1.0.0-online-SGD-r1,FullFeatureLogistic
1091,106000030,2017-03-31,17 18 22 24 25 38,38 25 49 26 42 34,38 25 49 26 42 34 20 2 10 9,38 25 49 26 42 34 20 2 10 9 33 5,2,2,2,0.10406734010367935,0.3578658150638749,6.0,2007-01-02,2017-03-28,1091,"{""C_proxy"": 0.2, ""features"": [""long_z"", ""recent20_z"", ""recent50_z"", ""recent100_z"", ""ewma_z"", ""gap_z"", ""transition_z"", ""in_last_draw""], ""include_number"": true, ""retrain_interval"": 1, ""seed"": 20260728, ""shrink_strength"": 0.1}",audited-1.0.0-online-SGD-r1,FullFeatureLogistic
1092,106000031,2017-04-04,5 17 33 34 43 44,38 42 49 26 34 25,38 42 49 26 34 25 20 2 10 9,38 42 49 26 34 25 20 2 10 9 5 33,1,1,3,0.10781496051624195,0.3746639946913102,6.000000000000001,2007-01-02,2017-03-31,1092,"{""C_proxy"": 0.2, ""features"": [""long_z"", ""recent20_z"", ""recent50_z"", ""recent100_z"", ""ewma_z"", ""gap_z"", ""transition_z"", ""in_last_draw""], ""include_number"": true, ""retrain_interval"": 1, ""seed"": 20260728, ""shrink_strength"": 0.1}",audited-1.0.0-online-SGD-r1,FullFeatureLogistic
1093,106000032,2017-04-07,19 23 31 32 37 49,38 42 49 25 26 34,38 42 49 25 26 34 20 2 10 9,38 42 49 25 26 34 20 2 10 9 7 12,1,1,1,0.11024115816493389,0.38545780202465707,6.000000000000001,2007-01-02,2017-04-04,1093,"{""C_proxy"": 0.2, ""features"": [""long_z"", ""recent20_z"", ""recent50_z"", ""recent100_z"", ""ewma_z"", ""gap_z"", ""transition_z"", ""in_last_draw""], ""include_number"": true, ""retrain_interval"": 1, ""seed"": 20260728, ""shrink_strength"": 0.1}",audited-1.0.0-online-SGD-r1,FullFeatureLogistic
1094,106000033,2017-04-11,9 22 31 36 40 47,38 25 42 34 26 20,38 25 42 34 26 20 2 49 10 9,38 25 42 34 26 20 2 49 10 9 5 12,0,1,1,0.10861308921030109,0.37474931508723675,6.0,2007-01-02,2017-04-07,1094,"{""C_proxy"": 0.2, ""features"": [""long_z"", ""recent20_z"", ""recent50_z"", ""recent100_z"", ""ewma_z"", ""gap_z"", ""transition_z"", ""in_last_draw""], ""include_number"": true, ""retrain_interval"": 1, ""seed"": 20260728, ""shrink_strength"": 0.1}",audited-1.0.0-online-SGD-r1,FullFeatureLogistic
1095,106000034,2017-04-14,2 3 4 23 29 42,38 25 42 34 26 49,38 25 42 34 26 49 20 2 10 5,38 25 42 34 26 49 20 2 10 5 12 7,1,2,2,0.10633959838701555,0.3658020592760775,5.999999999999999,2007-01-02,2017-04-11,1095,"{""C_proxy"": 0.2, ""features"": [""long_z"", ""recent20_z"", ""recent50_z"", ""recent100_z"", ""ewma_z"", ""gap_z"", ""transition_z"", ""in_last_draw""], ""include_number"": true, ""retrain_interval"": 1, ""seed"": 20260728, ""shrink_strength"": 0.1}",audited-1.0.0-online-SGD-r1,FullFeatureLogistic
1096,106000035,2017-04-18,14 21 25 35 36 39,25 38 34 26 49 20,25 38 34 26 49 20 42 10 9 5,25 38 34 26 49 20 42 10 9 5 12 2,1,1,1,0.11005309757530739,0.38612672453097624,5.999999999999999,2007-01-02,2017-04-14,1096,"{""C_proxy"": 0.2, ""features"": [""long_z"", ""recent20_z"", ""recent50_z"", ""recent100_z"", ""ewma_z"", ""gap_z"", ""transition_z"", ""in_last_draw""], ""include_number"": true, ""retrain_interval"": 1, ""seed"": 20260728, ""shrink_strength"": 0.1}",audited-1.0.0-online-SGD-r1,FullFeatureLogistic
1097,106000036,2017-04-21,5 15 22 23 28 39,38 26 34 49 42 25,38 26 34 49 42 25 20 2 10 9,38 26 34 49 42 25 20 2 10 9 12 5,0,0,1,0.10744845081014816,0.36919074284663556,6.0,2007-01-02,2017-04-18,1097,"{""C_proxy"": 0.2, ""features"": [""long_z"", ""recent20_z"", ""recent50_z"", ""recent100_z"", ""ewma_z"", ""gap_z"", ""transition_z"", ""in_last_draw""], ""include_number"": true, ""retrain_interval"": 1, ""seed"": 20260728, ""shrink_strength"": 0.1}",audited-1.0.0-online-SGD-r1,FullFeatureLogistic
1098,106000037,2017-04-25,16 17 30 32 35 41,38 25 34 26 49 42,38 25 34 26 49 42 20 2 9 12,38 25 34 26 49 42 20 2 9 12 10 16,0,0,1,0.1151108076146627,0.412688900448067,6.0,2007-01-02,2017-04-21,1098,"{""C_proxy"": 0.2, ""features"": [""long_z"", ""recent20_z"", ""recent50_z"", ""recent100_z"", ""ewma_z"", ""gap_z"", ""transition_z"", ""in_last_draw""], ""include_number"": true, ""retrain_interval"": 1, ""seed"": 20260728, ""shrink_strength"": 0.1}",audited-1.0.0-online-SGD-r1,FullFeatureLogistic
1099,106000038,2017-04-28,1 3 19 31 32 42,38 25 49 34 26 42,38 25 49 34 26 42 20 2 12 9,38 25 49 34 26 42 20 2 12 9 10 18,1,1,1,0.1098497485100662,0.3835307018993257,6.000000000000001,2007-01-02,2017-04-25,1099,"{""C_proxy"": 0.2, ""features"": [""long_z"", ""recent20_z"", ""recent50_z"", ""recent100_z"", ""ewma_z"", ""gap_z"", ""transition_z"", ""in_last_draw""], ""include_number"": true, ""retrain_interval"": 1, ""seed"": 20260728, ""shrink_strength"": 0.1}",audited-1.0.0-online-SGD-r1,FullFeatureLogistic
1100,106000039,2017-05-02,14 23 24 27 36 39,38 49 25 34 26 20,38 49 25 34 26 20 42 2 12 9,38 49 25 34 26 20 42 2 12 9 10 18,0,0,0,0.11212514631611217,0.39205735719085627,5.999999999999999,2007-01-02,2017-04-28,1100,"{""C_proxy"": 0.2, ""features"": [""long_z"", ""recent20_z"", ""recent50_z"", ""recent100_z"", ""ewma_z"", ""gap_z"", ""transition_z"", ""in_last_draw""], ""include_number"": true, ""retrain_interval"": 1, ""seed"": 20260728, ""shrink_strength"": 0.1}",audited-1.0.0-online-SGD-r1,FullFeatureLogistic
1101,106000040,2017-05-05,1 9 18 19 34 49,38 49 25 26 34 42,38 49 25 26 34 42 20 12 2 9,38 49 25 26 34 42 20 12 2 9 10 18,2,3,4,0.10297718643963676,0.3510443617193308,5.999999999999999,2007-01-02,2017-05-02,1101,"{""C_proxy"": 0.2, ""features"": [""long_z"", ""recent20_z"", ""recent50_z"", ""recent100_z"", ""ewma_z"", ""gap_z"", ""transition_z"", ""in_last_draw""], ""include_number"": true, ""retrain_interval"": 1, ""seed"": 20260728, ""shrink_strength"": 0.1}",audited-1.0.0-online-SGD-r1,FullFeatureLogistic
1102,106000041,2017-05-09,16 17 20 21 32 40,38 25 26 20 42 49,38 25 26 20 42 49 34 12 2 10,38 25 26 20 42 49 34 12 2 10 16 7,1,1,2,0.10904692916844885,0.3807589923244303,6.000000000000001,2007-01-02,2017-05-05,1102,"{""C_proxy"": 0.2, ""features"": [""long_z"", ""recent20_z"", ""recent50_z"", ""recent100_z"", ""ewma_z"", ""gap_z"", ""transition_z"", ""in_last_draw""], ""include_number"": true, ""retrain_interval"": 1, ""seed"": 20260728, ""shrink_strength"": 0.1}",audited-1.0.0-online-SGD-r1,FullFeatureLogistic
1103,106000042,2017-05-12,2 9 18 22 25 35,38 25 49 26 42 34,38 25 49 26 42 34 12 2 20 10,38 25 49 26 42 34 12 2 20 10 9 7,1,2,3,0.10536428084723691,0.3635221061843664,6.000000000000001,2007-01-02,2017-05-09,1103,"{""C_proxy"": 0.2, ""features"": [""long_z"", ""recent20_z"", ""recent50_z"", ""recent100_z"", ""ewma_z"", ""gap_z"", ""transition_z"", ""in_last_draw""], ""include_number"": true, ""retrain_interval"": 1, ""seed"": 20260728, ""shrink_strength"": 0.1}",audited-1.0.0-online-SGD-r1,FullFeatureLogistic
1104,106000043,2017-05-16,5 6 7 14 29 46,38 49 42 26 34 20,38 49 42 26 34 20 25 12 10 7,38 49 42 26 34 20 25 12 10 7 33 16,0,1,1,0.1097309089013099,0.38120363548112574,6.0,2007-01-02,2017-05-12,1104,"{""C_proxy"": 0.2, ""features"": [""long_z"", ""recent20_z"", ""recent50_z"", ""recent100_z"", ""ewma_z"", ""gap_z"", ""transition_z"", ""in_last_draw""], ""include_number"": true, ""retrain_interval"": 1, ""seed"": 20260728, ""shrink_strength"": 0.1}",audited-1.0.0-online-SGD-r1,FullFeatureLogistic
1105,106000044,2017-05-19,15 16 21 23 28 46,38 49 25 42 26 34,38 49 25 42 26 34 20 12 10 2,38 49 25 42 26 34 20 12 10 2 33 15,0,0,1,0.1096717780144234,0.38037474430718343,6.0,2007-01-02,2017-05-16,1105,"{""C_proxy"": 0.2, ""features"": [""long_z"", ""recent20_z"", ""recent50_z"", ""recent100_z"", ""ewma_z"", ""gap_z"", ""transition_z"", ""in_last_draw""], ""include_number"": true, ""retrain_interval"": 1, ""seed"": 20260728, ""shrink_strength"": 0.1}",audited-1.0.0-online-SGD-r1,FullFeatureLogistic
1106,106000045,2017-05-23,2 10 15 22 26 32,38 49 25 26 42 34,38 49 25 26 42 34 20 12 2 10,38 49 25 26 42 34 20 12 2 10 7 33,1,3,3,0.1062344817063125,0.3664612420944557,5.999999999999999,2007-01-02,2017-05-19,1106,"{""C_proxy"": 0.2, ""features"": [""long_z"", ""recent20_z"", ""recent50_z"", ""recent100_z"", ""ewma_z"", ""gap_z"", ""transition_z"", ""in_last_draw""], ""include_number"": true, ""retrain_interval"": 1, ""seed"": 20260728, ""shrink_strength"": 0.1}",audited-1.0.0-online-SGD-r1,FullFeatureLogistic
1107,106000046,2017-05-26,8 14 16 19 21 35,38 25 49 42 34 20,38 25 49 42 34 20 26 12 9 7,38 25 49 42 34 20 26 12 9 7 10 43,0,0,0,0.11351756701265527,0.4012493976590188,6.0,2007-01-02,2017-05-23,1107,"{""C_proxy"": 0.2, ""features"": [""long_z"", ""recent20_z"", ""recent50_z"", ""recent100_z"", ""ewma_z"", ""gap_z"", ""transition_z"", ""in_last_draw""], ""include_number"": true, ""retrain_interval"": 1, ""seed"": 20260728, ""shrink_strength"": 0.1}",audited-1.0.0-online-SGD-r1,FullFeatureLogistic
1108,106000047,2017-05-30,7 14 19 30 31 39,38 25 49 26 42 20,38 25 49 26 42 20 34 12 10 9,38 25 49 26 42 20 34 12 10 9 7 2,0,0,1,0.11276589420264625,0.3984687370181499,6.0,2007-01-02,2017-05-26,1108,"{""C_proxy"": 0.2, ""features"": [""long_z"", ""recent20_z"", ""recent50_z"", ""recent100_z"", ""ewma_z"", ""gap_z"", ""transition_z"", ""in_last_draw""], ""include_number"": true, ""retrain_interval"": 1, ""seed"": 20260728, ""shrink_strength"": 0.1}",audited-1.0.0-online-SGD-r1,FullFeatureLogistic
1109,106000048,2017-06-02,3 7 8 23 30 31,38 25 49 26 42 20,38 25 49 26 42 20 34 12 10 9,38 25 49 26 42 20 34 12 10 9 2 18,0,0,0,0.11363535415444914,0.40150924033349566,6.000000000000001,2007-01-02,2017-05-30,1109,"{""C_proxy"": 0.2, ""features"": [""long_z"", ""recent20_z"", ""recent50_z"", ""recent100_z"", ""ewma_z"", ""gap_z"", ""transition_z"", ""in_last_draw""], ""include_number"": true, ""retrain_interval"": 1, ""seed"": 20260728, ""shrink_strength"": 0.1}",audited-1.0.0-online-SGD-r1,FullFeatureLogistic
1110,106000049,2017-06-06,14 16 25 32 36 48,38 25 49 26 42 20,38 25 49 26 42 20 34 12 10 9,38 25 49 26 42 20 34 12 10 9 2 18,1,1,1,0.10933420541441934,0.38222392689575174,6.0,2007-01-02,2017-06-02,1110,"{""C_proxy"": 0.2, ""features"": [""long_z"", ""recent20_z"", ""recent50_z"", ""recent100_z"", ""ewma_z"", ""gap_z"", ""transition_z"", ""in_last_draw""], ""include_number"": true, ""retrain_interval"": 1, ""seed"": 20260728, ""shrink_strength"": 0.1}",audited-1.0.0-online-SGD-r1,FullFeatureLogistic
1111,106000050,2017-06-09,24 26 31 32 37 46,38 49 26 42 20 34,38 49 26 42 20 34 25 12 2 10,38 49 26 42 20 34 25 12 2 10 9 18,1,1,1,0.11072992671328769,0.3882086459206547,6.0,2007-01-02,2017-06-06,1111,"{""C_proxy"": 0.2, ""features"": [""long_z"", ""recent20_z"", ""recent50_z"", ""recent100_z"", ""ewma_z"", ""gap_z"", ""transition_z"", ""in_last_draw""], ""include_number"": true, ""retrain_interval"": 1, ""seed"": 20260728, ""shrink_strength"": 0.1}",audited-1.0.0-online-SGD-r1,FullFeatureLogistic
1112,106000051,2017-06-13,2 4 17 22 36 43,38 49 42 25 20 34,38 49 42 25 20 34 26 12 2 10,38 49 42 25 20 34 26 12 2 10 9 18,0,1,1,0.10894369105121474,0.37750173485514305,6.0,2007-01-02,2017-06-09,1112,"{""C_proxy"": 0.2, ""features"": [""long_z"", ""recent20_z"", ""recent50_z"", ""recent100_z"", ""ewma_z"", ""gap_z"", ""transition_z"", ""in_last_draw""], ""include_number"": true, ""retrain_interval"": 1, ""seed"": 20260728, ""shrink_strength"": 0.1}",audited-1.0.0-online-SGD-r1,FullFeatureLogistic
1113,106000052,2017-06-16,1 15 21 26 36 45,38 49 25 42 26 20,38 49 25 42 26 20 34 12 10 9,38 49 25 42 26 20 34 12 10 9 18 5,1,1,1,0.10750838982181997,0.3710215027182211,6.0,2007-01-02,2017-06-13,1113,"{""C_proxy"": 0.2, ""features"": [""long_z"", ""recent20_z"", ""recent50_z"", ""recent100_z"", ""ewma_z"", ""gap_z"", ""transition_z"", ""in_last_draw""], ""include_number"": true, ""retrain_interval"": 1, ""seed"": 20260728, ""shrink_strength"": 0.1}",audited-1.0.0-online-SGD-r1,FullFeatureLogistic
1114,106000053,2017-06-20,1 12 29 30 33 44,38 49 42 25 20 34,38 49 42 25 20 34 12 26 10 2,38 49 42 25 20 34 12 26 10 2 9 18,0,1,1,0.10959614554802506,0.38263097433696847,6.0,2007-01-02,2017-06-16,1114,"{""C_proxy"": 0.2, ""features"": [""long_z"", ""recent20_z"", ""recent50_z"", ""recent100_z"", ""ewma_z"", ""gap_z"", ""transition_z"", ""in_last_draw""], ""include_number"": true, ""retrain_interval"": 1, ""seed"": 20260728, ""shrink_strength"": 0.1}",audited-1.0.0-online-SGD-r1,FullFeatureLogistic
1115,106000054,2017-06-23,2 8 12 34 41 42,38 49 42 25 20 34,38 49 42 25 20 34 26 12 10 2,38 49 42 25 20 34 26 12 10 2 9 18,2,4,4,0.10358748376079738,0.353630586759375,6.0,2007-01-02,2017-06-20,1115,"{""C_proxy"": 0.2, ""features"": [""long_z"", ""recent20_z"", ""recent50_z"", ""recent100_z"", ""ewma_z"", ""gap_z"", ""transition_z"", ""in_last_draw""], ""include_number"": true, ""retrain_interval"": 1, ""seed"": 20260728, ""shrink_strength"": 0.1}",audited-1.0.0-online-SGD-r1,FullFeatureLogistic
1116,106000055,2017-06-27,11 33 34 46 47 49,38 49 25 20 26 42,38 49 25 20 26 42 34 9 10 18,38 49 25 20 26 42 34 9 10 18 5 48,1,2,2,0.10747876866385772,0.37310855034712426,5.999999999999999,2007-01-02,2017-06-23,1116,"{""C_proxy"": 0.2, ""features"": [""long_z"", ""recent20_z"", ""recent50_z"", ""recent100_z"", ""ewma_z"", ""gap_z"", ""transition_z"", ""in_last_draw""], ""include_number"": true, ""retrain_interval"": 1, ""seed"": 20260728, ""shrink_strength"": 0.1}",audited-1.0.0-online-SGD-r1,FullFeatureLogistic
1117,106000056,2017-06-30,8 12 22 30 32 36,38 20 25 42 26 49,38 20 25 42 26 49 10 12 18 5,38 20 25 42 26 49 10 12 18 5 9 48,0,1,1,0.11328950547806596,0.40178721567769266,6.000000000000001,2007-01-02,2017-06-27,1117,"{""C_proxy"": 0.2, ""features"": [""long_z"", ""recent20_z"", ""recent50_z"", ""recent100_z"", ""ewma_z"", ""gap_z"", ""transition_z"", ""in_last_draw""], ""include_number"": true, ""retrain_interval"": 1, ""seed"": 20260728, ""shrink_strength"": 0.1}",audited-1.0.0-online-SGD-r1,FullFeatureLogistic
1118,106000057,2017-07-04,4 21 27 28 30 35,38 49 25 20 42 26,38 49 25 20 42 26 34 10 18 48,38 49 25 20 42 26 34 10 18 48 16 5,0,0,0,0.11401250147825957,0.4061517826993413,5.999999999999999,2007-01-02,2017-06-30,1118,"{""C_proxy"": 0.2, ""features"": [""long_z"", ""recent20_z"", ""recent50_z"", ""recent100_z"", ""ewma_z"", ""gap_z"", ""transition_z"", ""in_last_draw""], ""include_number"": true, ""retrain_interval"": 1, ""seed"": 20260728, ""shrink_strength"": 0.1}",audited-1.0.0-online-SGD-r1,FullFeatureLogistic
1119,106000058,2017-07-07,18 30 40 42 44 49,38 49 25 42 26 20,38 49 25 42 26 20 34 10 18 48,38 49 25 42 26 20 34 10 18 48 16 5,2,3,3,0.10627893995640657,0.37112387262995594,6.0,2007-01-02,2017-07-04,1119,"{""C_proxy"": 0.2, ""features"": [""long_z"", ""recent20_z"", ""recent50_z"", ""recent100_z"", ""ewma_z"", ""gap_z"", ""transition_z"", ""in_last_draw""], ""include_number"": true, ""retrain_interval"": 1, ""seed"": 20260728, ""shrink_strength"": 0.1}",audited-1.0.0-online-SGD-r1,FullFeatureLogistic
1120,106000059,2017-07-11,6 16 19 23 33 39,38 25 26 20 42 49,38 25 26 20 42 49 34 10 16 48,38 25 26 20 42 49 34 10 16 48 12 5,0,1,1,0.10769654297411098,0.3705456171248857,6.000000000000001,2007-01-02,2017-07-07,1120,"{""C_proxy"": 0.2, ""features"": [""long_z"", ""recent20_z"", ""recent50_z"", ""recent100_z"", ""ewma_z"", ""gap_z"", ""transition_z"", ""in_last_draw""], ""include_number"": true, ""retrain_interval"": 1, ""seed"": 20260728, ""shrink_strength"": 0.1}",audited-1.0.0-online-SGD-r1,FullFeatureLogistic
1121,106000060,2017-07-14,16 18 19 25 26 32,38 25 26 49 20 42,38 25 26 49 20 42 34 10 12 48,38 25 26 49 20 42 34 10 12 48 18 5,2,2,3,0.10520633909675389,0.3630869865976336,6.000000000000001,2007-01-02,2017-07-11,1121,"{""C_proxy"": 0.2, ""features"": [""long_z"", ""recent20_z"", ""recent50_z"", ""recent100_z"", ""ewma_z"", ""gap_z"", ""transition_z"", ""in_last_draw""], ""include_number"": true, ""retrain_interval"": 1, ""seed"": 20260728, ""shrink_strength"": 0.1}",audited-1.0.0-online-SGD-r1,FullFeatureLogistic
1122,106000061,2017-07-18,13 14 21 29 42 48,38 49 20 42 25 34,38 49 20 42 25 34 26 10 12 48,38 49 20 42 25 34 26 10 12 48 2 5,1,2,2,0.1077685987203223,0.37276243948858523,6.0,2007-01-02,2017-07-14,1122,"{""C_proxy"": 0.2, ""features"": [""long_z"", ""recent20_z"", ""recent50_z"", ""recent100_z"", ""ewma_z"", ""gap_z"", ""transition_z"", ""in_last_draw""], ""include_number"": true, ""retrain_interval"": 1, ""seed"": 20260728, ""shrink_strength"": 0.1}",audited-1.0.0-online-SGD-r1,FullFeatureLogistic
1123,106000062,2017-07-21,2 12 24 32 42 47,38 25 49 26 20 34,38 25 49 26 20 34 42 12 2 10,38 25 49 26 20 34 42 12 2 10 5 9,0,3,3,0.10675979590631231,0.36819567328229613,6.000000000000002,2007-01-02,2017-07-18,1123,"{""C_proxy"": 0.2, ""features"": [""long_z"", ""recent20_z"", ""recent50_z"", ""recent100_z"", ""ewma_z"", ""gap_z"", ""transition_z"", ""in_last_draw""], ""include_number"": true, ""retrain_interval"": 1, ""seed"": 20260728, ""shrink_strength"": 0.1}",audited-1.0.0-online-SGD-r1,FullFeatureLogistic
1124,106000063,2017-07-25,2 11 23 30 33 42,38 49 25 26 20 34,38 49 25 26 20 34 10 42 48 9,38 49 25 26 20 34 10 42 48 9 43 18,0,1,1,0.11098606710116976,0.3904023702698119,5.999999999999999,2007-01-02,2017-07-21,1124,"{""C_proxy"": 0.2, ""features"": [""long_z"", ""recent20_z"", ""recent50_z"", ""recent100_z"", ""ewma_z"", ""gap_z"", ""transition_z"", ""in_last_draw""], ""include_number"": true, ""retrain_interval"": 1, ""seed"": 20260728, ""shrink_strength"": 0.1}",audited-1.0.0-online-SGD-r1,FullFeatureLogistic
1125,106000064,2017-07-28,11 13 18 22 38 39,38 49 25 26 20 34,38 49 25 26 20 34 12 10 18 16,38 49 25 26 20 34 12 10 18 16 42 9,1,2,2,0.10556954423871705,0.3636127455472787,6.0,2007-01-02,2017-07-25,1125,"{""C_proxy"": 0.2, ""features"": [""long_z"", ""recent20_z"", ""recent50_z"", ""recent100_z"", ""ewma_z"", ""gap_z"", ""transition_z"", ""in_last_draw""], ""include_number"": true, ""retrain_interval"": 1, ""seed"": 20260728, ""shrink_strength"": 0.1}",audited-1.0.0-online-SGD-r1,FullFeatureLogistic
1126,106000065,2017-08-01,2 12 21 30 42 47,38 49 25 26 20 34,38 49 25 26 20 34 12 10 42 16,38 49 25 26 20 34 12 10 42 16 48 43,0,2,2,0.10896985761643888,0.38093178348616613,6.0,2007-01-02,2017-07-28,1126,"{""C_proxy"": 0.2, ""features"": [""long_z"", ""recent20_z"", ""recent50_z"", ""recent100_z"", ""ewma_z"", ""gap_z"", ""transition_z"", ""in_last_draw""], ""include_number"": true, ""retrain_interval"": 1, ""seed"": 20260728, ""shrink_strength"": 0.1}",audited-1.0.0-online-SGD-r1,FullFeatureLogistic
1127,106000066,2017-08-04,15 16 26 27 39 45,38 49 25 26 20 34,38 49 25 26 20 34 16 10 48 43,38 49 25 26 20 34 16 10 48 43 7 5,1,2,2,0.10571752376295944,0.3627971061520915,5.999999999999999,2007-01-02,2017-08-01,1127,"{""C_proxy"": 0.2, ""features"": [""long_z"", ""recent20_z"", ""recent50_z"", ""recent100_z"", ""ewma_z"", ""gap_z"", ""transition_z"", ""in_last_draw""], ""include_number"": true, ""retrain_interval"": 1, ""seed"": 20260728, ""shrink_strength"": 0.1}",audited-1.0.0-online-SGD-r1,FullFeatureLogistic
1128,106000067,2017-08-08,6 9 23 27 34 46,38 49 25 34 20 26,38 49 25 34 20 26 10 42 12 48,38 49 25 34 20 26 10 42 12 48 43 5,1,1,1,0.10904176182961323,0.37909393816386544,6.000000000000001,2007-01-02,2017-08-04,1128,"{""C_proxy"": 0.2, ""features"": [""long_z"", ""recent20_z"", ""recent50_z"", ""recent100_z"", ""ewma_z"", ""gap_z"", ""transition_z"", ""in_last_draw""], ""include_number"": true, ""retrain_interval"": 1, ""seed"": 20260728, ""shrink_strength"": 0.1}",audited-1.0.0-online-SGD-r1,FullFeatureLogistic
1129,106000068,2017-08-11,2 8 9 18 27 37,38 49 25 26 20 34,38 49 25 26 20 34 10 42 12 48,38 49 25 26 20 34 10 42 12 48 43 16,0,0,0,0.1096567885220095,0.38081194539406726,6.000000000000001,2007-01-02,2017-08-08,1129,"{""C_proxy"": 0.2, ""features"": [""long_z"", ""recent20_z"", ""recent50_z"", ""recent100_z"", ""ewma_z"", ""gap_z"", ""transition_z"", ""in_last_draw""], ""include_number"": true, ""retrain_interval"": 1, ""seed"": 20260728, ""shrink_strength"": 0.1}",audited-1.0.0-online-SGD-r1,FullFeatureLogistic
1130,106000069,2017-08-15,13 16 27 28 33 42,38 25 49 26 34 20,38 25 49 26 34 20 42 10 12 48,38 25 49 26 34 20 42 10 12 48 16 43,0,1,2,0.10742370815560683,0.37062963828775086,6.0,2007-01-02,2017-08-11,1130,"{""C_proxy"": 0.2, ""features"": [""long_z"", ""recent20_z"", ""recent50_z"", ""recent100_z"", ""ewma_z"", ""gap_z"", ""transition_z"", ""in_last_draw""], ""include_number"": true, ""retrain_interval"": 1, ""seed"": 20260728, ""shrink_strength"": 0.1}",audited-1.0.0-online-SGD-r1,FullFeatureLogistic
1131,106000070,2017-08-18,7 10 12 35 38 47,38 25 49 26 34 20,38 25 49 26 34 20 12 10 43 42,38 25 49 26 34 20 12 10 43 42 48 5,1,3,3,0.10552526759981357,0.3656991284582746,6.0,2007-01-02,2017-08-15,1131,"{""C_proxy"": 0.2, ""features"": [""long_z"", ""recent20_z"", ""recent50_z"", ""recent100_z"", ""ewma_z"", ""gap_z"", ""transition_z"", ""in_last_draw""], ""include_number"": true, ""retrain_interval"": 1, ""seed"": 20260728, ""shrink_strength"": 0.1}",audited-1.0.0-online-SGD-r1,FullFeatureLogistic
1132,106000071,2017-08-22,4 10 13 36 44 45,25 38 49 26 34 20,25 38 49 26 34 20 42 43 48 5,25 38 49 26 34 20 42 43 48 5 10 2,0,0,1,0.10915286069862898,0.37751480063706444,6.0,2007-01-02,2017-08-18,1132,"{""C_proxy"": 0.2, ""features"": [""long_z"", ""recent20_z"", ""recent50_z"", ""recent100_z"", ""ewma_z"", ""gap_z"", ""transition_z"", ""in_last_draw""], ""include_number"": true, ""retrain_interval"": 1, ""seed"": 20260728, ""shrink_strength"": 0.1}",audited-1.0.0-online-SGD-r1,FullFeatureLogistic
1133,106000072,2017-08-25,1 4 19 24 28 31,38 25 49 26 34 20,38 25 49 26 34 20 42 48 5 43,38 25 49 26 34 20 42 48 5 43 12 2,0,0,0,0.10875257663031544,0.37525232972709327,6.0,2007-01-02,2017-08-22,1133,"{""C_proxy"": 0.2, ""features"": [""long_z"", ""recent20_z"", ""recent50_z"", ""recent100_z"", ""ewma_z"", ""gap_z"", ""transition_z"", ""in_last_draw""], ""include_number"": true, ""retrain_interval"": 1, ""seed"": 20260728, ""shrink_strength"": 0.1}",audited-1.0.0-online-SGD-r1,FullFeatureLogistic
1134,106000073,2017-08-29,5 18 25 31 48 49,38 25 49 26 34 20,38 25 49 26 34 20 42 5 48 12,38 25 49 26 34 20 42 5 48 12 10 43,2,4,4,0.1014914537305917,0.34533021146210774,6.0,2007-01-02,2017-08-25,1134,"{""C_proxy"": 0.2, ""features"": [""long_z"", ""recent20_z"", ""recent50_z"", ""recent100_z"", ""ewma_z"", ""gap_z"", ""transition_z"", ""in_last_draw""], ""include_number"": true, ""retrain_interval"": 1, ""seed"": 20260728, ""shrink_strength"": 0.1}",audited-1.0.0-online-SGD-r1,FullFeatureLogistic
1135,106000074,2017-09-01,5 11 14 16 36 40,38 26 25 34 49 20,38 26 25 34 49 20 42 12 10 5,38 26 25 34 49 20 42 12 10 5 43 40,0,1,2,0.1096251564522923,0.38168849012510925,6.000000000000001,2007-01-02,2017-08-29,1135,"{""C_proxy"": 0.2, ""features"": [""long_z"", ""recent20_z"", ""recent50_z"", ""recent100_z"", ""ewma_z"", ""gap_z"", ""transition_z"", ""in_last_draw""], ""include_number"": true, ""retrain_interval"": 1, ""seed"": 20260728, ""shrink_strength"": 0.1}",audited-1.0.0-online-SGD-r1,FullFeatureLogistic
1136,106000075,2017-09-05,13 17 23 27 33 41,38 25 49 26 34 20,38 25 49 26 34 20 42 43 12 10,38 25 49 26 34 20 42 43 12 10 7 39,0,0,0,0.1115918833634759,0.3899843071146294,6.000000000000002,2007-01-02,2017-09-01,1136,"{""C_proxy"": 0.2, ""features"": [""long_z"", ""recent20_z"", ""recent50_z"", ""recent100_z"", ""ewma_z"", ""gap_z"", ""transition_z"", ""in_last_draw""], ""include_number"": true, ""retrain_interval"": 1, ""seed"": 20260728, ""shrink_strength"": 0.1}",audited-1.0.0-online-SGD-r1,FullFeatureLogistic
1137,106000076,2017-09-08,8 13 15 19 29 42,38 25 49 26 34 20,38 25 49 26 34 20 42 12 10 43,38 25 49 26 34 20 42 12 10 43 7 9,0,1,1,0.10847972211194402,0.37457876313026567,5.999999999999999,2007-01-02,2017-09-05,1137,"{""C_proxy"": 0.2, ""features"": [""long_z"", ""recent20_z"", ""recent50_z"", ""recent100_z"", ""ewma_z"", ""gap_z"", ""transition_z"", ""in_last_draw""], ""include_number"": true, ""retrain_interval"": 1, ""seed"": 20260728, ""shrink_strength"": 0.1}",audited-1.0.0-online-SGD-r1,FullFeatureLogistic
1138,106000077,2017-09-12,7 23 29 36 45 49,38 25 49 26 34 20,38 25 49 26 34 20 12 42 2 39,38 25 49 26 34 20 12 42 2 39 43 9,1,1,1,0.10782626438978414,0.37300304626349007,6.000000000000001,2007-01-02,2017-09-08,1138,"{""C_proxy"": 0.2, ""features"": [""long_z"", ""recent20_z"", ""recent50_z"", ""recent100_z"", ""ewma_z"", ""gap_z"", ""transition_z"", ""in_last_draw""], ""include_number"": true, ""retrain_interval"": 1, ""seed"": 20260728, ""shrink_strength"": 0.1}",audited-1.0.0-online-SGD-r1,FullFeatureLogistic
1139,106000078,2017-09-15,3 8 11 16 33 37,38 25 26 34 49 20,38 25 26 34 49 20 42 12 2 9,38 25 26 34 49 20 42 12 2 9 5 18,0,0,0,0.11172348261834457,0.3906890277711061,6.0,2007-01-02,2017-09-12,1139,"{""C_proxy"": 0.2, ""features"": [""long_z"", ""recent20_z"", ""recent50_z"", ""recent100_z"", ""ewma_z"", ""gap_z"", ""transition_z"", ""in_last_draw""], ""include_number"": true, ""retrain_interval"": 1, ""seed"": 20260728, ""shrink_strength"": 0.1}",audited-1.0.0-online-SGD-r1,FullFeatureLogistic
1140,106000079,2017-09-19,2 12 15 18 37 40,38 25 26 49 34 20,38 25 26 49 34 20 42 12 2 5,38 25 26 49 34 20 42 12 2 5 9 18,0,2,3,0.10589606247826207,0.3626014464074868,6.0,2007-01-02,2017-09-15,1140,"{""C_proxy"": 0.2, ""features"": [""long_z"", ""recent20_z"", ""recent50_z"", ""recent100_z"", ""ewma_z"", ""gap_z"", ""transition_z"", ""in_last_draw""], ""include_number"": true, ""retrain_interval"": 1, ""seed"": 20260728, ""shrink_strength"": 0.1}",audited-1.0.0-online-SGD-r1,FullFeatureLogistic
1141,106000080,2017-09-22,18 35 39 43 47 49,38 25 26 49 34 42,38 25 26 49 34 42 20 5 9 10,38 25 26 49 34 42 20 5 9 10 39 43,1,1,3,0.10722069738999546,0.37195270659178303,6.000000000000001,2007-01-02,2017-09-19,1141,"{""C_proxy"": 0.2, ""features"": [""long_z"", ""recent20_z"", ""recent50_z"", ""recent100_z"", ""ewma_z"", ""gap_z"", ""transition_z"", ""in_last_draw""], ""include_number"": true, ""retrain_interval"": 1, ""seed"": 20260728, ""shrink_strength"": 0.1}",audited-1.0.0-online-SGD-r1,FullFeatureLogistic
1142,106000081,2017-09-26,10 11 14 19 22 38,38 25 26 34 42 20,38 25 26 34 42 20 49 12 5 9,38 25 26 34 42 20 49 12 5 9 10 2,1,1,2,0.10794217079882128,0.37604902648958594,6.000000000000002,2007-01-02,2017-09-22,1142,"{""C_proxy"": 0.2, ""features"": [""long_z"", ""recent20_z"", ""recent50_z"", ""recent100_z"", ""ewma_z"", ""gap_z"", ""transition_z"", ""in_last_draw""], ""include_number"": true, ""retrain_interval"": 1, ""seed"": 20260728, ""shrink_strength"": 0.1}",audited-1.0.0-online-SGD-r1,FullFeatureLogistic
1143,106000082,2017-09-29,3 14 16 21 33 36,25 26 38 49 34 42,25 26 38 49 34 42 20 12 9 2,25 26 38 49 34 42 20 12 9 2 5 43,0,0,0,0.1112210335369277,0.3880925943336015,5.999999999999999,2007-01-02,2017-09-26,1143,"{""C_proxy"": 0.2, ""features"": [""long_z"", ""recent20_z"", ""recent50_z"", ""recent100_z"", ""ewma_z"", ""gap_z"", ""transition_z"", ""in_last_draw""], ""include_number"": true, ""retrain_interval"": 1, ""seed"": 20260728, ""shrink_strength"": 0.1}",audited-1.0.0-online-SGD-r1,FullFeatureLogistic
1144,106000083,2017-10-03,15 18 25 30 33 44,25 38 26 49 34 42,25 38 26 49 34 42 20 12 9 2,25 38 26 49 34 42 20 12 9 2 5 43,1,1,1,0.10970283187122566,0.38497481430666797,6.000000000000001,2007-01-02,2017-09-29,1144,"{""C_proxy"": 0.2, ""features"": [""long_z"", ""recent20_z"", ""recent50_z"", ""recent100_z"", ""ewma_z"", ""gap_z"", ""transition_z"", ""in_last_draw""], ""include_number"": true, ""retrain_interval"": 1, ""seed"": 20260728, ""shrink_strength"": 0.1}",audited-1.0.0-online-SGD-r1,FullFeatureLogistic
1145,106000084,2017-10-06,4 28 32 37 41 45,38 26 49 34 42 25,38 26 49 34 42 25 20 12 2 9,38 26 49 34 42 25 20 12 2 9 5 43,0,0,0,0.11090479036585796,0.3860008554506455,6.0,2007-01-02,2017-10-03,1145,"{""C_proxy"": 0.2, ""features"": [""long_z"", ""recent20_z"", ""recent50_z"", ""recent100_z"", ""ewma_z"", ""gap_z"", ""transition_z"", ""in_last_draw""], ""include_number"": true, ""retrain_interval"": 1, ""seed"": 20260728, ""shrink_strength"": 0.1}",audited-1.0.0-online-SGD-r1,FullFeatureLogistic
1146,106000085,2017-10-10,6 28 29 30 31 39,26 38 25 34 42 49,26 38 25 34 42 49 20 12 9 5,26 38 25 34 42 49 20 12 9 5 43 2,0,0,0,0.11041467134360951,0.3858544580851373,6.000000000000001,2007-01-02,2017-10-06,1146,"{""C_proxy"": 0.2, ""features"": [""long_z"", ""recent20_z"", ""recent50_z"", ""recent100_z"", ""ewma_z"", ""gap_z"", ""transition_z"", ""in_last_draw""], ""include_number"": true, ""retrain_interval"": 1, ""seed"": 20260728, ""shrink_strength"": 0.1}",audited-1.0.0-online-SGD-r1,FullFeatureLogistic
1147,106000086,2017-10-13,5 8 23 34 44 46,26 38 25 34 42 49,26 38 25 34 42 49 20 12 9 5,26 38 25 34 42 49 20 12 9 5 43 7,1,2,2,0.10915415328808889,0.37948682871644956,5.999999999999999,2007-01-02,2017-10-10,1147,"{""C_proxy"": 0.2, ""features"": [""long_z"", ""recent20_z"", ""recent50_z"", ""recent100_z"", ""ewma_z"", ""gap_z"", ""transition_z"", ""in_last_draw""], ""include_number"": true, ""retrain_interval"": 1, ""seed"": 20260728, ""shrink_strength"": 0.1}",audited-1.0.0-online-SGD-r1,FullFeatureLogistic
1148,106000087,2017-10-17,1 3 6 11 19 27,26 38 25 42 49 34,26 38 25 42 49 34 20 12 9 43,26 38 25 42 49 34 20 12 9 43 48 2,0,0,0,0.11146835115120172,0.3898183040142472,6.000000000000001,2007-01-02,2017-10-13,1148,"{""C_proxy"": 0.2, ""features"": [""long_z"", ""recent20_z"", ""recent50_z"", ""recent100_z"", ""ewma_z"", ""gap_z"", ""transition_z"", ""in_last_draw""], ""include_number"": true, ""retrain_interval"": 1, ""seed"": 20260728, ""shrink_strength"": 0.1}",audited-1.0.0-online-SGD-r1,FullFeatureLogistic
1149,106000088,2017-10-20,3 8 18 19 26 42,26 38 25 42 49 34,26 38 25 42 49 34 20 12 9 2,26 38 25 42 49 34 20 12 9 2 48 43,2,2,2,0.10663567420851229,0.36933727967703894,6.0,2007-01-02,2017-10-17,1149,"{""C_proxy"": 0.2, ""features"": [""long_z"", ""recent20_z"", ""recent50_z"", ""recent100_z"", ""ewma_z"", ""gap_z"", ""transition_z"", ""in_last_draw""], ""include_number"": true, ""retrain_interval"": 1, ""seed"": 20260728, ""shrink_strength"": 0.1}",audited-1.0.0-online-SGD-r1,FullFeatureLogistic
1150,106000089,2017-10-24,2 3 5 14 16 29,38 25 49 26 34 12,38 25 49 26 34 12 42 20 9 2,38 25 49 26 34 12 42 20 9 2 48 43,0,1,1,0.10916069955881216,0.3792695162976002,5.999999999999999,2007-01-02,2017-10-20,1150,"{""C_proxy"": 0.2, ""features"": [""long_z"", ""recent20_z"", ""recent50_z"", ""recent100_z"", ""ewma_z"", ""gap_z"", ""transition_z"", ""in_last_draw""], ""include_number"": true, ""retrain_interval"": 1, ""seed"": 20260728, ""shrink_strength"": 0.1}",audited-1.0.0-online-SGD-r1,FullFeatureLogistic
1151,106000090,2017-10-27,2 11 17 22 38 40,38 26 25 49 42 34,38 26 25 49 42 34 12 20 9 48,38 26 25 49 42 34 12 20 9 48 43 7,1,1,1,0.10780677890072639,0.37521991083345496,6.0,2007-01-02,2017-10-24,1151,"{""C_proxy"": 0.2, ""features"": [""long_z"", ""recent20_z"", ""recent50_z"", ""recent100_z"", ""ewma_z"", ""gap_z"", ""transition_z"", ""in_last_draw""], ""include_number"": true, ""retrain_interval"": 1, ""seed"": 20260728, ""shrink_strength"": 0.1}",audited-1.0.0-online-SGD-r1,FullFeatureLogistic
1152,106000091,2017-10-31,4 25 31 36 39 46,26 25 38 49 42 12,26 25 38 49 42 12 34 20 9 48,26 25 38 49 42 12 34 20 9 48 43 7,1,1,1,0.1073259731088976,0.3702955591101708,6.0,2007-01-02,2017-10-27,1152,"{""C_proxy"": 0.2, ""features"": [""long_z"", ""recent20_z"", ""recent50_z"", ""recent100_z"", ""ewma_z"", ""gap_z"", ""transition_z"", ""in_last_draw""], ""include_number"": true, ""retrain_interval"": 1, ""seed"": 20260728, ""shrink_strength"": 0.1}",audited-1.0.0-online-SGD-r1,FullFeatureLogistic
1153,106000092,2017-11-03,8 20 23 33 36 43,26 38 49 42 12 34,26 38 49 42 12 34 20 25 9 48,26 38 49 42 12 34 20 25 9 48 43 7,0,1,2,0.10879173885745251,0.3769745729049048,6.000000000000002,2007-01-02,2017-10-31,1153,"{""C_proxy"": 0.2, ""features"": [""long_z"", ""recent20_z"", ""recent50_z"", ""recent100_z"", ""ewma_z"", ""gap_z"", ""transition_z"", ""in_last_draw""], ""include_number"": true, ""retrain_interval"": 1, ""seed"": 20260728, ""shrink_strength"": 0.1}",audited-1.0.0-online-SGD-r1,FullFeatureLogistic
1154,106000093,2017-11-07,5 6 12 22 30 48,38 26 49 42 25 12,38 26 49 42 25 12 34 20 48 9,38 26 49 42 25 12 34 20 48 9 7 10,1,2,2,0.10711710532431817,0.37129343291236644,6.0,2007-01-02,2017-11-03,1154,"{""C_proxy"": 0.2, ""features"": [""long_z"", ""recent20_z"", ""recent50_z"", ""recent100_z"", ""ewma_z"", ""gap_z"", ""transition_z"", ""in_last_draw""], ""include_number"": true, ""retrain_interval"": 1, ""seed"": 20260728, ""shrink_strength"": 0.1}",audited-1.0.0-online-SGD-r1,FullFeatureLogistic
1155,106000094,2017-11-10,10 15 24 26 29 35,38 26 42 49 20 25,38 26 42 49 20 25 34 12 9 10,38 26 42 49 20 25 34 12 9 10 43 7,1,2,2,0.10714380977309053,0.3717605511071404,6.0,2007-01-02,2017-11-07,1155,"{""C_proxy"": 0.2, ""features"": [""long_z"", ""recent20_z"", ""recent50_z"", ""recent100_z"", ""ewma_z"", ""gap_z"", ""transition_z"", ""in_last_draw""], ""include_number"": true, ""retrain_interval"": 1, ""seed"": 20260728, ""shrink_strength"": 0.1}",audited-1.0.0-online-SGD-r1,FullFeatureLogistic
1156,106000095,2017-11-14,5 15 24 25 44 47,38 20 42 49 25 34,38 20 42 49 25 34 26 12 9 48,38 20 42 49 25 34 26 12 9 48 43 7,1,1,1,0.10767336489533927,0.3715268726363397,5.999999999999999,2007-01-02,2017-11-10,1156,"{""C_proxy"": 0.2, ""features"": [""long_z"", ""recent20_z"", ""recent50_z"", ""recent100_z"", ""ewma_z"", ""gap_z"", ""transition_z"", ""in_last_draw""], ""include_number"": true, ""retrain_interval"": 1, ""seed"": 20260728, ""shrink_strength"": 0.1}",audited-1.0.0-online-SGD-r1,FullFeatureLogistic
1157,106000096,2017-11-17,2 14 19 28 39 46,38 42 26 20 49 34,38 42 26 20 49 34 12 25 48 9,38 42 26 20 49 34 12 25 48 9 43 16,0,0,0,0.11056117000740191,0.3855391661607745,6.0,2007-01-02,2017-11-14,1157,"{""C_proxy"": 0.2, ""features"": [""long_z"", ""recent20_z"", ""recent50_z"", ""recent100_z"", ""ewma_z"", ""gap_z"", ""transition_z"", ""in_last_draw""], ""include_number"": true, ""retrain_interval"": 1, ""seed"": 20260728, ""shrink_strength"": 0.1}",audited-1.0.0-online-SGD-r1,FullFeatureLogistic
1158,106000097,2017-11-21,4 23 25 28 39 43,38 26 42 20 49 12,38 26 42 20 49 12 34 25 48 43,38 26 42 20 49 12 34 25 48 43 9 16,0,2,2,0.10687257032087429,0.36714954306185094,6.000000000000001,2007-01-02,2017-11-17,1158,"{""C_proxy"": 0.2, ""features"": [""long_z"", ""recent20_z"", ""recent50_z"", ""recent100_z"", ""ewma_z"", ""gap_z"", ""transition_z"", ""in_last_draw""], ""include_number"": true, ""retrain_interval"": 1, ""seed"": 20260728, ""shrink_strength"": 0.1}",audited-1.0.0-online-SGD-r1,FullFeatureLogistic
1159,106000098,2017-11-24,4 8 10 14 41 45,38 26 42 20 49 12,38 26 42 20 49 12 34 16 48 18,38 26 42 20 49 12 34 16 48 18 9 25,0,0,0,0.11081359224459623,0.386310387772997,6.0,2007-01-02,2017-11-21,1159,"{""C_proxy"": 0.2, ""features"": [""long_z"", ""recent20_z"", ""recent50_z"", ""recent100_z"", ""ewma_z"", ""gap_z"", ""transition_z"", ""in_last_draw""], ""include_number"": true, ""retrain_interval"": 1, ""seed"": 20260728, ""shrink_strength"": 0.1}",audited-1.0.0-online-SGD-r1,FullFeatureLogistic
1160,106000099,2017-11-28,9 14 17 19 46 47,38 26 42 20 49 12,38 26 42 20 49 12 34 25 18 16,38 26 42 20 49 12 34 25 18 16 48 9,0,0,1,0.11325916428063502,0.40046017642264115,6.000000000000002,2007-01-02,2017-11-24,1160,"{""C_proxy"": 0.2, ""features"": [""long_z"", ""recent20_z"", ""recent50_z"", ""recent100_z"", ""ewma_z"", ""gap_z"", ""transition_z"", ""in_last_draw""], ""include_number"": true, ""retrain_interval"": 1, ""seed"": 20260728, ""shrink_strength"": 0.1}",audited-1.0.0-online-SGD-r1,FullFeatureLogistic
1161,106000100,2017-12-01,2 3 5 28 42 48,38 26 42 20 49 12,38 26 42 20 49 12 34 25 18 16,38 26 42 20 49 12 34 25 18 16 48 2,1,1,3,0.10556699898407752,0.3620316252303596,5.999999999999999,2007-01-02,2017-11-28,1161,"{""C_proxy"": 0.2, ""features"": [""long_z"", ""recent20_z"", ""recent50_z"", ""recent100_z"", ""ewma_z"", ""gap_z"", ""transition_z"", ""in_last_draw""], ""include_number"": true, ""retrain_interval"": 1, ""seed"": 20260728, ""shrink_strength"": 0.1}",audited-1.0.0-online-SGD-r1,FullFeatureLogistic
1162,106000101,2017-12-05,1 12 13 37 41 43,38 26 20 49 12 34,38 26 20 49 12 34 42 25 9 18,38 26 20 49 12 34 42 25 9 18 16 43,1,1,2,0.1057151368137722,0.36252929382945565,6.000000000000002,2007-01-02,2017-12-01,1162,"{""C_proxy"": 0.2, ""features"": [""long_z"", ""recent20_z"", ""recent50_z"", ""recent100_z"", ""ewma_z"", ""gap_z"", ""transition_z"", ""in_last_draw""], ""include_number"": true, ""retrain_interval"": 1, ""seed"": 20260728, ""shrink_strength"": 0.1}",audited-1.0.0-online-SGD-r1,FullFeatureLogistic
1163,106000102,2017-12-08,1 5 8 10 34 35,38 26 20 49 42 34,38 26 20 49 42 34 25 12 9 16,38 26 20 49 42 34 25 12 9 16 18 48,1,1,1,0.10869477121234365,0.3787443116274359,6.000000000000002,2007-01-02,2017-12-05,1163,"{""C_proxy"": 0.2, ""features"": [""long_z"", ""recent20_z"", ""recent50_z"", ""recent100_z"", ""ewma_z"", ""gap_z"", ""transition_z"", ""in_last_draw""], ""include_number"": true, ""retrain_interval"": 1, ""seed"": 20260728, ""shrink_strength"": 0.1}",audited-1.0.0-online-SGD-r1,FullFeatureLogistic
1164,106000103,2017-12-12,16 19 28 37 38 41,38 26 20 42 49 12,38 26 20 42 49 12 25 34 9 16,38 26 20 42 49 12 25 34 9 16 18 48,1,2,2,0.10769996290068075,0.37307401875327884,6.0,2007-01-02,2017-12-08,1164,"{""C_proxy"": 0.2, ""features"": [""long_z"", ""recent20_z"", ""recent50_z"", ""recent100_z"", ""ewma_z"", ""gap_z"", ""transition_z"", ""in_last_draw""], ""include_number"": true, ""retrain_interval"": 1, ""seed"": 20260728, ""shrink_strength"": 0.1}",audited-1.0.0-online-SGD-r1,FullFeatureLogistic
1165,106000104,2017-12-15,17 19 24 27 31 37,26 20 38 42 49 34,26 20 38 42 49 34 12 25 9 18,26 20 38 42 49 34 12 25 9 18 16 48,0,0,0,0.113134605311066,0.3982402331693896,6.000000000000001,2007-01-02,2017-12-12,1165,"{""C_proxy"": 0.2, ""features"": [""long_z"", ""recent20_z"", ""recent50_z"", ""recent100_z"", ""ewma_z"", ""gap_z"", ""transition_z"", ""in_last_draw""], ""include_number"": true, ""retrain_interval"": 1, ""seed"": 20260728, ""shrink_strength"": 0.1}",audited-1.0.0-online-SGD-r1,FullFeatureLogistic
1166,106000105,2017-12-19,3 14 18 31 41 42,26 38 20 42 49 34,26 38 20 42 49 34 12 25 9 18,26 38 20 42 49 34 12 25 9 18 16 48,1,2,2,0.109132087128798,0.3804383195210052,6.0,2007-01-02,2017-12-15,1166,"{""C_proxy"": 0.2, ""features"": [""long_z"", ""recent20_z"", ""recent50_z"", ""recent100_z"", ""ewma_z"", ""gap_z"", ""transition_z"", ""in_last_draw""], ""include_number"": true, ""retrain_interval"": 1, ""seed"": 20260728, ""shrink_strength"": 0.1}",audited-1.0.0-online-SGD-r1,FullFeatureLogistic
1167,106000106,2017-12-22,12 18 20 21 31 37,26 38 20 49 25 12,26 38 20 49 25 12 42 34 9 16,26 38 20 49 25 12 42 34 9 16 48 2,2,2,2,0.10635101740912642,0.366937117207663,6.0,2007-01-02,2017-12-19,1167,"{""C_proxy"": 0.2, ""features"": [""long_z"", ""recent20_z"", ""recent50_z"", ""recent100_z"", ""ewma_z"", ""gap_z"", ""transition_z"", ""in_last_draw""], ""include_number"": true, ""retrain_interval"": 1, ""seed"": 20260728, ""shrink_strength"": 0.1}",audited-1.0.0-online-SGD-r1,FullFeatureLogistic
1168,106000107,2017-12-26,7 8 10 20 24 27,38 26 49 42 25 34,38 26 49 42 25 34 9 20 16 2,38 26 49 42 25 34 9 20 16 2 48 12,0,1,1,0.107376242915171,0.36978985393961006,5.999999999999999,2007-01-02,2017-12-22,1168,"{""C_proxy"": 0.2, ""features"": [""long_z"", ""recent20_z"", ""recent50_z"", ""recent100_z"", ""ewma_z"", ""gap_z"", ""transition_z"", ""in_last_draw""], ""include_number"": true, ""retrain_interval"": 1, ""seed"": 20260728, ""shrink_strength"": 0.1}",audited-1.0.0-online-SGD-r1,FullFeatureLogistic
1169,106000108,2017-12-29,11 12 15 20 27 47,38 26 42 49 25 34,38 26 42 49 25 34 16 9 12 2,38 26 42 49 25 34 16 9 12 2 48 20,0,1,2,0.10852572658412234,0.3761080486297306,6.000000000000001,2007-01-02,2017-12-26,1169,"{""C_proxy"": 0.2, ""features"": [""long_z"", ""recent20_z"", ""recent50_z"", ""recent100_z"", ""ewma_z"", ""gap_z"", ""transition_z"", ""in_last_draw""], ""include_number"": true, ""retrain_interval"": 1, ""seed"": 20260728, ""shrink_strength"": 0.1}",audited-1.0.0-online-SGD-r1,FullFeatureLogistic
1170,107000001,2018-01-02,2 6 12 18 36 46,38 26 42 25 49 34,38 26 42 25 49 34 16 9 2 48,38 26 42 25 49 34 16 9 2 48 13 18,0,1,2,0.10732118497609211,0.37000508573426427,6.0,2007-01-02,2017-12-29,1170,"{""C_proxy"": 0.2, ""features"": [""long_z"", ""recent20_z"", ""recent50_z"", ""recent100_z"", ""ewma_z"", ""gap_z"", ""transition_z"", ""in_last_draw""], ""include_number"": true, ""retrain_interval"": 1, ""seed"": 20260728, ""shrink_strength"": 0.1}",audited-1.0.0-online-SGD-r1,FullFeatureLogistic
1171,107000002,2018-01-05,4 13 17 29 31 44,38 26 42 25 49 34,38 26 42 25 49 34 9 16 20 48,38 26 42 25 49 34 9 16 20 48 13 43,0,0,1,0.11128556524558635,0.38912196188970305,6.000000000000001,2007-01-02,2018-01-02,1171,"{""C_proxy"": 0.2, ""features"": [""long_z"", ""recent20_z"", ""recent50_z"", ""recent100_z"", ""ewma_z"", ""gap_z"", ""transition_z"", ""in_last_draw""], ""include_number"": true, ""retrain_interval"": 1, ""seed"": 20260728, ""shrink_strength"": 0.1}",audited-1.0.0-online-SGD-r1,FullFeatureLogistic
1172,107000003,2018-01-09,2 10 22 23 24 37,38 26 42 49 25 34,38 26 42 49 25 34 9 16 20 48,38 26 42 49 25 34 9 16 20 48 2 43,0,0,1,0.1079774446758763,0.3723152123642277,6.000000000000001,2007-01-02,2018-01-05,1172,"{""C_proxy"": 0.2, ""features"": [""long_z"", ""recent20_z"", ""recent50_z"", ""recent100_z"", ""ewma_z"", ""gap_z"", ""transition_z"", ""in_last_draw""], ""include_number"": true, ""retrain_interval"": 1, ""seed"": 20260728, ""shrink_strength"": 0.1}",audited-1.0.0-online-SGD-r1,FullFeatureLogistic
1173,107000004,2018-01-12,1 7 14 22 40 45,38 26 42 49 25 34,38 26 42 49 25 34 20 16 9 48,38 26 42 49 25 34 20 16 9 48 39 7,0,0,1,0.10909072170333552,0.37808031924240165,6.000000000000001,2007-01-02,2018-01-09,1173,"{""C_proxy"": 0.2, ""features"": [""long_z"", ""recent20_z"", ""recent50_z"", ""recent100_z"", ""ewma_z"", ""gap_z"", ""transition_z"", ""in_last_draw""], ""include_number"": true, ""retrain_interval"": 1, ""seed"": 20260728, ""shrink_strength"": 0.1}",audited-1.0.0-online-SGD-r1,FullFeatureLogistic
1174,107000005,2018-01-16,8 26 29 32 36 39,38 26 42 49 25 34,38 26 42 49 25 34 20 9 16 48,38 26 42 49 25 34 20 9 16 48 39 43,1,1,2,0.10823269571674056,0.37533060024941167,6.0,2007-01-02,2018-01-12,1174,"{""C_proxy"": 0.2, ""features"": [""long_z"", ""recent20_z"", ""recent50_z"", ""recent100_z"", ""ewma_z"", ""gap_z"", ""transition_z"", ""in_last_draw""], ""include_number"": true, ""retrain_interval"": 1, ""seed"": 20260728, ""shrink_strength"": 0.1}",audited-1.0.0-online-SGD-r1,FullFeatureLogistic
1175,107000006,2018-01-19,2 13 16 22 26 48,38 42 49 25 34 26,38 42 49 25 34 26 20 16 9 48,38 42 49 25 34 26 20 16 9 48 13 18,1,3,4,0.10290170598994615,0.3496575449069729,6.000000000000001,2007-01-02,2018-01-16,1175,"{""C_proxy"": 0.2, ""features"": [""long_z"", ""recent20_z"", ""recent50_z"", ""recent100_z"", ""ewma_z"", ""gap_z"", ""transition_z"", ""in_last_draw""], ""include_number"": true, ""retrain_interval"": 1, ""seed"": 20260728, ""shrink_strength"": 0.1}",audited-1.0.0-online-SGD-r1,FullFeatureLogistic
1176,107000007,2018-01-23,2 12 26 28 33 34,38 42 49 25 34 20,38 42 49 25 34 20 9 26 16 12,38 42 49 25 34 20 9 26 16 12 18 5,1,3,3,0.10474673428534746,0.35799701363086056,6.0,2007-01-02,2018-01-19,1176,"{""C_proxy"": 0.2, ""features"": [""long_z"", ""recent20_z"", ""recent50_z"", ""recent100_z"", ""ewma_z"", ""gap_z"", ""transition_z"", ""in_last_draw""], ""include_number"": true, ""retrain_interval"": 1, ""seed"": 20260728, ""shrink_strength"": 0.1}",audited-1.0.0-online-SGD-r1,FullFeatureLogistic
1177,107000008,2018-01-26,7 23 32 34 43 47,38 42 25 49 20 34,38 42 25 49 20 34 9 16 48 39,38 42 25 49 20 34 9 16 48 39 26 5,1,1,1,0.10702819892388621,0.3687446098333062,6.000000000000002,2007-01-02,2018-01-23,1177,"{""C_proxy"": 0.2, ""features"": [""long_z"", ""recent20_z"", ""recent50_z"", ""recent100_z"", ""ewma_z"", ""gap_z"", ""transition_z"", ""in_last_draw""], ""include_number"": true, ""retrain_interval"": 1, ""seed"": 20260728, ""shrink_strength"": 0.1}",audited-1.0.0-online-SGD-r1,FullFeatureLogistic
1178,107000009,2018-01-30,7 8 15 23 31 36,38 42 25 49 20 9,38 42 25 49 20 9 26 16 48 18,38 42 25 49 20 9 26 16 48 18 5 34,0,0,0,0.11013448215623475,0.38233185199747416,6.000000000000001,2007-01-02,2018-01-26,1178,"{""C_proxy"": 0.2, ""features"": [""long_z"", ""recent20_z"", ""recent50_z"", ""recent100_z"", ""ewma_z"", ""gap_z"", ""transition_z"", ""in_last_draw""], ""include_number"": true, ""retrain_interval"": 1, ""seed"": 20260728, ""shrink_strength"": 0.1}",audited-1.0.0-online-SGD-r1,FullFeatureLogistic
1179,107000010,2018-02-02,1 2 10 11 26 43,38 42 25 20 49 26,38 42 25 20 49 26 16 9 34 48,38 42 25 20 49 26 16 9 34 48 18 5,1,1,1,0.10659109348382075,0.36702548549768016,6.000000000000001,2007-01-02,2018-01-30,1179,"{""C_proxy"": 0.2, ""features"": [""long_z"", ""recent20_z"", ""recent50_z"", ""recent100_z"", ""ewma_z"", ""gap_z"", ""transition_z"", ""in_last_draw""], ""include_number"": true, ""retrain_interval"": 1, ""seed"": 20260728, ""shrink_strength"": 0.1}",audited-1.0.0-online-SGD-r1,FullFeatureLogistic
1180,107000011,2018-02-06,6 10 24 27 41 43,38 42 20 25 49 16,38 42 20 25 49 16 34 48 5 18,38 42 20 25 49 16 34 48 5 18 9 39,0,0,0,0.10876360056199504,0.37539753452984714,6.000000000000001,2007-01-02,2018-02-02,1180,"{""C_proxy"": 0.2, ""features"": [""long_z"", ""recent20_z"", ""recent50_z"", ""recent100_z"", ""ewma_z"", ""gap_z"", ""transition_z"", ""in_last_draw""], ""include_number"": true, ""retrain_interval"": 1, ""seed"": 20260728, ""shrink_strength"": 0.1}",audited-1.0.0-online-SGD-r1,FullFeatureLogistic
1181,107000012,2018-02-09,12 17 20 21 30 45,38 42 20 25 49 34,38 42 20 25 49 34 26 16 18 5,38 42 20 25 49 34 26 16 18 5 12 48,1,1,2,0.10919453275267205,0.38249133222113796,5.999999999999998,2007-01-02,2018-02-06,1181,"{""C_proxy"": 0.2, ""features"": [""long_z"", ""recent20_z"", ""recent50_z"", ""recent100_z"", ""ewma_z"", ""gap_z"", ""transition_z"", ""in_last_draw""], ""include_number"": true, ""retrain_interval"": 1, ""seed"": 20260728, ""shrink_strength"": 0.1}",audited-1.0.0-online-SGD-r1,FullFeatureLogistic
1182,107000013,2018-02-13,4 10 19 26 35 45,38 42 25 49 34 26,38 42 25 49 34 26 18 5 16 20,38 42 25 49 34 26 18 5 16 20 9 48,1,1,1,0.11013871429167363,0.384984167214899,6.000000000000001,2007-01-02,2018-02-09,1182,"{""C_proxy"": 0.2, ""features"": [""long_z"", ""recent20_z"", ""recent50_z"", ""recent100_z"", ""ewma_z"", ""gap_z"", ""transition_z"", ""in_last_draw""], ""include_number"": true, ""retrain_interval"": 1, ""seed"": 20260728, ""shrink_strength"": 0.1}",audited-1.0.0-online-SGD-r1,FullFeatureLogistic
1183,107000014,2018-02-15,7 21 22 37 41 48,38 42 25 20 49 34,38 42 25 20 49 34 18 5 16 48,38 42 25 20 49 34 18 5 16 48 9 39,0,1,1,0.10820275689037388,0.37335745558558264,6.000000000000001,2007-01-02,2018-02-13,1183,"{""C_proxy"": 0.2, ""features"": [""long_z"", ""recent20_z"", ""recent50_z"", ""recent100_z"", ""ewma_z"", ""gap_z"", ""transition_z"", ""in_last_draw""], ""include_number"": true, ""retrain_interval"": 1, ""seed"": 20260728, ""shrink_strength"": 0.1}",audited-1.0.0-online-SGD-r1,FullFeatureLogistic
1184,107000015,2018-02-16,4 7 23 24 27 41,38 42 25 49 20 34,38 42 25 49 20 34 18 5 26 16,38 42 25 49 20 34 18 5 26 16 39 9,0,0,0,0.11074769130872913,0.38506196688973726,6.000000000000001,2007-01-02,2018-02-15,1184,"{""C_proxy"": 0.2, ""features"": [""long_z"", ""recent20_z"", ""recent50_z"", ""recent100_z"", ""ewma_z"", ""gap_z"", ""transition_z"", ""in_last_draw""], ""include_number"": true, ""retrain_interval"": 1, ""seed"": 20260728, ""shrink_strength"": 0.1}",audited-1.0.0-online-SGD-r1,FullFeatureLogistic
1185,107000016,2018-02-17,3 5 17 32 33 47,38 42 25 20 49 34,38 42 25 20 49 34 26 18 5 39,38 42 25 20 49 34 26 18 5 39 16 9,0,1,1,0.11037032671213015,0.38484390708502947,5.999999999999999,2007-01-02,2018-02-16,1185,"{""C_proxy"": 0.2, ""features"": [""long_z"", ""recent20_z"", ""recent50_z"", ""recent100_z"", ""ewma_z"", ""gap_z"", ""transition_z"", ""in_last_draw""], ""include_number"": true, ""retrain_interval"": 1, ""seed"": 20260728, ""shrink_strength"": 0.1}",audited-1.0.0-online-SGD-r1,FullFeatureLogistic
1186,107000017,2018-02-18,7 8 20 28 34 46,38 42 25 20 49 34,38 42 25 20 49 34 26 18 39 9,38 42 25 20 49 34 26 18 39 9 16 13,2,2,2,0.10710654123772492,0.3699869486114144,6.000000000000001,2007-01-02,2018-02-17,1186,"{""C_proxy"": 0.2, ""features"": [""long_z"", ""recent20_z"", ""recent50_z"", ""recent100_z"", ""ewma_z"", ""gap_z"", ""transition_z"", ""in_last_draw""], ""include_number"": true, ""retrain_interval"": 1, ""seed"": 20260728, ""shrink_strength"": 0.1}",audited-1.0.0-online-SGD-r1,FullFeatureLogistic
1187,107000018,2018-02-19,7 9 19 22 36 49,38 42 25 49 26 18,38 42 25 49 26 18 16 39 5 9,38 42 25 49 26 18 16 39 5 9 34 2,1,2,2,0.10691566553664607,0.36802251703338973,6.0,2007-01-02,2018-02-18,1187,"{""C_proxy"": 0.2, ""features"": [""long_z"", ""recent20_z"", ""recent50_z"", ""recent100_z"", ""ewma_z"", ""gap_z"", ""transition_z"", ""in_last_draw""], ""include_number"": true, ""retrain_interval"": 1, ""seed"": 20260728, ""shrink_strength"": 0.1}",audited-1.0.0-online-SGD-r1,FullFeatureLogistic
1188,107000019,2018-02-20,12 33 34 38 40 46,38 42 25 26 49 20,38 42 25 26 49 20 34 18 5 16,38 42 25 26 49 20 34 18 5 16 39 2,1,2,2,0.10464152045251418,0.35939742348005616,6.000000000000001,2007-01-02,2018-02-19,1188,"{""C_proxy"": 0.2, ""features"": [""long_z"", ""recent20_z"", ""recent50_z"", ""recent100_z"", ""ewma_z"", ""gap_z"", ""transition_z"", ""in_last_draw""], ""include_number"": true, ""retrain_interval"": 1, ""seed"": 20260728, ""shrink_strength"": 0.1}",audited-1.0.0-online-SGD-r1,FullFeatureLogistic
1189,107000020,2018-02-23,3 7 15 16 18 41,38 42 49 26 25 20,38 42 49 26 25 20 18 5 9 39,38 42 49 26 25 20 18 5 9 39 2 16,0,1,2,0.1069333025431033,0.3679064703623865,6.000000000000002,2007-01-02,2018-02-20,1189,"{""C_proxy"": 0.2, ""features"": [""long_z"", ""recent20_z"", ""recent50_z"", ""recent100_z"", ""ewma_z"", ""gap_z"", ""transition_z"", ""in_last_draw""], ""include_number"": true, ""retrain_interval"": 1, ""seed"": 20260728, ""shrink_strength"": 0.1}",audited-1.0.0-online-SGD-r1,FullFeatureLogistic
1190,107000021,2018-02-27,1 3 18 23 28 44,38 42 26 49 25 20,38 42 26 49 25 20 5 9 34 2,38 42 26 49 25 20 5 9 34 2 39 18,0,0,1,0.10948235351454778,0.3795504513616134,6.0,2007-01-02,2018-02-23,1190,"{""C_proxy"": 0.2, ""features"": [""long_z"", ""recent20_z"", ""recent50_z"", ""recent100_z"", ""ewma_z"", ""gap_z"", ""transition_z"", ""in_last_draw""], ""include_number"": true, ""retrain_interval"": 1, ""seed"": 20260728, ""shrink_strength"": 0.1}",audited-1.0.0-online-SGD-r1,FullFeatureLogistic
1191,107000022,2018-03-02,1 12 17 25 31 48,38 26 42 49 25 20,38 26 42 49 25 20 5 34 9 2,38 26 42 49 25 20 5 34 9 2 39 16,1,1,1,0.1067953837482736,0.36848285893299065,6.0,2007-01-02,2018-02-27,1191,"{""C_proxy"": 0.2, ""features"": [""long_z"", ""recent20_z"", ""recent50_z"", ""recent100_z"", ""ewma_z"", ""gap_z"", ""transition_z"", ""in_last_draw""], ""include_number"": true, ""retrain_interval"": 1, ""seed"": 20260728, ""shrink_strength"": 0.1}",audited-1.0.0-online-SGD-r1,FullFeatureLogistic
1192,107000023,2018-03-06,9 11 13 17 38 42,38 26 42 49 20 25,38 26 42 49 20 25 5 34 9 2,38 26 42 49 20 25 5 34 9 2 39 16,2,3,3,0.10537410987037181,0.36647724037573537,6.0,2007-01-02,2018-03-02,1192,"{""C_proxy"": 0.2, ""features"": [""long_z"", ""recent20_z"", ""recent50_z"", ""recent100_z"", ""ewma_z"", ""gap_z"", ""transition_z"", ""in_last_draw""], ""include_number"": true, ""retrain_interval"": 1, ""seed"": 20260728, ""shrink_strength"": 0.1}",audited-1.0.0-online-SGD-r1,FullFeatureLogistic
1193,107000024,2018-03-09,12 15 18 27 30 38,26 25 42 38 49 20,26 25 42 38 49 20 5 34 2 16,26 25 42 38 49 20 5 34 2 16 39 18,1,1,2,0.1075245243825508,0.3733002631213139,6.000000000000001,2007-01-02,2018-03-06,1193,"{""C_proxy"": 0.2, ""features"": [""long_z"", ""recent20_z"", ""recent50_z"", ""recent100_z"", ""ewma_z"", ""gap_z"", ""transition_z"", ""in_last_draw""], ""include_number"": true, ""retrain_interval"": 1, ""seed"": 20260728, ""shrink_strength"": 0.1}",audited-1.0.0-online-SGD-r1,FullFeatureLogistic
1194,107000025,2018-03-13,14 20 22 27 28 38,42 26 25 20 49 38,42 26 25 20 49 38 34 5 2 39,42 26 25 20 49 38 34 5 2 39 9 16,2,2,2,0.10757494283761122,0.3727427278903262,6.0,2007-01-02,2018-03-09,1194,"{""C_proxy"": 0.2, ""features"": [""long_z"", ""recent20_z"", ""recent50_z"", ""recent100_z"", ""ewma_z"", ""gap_z"", ""transition_z"", ""in_last_draw""], ""include_number"": true, ""retrain_interval"": 1, ""seed"": 20260728, ""shrink_strength"": 0.1}",audited-1.0.0-online-SGD-r1,FullFeatureLogistic
1195,107000026,2018-03-16,3 14 16 17 43 46,42 26 25 49 34 5,42 26 25 49 34 5 2 38 20 16,42 26 25 49 34 5 2 38 20 16 39 9,0,1,1,0.11200106485160906,0.3948022282322945,6.0,2007-01-02,2018-03-13,1195,"{""C_proxy"": 0.2, ""features"": [""long_z"", ""recent20_z"", ""recent50_z"", ""recent100_z"", ""ewma_z"", ""gap_z"", ""transition_z"", ""in_last_draw""], ""include_number"": true, ""retrain_interval"": 1, ""seed"": 20260728, ""shrink_strength"": 0.1}",audited-1.0.0-online-SGD-r1,FullFeatureLogistic
1196,107000027,2018-03-20,8 9 23 30 37 41,26 42 25 49 20 34,26 42 25 49 20 34 38 5 2 9,26 42 25 49 20 34 38 5 2 9 39 13,0,1,1,0.11223943987260013,0.39491180566813777,6.0,2007-01-02,2018-03-16,1196,"{""C_proxy"": 0.2, ""features"": [""long_z"", ""recent20_z"", ""recent50_z"", ""recent100_z"", ""ewma_z"", ""gap_z"", ""transition_z"", ""in_last_draw""], ""include_number"": true, ""retrain_interval"": 1, ""seed"": 20260728, ""shrink_strength"": 0.1}",audited-1.0.0-online-SGD-r1,FullFeatureLogistic
1197,107000028,2018-03-23,4 9 13 32 34 41,26 42 25 49 20 38,26 42 25 49 20 38 34 5 2 13,26 42 25 49 20 38 34 5 2 13 48 39,0,2,2,0.10796589317326269,0.3735565818047575,5.999999999999999,2007-01-02,2018-03-20,1197,"{""C_proxy"": 0.2, ""features"": [""long_z"", ""recent20_z"", ""recent50_z"", ""recent100_z"", ""ewma_z"", ""gap_z"", ""transition_z"", ""in_last_draw""], ""include_number"": true, ""retrain_interval"": 1, ""seed"": 20260728, ""shrink_strength"": 0.1}",audited-1.0.0-online-SGD-r1,FullFeatureLogistic
1198,107000029,2018-03-27,13 15 24 30 38 40,26 42 25 20 49 38,26 42 25 20 49 38 2 5 34 48,26 42 25 20 49 38 2 5 34 48 18 10,1,1,1,0.1075197593380831,0.373173748232259,6.000000000000001,2007-01-02,2018-03-23,1198,"{""C_proxy"": 0.2, ""features"": [""long_z"", ""recent20_z"", ""recent50_z"", ""recent100_z"", ""ewma_z"", ""gap_z"", ""transition_z"", ""in_last_draw""], ""include_number"": true, ""retrain_interval"": 1, ""seed"": 20260728, ""shrink_strength"": 0.1}",audited-1.0.0-online-SGD-r1,FullFeatureLogistic
1199,107000030,2018-03-30,1 5 13 43 44 47,26 42 20 25 49 2,26 42 20 25 49 2 34 5 38 18,26 42 20 25 49 2 34 5 38 18 48 12,0,1,1,0.10733947569730784,0.3695294349840012,6.000000000000001,2007-01-02,2018-03-27,1199,"{""C_proxy"": 0.2, ""features"": [""long_z"", ""recent20_z"", ""recent50_z"", ""recent100_z"", ""ewma_z"", ""gap_z"", ""transition_z"", ""in_last_draw""], ""include_number"": true, ""retrain_interval"": 1, ""seed"": 20260728, ""shrink_strength"": 0.1}",audited-1.0.0-online-SGD-r1,FullFeatureLogistic
1200,107000031,2018-04-03,1 7 22 32 34 36,26 42 20 25 49 38,26 42 20 25 49 38 2 34 12 48,26 42 20 25 49 38 2 34 12 48 18 10,0,1,1,0.10859900294887162,0.376069378811574,5.999999999999999,2007-01-02,2018-03-30,1200,"{""C_proxy"": 0.2, ""features"": [""long_z"", ""recent20_z"", ""recent50_z"", ""recent100_z"", ""ewma_z"", ""gap_z"", ""transition_z"", ""in_last_draw""], ""include_number"": true, ""retrain_interval"": 1, ""seed"": 20260728, ""shrink_strength"": 0.1}",audited-1.0.0-online-SGD-r1,FullFeatureLogistic
1201,107000032,2018-04-06,7 25 31 34 47 49,26 42 20 25 49 38,26 42 20 25 49 38 2 12 5 18,26 42 20 25 49 38 2 12 5 18 48 34,2,2,3,0.10409416756584443,0.35548925568792933,6.0,2007-01-02,2018-04-03,1201,"{""C_proxy"": 0.2, ""features"": [""long_z"", ""recent20_z"", ""recent50_z"", ""recent100_z"", ""ewma_z"", ""gap_z"", ""transition_z"", ""in_last_draw""], ""include_number"": true, ""retrain_interval"": 1, ""seed"": 20260728, ""shrink_strength"": 0.1}",audited-1.0.0-online-SGD-r1,FullFeatureLogistic
1202,107000033,2018-04-10,7 27 32 34 41 47,26 42 20 38 2 25,26 42 20 38 2 25 12 5 48 49,26 42 20 38 2 25 12 5 48 49 18 10,0,0,0,0.11169104072869482,0.39088627137302295,6.0,2007-01-02,2018-04-06,1202,"{""C_proxy"": 0.2, ""features"": [""long_z"", ""recent20_z"", ""recent50_z"", ""recent100_z"", ""ewma_z"", ""gap_z"", ""transition_z"", ""in_last_draw""], ""include_number"": true, ""retrain_interval"": 1, ""seed"": 20260728, ""shrink_strength"": 0.1}",audited-1.0.0-online-SGD-r1,FullFeatureLogistic
1203,107000034,2018-04-13,1 12 25 28 40 46,26 42 20 38 25 49,26 42 20 38 25 49 2 12 5 48,26 42 20 38 25 49 2 12 5 48 18 10,1,2,2,0.10648465223357413,0.366267424419901,6.0,2007-01-02,2018-04-10,1203,"{""C_proxy"": 0.2, ""features"": [""long_z"", ""recent20_z"", ""recent50_z"", ""recent100_z"", ""ewma_z"", ""gap_z"", ""transition_z"", ""in_last_draw""], ""include_number"": true, ""retrain_interval"": 1, ""seed"": 20260728, ""shrink_strength"": 0.1}",audited-1.0.0-online-SGD-r1,FullFeatureLogistic
1204,107000035,2018-04-17,7 16 31 38 40 41,26 42 38 20 49 2,26 42 38 20 49 2 5 48 10 18,26 42 38 20 49 2 5 48 10 18 12 25,1,1,1,0.10667413484072548,0.36701284356812663,6.000000000000001,2007-01-02,2018-04-13,1204,"{""C_proxy"": 0.2, ""features"": [""long_z"", ""recent20_z"", ""recent50_z"", ""recent100_z"", ""ewma_z"", ""gap_z"", ""transition_z"", ""in_last_draw""], ""include_number"": true, ""retrain_interval"": 1, ""seed"": 20260728, ""shrink_strength"": 0.1}",audited-1.0.0-online-SGD-r1,FullFeatureLogistic
1205,107000036,2018-04-20,10 14 32 33 35 46,26 42 20 38 49 25,26 42 20 38 49 25 2 12 18 5,26 42 20 38 49 25 2 12 18 5 48 10,0,0,1,0.1141565466517381,0.40690605852347184,6.0,2007-01-02,2018-04-17,1205,"{""C_proxy"": 0.2, ""features"": [""long_z"", ""recent20_z"", ""recent50_z"", ""recent100_z"", ""ewma_z"", ""gap_z"", ""transition_z"", ""in_last_draw""], ""include_number"": true, ""retrain_interval"": 1, ""seed"": 20260728, ""shrink_strength"": 0.1}",audited-1.0.0-online-SGD-r1,FullFeatureLogistic
1206,107000037,2018-04-24,9 10 19 21 35 36,26 42 20 38 49 25,26 42 20 38 49 25 2 12 18 48,26 42 20 38 49 25 2 12 18 48 5 34,0,0,0,0.11080933605724458,0.388414994058115,6.000000000000001,2007-01-02,2018-04-20,1206,"{""C_proxy"": 0.2, ""features"": [""long_z"", ""recent20_z"", ""recent50_z"", ""recent100_z"", ""ewma_z"", ""gap_z"", ""transition_z"", ""in_last_draw""], ""include_number"": true, ""retrain_interval"": 1, ""seed"": 20260728, ""shrink_strength"": 0.1}",audited-1.0.0-online-SGD-r1,FullFeatureLogistic
1207,107000038,2018-04-27,4 25 26 27 30 48,26 42 20 38 49 25,26 42 20 38 49 25 12 2 18 48,26 42 20 38 49 25 12 2 18 48 5 34,2,3,3,0.10646043423680024,0.3697606587527381,6.0,2007-01-02,2018-04-24,1207,"{""C_proxy"": 0.2, ""features"": [""long_z"", ""recent20_z"", ""recent50_z"", ""recent100_z"", ""ewma_z"", ""gap_z"", ""transition_z"", ""in_last_draw""], ""include_number"": true, ""retrain_interval"": 1, ""seed"": 20260728, ""shrink_strength"": 0.1}",audited-1.0.0-online-SGD-r1,FullFeatureLogistic
1208,107000039,2018-05-01,8 29 33 34 46 49,42 20 38 26 49 12,42 20 38 26 49 12 2 18 5 34,42 20 38 26 49 12 2 18 5 34 13 43,1,2,2,0.10798761779614256,0.37393429424251656,6.0,2007-01-02,2018-04-27,1208,"{""C_proxy"": 0.2, ""features"": [""long_z"", ""recent20_z"", ""recent50_z"", ""recent100_z"", ""ewma_z"", ""gap_z"", ""transition_z"", ""in_last_draw""], ""include_number"": true, ""retrain_interval"": 1, ""seed"": 20260728, ""shrink_strength"": 0.1}",audited-1.0.0-online-SGD-r1,FullFeatureLogistic
1209,107000040,2018-05-04,10 22 30 33 36 47,26 42 38 20 12 2,26 42 38 20 12 2 18 5 25 48,26 42 38 20 12 2 18 5 25 48 49 13,0,0,0,0.11147566623970591,0.3910966757113686,6.0,2007-01-02,2018-05-01,1209,"{""C_proxy"": 0.2, ""features"": [""long_z"", ""recent20_z"", ""recent50_z"", ""recent100_z"", ""ewma_z"", ""gap_z"", ""transition_z"", ""in_last_draw""], ""include_number"": true, ""retrain_interval"": 1, ""seed"": 20260728, ""shrink_strength"": 0.1}",audited-1.0.0-online-SGD-r1,FullFeatureLogistic
1210,107000041,2018-05-08,3 8 21 22 37 41,26 42 38 20 12 49,26 42 38 20 12 49 2 18 25 5,26 42 38 20 12 49 2 18 25 5 48 13,0,0,0,0.11180763758824372,0.3895378843085023,6.000000000000002,2007-01-02,2018-05-04,1210,"{""C_proxy"": 0.2, ""features"": [""long_z"", ""recent20_z"", ""recent50_z"", ""recent100_z"", ""ewma_z"", ""gap_z"", ""transition_z"", ""in_last_draw""], ""include_number"": true, ""retrain_interval"": 1, ""seed"": 20260728, ""shrink_strength"": 0.1}",audited-1.0.0-online-SGD-r1,FullFeatureLogistic
1211,107000042,2018-05-11,4 11 25 35 37 48,26 38 42 20 12 49,26 38 42 20 12 49 2 18 5 25,26 38 42 20 12 49 2 18 5 25 13 34,0,1,1,0.11117474599154913,0.39118515793612607,5.999999999999999,2007-01-02,2018-05-08,1211,"{""C_proxy"": 0.2, ""features"": [""long_z"", ""recent20_z"", ""recent50_z"", ""recent100_z"", ""ewma_z"", ""gap_z"", ""transition_z"", ""in_last_draw""], ""include_number"": true, ""retrain_interval"": 1, ""seed"": 20260728, ""shrink_strength"": 0.1}",audited-1.0.0-online-SGD-r1,FullFeatureLogistic
1212,107000043,2018-05-15,2 12 13 16 32 43,26 38 42 20 12 49,26 38 42 20 12 49 2 18 34 13,26 38 42 20 12 49 2 18 34 13 5 43,1,3,4,0.10459585063272434,0.3591452316191917,6.0,2007-01-02,2018-05-11,1212,"{""C_proxy"": 0.2, ""features"": [""long_z"", ""recent20_z"", ""recent50_z"", ""recent100_z"", ""ewma_z"", ""gap_z"", ""transition_z"", ""in_last_draw""], ""include_number"": true, ""retrain_interval"": 1, ""seed"": 20260728, ""shrink_strength"": 0.1}",audited-1.0.0-online-SGD-r1,FullFeatureLogistic
1213,107000044,2018-05-18,1 11 36 38 41 42,26 38 20 42 49 18,26 38 20 42 49 18 34 5 12 2,26 38 20 42 49 18 34 5 12 2 25 9,2,2,2,0.10628443061243795,0.3678968368473817,6.000000000000001,2007-01-02,2018-05-15,1213,"{""C_proxy"": 0.2, ""features"": [""long_z"", ""recent20_z"", ""recent50_z"", ""recent100_z"", ""ewma_z"", ""gap_z"", ""transition_z"", ""in_last_draw""], ""include_number"": true, ""retrain_interval"": 1, ""seed"": 20260728, ""shrink_strength"": 0.1}",audited-1.0.0-online-SGD-r1,FullFeatureLogistic
1214,107000045,2018-05-22,2 13 24 29 41 49,26 20 38 42 49 2,26 20 38 42 49 2 18 12 34 5,26 20 38 42 49 2 18 12 34 5 25 13,2,2,3,0.10509044567164023,0.35989611154885776,6.0,2007-01-02,2018-05-18,1214,"{""C_proxy"": 0.2, ""features"": [""long_z"", ""recent20_z"", ""recent50_z"", ""recent100_z"", ""ewma_z"", ""gap_z"", ""transition_z"", ""in_last_draw""], ""include_number"": true, ""retrain_interval"": 1, ""seed"": 20260728, ""shrink_strength"": 0.1}",audited-1.0.0-online-SGD-r1,FullFeatureLogistic
1215,107000046,2018-05-25,1 6 22 24 32 42,26 20 42 38 18 34,26 20 42 38 18 34 12 5 25 49,26 20 42 38 18 34 12 5 25 49 9 48,1,1,1,0.10804829328909865,0.37460804291662786,6.000000000000001,2007-01-02,2018-05-22,1215,"{""C_proxy"": 0.2, ""features"": [""long_z"", ""recent20_z"", ""recent50_z"", ""recent100_z"", ""ewma_z"", ""gap_z"", ""transition_z"", ""in_last_draw""], ""include_number"": true, ""retrain_interval"": 1, ""seed"": 20260728, ""shrink_strength"": 0.1}",audited-1.0.0-online-SGD-r1,FullFeatureLogistic
1216,107000047,2018-05-29,11 14 20 26 37 41,26 20 38 49 18 42,26 20 38 49 18 42 34 12 25 5,26 20 38 49 18 42 34 12 25 5 2 9,2,2,2,0.1088999082757144,0.3822365301021709,6.0,2007-01-02,2018-05-25,1216,"{""C_proxy"": 0.2, ""features"": [""long_z"", ""recent20_z"", ""recent50_z"", ""recent100_z"", ""ewma_z"", ""gap_z"", ""transition_z"", ""in_last_draw""], ""include_number"": true, ""retrain_interval"": 1, ""seed"": 20260728, ""shrink_strength"": 0.1}",audited-1.0.0-online-SGD-r1,FullFeatureLogistic
1217,107000048,2018-06-01,16 26 28 33 42 49,38 26 42 20 49 12,38 26 42 20 49 12 18 34 25 5,38 26 42 20 49 12 18 34 25 5 2 9,3,3,3,0.1031149125629515,0.35099418816535727,6.0,2007-01-02,2018-05-29,1217,"{""C_proxy"": 0.2, ""features"": [""long_z"", ""recent20_z"", ""recent50_z"", ""recent100_z"", ""ewma_z"", ""gap_z"", ""transition_z"", ""in_last_draw""], ""include_number"": true, ""retrain_interval"": 1, ""seed"": 20260728, ""shrink_strength"": 0.1}",audited-1.0.0-online-SGD-r1,FullFeatureLogistic
1218,107000049,2018-06-05,2 17 22 25 26 41,38 20 34 18 26 25,38 20 34 18 26 25 12 5 2 42,38 20 34 18 26 25 12 5 2 42 13 10,2,3,3,0.1076124400993768,0.37330123077369354,6.000000000000001,2007-01-02,2018-06-01,1218,"{""C_proxy"": 0.2, ""features"": [""long_z"", ""recent20_z"", ""recent50_z"", ""recent100_z"", ""ewma_z"", ""gap_z"", ""transition_z"", ""in_last_draw""], ""include_number"": true, ""retrain_interval"": 1, ""seed"": 20260728, ""shrink_strength"": 0.1}",audited-1.0.0-online-SGD-r1,FullFeatureLogistic
1219,107000050,2018-06-08,2 9 17 31 32 40,38 20 34 42 18 12,38 20 34 42 18 12 49 5 26 13,38 20 34 42 18 12 49 5 26 13 9 48,0,0,1,0.11048987740573998,0.3871786890428503,6.0,2007-01-02,2018-06-05,1219,"{""C_proxy"": 0.2, ""features"": [""long_z"", ""recent20_z"", ""recent50_z"", ""recent100_z"", ""ewma_z"", ""gap_z"", ""transition_z"", ""in_last_draw""], ""include_number"": true, ""retrain_interval"": 1, ""seed"": 20260728, ""shrink_strength"": 0.1}",audited-1.0.0-online-SGD-r1,FullFeatureLogistic
1220,107000051,2018-06-12,2 3 14 15 35 37,38 20 26 34 42 12,38 20 26 34 42 12 25 18 49 5,38 20 26 34 42 12 25 18 49 5 13 48,0,0,0,0.11316379278349055,0.4005531054490277,6.0,2007-01-02,2018-06-08,1220,"{""C_proxy"": 0.2, ""features"": [""long_z"", ""recent20_z"", ""recent50_z"", ""recent100_z"", ""ewma_z"", ""gap_z"", ""transition_z"", ""in_last_draw""], ""include_number"": true, ""retrain_interval"": 1, ""seed"": 20260728, ""shrink_strength"": 0.1}",audited-1.0.0-online-SGD-r1,FullFeatureLogistic
1221,107000052,2018-06-15,16 25 28 30 44 46,38 20 26 34 42 25,38 20 26 34 42 25 49 12 5 18,38 20 26 34 42 25 49 12 5 18 13 48,1,1,1,0.11147323851474567,0.3928783666273,6.0,2007-01-02,2018-06-12,1221,"{""C_proxy"": 0.2, ""features"": [""long_z"", ""recent20_z"", ""recent50_z"", ""recent100_z"", ""ewma_z"", ""gap_z"", ""transition_z"", ""in_last_draw""], ""include_number"": true, ""retrain_interval"": 1, ""seed"": 20260728, ""shrink_strength"": 0.1}",audited-1.0.0-online-SGD-r1,FullFeatureLogistic
1222,107000053,2018-06-19,8 9 28 34 37 42,38 20 26 34 42 12,38 20 26 34 42 12 49 5 48 13,38 20 26 34 42 12 49 5 48 13 10 18,2,2,2,0.1065338741912659,0.36700567688135877,6.0,2007-01-02,2018-06-15,1222,"{""C_proxy"": 0.2, ""features"": [""long_z"", ""recent20_z"", ""recent50_z"", ""recent100_z"", ""ewma_z"", ""gap_z"", ""transition_z"", ""in_last_draw""], ""include_number"": true, ""retrain_interval"": 1, ""seed"": 20260728, ""shrink_strength"": 0.1}",audited-1.0.0-online-SGD-r1,FullFeatureLogistic
1223,107000054,2018-06-22,6 7 11 25 26 30,38 20 26 49 12 5,38 20 26 49 12 5 34 10 13 48,38 20 26 49 12 5 34 10 13 48 18 43,1,1,1,0.10831327070683329,0.37916532873026043,6.0,2007-01-02,2018-06-19,1223,"{""C_proxy"": 0.2, ""features"": [""long_z"", ""recent20_z"", ""recent50_z"", ""recent100_z"", ""ewma_z"", ""gap_z"", ""transition_z"", ""in_last_draw""], ""include_number"": true, ""retrain_interval"": 1, ""seed"": 20260728, ""shrink_strength"": 0.1}",audited-1.0.0-online-SGD-r1,FullFeatureLogistic
1224,107000055,2018-06-26,5 9 11 23 37 44,38 20 34 49 5 12,38 20 34 49 5 12 13 10 42 26,38 20 34 49 5 12 13 10 42 26 48 18,1,1,1,0.11100965310804782,0.38940787100367846,5.999999999999999,2007-01-02,2018-06-22,1224,"{""C_proxy"": 0.2, ""features"": [""long_z"", ""recent20_z"", ""recent50_z"", ""recent100_z"", ""ewma_z"", ""gap_z"", ""transition_z"", ""in_last_draw""], ""include_number"": true, ""retrain_interval"": 1, ""seed"": 20260728, ""shrink_strength"": 0.1}",audited-1.0.0-online-SGD-r1,FullFeatureLogistic
1225,107000056,2018-06-29,4 13 27 30 37 41,38 20 26 34 49 12,38 20 26 34 49 12 13 10 48 18,38 20 26 34 49 12 13 10 48 18 42 43,0,1,1,0.11237731133982379,0.3975077797407425,6.0,2007-01-02,2018-06-26,1225,"{""C_proxy"": 0.2, ""features"": [""long_z"", ""recent20_z"", ""recent50_z"", ""recent100_z"", ""ewma_z"", ""gap_z"", ""transition_z"", ""in_last_draw""], ""include_number"": true, ""retrain_interval"": 1, ""seed"": 20260728, ""shrink_strength"": 0.1}",audited-1.0.0-online-SGD-r1,FullFeatureLogistic
1226,107000057,2018-07-03,9 11 20 31 34 44,38 20 26 34 49 12,38 20 26 34 49 12 5 42 10 48,38 20 26 34 49 12 5 42 10 48 43 25,2,2,2,0.10718065273362742,0.37266353096751964,6.000000000000002,2007-01-02,2018-06-29,1226,"{""C_proxy"": 0.2, ""features"": [""long_z"", ""recent20_z"", ""recent50_z"", ""recent100_z"", ""ewma_z"", ""gap_z"", ""transition_z"", ""in_last_draw""], ""include_number"": true, ""retrain_interval"": 1, ""seed"": 20260728, ""shrink_strength"": 0.1}",audited-1.0.0-online-SGD-r1,FullFeatureLogistic
1227,107000058,2018-07-06,2 3 21 28 32 47,38 26 49 20 5 10,38 26 49 20 5 10 12 42 48 43,38 26 49 20 5 10 12 42 48 43 34 25,0,0,0,0.11068996845871666,0.38554192886653993,6.000000000000002,2007-01-02,2018-07-03,1227,"{""C_proxy"": 0.2, ""features"": [""long_z"", ""recent20_z"", ""recent50_z"", ""recent100_z"", ""ewma_z"", ""gap_z"", ""transition_z"", ""in_last_draw""], ""include_number"": true, ""retrain_interval"": 1, ""seed"": 20260728, ""shrink_strength"": 0.1}",audited-1.0.0-online-SGD-r1,FullFeatureLogistic
1228,107000059,2018-07-10,9 11 21 24 39 43,38 20 49 26 34 5,38 20 49 26 34 5 10 42 12 25,38 20 49 26 34 5 10 42 12 25 48 43,0,0,1,0.10878187419665751,0.37737190867554554,6.000000000000001,2007-01-02,2018-07-06,1228,"{""C_proxy"": 0.2, ""features"": [""long_z"", ""recent20_z"", ""recent50_z"", ""recent100_z"", ""ewma_z"", ""gap_z"", ""transition_z"", ""in_last_draw""], ""include_number"": true, ""retrain_interval"": 1, ""seed"": 20260728, ""shrink_strength"": 0.1}",audited-1.0.0-online-SGD-r1,FullFeatureLogistic
1229,107000060,2018-07-13,2 14 21 31 42 46,38 20 26 49 5 34,38 20 26 49 5 34 25 42 10 12,38 20 26 49 5 34 25 42 10 12 48 13,0,1,1,0.11113024106537114,0.3888768498530332,6.000000000000001,2007-01-02,2018-07-10,1229,"{""C_proxy"": 0.2, ""features"": [""long_z"", ""recent20_z"", ""recent50_z"", ""recent100_z"", ""ewma_z"", ""gap_z"", ""transition_z"", ""in_last_draw""], ""include_number"": true, ""retrain_interval"": 1, ""seed"": 20260728, ""shrink_strength"": 0.1}",audited-1.0.0-online-SGD-r1,FullFeatureLogistic
1230,107000061,2018-07-17,11 20 26 34 41 43,38 20 26 49 34 5,38 20 26 49 34 5 25 12 10 13,38 20 26 49 34 5 25 12 10 13 48 7,3,3,3,0.10440765440326127,0.3598863185185062,6.0,2007-01-02,2018-07-13,1230,"{""C_proxy"": 0.2, ""features"": [""long_z"", ""recent20_z"", ""recent50_z"", ""recent100_z"", ""ewma_z"", ""gap_z"", ""transition_z"", ""in_last_draw""], ""include_number"": true, ""retrain_interval"": 1, ""seed"": 20260728, ""shrink_strength"": 0.1}",audited-1.0.0-online-SGD-r1,FullFeatureLogistic
1231,107000062,2018-07-20,9 12 13 24 39 45,38 49 25 20 5 12,38 49 25 20 5 12 7 48 26 10,38 49 25 20 5 12 7 48 26 10 13 42,1,1,2,0.10478876577161807,0.35734542196324554,5.999999999999999,2007-01-02,2018-07-17,1231,"{""C_proxy"": 0.2, ""features"": [""long_z"", ""recent20_z"", ""recent50_z"", ""recent100_z"", ""ewma_z"", ""gap_z"", ""transition_z"", ""in_last_draw""], ""include_number"": true, ""retrain_interval"": 1, ""seed"": 20260728, ""shrink_strength"": 0.1}",audited-1.0.0-online-SGD-r1,FullFeatureLogistic
1232,107000063,2018-07-24,24 25 29 32 42 49,38 20 49 26 25 5,38 20 49 26 25 5 34 48 42 7,38 20 49 26 25 5 34 48 42 7 10 18,2,3,3,0.10609774226045114,0.36621609818807627,6.000000000000002,2007-01-02,2018-07-20,1232,"{""C_proxy"": 0.2, ""features"": [""long_z"", ""recent20_z"", ""recent50_z"", ""recent100_z"", ""ewma_z"", ""gap_z"", ""transition_z"", ""in_last_draw""], ""include_number"": true, ""retrain_interval"": 1, ""seed"": 20260728, ""shrink_strength"": 0.1}",audited-1.0.0-online-SGD-r1,FullFeatureLogistic
1233,107000064,2018-07-27,5 12 17 19 35 48,38 20 26 5 34 49,38 20 26 5 34 49 48 7 12 25,38 20 26 5 34 49 48 7 12 25 18 10,1,3,3,0.10928536823730114,0.38343283190904015,6.0,2007-01-02,2018-07-24,1233,"{""C_proxy"": 0.2, ""features"": [""long_z"", ""recent20_z"", ""recent50_z"", ""recent100_z"", ""ewma_z"", ""gap_z"", ""transition_z"", ""in_last_draw""], ""include_number"": true, ""retrain_interval"": 1, ""seed"": 20260728, ""shrink_strength"": 0.1}",audited-1.0.0-online-SGD-r1,FullFeatureLogistic
1234,107000065,2018-07-31,15 20 22 31 35 37,38 20 49 26 34 25,38 20 49 26 34 25 7 5 18 10,38 20 49 26 34 25 7 5 18 10 42 13,1,1,1,0.1096299780395438,0.38478147893888043,5.999999999999999,2007-01-02,2018-07-27,1234,"{""C_proxy"": 0.2, ""features"": [""long_z"", ""recent20_z"", ""recent50_z"", ""recent100_z"", ""ewma_z"", ""gap_z"", ""transition_z"", ""in_last_draw""], ""include_number"": true, ""retrain_interval"": 1, ""seed"": 20260728, ""shrink_strength"": 0.1}",audited-1.0.0-online-SGD-r1,FullFeatureLogistic
1235,107000066,2018-08-03,4 6 30 35 40 43,38 26 49 34 25 20,38 26 49 34 25 20 5 7 48 42,38 26 49 34 25 20 5 7 48 42 10 13,0,0,0,0.11179076735774038,0.39710856171402864,5.999999999999999,2007-01-02,2018-07-31,1235,"{""C_proxy"": 0.2, ""features"": [""long_z"", ""recent20_z"", ""recent50_z"", ""recent100_z"", ""ewma_z"", ""gap_z"", ""transition_z"", ""in_last_draw""], ""include_number"": true, ""retrain_interval"": 1, ""seed"": 20260728, ""shrink_strength"": 0.1}",audited-1.0.0-online-SGD-r1,FullFeatureLogistic
1236,107000067,2018-08-07,12 13 19 25 30 46,38 20 26 49 34 25,38 20 26 49 34 25 7 48 5 42,38 20 26 49 34 25 7 48 5 42 10 13,1,1,2,0.10979692207164961,0.3861678847510127,6.0,2007-01-02,2018-08-03,1236,"{""C_proxy"": 0.2, ""features"": [""long_z"", ""recent20_z"", ""recent50_z"", ""recent100_z"", ""ewma_z"", ""gap_z"", ""transition_z"", ""in_last_draw""], ""include_number"": true, ""retrain_interval"": 1, ""seed"": 20260728, ""shrink_strength"": 0.1}",audited-1.0.0-online-SGD-r1,FullFeatureLogistic
1237,107000068,2018-08-10,5 7 16 18 36 48,38 26 20 49 34 7,38 26 20 49 34 7 42 48 5 10,38 26 20 49 34 7 42 48 5 10 18 25,1,3,4,0.10438363158697553,0.35590673204140705,5.999999999999999,2007-01-02,2018-08-07,1237,"{""C_proxy"": 0.2, ""features"": [""long_z"", ""recent20_z"", ""recent50_z"", ""recent100_z"", ""ewma_z"", ""gap_z"", ""transition_z"", ""in_last_draw""], ""include_number"": true, ""retrain_interval"": 1, ""seed"": 20260728, ""shrink_strength"": 0.1}",audited-1.0.0-online-SGD-r1,FullFeatureLogistic
1238,107000069,2018-08-14,15 16 17 25 34 49,38 20 26 49 34 25,38 20 26 49 34 25 42 10 18 43,38 20 26 49 34 25 42 10 18 43 12 9,3,3,3,0.10442088107168138,0.35827672380676795,6.000000000000001,2007-01-02,2018-08-10,1238,"{""C_proxy"": 0.2, ""features"": [""long_z"", ""recent20_z"", ""recent50_z"", ""recent100_z"", ""ewma_z"", ""gap_z"", ""transition_z"", ""in_last_draw""], ""include_number"": true, ""retrain_interval"": 1, ""seed"": 20260728, ""shrink_strength"": 0.1}",audited-1.0.0-online-SGD-r1,FullFeatureLogistic
1239,107000070,2018-08-17,3 14 19 21 35 48,38 20 26 18 34 42,38 20 26 18 34 42 10 48 5 49,38 20 26 18 34 42 10 48 5 49 7 43,0,1,1,0.11306093597285118,0.4008329026216112,5.999999999999999,2007-01-02,2018-08-14,1239,"{""C_proxy"": 0.2, ""features"": [""long_z"", ""recent20_z"", ""recent50_z"", ""recent100_z"", ""ewma_z"", ""gap_z"", ""transition_z"", ""in_last_draw""], ""include_number"": true, ""retrain_interval"": 1, ""seed"": 20260728, ""shrink_strength"": 0.1}",audited-1.0.0-online-SGD-r1,FullFeatureLogistic
1240,107000071,2018-08-21,8 12 17 28 31 34,38 20 26 34 49 42,38 20 26 34 49 42 18 25 10 5,38 20 26 34 49 42 18 25 10 5 43 9,1,1,1,0.10890378237573871,0.3780267531939432,6.0,2007-01-02,2018-08-17,1240,"{""C_proxy"": 0.2, ""features"": [""long_z"", ""recent20_z"", ""recent50_z"", ""recent100_z"", ""ewma_z"", ""gap_z"", ""transition_z"", ""in_last_draw""], ""include_number"": true, ""retrain_interval"": 1, ""seed"": 20260728, ""shrink_strength"": 0.1}",audited-1.0.0-online-SGD-r1,FullFeatureLogistic
1241,107000072,2018-08-24,3 7 9 31 39 45,38 20 26 49 42 25,38 20 26 49 42 25 10 5 18 34,38 20 26 49 42 25 10 5 18 34 43 9,0,0,1,0.1069493381785101,0.36732423226186384,6.0,2007-01-02,2018-08-21,1241,"{""C_proxy"": 0.2, ""features"": [""long_z"", ""recent20_z"", ""recent50_z"", ""recent100_z"", ""ewma_z"", ""gap_z"", ""transition_z"", ""in_last_draw""], ""include_number"": true, ""retrain_interval"": 1, ""seed"": 20260728, ""shrink_strength"": 0.1}",audited-1.0.0-online-SGD-r1,FullFeatureLogistic
1242,107000073,2018-08-28,8 10 11 39 42 44,38 20 26 49 42 34,38 20 26 49 42 34 25 5 10 18,38 20 26 49 42 34 25 5 10 18 43 13,1,2,2,0.10918670966486631,0.37978417241823376,6.000000000000001,2007-01-02,2018-08-24,1242,"{""C_proxy"": 0.2, ""features"": [""long_z"", ""recent20_z"", ""recent50_z"", ""recent100_z"", ""ewma_z"", ""gap_z"", ""transition_z"", ""in_last_draw""], ""include_number"": true, ""retrain_interval"": 1, ""seed"": 20260728, ""shrink_strength"": 0.1}",audited-1.0.0-online-SGD-r1,FullFeatureLogistic
1243,107000074,2018-08-31,12 15 34 37 43 46,38 20 26 49 34 25,38 20 26 49 34 25 5 43 18 13,38 20 26 49 34 25 5 43 18 13 42 9,1,2,2,0.10742227081400656,0.3704890174687247,6.000000000000001,2007-01-02,2018-08-28,1243,"{""C_proxy"": 0.2, ""features"": [""long_z"", ""recent20_z"", ""recent50_z"", ""recent100_z"", ""ewma_z"", ""gap_z"", ""transition_z"", ""in_last_draw""], ""include_number"": true, ""retrain_interval"": 1, ""seed"": 20260728, ""shrink_strength"": 0.1}",audited-1.0.0-online-SGD-r1,FullFeatureLogistic
1244,107000075,2018-09-04,4 6 10 15 42 49,38 20 26 49 25 5,38 20 26 49 25 5 42 10 13 9,38 20 26 49 25 5 42 10 13 9 34 48,1,3,3,0.10439487146679366,0.355969110702287,6.000000000000001,2007-01-02,2018-08-31,1244,"{""C_proxy"": 0.2, ""features"": [""long_z"", ""recent20_z"", ""recent50_z"", ""recent100_z"", ""ewma_z"", ""gap_z"", ""transition_z"", ""in_last_draw""], ""include_number"": true, ""retrain_interval"": 1, ""seed"": 20260728, ""shrink_strength"": 0.1}",audited-1.0.0-online-SGD-r1,FullFeatureLogistic
1245,107000076,2018-09-07,2 8 14 21 37 44,38 20 26 25 5 34,38 20 26 25 5 34 13 9 48 49,38 20 26 25 5 34 13 9 48 49 2 43,0,0,1,0.11275236334034755,0.39659644051794946,6.000000000000001,2007-01-02,2018-09-04,1245,"{""C_proxy"": 0.2, ""features"": [""long_z"", ""recent20_z"", ""recent50_z"", ""recent100_z"", ""ewma_z"", ""gap_z"", ""transition_z"", ""in_last_draw""], ""include_number"": true, ""retrain_interval"": 1, ""seed"": 20260728, ""shrink_strength"": 0.1}",audited-1.0.0-online-SGD-r1,FullFeatureLogistic
1246,107000077,2018-09-11,14 16 18 23 25 44,38 20 26 25 49 34,38 20 26 25 49 34 5 9 13 48,38 20 26 25 49 34 5 9 13 48 42 43,1,1,1,0.11014970089481987,0.38549240459837586,6.000000000000002,2007-01-02,2018-09-07,1246,"{""C_proxy"": 0.2, ""features"": [""long_z"", ""recent20_z"", ""recent50_z"", ""recent100_z"", ""ewma_z"", ""gap_z"", ""transition_z"", ""in_last_draw""], ""include_number"": true, ""retrain_interval"": 1, ""seed"": 20260728, ""shrink_strength"": 0.1}",audited-1.0.0-online-SGD-r1,FullFeatureLogistic
1247,107000078,2018-09-14,19 29 36 37 45 46,38 20 26 49 34 5,38 20 26 49 34 5 48 13 42 9,38 20 26 49 34 5 48 13 42 9 43 7,0,0,0,0.11288334150447843,0.39590980776338214,6.000000000000001,2007-01-02,2018-09-11,1247,"{""C_proxy"": 0.2, ""features"": [""long_z"", ""recent20_z"", ""recent50_z"", ""recent100_z"", ""ewma_z"", ""gap_z"", ""transition_z"", ""in_last_draw""], ""include_number"": true, ""retrain_interval"": 1, ""seed"": 20260728, ""shrink_strength"": 0.1}",audited-1.0.0-online-SGD-r1,FullFeatureLogistic
1248,107000079,2018-09-18,11 23 34 36 41 45,38 20 26 49 25 34,38 20 26 49 25 34 5 42 48 13,38 20 26 49 25 34 5 42 48 13 9 7,1,1,1,0.11107787915782098,0.38772731551752726,6.0,2007-01-02,2018-09-14,1248,"{""C_proxy"": 0.2, ""features"": [""long_z"", ""recent20_z"", ""recent50_z"", ""recent100_z"", ""ewma_z"", ""gap_z"", ""transition_z"", ""in_last_draw""], ""include_number"": true, ""retrain_interval"": 1, ""seed"": 20260728, ""shrink_strength"": 0.1}",audited-1.0.0-online-SGD-r1,FullFeatureLogistic
1249,107000080,2018-09-21,3 5 10 11 29 45,38 20 26 49 25 5,38 20 26 49 25 5 42 48 9 13,38 20 26 49 25 5 42 48 9 13 7 43,1,1,1,0.109779306759367,0.38257841467082687,6.000000000000002,2007-01-02,2018-09-18,1249,"{""C_proxy"": 0.2, ""features"": [""long_z"", ""recent20_z"", ""recent50_z"", ""recent100_z"", ""ewma_z"", ""gap_z"", ""transition_z"", ""in_last_draw""], ""include_number"": true, ""retrain_interval"": 1, ""seed"": 20260728, ""shrink_strength"": 0.1}",audited-1.0.0-online-SGD-r1,FullFeatureLogistic
1250,107000081,2018-09-25,19 25 27 39 40 46,38 20 26 49 25 48,38 20 26 49 25 48 34 9 42 7,38 20 26 49 25 48 34 9 42 7 43 13,1,1,1,0.10916761604668057,0.3790552516895696,6.000000000000001,2007-01-02,2018-09-21,1250,"{""C_proxy"": 0.2, ""features"": [""long_z"", ""recent20_z"", ""recent50_z"", ""recent100_z"", ""ewma_z"", ""gap_z"", ""transition_z"", ""in_last_draw""], ""include_number"": true, ""retrain_interval"": 1, ""seed"": 20260728, ""shrink_strength"": 0.1}",audited-1.0.0-online-SGD-r1,FullFeatureLogistic
1251,107000082,2018-09-28,1 2 7 20 27 37,38 20 26 49 48 9,38 20 26 49 48 9 42 34 7 13,38 20 26 49 48 9 42 34 7 13 43 25,1,2,2,0.10547208583725305,0.36300966084412634,6.0,2007-01-02,2018-09-25,1251,"{""C_proxy"": 0.2, ""features"": [""long_z"", ""recent20_z"", ""recent50_z"", ""recent100_z"", ""ewma_z"", ""gap_z"", ""transition_z"", ""in_last_draw""], ""include_number"": true, ""retrain_interval"": 1, ""seed"": 20260728, ""shrink_strength"": 0.1}",audited-1.0.0-online-SGD-r1,FullFeatureLogistic
1252,107000083,2018-10-02,2 8 16 33 42 47,38 26 20 49 48 42,38 26 20 49 48 42 25 9 34 43,38 26 20 49 48 42 25 9 34 43 13 5,1,1,1,0.10786234753274755,0.37122889557185873,6.000000000000001,2007-01-02,2018-09-28,1252,"{""C_proxy"": 0.2, ""features"": [""long_z"", ""recent20_z"", ""recent50_z"", ""recent100_z"", ""ewma_z"", ""gap_z"", ""transition_z"", ""in_last_draw""], ""include_number"": true, ""retrain_interval"": 1, ""seed"": 20260728, ""shrink_strength"": 0.1}",audited-1.0.0-online-SGD-r1,FullFeatureLogistic
1253,107000084,2018-10-05,3 9 10 42 44 47,38 20 26 49 48 9,38 20 26 49 48 9 25 34 43 13,38 20 26 49 48 9 25 34 43 13 5 12,1,1,1,0.10763932009744122,0.37122919326062953,6.0,2007-01-02,2018-10-02,1253,"{""C_proxy"": 0.2, ""features"": [""long_z"", ""recent20_z"", ""recent50_z"", ""recent100_z"", ""ewma_z"", ""gap_z"", ""transition_z"", ""in_last_draw""], ""include_number"": true, ""retrain_interval"": 1, ""seed"": 20260728, ""shrink_strength"": 0.1}",audited-1.0.0-online-SGD-r1,FullFeatureLogistic
1254,107000085,2018-10-09,8 13 16 23 35 41,38 26 20 49 48 34,38 26 20 49 48 34 25 13 5 43,38 26 20 49 48 34 25 13 5 43 12 9,0,1,1,0.1112813398445235,0.38983369310542004,6.000000000000001,2007-01-02,2018-10-05,1254,"{""C_proxy"": 0.2, ""features"": [""long_z"", ""recent20_z"", ""recent50_z"", ""recent100_z"", ""ewma_z"", ""gap_z"", ""transition_z"", ""in_last_draw""], ""include_number"": true, ""retrain_interval"": 1, ""seed"": 20260728, ""shrink_strength"": 0.1}",audited-1.0.0-online-SGD-r1,FullFeatureLogistic
1255,107000086,2018-10-12,4 6 7 12 20 21,26 20 38 49 34 25,26 20 38 49 34 25 48 9 43 5,26 20 38 49 34 25 48 9 43 5 12 42,1,1,2,0.10419031351136152,0.35540334325154344,6.0,2007-01-02,2018-10-09,1255,"{""C_proxy"": 0.2, ""features"": [""long_z"", ""recent20_z"", ""recent50_z"", ""recent100_z"", ""ewma_z"", ""gap_z"", ""transition_z"", ""in_last_draw""], ""include_number"": true, ""retrain_interval"": 1, ""seed"": 20260728, ""shrink_strength"": 0.1}",audited-1.0.0-online-SGD-r1,FullFeatureLogistic
1256,107000087,2018-10-16,1 24 39 40 46 49,38 26 49 20 34 25,38 26 49 20 34 25 48 9 43 5,38 26 49 20 34 25 48 9 43 5 13 42,1,1,1,0.10545680306571069,0.3618961896808946,6.0,2007-01-02,2018-10-12,1256,"{""C_proxy"": 0.2, ""features"": [""long_z"", ""recent20_z"", ""recent50_z"", ""recent100_z"", ""ewma_z"", ""gap_z"", ""transition_z"", ""in_last_draw""], ""include_number"": true, ""retrain_interval"": 1, ""seed"": 20260728, ""shrink_strength"": 0.1}",audited-1.0.0-online-SGD-r1,FullFeatureLogistic
1257,107000088,2018-10-19,7 18 20 32 42 49,38 26 20 34 48 25,38 26 20 34 48 25 9 49 43 13,38 26 20 34 48 25 9 49 43 13 5 42,1,2,3,0.10376348900920901,0.35503629177609264,6.0,2007-01-02,2018-10-16,1257,"{""C_proxy"": 0.2, ""features"": [""long_z"", ""recent20_z"", ""recent50_z"", ""recent100_z"", ""ewma_z"", ""gap_z"", ""transition_z"", ""in_last_draw""], ""include_number"": true, ""retrain_interval"": 1, ""seed"": 20260728, ""shrink_strength"": 0.1}",audited-1.0.0-online-SGD-r1,FullFeatureLogistic
1258,107000089,2018-10-23,6 9 13 20 42 43,38 26 34 25 48 9,38 26 34 25 48 9 43 20 13 5,38 26 34 25 48 9 43 20 13 5 49 12,1,4,4,0.10240064778563784,0.34744367172887947,6.000000000000002,2007-01-02,2018-10-19,1258,"{""C_proxy"": 0.2, ""features"": [""long_z"", ""recent20_z"", ""recent50_z"", ""recent100_z"", ""ewma_z"", ""gap_z"", ""transition_z"", ""in_last_draw""], ""include_number"": true, ""retrain_interval"": 1, ""seed"": 20260728, ""shrink_strength"": 0.1}",audited-1.0.0-online-SGD-r1,FullFeatureLogistic
1259,107000090,2018-10-26,8 10 23 33 41 46,38 26 34 48 25 49,38 26 34 48 25 49 5 20 12 10,38 26 34 48 25 49 5 20 12 10 9 2,0,1,1,0.11123724453163988,0.3889555981294752,6.0,2007-01-02,2018-10-23,1259,"{""C_proxy"": 0.2, ""features"": [""long_z"", ""recent20_z"", ""recent50_z"", ""recent100_z"", ""ewma_z"", ""gap_z"", ""transition_z"", ""in_last_draw""], ""include_number"": true, ""retrain_interval"": 1, ""seed"": 20260728, ""shrink_strength"": 0.1}",audited-1.0.0-online-SGD-r1,FullFeatureLogistic
1260,107000091,2018-10-30,3 9 28 32 39 47,38 26 34 20 49 25,38 26 34 20 49 25 48 9 5 12,38 26 34 20 49 25 48 9 5 12 43 13,0,1,1,0.1088908929811037,0.3767476592986625,6.000000000000001,2007-01-02,2018-10-26,1260,"{""C_proxy"": 0.2, ""features"": [""long_z"", ""recent20_z"", ""recent50_z"", ""recent100_z"", ""ewma_z"", ""gap_z"", ""transition_z"", ""in_last_draw""], ""include_number"": true, ""retrain_interval"": 1, ""seed"": 20260728, ""shrink_strength"": 0.1}",audited-1.0.0-online-SGD-r1,FullFeatureLogistic
1261,107000092,2018-11-02,5 16 18 32 41 47,38 26 20 34 49 25,38 26 20 34 49 25 48 5 43 12,38 26 20 34 49 25 48 5 43 12 13 42,0,1,1,0.10918796664468561,0.3790934245625442,6.000000000000001,2007-01-02,2018-10-30,1261,"{""C_proxy"": 0.2, ""features"": [""long_z"", ""recent20_z"", ""recent50_z"", ""recent100_z"", ""ewma_z"", ""gap_z"", ""transition_z"", ""in_last_draw""], ""include_number"": true, ""retrain_interval"": 1, ""seed"": 20260728, ""shrink_strength"": 0.1}",audited-1.0.0-online-SGD-r1,FullFeatureLogistic
1262,107000093,2018-11-06,2 5 26 29 38 39,38 26 20 34 49 25,38 26 20 34 49 25 48 43 12 13,38 26 20 34 49 25 48 43 12 13 42 9,2,2,2,0.1017193041196434,0.34629033421173383,6.000000000000001,2007-01-02,2018-11-02,1262,"{""C_proxy"": 0.2, ""features"": [""long_z"", ""recent20_z"", ""recent50_z"", ""recent100_z"", ""ewma_z"", ""gap_z"", ""transition_z"", ""in_last_draw""], ""include_number"": true, ""retrain_interval"": 1, ""seed"": 20260728, ""shrink_strength"": 0.1}",audited-1.0.0-online-SGD-r1,FullFeatureLogistic
1263,107000094,2018-11-09,4 12 14 15 22 48,38 26 20 34 49 25,38 26 20 34 49 25 48 12 42 43,38 26 20 34 49 25 48 12 42 43 13 9,0,2,2,0.10749096649087544,0.37120721040035565,5.999999999999999,2007-01-02,2018-11-06,1263,"{""C_proxy"": 0.2, ""features"": [""long_z"", ""recent20_z"", ""recent50_z"", ""recent100_z"", ""ewma_z"", ""gap_z"", ""transition_z"", ""in_last_draw""], ""include_number"": true, ""retrain_interval"": 1, ""seed"": 20260728, ""shrink_strength"": 0.1}",audited-1.0.0-online-SGD-r1,FullFeatureLogistic
1264,107000095,2018-11-13,7 21 35 36 42 43,38 26 20 34 49 25,38 26 20 34 49 25 13 43 9 42,38 26 20 34 49 25 13 43 9 42 48 7,0,2,3,0.1086790154882072,0.3777304129587714,5.999999999999999,2007-01-02,2018-11-09,1264,"{""C_proxy"": 0.2, ""features"": [""long_z"", ""recent20_z"", ""recent50_z"", ""recent100_z"", ""ewma_z"", ""gap_z"", ""transition_z"", ""in_last_draw""], ""include_number"": true, ""retrain_interval"": 1, ""seed"": 20260728, ""shrink_strength"": 0.1}",audited-1.0.0-online-SGD-r1,FullFeatureLogistic
1265,107000096,2018-11-16,7 11 23 30 38 49,38 26 20 34 25 49,38 26 20 34 25 49 48 9 13 12,38 26 20 34 25 49 48 9 13 12 24 2,2,2,2,0.10813966945383581,0.37951781965157255,6.0,2007-01-02,2018-11-13,1265,"{""C_proxy"": 0.2, ""features"": [""long_z"", ""recent20_z"", ""recent50_z"", ""recent100_z"", ""ewma_z"", ""gap_z"", ""transition_z"", ""in_last_draw""], ""include_number"": true, ""retrain_interval"": 1, ""seed"": 20260728, ""shrink_strength"": 0.1}",audited-1.0.0-online-SGD-r1,FullFeatureLogistic
1266,107000097,2018-11-20,4 31 34 36 40 44,26 20 38 34 25 48,26 20 38 34 25 48 9 13 49 12,26 20 38 34 25 48 9 13 49 12 43 18,1,1,1,0.10812449997071709,0.37361120692685074,6.000000000000001,2007-01-02,2018-11-16,1266,"{""C_proxy"": 0.2, ""features"": [""long_z"", ""recent20_z"", ""recent50_z"", ""recent100_z"", ""ewma_z"", ""gap_z"", ""transition_z"", ""in_last_draw""], ""include_number"": true, ""retrain_interval"": 1, ""seed"": 20260728, ""shrink_strength"": 0.1}",audited-1.0.0-online-SGD-r1,FullFeatureLogistic
1267,107000098,2018-11-23,7 20 21 34 37 43,26 38 20 25 34 49,26 38 20 25 34 49 48 9 13 12,26 38 20 25 34 49 48 9 13 12 43 2,2,2,3,0.10450842803363657,0.3578377608494939,5.999999999999999,2007-01-02,2018-11-20,1267,"{""C_proxy"": 0.2, ""features"": [""long_z"", ""recent20_z"", ""recent50_z"", ""recent100_z"", ""ewma_z"", ""gap_z"", ""transition_z"", ""in_last_draw""], ""include_number"": true, ""retrain_interval"": 1, ""seed"": 20260728, ""shrink_strength"": 0.1}",audited-1.0.0-online-SGD-r1,FullFeatureLogistic
1268,107000099,2018-11-27,27 33 36 41 43 44,26 38 25 49 20 9,26 38 25 49 20 9 48 13 34 12,26 38 25 49 20 9 48 13 34 12 2 42,0,0,0,0.11172266119616006,0.3897764251833924,5.999999999999999,2007-01-02,2018-11-23,1268,"{""C_proxy"": 0.2, ""features"": [""long_z"", ""recent20_z"", ""recent50_z"", ""recent100_z"", ""ewma_z"", ""gap_z"", ""transition_z"", ""in_last_draw""], ""include_number"": true, ""retrain_interval"": 1, ""seed"": 20260728, ""shrink_strength"": 0.1}",audited-1.0.0-online-SGD-r1,FullFeatureLogistic
1269,107000100,2018-11-30,5 14 20 27 29 45,26 38 20 25 49 9,26 38 20 25 49 9 34 48 13 42,26 38 20 25 49 9 34 48 13 42 12 2,1,1,1,0.10849613423048665,0.3769386095979722,6.0,2007-01-02,2018-11-27,1269,"{""C_proxy"": 0.2, ""features"": [""long_z"", ""recent20_z"", ""recent50_z"", ""recent100_z"", ""ewma_z"", ""gap_z"", ""transition_z"", ""in_last_draw""], ""include_number"": true, ""retrain_interval"": 1, ""seed"": 20260728, ""shrink_strength"": 0.1}",audited-1.0.0-online-SGD-r1,FullFeatureLogistic
1270,107000101,2018-12-04,3 6 12 16 17 20,26 38 25 49 34 9,26 38 25 49 34 9 48 13 42 20,26 38 25 49 34 9 48 13 42 20 12 2,0,1,2,0.10796751965127935,0.372946499759305,6.000000000000002,2007-01-02,2018-11-30,1270,"{""C_proxy"": 0.2, ""features"": [""long_z"", ""recent20_z"", ""recent50_z"", ""recent100_z"", ""ewma_z"", ""gap_z"", ""transition_z"", ""in_last_draw""], ""include_number"": true, ""retrain_interval"": 1, ""seed"": 20260728, ""shrink_strength"": 0.1}",audited-1.0.0-online-SGD-r1,FullFeatureLogistic
1271,107000102,2018-12-07,11 20 29 33 34 36,38 26 49 34 25 9,38 26 49 34 25 9 48 13 42 10,38 26 49 34 25 9 48 13 42 10 2 20,1,1,2,0.10950254254042636,0.38108140872838586,6.000000000000001,2007-01-02,2018-12-04,1271,"{""C_proxy"": 0.2, ""features"": [""long_z"", ""recent20_z"", ""recent50_z"", ""recent100_z"", ""ewma_z"", ""gap_z"", ""transition_z"", ""in_last_draw""], ""include_number"": true, ""retrain_interval"": 1, ""seed"": 20260728, ""shrink_strength"": 0.1}",audited-1.0.0-online-SGD-r1,FullFeatureLogistic
1272,107000103,2018-12-11,7 12 15 21 27 47,38 26 49 9 25 48,38 26 49 9 25 48 42 34 13 10,38 26 49 9 25 48 42 34 13 10 5 12,0,0,1,0.10817484317877882,0.3725403137874532,6.0,2007-01-02,2018-12-07,1272,"{""C_proxy"": 0.2, ""features"": [""long_z"", ""recent20_z"", ""recent50_z"", ""recent100_z"", ""ewma_z"", ""gap_z"", ""transition_z"", ""in_last_draw""], ""include_number"": true, ""retrain_interval"": 1, ""seed"": 20260728, ""shrink_strength"": 0.1}",audited-1.0.0-online-SGD-r1,FullFeatureLogistic
1273,107000104,2018-12-14,6 9 14 19 38 49,38 26 49 25 9 34,38 26 49 25 9 34 48 20 42 13,38 26 49 25 9 34 48 20 42 13 5 43,3,3,3,0.10478046824264886,0.36302598791475066,6.0,2007-01-02,2018-12-11,1273,"{""C_proxy"": 0.2, ""features"": [""long_z"", ""recent20_z"", ""recent50_z"", ""recent100_z"", ""ewma_z"", ""gap_z"", ""transition_z"", ""in_last_draw""], ""include_number"": true, ""retrain_interval"": 1, ""seed"": 20260728, ""shrink_strength"": 0.1}",audited-1.0.0-online-SGD-r1,FullFeatureLogistic
1274,107000105,2018-12-18,5 8 11 15 33 37,26 38 34 25 48 20,26 38 34 25 48 20 42 49 9 13,26 38 34 25 48 20 42 49 9 13 5 43,0,0,1,0.11142714733620133,0.38974259122590926,6.000000000000001,2007-01-02,2018-12-14,1274,"{""C_proxy"": 0.2, ""features"": [""long_z"", ""recent20_z"", ""recent50_z"", ""recent100_z"", ""ewma_z"", ""gap_z"", ""transition_z"", ""in_last_draw""], ""include_number"": true, ""retrain_interval"": 1, ""seed"": 20260728, ""shrink_strength"": 0.1}",audited-1.0.0-online-SGD-r1,FullFeatureLogistic
1275,107000106,2018-12-21,5 19 21 34 41 49,38 26 49 34 25 20,38 26 49 34 25 20 48 9 42 13,38 26 49 34 25 20 48 9 42 13 43 10,2,2,2,0.1062802439596986,0.3656435685298656,5.999999999999999,2007-01-02,2018-12-18,1275,"{""C_proxy"": 0.2, ""features"": [""long_z"", ""recent20_z"", ""recent50_z"", ""recent100_z"", ""ewma_z"", ""gap_z"", ""transition_z"", ""in_last_draw""], ""include_number"": true, ""retrain_interval"": 1, ""seed"": 20260728, ""shrink_strength"": 0.1}",audited-1.0.0-online-SGD-r1,FullFeatureLogistic
1276,107000107,2018-12-25,7 26 27 28 30 32,38 26 20 25 9 42,38 26 20 25 9 42 48 34 49 13,38 26 20 25 9 42 48 34 49 13 43 10,1,1,1,0.11020119090404001,0.38770992245645275,6.000000000000002,2007-01-02,2018-12-21,1276,"{""C_proxy"": 0.2, ""features"": [""long_z"", ""recent20_z"", ""recent50_z"", ""recent100_z"", ""ewma_z"", ""gap_z"", ""transition_z"", ""in_last_draw""], ""include_number"": true, ""retrain_interval"": 1, ""seed"": 20260728, ""shrink_strength"": 0.1}",audited-1.0.0-online-SGD-r1,FullFeatureLogistic
1277,107000108,2018-12-28,7 11 19 23 35 44,38 20 25 49 42 26,38 20 25 49 42 26 48 9 34 43,38 20 25 49 42 26 48 9 34 43 13 10,0,0,0,0.11522492423200308,0.41002093913465204,6.000000000000002,2007-01-02,2018-12-25,1277,"{""C_proxy"": 0.2, ""features"": [""long_z"", ""recent20_z"", ""recent50_z"", ""recent100_z"", ""ewma_z"", ""gap_z"", ""transition_z"", ""in_last_draw""], ""include_number"": true, ""retrain_interval"": 1, ""seed"": 20260728, ""shrink_strength"": 0.1}",audited-1.0.0-online-SGD-r1,FullFeatureLogistic
1278,108000001,2019-01-01,18 23 24 25 39 42,38 26 20 49 25 42,38 26 20 49 25 42 9 48 34 13,38 26 20 49 25 42 9 48 34 13 43 10,2,2,2,0.10426429187908348,0.35598224601997025,6.0,2007-01-02,2018-12-28,1278,"{""C_proxy"": 0.2, ""features"": [""long_z"", ""recent20_z"", ""recent50_z"", ""recent100_z"", ""ewma_z"", ""gap_z"", ""transition_z"", ""in_last_draw""], ""include_number"": true, ""retrain_interval"": 1, ""seed"": 20260728, ""shrink_strength"": 0.1}",audited-1.0.0-online-SGD-r1,FullFeatureLogistic
1279,108000002,2019-01-04,6 7 8 20 47 48,38 26 20 49 25 48,38 26 20 49 25 48 9 34 42 13,38 26 20 49 25 48 9 34 42 13 43 10,2,2,2,0.10595692945203372,0.36386475211304237,6.000000000000001,2007-01-02,2019-01-01,1279,"{""C_proxy"": 0.2, ""features"": [""long_z"", ""recent20_z"", ""recent50_z"", ""recent100_z"", ""ewma_z"", ""gap_z"", ""transition_z"", ""in_last_draw""], ""include_number"": true, ""retrain_interval"": 1, ""seed"": 20260728, ""shrink_strength"": 0.1}",audited-1.0.0-online-SGD-r1,FullFeatureLogistic
1280,108000003,2019-01-08,4 19 21 28 39 43,38 26 25 49 9 34,38 26 25 49 9 34 42 20 48 13,38 26 25 49 9 34 42 20 48 13 43 12,0,0,1,0.10887060483644567,0.37625433515834006,6.0,2007-01-02,2019-01-04,1280,"{""C_proxy"": 0.2, ""features"": [""long_z"", ""recent20_z"", ""recent50_z"", ""recent100_z"", ""ewma_z"", ""gap_z"", ""transition_z"", ""in_last_draw""], ""include_number"": true, ""retrain_interval"": 1, ""seed"": 20260728, ""shrink_strength"": 0.1}",audited-1.0.0-online-SGD-r1,FullFeatureLogistic
1281,108000004,2019-01-11,13 20 22 31 34 42,38 26 25 49 20 42,38 26 25 49 20 42 9 34 48 13,38 26 25 49 20 42 9 34 48 13 12 5,2,4,4,0.10272810111434325,0.34943092357806266,6.000000000000002,2007-01-02,2019-01-08,1281,"{""C_proxy"": 0.2, ""features"": [""long_z"", ""recent20_z"", ""recent50_z"", ""recent100_z"", ""ewma_z"", ""gap_z"", ""transition_z"", ""in_last_draw""], ""include_number"": true, ""retrain_interval"": 1, ""seed"": 20260728, ""shrink_strength"": 0.1}",audited-1.0.0-online-SGD-r1,FullFeatureLogistic
1282,108000005,2019-01-15,12 20 30 38 40 41,38 26 25 49 48 9,38 26 25 49 48 9 34 42 20 5,38 26 25 49 48 9 34 42 20 5 18 13,1,2,2,0.10556723543715185,0.3662476396533103,6.000000000000002,2007-01-02,2019-01-11,1282,"{""C_proxy"": 0.2, ""features"": [""long_z"", ""recent20_z"", ""recent50_z"", ""recent100_z"", ""ewma_z"", ""gap_z"", ""transition_z"", ""in_last_draw""], ""include_number"": true, ""retrain_interval"": 1, ""seed"": 20260728, ""shrink_strength"": 0.1}",audited-1.0.0-online-SGD-r1,FullFeatureLogistic
1283,108000006,2019-01-18,4 5 10 30 39 45,38 49 25 26 48 9,38 49 25 26 48 9 34 42 13 18,38 49 25 26 48 9 34 42 13 18 5 43,0,0,1,0.10877035944780607,0.3790861758427576,6.000000000000001,2007-01-02,2019-01-15,1283,"{""C_proxy"": 0.2, ""features"": [""long_z"", ""recent20_z"", ""recent50_z"", ""recent100_z"", ""ewma_z"", ""gap_z"", ""transition_z"", ""in_last_draw""], ""include_number"": true, ""retrain_interval"": 1, ""seed"": 20260728, ""shrink_strength"": 0.1}",audited-1.0.0-online-SGD-r1,FullFeatureLogistic
1284,108000007,2019-01-22,2 20 36 37 42 46,38 49 25 26 9 34,38 49 25 26 9 34 48 42 20 13,38 49 25 26 9 34 48 42 20 13 18 40,0,2,2,0.10843163778418545,0.375745111380881,6.0,2007-01-02,2019-01-18,1284,"{""C_proxy"": 0.2, ""features"": [""long_z"", ""recent20_z"", ""recent50_z"", ""recent100_z"", ""ewma_z"", ""gap_z"", ""transition_z"", ""in_last_draw""], ""include_number"": true, ""retrain_interval"": 1, ""seed"": 20260728, ""shrink_strength"": 0.1}",audited-1.0.0-online-SGD-r1,FullFeatureLogistic
1285,108000008,2019-01-25,3 10 14 15 20 45,38 49 25 26 9 34,38 49 25 26 9 34 48 13 18 42,38 49 25 26 9 34 48 13 18 42 40 43,0,0,0,0.10853825769916031,0.3754936906275866,6.0,2007-01-02,2019-01-22,1285,"{""C_proxy"": 0.2, ""features"": [""long_z"", ""recent20_z"", ""recent50_z"", ""recent100_z"", ""ewma_z"", ""gap_z"", ""transition_z"", ""in_last_draw""], ""include_number"": true, ""retrain_interval"": 1, ""seed"": 20260728, ""shrink_strength"": 0.1}",audited-1.0.0-online-SGD-r1,FullFeatureLogistic
1286,108000009,2019-01-29,14 20 24 30 44 48,38 49 25 26 34 9,38 49 25 26 34 9 48 13 42 18,38 49 25 26 34 9 48 13 42 18 43 40,0,1,1,0.11169193366307822,0.395170019816042,6.0,2007-01-02,2019-01-25,1286,"{""C_proxy"": 0.2, ""features"": [""long_z"", ""recent20_z"", ""recent50_z"", ""recent100_z"", ""ewma_z"", ""gap_z"", ""transition_z"", ""in_last_draw""], ""include_number"": true, ""retrain_interval"": 1, ""seed"": 20260728, ""shrink_strength"": 0.1}",audited-1.0.0-online-SGD-r1,FullFeatureLogistic
1287,108000010,2019-02-01,10 17 20 21 32 41,38 49 26 25 9 34,38 49 26 25 9 34 42 13 18 48,38 49 26 25 9 34 42 13 18 48 43 5,0,0,0,0.11180328198973051,0.3913120530131192,5.999999999999999,2007-01-02,2019-01-29,1287,"{""C_proxy"": 0.2, ""features"": [""long_z"", ""recent20_z"", ""recent50_z"", ""recent100_z"", ""ewma_z"", ""gap_z"", ""transition_z"", ""in_last_draw""], ""include_number"": true, ""retrain_interval"": 1, ""seed"": 20260728, ""shrink_strength"": 0.1}",audited-1.0.0-online-SGD-r1,FullFeatureLogistic
1288,108000011,2019-02-02,2 7 22 35 46 49,38 49 26 25 34 9,38 49 26 25 34 9 42 48 13 18,38 49 26 25 34 9 42 48 13 18 43 5,1,1,1,0.10897252890096544,0.3800397748228517,6.000000000000002,2007-01-02,2019-02-01,1288,"{""C_proxy"": 0.2, ""features"": [""long_z"", ""recent20_z"", ""recent50_z"", ""recent100_z"", ""ewma_z"", ""gap_z"", ""transition_z"", ""in_last_draw""], ""include_number"": true, ""retrain_interval"": 1, ""seed"": 20260728, ""shrink_strength"": 0.1}",audited-1.0.0-online-SGD-r1,FullFeatureLogistic
1289,108000012,2019-02-03,12 24 28 36 37 40,38 26 25 9 49 42,38 26 25 9 49 42 34 48 13 18,38 26 25 9 49 42 34 48 13 18 43 5,0,0,0,0.10891708752636288,0.37641466357273107,6.000000000000001,2007-01-02,2019-02-02,1289,"{""C_proxy"": 0.2, ""features"": [""long_z"", ""recent20_z"", ""recent50_z"", ""recent100_z"", ""ewma_z"", ""gap_z"", ""transition_z"", ""in_last_draw""], ""include_number"": true, ""retrain_interval"": 1, ""seed"": 20260728, ""shrink_strength"": 0.1}",audited-1.0.0-online-SGD-r1,FullFeatureLogistic
1290,108000013,2019-02-04,6 8 24 32 34 36,38 26 49 25 9 42,38 26 49 25 9 42 34 13 48 43,38 26 49 25 9 42 34 13 48 43 5 20,0,1,1,0.11047612761198747,0.38563797140088896,6.0,2007-01-02,2019-02-03,1290,"{""C_proxy"": 0.2, ""features"": [""long_z"", ""recent20_z"", ""recent50_z"", ""recent100_z"", ""ewma_z"", ""gap_z"", ""transition_z"", ""in_last_draw""], ""include_number"": true, ""retrain_interval"": 1, ""seed"": 20260728, ""shrink_strength"": 0.1}",audited-1.0.0-online-SGD-r1,FullFeatureLogistic
1291,108000014,2019-02-05,13 18 30 34 45 49,38 26 49 25 9 42,38 26 49 25 9 42 48 13 34 20,38 26 49 25 9 42 48 13 34 20 43 5,1,3,3,0.10519906264239064,0.3640894191291584,6.0,2007-01-02,2019-02-04,1291,"{""C_proxy"": 0.2, ""features"": [""long_z"", ""recent20_z"", ""recent50_z"", ""recent100_z"", ""ewma_z"", ""gap_z"", ""transition_z"", ""in_last_draw""], ""include_number"": true, ""retrain_interval"": 1, ""seed"": 20260728, ""shrink_strength"": 0.1}",audited-1.0.0-online-SGD-r1,FullFeatureLogistic
1292,108000015,2019-02-06,17 23 28 29 32 39,38 26 25 42 9 49,38 26 25 42 9 49 48 20 5 43,38 26 25 42 9 49 48 20 5 43 13 34,0,0,0,0.11226664906884358,0.39409404903919176,6.000000000000001,2007-01-02,2019-02-05,1292,"{""C_proxy"": 0.2, ""features"": [""long_z"", ""recent20_z"", ""recent50_z"", ""recent100_z"", ""ewma_z"", ""gap_z"", ""transition_z"", ""in_last_draw""], ""include_number"": true, ""retrain_interval"": 1, ""seed"": 20260728, ""shrink_strength"": 0.1}",audited-1.0.0-online-SGD-r1,FullFeatureLogistic
1293,108000016,2019-02-07,7 21 29 33 40 41,38 26 25 49 9 42,38 26 25 49 9 42 48 20 34 5,38 26 25 49 9 42 48 20 34 5 43 13,0,0,0,0.10916587839562607,0.3765275148826527,6.000000000000001,2007-01-02,2019-02-06,1293,"{""C_proxy"": 0.2, ""features"": [""long_z"", ""recent20_z"", ""recent50_z"", ""recent100_z"", ""ewma_z"", ""gap_z"", ""transition_z"", ""in_last_draw""], ""include_number"": true, ""retrain_interval"": 1, ""seed"": 20260728, ""shrink_strength"": 0.1}",audited-1.0.0-online-SGD-r1,FullFeatureLogistic
1294,108000017,2019-02-08,8 13 14 32 36 42,38 26 25 49 42 9,38 26 25 49 42 9 20 48 5 34,38 26 25 49 42 9 20 48 5 34 13 43,1,1,2,0.11121189951923184,0.39146356504066354,6.0,2007-01-02,2019-02-07,1294,"{""C_proxy"": 0.2, ""features"": [""long_z"", ""recent20_z"", ""recent50_z"", ""recent100_z"", ""ewma_z"", ""gap_z"", ""transition_z"", ""in_last_draw""], ""include_number"": true, ""retrain_interval"": 1, ""seed"": 20260728, ""shrink_strength"": 0.1}",audited-1.0.0-online-SGD-r1,FullFeatureLogistic
1295,108000018,2019-02-09,6 8 18 19 20 30,38 26 25 49 9 20,38 26 25 49 9 20 48 42 34 5,38 26 25 49 9 20 48 42 34 5 43 18,1,1,2,0.11087971326865959,0.3905321344122155,6.0,2007-01-02,2019-02-08,1295,"{""C_proxy"": 0.2, ""features"": [""long_z"", ""recent20_z"", ""recent50_z"", ""recent100_z"", ""ewma_z"", ""gap_z"", ""transition_z"", ""in_last_draw""], ""include_number"": true, ""retrain_interval"": 1, ""seed"": 20260728, ""shrink_strength"": 0.1}",audited-1.0.0-online-SGD-r1,FullFeatureLogistic
1296,108000019,2019-02-10,5 8 14 19 22 47,38 26 25 49 9 42,38 26 25 49 9 42 48 34 5 43,38 26 25 49 9 42 48 34 5 43 13 20,0,1,1,0.1122194676281892,0.3953433509325326,6.0,2007-01-02,2019-02-09,1296,"{""C_proxy"": 0.2, ""features"": [""long_z"", ""recent20_z"", ""recent50_z"", ""recent100_z"", ""ewma_z"", ""gap_z"", ""transition_z"", ""in_last_draw""], ""include_number"": true, ""retrain_interval"": 1, ""seed"": 20260728, ""shrink_strength"": 0.1}",audited-1.0.0-online-SGD-r1,FullFeatureLogistic
1297,108000020,2019-02-12,11 16 19 29 30 45,38 26 49 25 42 20,38 26 49 25 42 20 9 48 34 43,38 26 49 25 42 20 9 48 34 43 13 5,0,0,0,0.11377366851030732,0.4042703080205127,5.999999999999999,2007-01-02,2019-02-10,1297,"{""C_proxy"": 0.2, ""features"": [""long_z"", ""recent20_z"", ""recent50_z"", ""recent100_z"", ""ewma_z"", ""gap_z"", ""transition_z"", ""in_last_draw""], ""include_number"": true, ""retrain_interval"": 1, ""seed"": 20260728, ""shrink_strength"": 0.1}",audited-1.0.0-online-SGD-r1,FullFeatureLogistic
1298,108000021,2019-02-15,1 3 40 44 46 48,38 26 49 25 20 42,38 26 49 25 20 42 48 9 34 5,38 26 49 25 20 42 48 9 34 5 43 13,0,1,1,0.10864292351880991,0.3755451604725359,6.0,2007-01-02,2019-02-12,1298,"{""C_proxy"": 0.2, ""features"": [""long_z"", ""recent20_z"", ""recent50_z"", ""recent100_z"", ""ewma_z"", ""gap_z"", ""transition_z"", ""in_last_draw""], ""include_number"": true, ""retrain_interval"": 1, ""seed"": 20260728, ""shrink_strength"": 0.1}",audited-1.0.0-online-SGD-r1,FullFeatureLogistic
1299,108000022,2019-02-19,1 3 4 24 32 43,38 26 49 25 20 42,38 26 49 25 20 42 9 34 5 43,38 26 49 25 20 42 9 34 5 43 48 13,0,1,1,0.10957149386833141,0.38020254039198775,6.000000000000001,2007-01-02,2019-02-15,1299,"{""C_proxy"": 0.2, ""features"": [""long_z"", ""recent20_z"", ""recent50_z"", ""recent100_z"", ""ewma_z"", ""gap_z"", ""transition_z"", ""in_last_draw""], ""include_number"": true, ""retrain_interval"": 1, ""seed"": 20260728, ""shrink_strength"": 0.1}",audited-1.0.0-online-SGD-r1,FullFeatureLogistic
1300,108000023,2019-02-22,6 20 22 43 45 48,38 26 49 25 20 42,38 26 49 25 20 42 9 34 48 5,38 26 49 25 20 42 9 34 48 5 39 10,1,2,2,0.10455717414902804,0.3561619696161194,6.0,2007-01-02,2019-02-19,1300,"{""C_proxy"": 0.2, ""features"": [""long_z"", ""recent20_z"", ""recent50_z"", ""recent100_z"", ""ewma_z"", ""gap_z"", ""transition_z"", ""in_last_draw""], ""include_number"": true, ""retrain_interval"": 1, ""seed"": 20260728, ""shrink_strength"": 0.1}",audited-1.0.0-online-SGD-r1,FullFeatureLogistic
1301,108000024,2019-02-26,6 17 22 34 38 42,38 49 26 25 42 9,38 49 26 25 42 9 34 5 20 39,38 49 26 25 42 9 34 5 20 39 13 10,2,3,3,0.10468267576322252,0.36135485193727324,6.000000000000001,2007-01-02,2019-02-22,1301,"{""C_proxy"": 0.2, ""features"": [""long_z"", ""recent20_z"", ""recent50_z"", ""recent100_z"", ""ewma_z"", ""gap_z"", ""transition_z"", ""in_last_draw""], ""include_number"": true, ""retrain_interval"": 1, ""seed"": 20260728, ""shrink_strength"": 0.1}",audited-1.0.0-online-SGD-r1,FullFeatureLogistic
1302,108000025,2019-03-01,1 8 14 27 40 45,38 26 49 25 20 9,38 26 49 25 20 9 42 5 48 39,38 26 49 25 20 9 42 5 48 39 10 13,0,0,0,0.11195418070821676,0.39249442128662776,6.000000000000001,2007-01-02,2019-02-26,1302,"{""C_proxy"": 0.2, ""features"": [""long_z"", ""recent20_z"", ""recent50_z"", ""recent100_z"", ""ewma_z"", ""gap_z"", ""transition_z"", ""in_last_draw""], ""include_number"": true, ""retrain_interval"": 1, ""seed"": 20260728, ""shrink_strength"": 0.1}",audited-1.0.0-online-SGD-r1,FullFeatureLogistic
1303,108000026,2019-03-05,12 13 16 21 42 43,38 49 26 20 25 42,38 49 26 20 25 42 9 5 48 34,38 49 26 20 25 42 9 5 48 34 39 10,1,1,1,0.10380682241682859,0.3526854847777282,6.000000000000001,2007-01-02,2019-03-01,1303,"{""C_proxy"": 0.2, ""features"": [""long_z"", ""recent20_z"", ""recent50_z"", ""recent100_z"", ""ewma_z"", ""gap_z"", ""transition_z"", ""in_last_draw""], ""include_number"": true, ""retrain_interval"": 1, ""seed"": 20260728, ""shrink_strength"": 0.1}",audited-1.0.0-online-SGD-r1,FullFeatureLogistic
1304,108000027,2019-03-08,3 11 15 25 31 48,38 49 26 20 25 9,38 49 26 20 25 9 5 48 34 42,38 49 26 20 25 9 5 48 34 42 39 10,1,2,2,0.10752081968739774,0.3714470215846347,6.0,2007-01-02,2019-03-05,1304,"{""C_proxy"": 0.2, ""features"": [""long_z"", ""recent20_z"", ""recent50_z"", ""recent100_z"", ""ewma_z"", ""gap_z"", ""transition_z"", ""in_last_draw""], ""include_number"": true, ""retrain_interval"": 1, ""seed"": 20260728, ""shrink_strength"": 0.1}",audited-1.0.0-online-SGD-r1,FullFeatureLogistic
1305,108000028,2019-03-12,5 7 22 37 40 45,38 49 26 20 9 25,38 49 26 20 9 25 5 42 34 39,38 49 26 20 9 25 5 42 34 39 10 18,0,1,1,0.10839033774821788,0.3736678407880059,6.000000000000001,2007-01-02,2019-03-08,1305,"{""C_proxy"": 0.2, ""features"": [""long_z"", ""recent20_z"", ""recent50_z"", ""recent100_z"", ""ewma_z"", ""gap_z"", ""transition_z"", ""in_last_draw""], ""include_number"": true, ""retrain_interval"": 1, ""seed"": 20260728, ""shrink_strength"": 0.1}",audited-1.0.0-online-SGD-r1,FullFeatureLogistic
1306,108000029,2019-03-15,5 10 12 20 28 36,38 49 26 20 25 9,38 49 26 20 25 9 42 34 39 48,38 49 26 20 25 9 42 34 39 48 18 5,1,1,2,0.10503267680986349,0.35913068442471857,6.000000000000002,2007-01-02,2019-03-12,1306,"{""C_proxy"": 0.2, ""features"": [""long_z"", ""recent20_z"", ""recent50_z"", ""recent100_z"", ""ewma_z"", ""gap_z"", ""transition_z"", ""in_last_draw""], ""include_number"": true, ""retrain_interval"": 1, ""seed"": 20260728, ""shrink_strength"": 0.1}",audited-1.0.0-online-SGD-r1,FullFeatureLogistic
1307,108000030,2019-03-19,7 16 17 36 47 48,38 49 26 25 42 9,38 49 26 25 42 9 34 20 48 39,38 49 26 25 42 9 34 20 48 39 18 13,0,1,1,0.10957444423087702,0.38077775104794676,6.0,2007-01-02,2019-03-15,1307,"{""C_proxy"": 0.2, ""features"": [""long_z"", ""recent20_z"", ""recent50_z"", ""recent100_z"", ""ewma_z"", ""gap_z"", ""transition_z"", ""in_last_draw""], ""include_number"": true, ""retrain_interval"": 1, ""seed"": 20260728, ""shrink_strength"": 0.1}",audited-1.0.0-online-SGD-r1,FullFeatureLogistic
1308,108000031,2019-03-22,1 12 16 37 41 47,38 49 26 20 25 42,38 49 26 20 25 42 34 9 39 13,38 49 26 20 25 42 34 9 39 13 5 18,0,0,0,0.11005855937833871,0.3810134329433496,6.000000000000001,2007-01-02,2019-03-19,1308,"{""C_proxy"": 0.2, ""features"": [""long_z"", ""recent20_z"", ""recent50_z"", ""recent100_z"", ""ewma_z"", ""gap_z"", ""transition_z"", ""in_last_draw""], ""include_number"": true, ""retrain_interval"": 1, ""seed"": 20260728, ""shrink_strength"": 0.1}",audited-1.0.0-online-SGD-r1,FullFeatureLogistic
1309,108000032,2019-03-26,6 13 14 19 24 38,38 26 49 20 25 42,38 26 49 20 25 42 34 9 39 5,38 26 49 20 25 42 34 9 39 5 18 13,1,1,2,0.10680533497269196,0.370834917402492,6.0,2007-01-02,2019-03-22,1309,"{""C_proxy"": 0.2, ""features"": [""long_z"", ""recent20_z"", ""recent50_z"", ""recent100_z"", ""ewma_z"", ""gap_z"", ""transition_z"", ""in_last_draw""], ""include_number"": true, ""retrain_interval"": 1, ""seed"": 20260728, ""shrink_strength"": 0.1}",audited-1.0.0-online-SGD-r1,FullFeatureLogistic
1310,108000033,2019-03-29,1 3 12 16 29 49,38 26 49 20 25 42,38 26 49 20 25 42 34 9 39 5,38 26 49 20 25 42 34 9 39 5 18 48,1,1,1,0.10648413368421511,0.3655362037022855,6.000000000000001,2007-01-02,2019-03-26,1310,"{""C_proxy"": 0.2, ""features"": [""long_z"", ""recent20_z"", ""recent50_z"", ""recent100_z"", ""ewma_z"", ""gap_z"", ""transition_z"", ""in_last_draw""], ""include_number"": true, ""retrain_interval"": 1, ""seed"": 20260728, ""shrink_strength"": 0.1}",audited-1.0.0-online-SGD-r1,FullFeatureLogistic
1311,108000034,2019-04-02,5 28 38 40 41 47,38 26 20 25 49 42,38 26 20 25 49 42 34 9 5 39,38 26 20 25 49 42 34 9 5 39 48 18,1,2,2,0.10545750079380624,0.3620580283443602,6.0,2007-01-02,2019-03-29,1311,"{""C_proxy"": 0.2, ""features"": [""long_z"", ""recent20_z"", ""recent50_z"", ""recent100_z"", ""ewma_z"", ""gap_z"", ""transition_z"", ""in_last_draw""], ""include_number"": true, ""retrain_interval"": 1, ""seed"": 20260728, ""shrink_strength"": 0.1}",audited-1.0.0-online-SGD-r1,FullFeatureLogistic
1312,108000035,2019-04-05,11 28 29 38 43 49,20 26 49 38 42 25,20 26 49 38 42 25 34 9 39 48,20 26 49 38 42 25 34 9 39 48 43 18,2,2,3,0.10484950335180405,0.36083270874714224,6.0,2007-01-02,2019-04-02,1312,"{""C_proxy"": 0.2, ""features"": [""long_z"", ""recent20_z"", ""recent50_z"", ""recent100_z"", ""ewma_z"", ""gap_z"", ""transition_z"", ""in_last_draw""], ""include_number"": true, ""retrain_interval"": 1, ""seed"": 20260728, ""shrink_strength"": 0.1}",audited-1.0.0-online-SGD-r1,FullFeatureLogistic
1313,108000036,2019-04-09,10 36 37 44 45 46,20 26 42 25 38 34,20 26 42 25 38 34 49 9 48 39,20 26 42 25 38 34 49 9 48 39 18 5,0,0,0,0.11156325160151835,0.3898973635677421,6.0,2007-01-02,2019-04-05,1313,"{""C_proxy"": 0.2, ""features"": [""long_z"", ""recent20_z"", ""recent50_z"", ""recent100_z"", ""ewma_z"", ""gap_z"", ""transition_z"", ""in_last_draw""], ""include_number"": true, ""retrain_interval"": 1, ""seed"": 20260728, ""shrink_strength"": 0.1}",audited-1.0.0-online-SGD-r1,FullFeatureLogistic
1314,108000037,2019-04-12,12 26 32 34 45 46,20 26 49 38 25 42,20 26 49 38 25 42 34 9 39 48,20 26 49 38 25 42 34 9 39 48 18 5,1,2,2,0.10773175863318075,0.37488001655278347,5.999999999999999,2007-01-02,2019-04-09,1314,"{""C_proxy"": 0.2, ""features"": [""long_z"", ""recent20_z"", ""recent50_z"", ""recent100_z"", ""ewma_z"", ""gap_z"", ""transition_z"", ""in_last_draw""], ""include_number"": true, ""retrain_interval"": 1, ""seed"": 20260728, ""shrink_strength"": 0.1}",audited-1.0.0-online-SGD-r1,FullFeatureLogistic
1315,108000038,2019-04-16,1 14 23 36 39 41,20 38 26 49 25 42,20 38 26 49 25 42 9 48 34 39,20 38 26 49 25 42 9 48 34 39 5 18,0,1,1,0.11191804228086245,0.39256268130353567,5.999999999999999,2007-01-02,2019-04-12,1315,"{""C_proxy"": 0.2, ""features"": [""long_z"", ""recent20_z"", ""recent50_z"", ""recent100_z"", ""ewma_z"", ""gap_z"", ""transition_z"", ""in_last_draw""], ""include_number"": true, ""retrain_interval"": 1, ""seed"": 20260728, ""shrink_strength"": 0.1}",audited-1.0.0-online-SGD-r1,FullFeatureLogistic
1316,108000039,2019-04-19,4 11 24 29 32 45,20 26 38 49 25 42,20 26 38 49 25 42 34 9 48 5,20 26 38 49 25 42 34 9 48 5 18 43,0,0,0,0.11203789614147382,0.3923426676621224,6.0,2007-01-02,2019-04-16,1316,"{""C_proxy"": 0.2, ""features"": [""long_z"", ""recent20_z"", ""recent50_z"", ""recent100_z"", ""ewma_z"", ""gap_z"", ""transition_z"", ""in_last_draw""], ""include_number"": true, ""retrain_interval"": 1, ""seed"": 20260728, ""shrink_strength"": 0.1}",audited-1.0.0-online-SGD-r1,FullFeatureLogistic
1317,108000040,2019-04-23,8 14 16 18 30 35,20 26 38 49 25 42,20 26 38 49 25 42 34 9 48 5,20 26 38 49 25 42 34 9 48 5 39 18,0,0,1,0.11489376641138244,0.41117595174075755,6.000000000000001,2007-01-02,2019-04-19,1317,"{""C_proxy"": 0.2, ""features"": [""long_z"", ""recent20_z"", ""recent50_z"", ""recent100_z"", ""ewma_z"", ""gap_z"", ""transition_z"", ""in_last_draw""], ""include_number"": true, ""retrain_interval"": 1, ""seed"": 20260728, ""shrink_strength"": 0.1}",audited-1.0.0-online-SGD-r1,FullFeatureLogistic
1318,108000041,2019-04-26,8 24 29 37 44 48,20 26 38 49 25 42,20 26 38 49 25 42 34 48 9 5,20 26 38 49 25 42 34 48 9 5 39 43,0,1,1,0.11089144642136992,0.38652667031922705,5.999999999999998,2007-01-02,2019-04-23,1318,"{""C_proxy"": 0.2, ""features"": [""long_z"", ""recent20_z"", ""recent50_z"", ""recent100_z"", ""ewma_z"", ""gap_z"", ""transition_z"", ""in_last_draw""], ""include_number"": true, ""retrain_interval"": 1, ""seed"": 20260728, ""shrink_strength"": 0.1}",audited-1.0.0-online-SGD-r1,FullFeatureLogistic
1319,108000042,2019-04-30,1 4 19 24 47 49,20 38 26 49 25 42,20 38 26 49 25 42 34 9 5 39,20 38 26 49 25 42 34 9 5 39 18 43,1,1,1,0.1082809870455002,0.373571489081378,6.0,2007-01-02,2019-04-26,1319,"{""C_proxy"": 0.2, ""features"": [""long_z"", ""recent20_z"", ""recent50_z"", ""recent100_z"", ""ewma_z"", ""gap_z"", ""transition_z"", ""in_last_draw""], ""include_number"": true, ""retrain_interval"": 1, ""seed"": 20260728, ""shrink_strength"": 0.1}",audited-1.0.0-online-SGD-r1,FullFeatureLogistic
1320,108000043,2019-05-03,6 7 19 31 32 40,20 38 26 25 42 34,20 38 26 25 42 34 49 5 48 39,20 38 26 25 42 34 49 5 48 39 9 18,0,0,0,0.1103607821230993,0.3845902436952267,6.000000000000001,2007-01-02,2019-04-30,1320,"{""C_proxy"": 0.2, ""features"": [""long_z"", ""recent20_z"", ""recent50_z"", ""recent100_z"", ""ewma_z"", ""gap_z"", ""transition_z"", ""in_last_draw""], ""include_number"": true, ""retrain_interval"": 1, ""seed"": 20260728, ""shrink_strength"": 0.1}",audited-1.0.0-online-SGD-r1,FullFeatureLogistic
1321,108000044,2019-05-07,2 14 23 29 35 43,20 38 26 49 25 42,20 38 26 49 25 42 34 5 39 48,20 38 26 49 25 42 34 5 39 48 9 18,0,0,0,0.11237397374306332,0.395925820387361,6.000000000000001,2007-01-02,2019-05-03,1321,"{""C_proxy"": 0.2, ""features"": [""long_z"", ""recent20_z"", ""recent50_z"", ""recent100_z"", ""ewma_z"", ""gap_z"", ""transition_z"", ""in_last_draw""], ""include_number"": true, ""retrain_interval"": 1, ""seed"": 20260728, ""shrink_strength"": 0.1}",audited-1.0.0-online-SGD-r1,FullFeatureLogistic
1322,108000045,2019-05-10,11 17 27 31 33 37,20 38 26 49 42 25,20 38 26 49 42 25 34 5 48 39,20 38 26 49 42 25 34 5 48 39 9 18,0,0,0,0.1146886313518152,0.4054430117593324,6.0,2007-01-02,2019-05-07,1322,"{""C_proxy"": 0.2, ""features"": [""long_z"", ""recent20_z"", ""recent50_z"", ""recent100_z"", ""ewma_z"", ""gap_z"", ""transition_z"", ""in_last_draw""], ""include_number"": true, ""retrain_interval"": 1, ""seed"": 20260728, ""shrink_strength"": 0.1}",audited-1.0.0-online-SGD-r1,FullFeatureLogistic
1323,108000046,2019-05-14,9 15 27 28 40 43,20 38 26 49 25 42,20 38 26 49 25 42 5 34 39 48,20 38 26 49 25 42 5 34 39 48 18 9,0,0,1,0.10697970135442962,0.36666503511947335,6.0,2007-01-02,2019-05-10,1323,"{""C_proxy"": 0.2, ""features"": [""long_z"", ""recent20_z"", ""recent50_z"", ""recent100_z"", ""ewma_z"", ""gap_z"", ""transition_z"", ""in_last_draw""], ""include_number"": true, ""retrain_interval"": 1, ""seed"": 20260728, ""shrink_strength"": 0.1}",audited-1.0.0-online-SGD-r1,FullFeatureLogistic
1324,108000047,2019-05-17,2 7 12 21 23 45,20 38 26 49 42 25,20 38 26 49 42 25 34 5 48 39,20 38 26 49 42 25 34 5 48 39 18 9,0,0,0,0.10755392424418055,0.36848823024840766,6.000000000000002,2007-01-02,2019-05-14,1324,"{""C_proxy"": 0.2, ""features"": [""long_z"", ""recent20_z"", ""recent50_z"", ""recent100_z"", ""ewma_z"", ""gap_z"", ""transition_z"", ""in_last_draw""], ""include_number"": true, ""retrain_interval"": 1, ""seed"": 20260728, ""shrink_strength"": 0.1}",audited-1.0.0-online-SGD-r1,FullFeatureLogistic
1325,108000048,2019-05-21,7 10 18 32 41 46,20 38 26 49 42 25,20 38 26 49 42 25 34 39 48 9,20 38 26 49 42 25 34 39 48 9 5 18,0,0,1,0.11080698502904819,0.3874445370195345,6.0,2007-01-02,2019-05-17,1325,"{""C_proxy"": 0.2, ""features"": [""long_z"", ""recent20_z"", ""recent50_z"", ""recent100_z"", ""ewma_z"", ""gap_z"", ""transition_z"", ""in_last_draw""], ""include_number"": true, ""retrain_interval"": 1, ""seed"": 20260728, ""shrink_strength"": 0.1}",audited-1.0.0-online-SGD-r1,FullFeatureLogistic
1326,108000049,2019-05-24,12 13 19 21 29 39,20 38 26 49 42 25,20 38 26 49 42 25 48 39 34 9,20 38 26 49 42 25 48 39 34 9 5 13,0,1,2,0.10726422172461861,0.368614597205563,6.000000000000001,2007-01-02,2019-05-21,1326,"{""C_proxy"": 0.2, ""features"": [""long_z"", ""recent20_z"", ""recent50_z"", ""recent100_z"", ""ewma_z"", ""gap_z"", ""transition_z"", ""in_last_draw""], ""include_number"": true, ""retrain_interval"": 1, ""seed"": 20260728, ""shrink_strength"": 0.1}",audited-1.0.0-online-SGD-r1,FullFeatureLogistic
1327,108000050,2019-05-28,3 11 22 36 38 40,38 20 26 49 42 25,38 20 26 49 42 25 48 34 9 5,38 20 26 49 42 25 48 34 9 5 39 18,1,1,1,0.10862125213242367,0.37788061661069255,6.000000000000001,2007-01-02,2019-05-24,1327,"{""C_proxy"": 0.2, ""features"": [""long_z"", ""recent20_z"", ""recent50_z"", ""recent100_z"", ""ewma_z"", ""gap_z"", ""transition_z"", ""in_last_draw""], ""include_number"": true, ""retrain_interval"": 1, ""seed"": 20260728, ""shrink_strength"": 0.1}",audited-1.0.0-online-SGD-r1,FullFeatureLogistic
1328,108000051,2019-05-31,8 15 21 31 36 46,20 38 26 49 42 25,20 38 26 49 42 25 48 34 39 9,20 38 26 49 42 25 48 34 39 9 5 18,0,0,0,0.11247193194807517,0.3935504812511107,6.000000000000001,2007-01-02,2019-05-28,1328,"{""C_proxy"": 0.2, ""features"": [""long_z"", ""recent20_z"", ""recent50_z"", ""recent100_z"", ""ewma_z"", ""gap_z"", ""transition_z"", ""in_last_draw""], ""include_number"": true, ""retrain_interval"": 1, ""seed"": 20260728, ""shrink_strength"": 0.1}",audited-1.0.0-online-SGD-r1,FullFeatureLogistic
1329,108000052,2019-06-04,5 6 19 23 43 48,20 38 26 49 42 48,20 38 26 49 42 48 25 34 5 9,20 38 26 49 42 48 25 34 5 9 39 18,1,2,2,0.10609429620819982,0.3641285023376352,6.000000000000001,2007-01-02,2019-05-31,1329,"{""C_proxy"": 0.2, ""features"": [""long_z"", ""recent20_z"", ""recent50_z"", ""recent100_z"", ""ewma_z"", ""gap_z"", ""transition_z"", ""in_last_draw""], ""include_number"": true, ""retrain_interval"": 1, ""seed"": 20260728, ""shrink_strength"": 0.1}",audited-1.0.0-online-SGD-r1,FullFeatureLogistic
1330,108000053,2019-06-07,18 22 26 27 30 38,38 20 26 49 42 25,38 20 26 49 42 25 34 39 9 18,38 20 26 49 42 25 34 39 9 18 13 48,2,3,3,0.10533095099972523,0.36592026916104436,6.000000000000001,2007-01-02,2019-06-04,1330,"{""C_proxy"": 0.2, ""features"": [""long_z"", ""recent20_z"", ""recent50_z"", ""recent100_z"", ""ewma_z"", ""gap_z"", ""transition_z"", ""in_last_draw""], ""include_number"": true, ""retrain_interval"": 1, ""seed"": 20260728, ""shrink_strength"": 0.1}",audited-1.0.0-online-SGD-r1,FullFeatureLogistic
1331,108000054,2019-06-11,6 31 32 39 40 42,20 49 38 42 25 26,20 49 38 42 25 26 34 48 5 9,20 49 38 42 25 26 34 48 5 9 39 13,1,1,2,0.1071207105386642,0.3700032639143704,6.000000000000001,2007-01-02,2019-06-07,1331,"{""C_proxy"": 0.2, ""features"": [""long_z"", ""recent20_z"", ""recent50_z"", ""recent100_z"", ""ewma_z"", ""gap_z"", ""transition_z"", ""in_last_draw""], ""include_number"": true, ""retrain_interval"": 1, ""seed"": 20260728, ""shrink_strength"": 0.1}",audited-1.0.0-online-SGD-r1,FullFeatureLogistic
1332,108000055,2019-06-14,6 10 12 22 24 37,20 38 49 26 25 48,20 38 49 26 25 48 42 5 34 9,20 38 49 26 25 48 42 5 34 9 10 13,0,0,1,0.10869801133222465,0.3751445850968744,5.999999999999999,2007-01-02,2019-06-11,1332,"{""C_proxy"": 0.2, ""features"": [""long_z"", ""recent20_z"", ""recent50_z"", ""recent100_z"", ""ewma_z"", ""gap_z"", ""transition_z"", ""in_last_draw""], ""include_number"": true, ""retrain_interval"": 1, ""seed"": 20260728, ""shrink_strength"": 0.1}",audited-1.0.0-online-SGD-r1,FullFeatureLogistic
1333,108000056,2019-06-18,5 16 27 29 33 45,20 38 49 26 48 42,20 38 49 26 48 42 25 5 34 9,20 38 49 26 48 42 25 5 34 9 13 18,0,1,1,0.10726666685339765,0.3684813707341516,5.999999999999999,2007-01-02,2019-06-14,1333,"{""C_proxy"": 0.2, ""features"": [""long_z"", ""recent20_z"", ""recent50_z"", ""recent100_z"", ""ewma_z"", ""gap_z"", ""transition_z"", ""in_last_draw""], ""include_number"": true, ""retrain_interval"": 1, ""seed"": 20260728, ""shrink_strength"": 0.1}",audited-1.0.0-online-SGD-r1,FullFeatureLogistic
1334,108000057,2019-06-21,7 12 26 30 31 32,20 38 49 26 42 48,20 38 49 26 42 48 25 34 9 13,20 38 49 26 42 48 25 34 9 13 18 39,1,1,1,0.11103481804917953,0.39184985212059775,6.000000000000001,2007-01-02,2019-06-18,1334,"{""C_proxy"": 0.2, ""features"": [""long_z"", ""recent20_z"", ""recent50_z"", ""recent100_z"", ""ewma_z"", ""gap_z"", ""transition_z"", ""in_last_draw""], ""include_number"": true, ""retrain_interval"": 1, ""seed"": 20260728, ""shrink_strength"": 0.1}",audited-1.0.0-online-SGD-r1,FullFeatureLogistic
1335,108000058,2019-06-25,8 20 31 36 38 45,38 20 49 48 42 25,38 20 49 48 42 25 34 26 9 18,38 20 49 48 42 25 34 26 9 18 13 5,2,2,2,0.10590793126633215,0.36652888337709744,6.000000000000001,2007-01-02,2019-06-21,1335,"{""C_proxy"": 0.2, ""features"": [""long_z"", ""recent20_z"", ""recent50_z"", ""recent100_z"", ""ewma_z"", ""gap_z"", ""transition_z"", ""in_last_draw""], ""include_number"": true, ""retrain_interval"": 1, ""seed"": 20260728, ""shrink_strength"": 0.1}",audited-1.0.0-online-SGD-r1,FullFeatureLogistic
1336,108000059,2019-06-28,9 13 15 26 31 33,49 38 26 20 48 42,49 38 26 20 48 42 25 34 9 18,49 38 26 20 48 42 25 34 9 18 5 13,1,2,3,0.10520552717345273,0.36111397267890644,6.000000000000001,2007-01-02,2019-06-25,1336,"{""C_proxy"": 0.2, ""features"": [""long_z"", ""recent20_z"", ""recent50_z"", ""recent100_z"", ""ewma_z"", ""gap_z"", ""transition_z"", ""in_last_draw""], ""include_number"": true, ""retrain_interval"": 1, ""seed"": 20260728, ""shrink_strength"": 0.1}",audited-1.0.0-online-SGD-r1,FullFeatureLogistic
1337,108000060,2019-07-02,2 4 11 33 39 42,38 20 49 42 48 34,38 20 49 42 48 34 25 18 5 39,38 20 49 42 48 34 25 18 5 39 26 10,1,2,2,0.10773043987291021,0.3727978403545841,5.999999999999999,2007-01-02,2019-06-28,1337,"{""C_proxy"": 0.2, ""features"": [""long_z"", ""recent20_z"", ""recent50_z"", ""recent100_z"", ""ewma_z"", ""gap_z"", ""transition_z"", ""in_last_draw""], ""include_number"": true, ""retrain_interval"": 1, ""seed"": 20260728, ""shrink_strength"": 0.1}",audited-1.0.0-online-SGD-r1,FullFeatureLogistic
1338,108000061,2019-07-05,11 17 32 33 38 46,38 49 20 48 26 34,38 49 20 48 26 34 25 42 5 18,38 49 20 48 26 34 25 42 5 18 9 43,1,1,1,0.11377811813017255,0.4068439009430674,6.000000000000002,2007-01-02,2019-07-02,1338,"{""C_proxy"": 0.2, ""features"": [""long_z"", ""recent20_z"", ""recent50_z"", ""recent100_z"", ""ewma_z"", ""gap_z"", ""transition_z"", ""in_last_draw""], ""include_number"": true, ""retrain_interval"": 1, ""seed"": 20260728, ""shrink_strength"": 0.1}",audited-1.0.0-online-SGD-r1,FullFeatureLogistic
1339,108000062,2019-07-09,11 17 20 34 37 41,20 49 38 26 48 42,20 49 38 26 48 42 34 25 5 18,20 49 38 26 48 42 34 25 5 18 9 43,1,2,2,0.11102997347334018,0.3935552213300214,6.000000000000001,2007-01-02,2019-07-05,1339,"{""C_proxy"": 0.2, ""features"": [""long_z"", ""recent20_z"", ""recent50_z"", ""recent100_z"", ""ewma_z"", ""gap_z"", ""transition_z"", ""in_last_draw""], ""include_number"": true, ""retrain_interval"": 1, ""seed"": 20260728, ""shrink_strength"": 0.1}",audited-1.0.0-online-SGD-r1,FullFeatureLogistic
1340,108000063,2019-07-12,12 14 18 19 37 47,38 49 26 48 42 20,38 49 26 48 42 20 25 5 18 9,38 49 26 48 42 20 25 5 18 9 34 43,0,1,1,0.11156715724408985,0.3915271060038168,6.0,2007-01-02,2019-07-09,1340,"{""C_proxy"": 0.2, ""features"": [""long_z"", ""recent20_z"", ""recent50_z"", ""recent100_z"", ""ewma_z"", ""gap_z"", ""transition_z"", ""in_last_draw""], ""include_number"": true, ""retrain_interval"": 1, ""seed"": 20260728, ""shrink_strength"": 0.1}",audited-1.0.0-online-SGD-r1,FullFeatureLogistic
1341,108000064,2019-07-16,15 30 31 37 39 48,38 49 20 26 48 42,38 49 20 26 48 42 25 5 9 34,38 49 20 26 48 42 25 5 9 34 43 10,1,1,1,0.11101402855659083,0.39208886669060544,6.000000000000001,2007-01-02,2019-07-12,1341,"{""C_proxy"": 0.2, ""features"": [""long_z"", ""recent20_z"", ""recent50_z"", ""recent100_z"", ""ewma_z"", ""gap_z"", ""transition_z"", ""in_last_draw""], ""include_number"": true, ""retrain_interval"": 1, ""seed"": 20260728, ""shrink_strength"": 0.1}",audited-1.0.0-online-SGD-r1,FullFeatureLogistic
1342,108000065,2019-07-19,12 17 26 33 35 39,38 20 49 26 42 5,38 20 49 26 42 5 25 34 9 10,38 20 49 26 42 5 25 34 9 10 43 48,1,1,1,0.11078098424458628,0.3893200066259368,6.000000000000001,2007-01-02,2019-07-16,1342,"{""C_proxy"": 0.2, ""features"": [""long_z"", ""recent20_z"", ""recent50_z"", ""recent100_z"", ""ewma_z"", ""gap_z"", ""transition_z"", ""in_last_draw""], ""include_number"": true, ""retrain_interval"": 1, ""seed"": 20260728, ""shrink_strength"": 0.1}",audited-1.0.0-online-SGD-r1,FullFeatureLogistic
1343,108000066,2019-07-23,12 14 35 37 42 47,38 20 49 42 48 5,38 20 49 42 48 5 25 34 26 9,38 20 49 42 48 5 25 34 26 9 43 18,1,1,1,0.11296340130833094,0.40102759213130246,6.0,2007-01-02,2019-07-19,1343,"{""C_proxy"": 0.2, ""features"": [""long_z"", ""recent20_z"", ""recent50_z"", ""recent100_z"", ""ewma_z"", ""gap_z"", ""transition_z"", ""in_last_draw""], ""include_number"": true, ""retrain_interval"": 1, ""seed"": 20260728, ""shrink_strength"": 0.1}",audited-1.0.0-online-SGD-r1,FullFeatureLogistic
1344,108000067,2019-07-26,4 11 36 40 41 48,38 20 49 26 48 5,38 20 49 26 48 5 25 42 9 18,38 20 49 26 48 5 25 42 9 18 34 13,1,1,1,0.10988971670070664,0.38309962527130215,6.0,2007-01-02,2019-07-23,1344,"{""C_proxy"": 0.2, ""features"": [""long_z"", ""recent20_z"", ""recent50_z"", ""recent100_z"", ""ewma_z"", ""gap_z"", ""transition_z"", ""in_last_draw""], ""include_number"": true, ""retrain_interval"": 1, ""seed"": 20260728, ""shrink_strength"": 0.1}",audited-1.0.0-online-SGD-r1,FullFeatureLogistic
1345,108000068,2019-07-30,4 12 21 24 33 35,38 20 49 26 5 25,38 20 49 26 5 25 42 18 9 34,38 20 49 26 5 25 42 18 9 34 43 13,0,0,0,0.11219820457500351,0.3933392090808271,5.999999999999999,2007-01-02,2019-07-26,1345,"{""C_proxy"": 0.2, ""features"": [""long_z"", ""recent20_z"", ""recent50_z"", ""recent100_z"", ""ewma_z"", ""gap_z"", ""transition_z"", ""in_last_draw""], ""include_number"": true, ""retrain_interval"": 1, ""seed"": 20260728, ""shrink_strength"": 0.1}",audited-1.0.0-online-SGD-r1,FullFeatureLogistic
1346,108000069,2019-08-02,5 34 42 46 48 49,38 20 49 26 5 48,38 20 49 26 5 48 25 42 9 34,38 20 49 26 5 48 25 42 9 34 18 43,3,5,5,0.10239363856524937,0.34899492278219,6.000000000000001,2007-01-02,2019-07-30,1346,"{""C_proxy"": 0.2, ""features"": [""long_z"", ""recent20_z"", ""recent50_z"", ""recent100_z"", ""ewma_z"", ""gap_z"", ""transition_z"", ""in_last_draw""], ""include_number"": true, ""retrain_interval"": 1, ""seed"": 20260728, ""shrink_strength"": 0.1}",audited-1.0.0-online-SGD-r1,FullFeatureLogistic
1347,108000070,2019-08-06,1 10 20 37 38 49,38 20 26 49 9 25,38 20 26 49 9 25 43 18 13 5,38 20 26 49 9 25 43 18 13 5 10 1,3,3,5,0.10077772539177965,0.3451874780680634,6.000000000000001,2007-01-02,2019-08-02,1347,"{""C_proxy"": 0.2, ""features"": [""long_z"", ""recent20_z"", ""recent50_z"", ""recent100_z"", ""ewma_z"", ""gap_z"", ""transition_z"", ""in_last_draw""], ""include_number"": true, ""retrain_interval"": 1, ""seed"": 20260728, ""shrink_strength"": 0.1}",audited-1.0.0-online-SGD-r1,FullFeatureLogistic
1348,108000071,2019-08-09,4 13 18 26 41 48,38 26 20 49 5 9,38 26 20 49 5 9 25 43 48 18,38 26 20 49 5 9 25 43 48 18 13 42,1,3,4,0.10411165221702412,0.35600140759831,6.000000000000001,2007-01-02,2019-08-06,1348,"{""C_proxy"": 0.2, ""features"": [""long_z"", ""recent20_z"", ""recent50_z"", ""recent100_z"", ""ewma_z"", ""gap_z"", ""transition_z"", ""in_last_draw""], ""include_number"": true, ""retrain_interval"": 1, ""seed"": 20260728, ""shrink_strength"": 0.1}",audited-1.0.0-online-SGD-r1,FullFeatureLogistic
1349,108000072,2019-08-13,5 21 25 32 36 41,38 20 49 5 26 9,38 20 49 5 26 9 25 43 42 34,38 20 49 5 26 9 25 43 42 34 10 40,1,2,2,0.11001662858191395,0.38422426526837844,6.0,2007-01-02,2019-08-09,1349,"{""C_proxy"": 0.2, ""features"": [""long_z"", ""recent20_z"", ""recent50_z"", ""recent100_z"", ""ewma_z"", ""gap_z"", ""transition_z"", ""in_last_draw""], ""include_number"": true, ""retrain_interval"": 1, ""seed"": 20260728, ""shrink_strength"": 0.1}",audited-1.0.0-online-SGD-r1,FullFeatureLogistic
1350,108000073,2019-08-16,7 8 31 33 41 45,38 20 49 26 9 42,38 20 49 26 9 42 25 43 34 13,38 20 49 26 9 42 25 43 34 13 18 40,0,0,0,0.11156991034527274,0.3893857675304415,6.0,2007-01-02,2019-08-13,1350,"{""C_proxy"": 0.2, ""features"": [""long_z"", ""recent20_z"", ""recent50_z"", ""recent100_z"", ""ewma_z"", ""gap_z"", ""transition_z"", ""in_last_draw""], ""include_number"": true, ""retrain_interval"": 1, ""seed"": 20260728, ""shrink_strength"": 0.1}",audited-1.0.0-online-SGD-r1,FullFeatureLogistic
1351,108000074,2019-08-20,1 16 19 27 35 42,38 20 49 26 25 9,38 20 49 26 25 9 42 5 34 43,38 20 49 26 25 9 42 5 34 43 13 18,0,1,1,0.10971846457149656,0.38293551318848534,6.000000000000001,2007-01-02,2019-08-16,1351,"{""C_proxy"": 0.2, ""features"": [""long_z"", ""recent20_z"", ""recent50_z"", ""recent100_z"", ""ewma_z"", ""gap_z"", ""transition_z"", ""in_last_draw""], ""include_number"": true, ""retrain_interval"": 1, ""seed"": 20260728, ""shrink_strength"": 0.1}",audited-1.0.0-online-SGD-r1,FullFeatureLogistic
1352,108000075,2019-08-23,5 17 19 21 42 43,38 20 49 26 25 9,38 20 49 26 25 9 5 43 13 18,38 20 49 26 25 9 5 43 13 18 34 48,0,2,2,0.10910957489790611,0.37922484474616885,6.0,2007-01-02,2019-08-20,1352,"{""C_proxy"": 0.2, ""features"": [""long_z"", ""recent20_z"", ""recent50_z"", ""recent100_z"", ""ewma_z"", ""gap_z"", ""transition_z"", ""in_last_draw""], ""include_number"": true, ""retrain_interval"": 1, ""seed"": 20260728, ""shrink_strength"": 0.1}",audited-1.0.0-online-SGD-r1,FullFeatureLogistic
1353,108000076,2019-08-27,1 4 8 10 45 47,38 20 49 26 25 9,38 20 49 26 25 9 13 18 48 34,38 20 49 26 25 9 13 18 48 34 10 40,0,0,1,0.10790400790694178,0.3709727132884684,6.000000000000001,2007-01-02,2019-08-23,1353,"{""C_proxy"": 0.2, ""features"": [""long_z"", ""recent20_z"", ""recent50_z"", ""recent100_z"", ""ewma_z"", ""gap_z"", ""transition_z"", ""in_last_draw""], ""include_number"": true, ""retrain_interval"": 1, ""seed"": 20260728, ""shrink_strength"": 0.1}",audited-1.0.0-online-SGD-r1,FullFeatureLogistic
1354,108000077,2019-08-30,6 26 35 42 44 48,38 20 26 49 25 9,38 20 26 49 25 9 48 18 34 13,38 20 26 49 25 9 48 18 34 13 43 5,1,2,2,0.10701551035788888,0.3715344118755773,6.000000000000001,2007-01-02,2019-08-27,1354,"{""C_proxy"": 0.2, ""features"": [""long_z"", ""recent20_z"", ""recent50_z"", ""recent100_z"", ""ewma_z"", ""gap_z"", ""transition_z"", ""in_last_draw""], ""include_number"": true, ""retrain_interval"": 1, ""seed"": 20260728, ""shrink_strength"": 0.1}",audited-1.0.0-online-SGD-r1,FullFeatureLogistic
1355,108000078,2019-09-03,11 13 25 32 33 48,38 20 49 25 26 9,38 20 49 25 26 9 18 34 43 5,38 20 49 25 26 9 18 34 43 5 13 40,1,1,2,0.10926987159182595,0.381138307020006,5.999999999999999,2007-01-02,2019-08-30,1355,"{""C_proxy"": 0.2, ""features"": [""long_z"", ""recent20_z"", ""recent50_z"", ""recent100_z"", ""ewma_z"", ""gap_z"", ""transition_z"", ""in_last_draw""], ""include_number"": true, ""retrain_interval"": 1, ""seed"": 20260728, ""shrink_strength"": 0.1}",audited-1.0.0-online-SGD-r1,FullFeatureLogistic
1356,108000079,2019-09-06,2 14 19 20 26 43,38 49 20 26 9 18,38 49 20 26 9 18 34 43 5 39,38 49 20 26 9 18 34 43 5 39 40 25,2,3,3,0.10537224116051236,0.36432463357461375,6.0,2007-01-02,2019-09-03,1356,"{""C_proxy"": 0.2, ""features"": [""long_z"", ""recent20_z"", ""recent50_z"", ""recent100_z"", ""ewma_z"", ""gap_z"", ""transition_z"", ""in_last_draw""], ""include_number"": true, ""retrain_interval"": 1, ""seed"": 20260728, ""shrink_strength"": 0.1}",audited-1.0.0-online-SGD-r1,FullFeatureLogistic
1357,108000080,2019-09-10,3 12 17 20 29 38,38 49 20 18 9 25,38 49 20 18 9 25 26 34 5 39,38 49 20 18 9 25 26 34 5 39 40 13,2,2,2,0.1049046301862786,0.36211119701668654,6.000000000000001,2007-01-02,2019-09-06,1357,"{""C_proxy"": 0.2, ""features"": [""long_z"", ""recent20_z"", ""recent50_z"", ""recent100_z"", ""ewma_z"", ""gap_z"", ""transition_z"", ""in_last_draw""], ""include_number"": true, ""retrain_interval"": 1, ""seed"": 20260728, ""shrink_strength"": 0.1}",audited-1.0.0-online-SGD-r1,FullFeatureLogistic
1358,108000081,2019-09-13,2 7 15 27 37 39,38 49 26 9 25 34,38 49 26 9 25 34 18 5 39 43,38 49 26 9 25 34 18 5 39 43 40 20,0,1,1,0.10827735600503903,0.37394046459309116,6.0,2007-01-02,2019-09-10,1358,"{""C_proxy"": 0.2, ""features"": [""long_z"", ""recent20_z"", ""recent50_z"", ""recent100_z"", ""ewma_z"", ""gap_z"", ""transition_z"", ""in_last_draw""], ""include_number"": true, ""retrain_interval"": 1, ""seed"": 20260728, ""shrink_strength"": 0.1}",audited-1.0.0-online-SGD-r1,FullFeatureLogistic
1359,108000082,2019-09-17,12 18 29 40 41 48,38 49 26 20 25 34,38 49 26 20 25 34 18 9 5 40,38 49 26 20 25 34 18 9 5 40 43 48,0,2,3,0.10590376524011129,0.36285085010135637,6.0,2007-01-02,2019-09-13,1359,"{""C_proxy"": 0.2, ""features"": [""long_z"", ""recent20_z"", ""recent50_z"", ""recent100_z"", ""ewma_z"", ""gap_z"", ""transition_z"", ""in_last_draw""], ""include_number"": true, ""retrain_interval"": 1, ""seed"": 20260728, ""shrink_strength"": 0.1}",audited-1.0.0-online-SGD-r1,FullFeatureLogistic
1360,108000083,2019-09-20,8 17 23 24 31 34,38 49 26 20 25 34,38 49 26 20 25 34 9 5 43 39,38 49 26 20 25 34 9 5 43 39 13 10,1,1,1,0.11055710218159782,0.3859597611612074,5.999999999999999,2007-01-02,2019-09-17,1360,"{""C_proxy"": 0.2, ""features"": [""long_z"", ""recent20_z"", ""recent50_z"", ""recent100_z"", ""ewma_z"", ""gap_z"", ""transition_z"", ""in_last_draw""], ""include_number"": true, ""retrain_interval"": 1, ""seed"": 20260728, ""shrink_strength"": 0.1}",audited-1.0.0-online-SGD-r1,FullFeatureLogistic
1361,108000084,2019-09-24,2 16 18 20 22 39,38 49 26 20 25 5,38 49 26 20 25 5 9 18 43 34,38 49 26 20 25 5 9 18 43 34 40 13,1,2,2,0.10409295104565838,0.3539659584678598,5.999999999999999,2007-01-02,2019-09-20,1361,"{""C_proxy"": 0.2, ""features"": [""long_z"", ""recent20_z"", ""recent50_z"", ""recent100_z"", ""ewma_z"", ""gap_z"", ""transition_z"", ""in_last_draw""], ""include_number"": true, ""retrain_interval"": 1, ""seed"": 20260728, ""shrink_strength"": 0.1}",audited-1.0.0-online-SGD-r1,FullFeatureLogistic
1362,108000085,2019-09-27,10 21 25 26 35 37,38 49 26 25 34 9,38 49 26 25 34 9 5 43 13 10,38 49 26 25 34 9 5 43 13 10 40 48,2,3,3,0.10743941267425115,0.37480163088159113,5.999999999999998,2007-01-02,2019-09-24,1362,"{""C_proxy"": 0.2, ""features"": [""long_z"", ""recent20_z"", ""recent50_z"", ""recent100_z"", ""ewma_z"", ""gap_z"", ""transition_z"", ""in_last_draw""], ""include_number"": true, ""retrain_interval"": 1, ""seed"": 20260728, ""shrink_strength"": 0.1}",audited-1.0.0-online-SGD-r1,FullFeatureLogistic
1363,108000086,2019-10-01,2 9 12 15 20 49,38 49 20 26 34 9,38 49 20 26 34 9 5 43 13 48,38 49 20 26 34 9 5 43 13 48 40 25,3,3,3,0.10263256104536289,0.34901726918537596,6.0,2007-01-02,2019-09-27,1363,"{""C_proxy"": 0.2, ""features"": [""long_z"", ""recent20_z"", ""recent50_z"", ""recent100_z"", ""ewma_z"", ""gap_z"", ""transition_z"", ""in_last_draw""], ""include_number"": true, ""retrain_interval"": 1, ""seed"": 20260728, ""shrink_strength"": 0.1}",audited-1.0.0-online-SGD-r1,FullFeatureLogistic
1364,108000087,2019-10-04,10 21 23 33 42 48,38 26 49 25 34 5,38 26 49 25 34 5 43 13 48 40,38 26 49 25 34 5 43 13 48 40 9 18,0,1,1,0.10654435213624003,0.36512258894763483,6.000000000000001,2007-01-02,2019-10-01,1364,"{""C_proxy"": 0.2, ""features"": [""long_z"", ""recent20_z"", ""recent50_z"", ""recent100_z"", ""ewma_z"", ""gap_z"", ""transition_z"", ""in_last_draw""], ""include_number"": true, ""retrain_interval"": 1, ""seed"": 20260728, ""shrink_strength"": 0.1}",audited-1.0.0-online-SGD-r1,FullFeatureLogistic
1365,108000088,2019-10-08,7 13 18 21 26 34,38 49 26 20 25 34,38 49 26 20 25 34 5 9 13 43,38 49 26 20 25 34 5 9 13 43 40 18,2,3,4,0.10343885360075689,0.35237837402147715,6.000000000000002,2007-01-02,2019-10-04,1365,"{""C_proxy"": 0.2, ""features"": [""long_z"", ""recent20_z"", ""recent50_z"", ""recent100_z"", ""ewma_z"", ""gap_z"", ""transition_z"", ""in_last_draw""], ""include_number"": true, ""retrain_interval"": 1, ""seed"": 20260728, ""shrink_strength"": 0.1}",audited-1.0.0-online-SGD-r1,FullFeatureLogistic
1366,108000089,2019-10-11,7 12 17 21 30 37,38 49 20 25 5 9,38 49 20 25 5 9 26 43 40 48,38 49 20 25 5 9 26 43 40 48 6 34,0,0,0,0.11525222119174401,0.4111173355828693,6.000000000000002,2007-01-02,2019-10-08,1366,"{""C_proxy"": 0.2, ""features"": [""long_z"", ""recent20_z"", ""recent50_z"", ""recent100_z"", ""ewma_z"", ""gap_z"", ""transition_z"", ""in_last_draw""], ""include_number"": true, ""retrain_interval"": 1, ""seed"": 20260728, ""shrink_strength"": 0.1}",audited-1.0.0-online-SGD-r1,FullFeatureLogistic
1367,108000090,2019-10-15,13 21 28 35 37 38,38 49 26 20 25 9,38 49 26 20 25 9 5 48 43 40,38 49 26 20 25 9 5 48 43 40 34 13,1,1,2,0.10938182242607754,0.38568174985915843,6.0,2007-01-02,2019-10-11,1367,"{""C_proxy"": 0.2, ""features"": [""long_z"", ""recent20_z"", ""recent50_z"", ""recent100_z"", ""ewma_z"", ""gap_z"", ""transition_z"", ""in_last_draw""], ""include_number"": true, ""retrain_interval"": 1, ""seed"": 20260728, ""shrink_strength"": 0.1}",audited-1.0.0-online-SGD-r1,FullFeatureLogistic
1368,108000091,2019-10-18,3 23 32 36 39 40,38 49 26 20 25 9,38 49 26 20 25 9 5 48 43 40,38 49 26 20 25 9 5 48 43 40 42 34,0,1,1,0.11030238603359703,0.3841101861929635,6.000000000000001,2007-01-02,2019-10-15,1368,"{""C_proxy"": 0.2, ""features"": [""long_z"", ""recent20_z"", ""recent50_z"", ""recent100_z"", ""ewma_z"", ""gap_z"", ""transition_z"", ""in_last_draw""], ""include_number"": true, ""retrain_interval"": 1, ""seed"": 20260728, ""shrink_strength"": 0.1}",audited-1.0.0-online-SGD-r1,FullFeatureLogistic
1369,108000092,2019-10-22,6 17 22 23 32 42,38 49 26 20 25 9,38 49 26 20 25 9 5 48 42 34,38 49 26 20 25 9 5 48 42 34 43 18,0,1,1,0.1108621425663988,0.3882721179294355,6.000000000000001,2007-01-02,2019-10-18,1369,"{""C_proxy"": 0.2, ""features"": [""long_z"", ""recent20_z"", ""recent50_z"", ""recent100_z"", ""ewma_z"", ""gap_z"", ""transition_z"", ""in_last_draw""], ""include_number"": true, ""retrain_interval"": 1, ""seed"": 20260728, ""shrink_strength"": 0.1}",audited-1.0.0-online-SGD-r1,FullFeatureLogistic
1370,108000093,2019-10-25,3 8 14 16 26 36,38 26 49 20 25 9,38 26 49 20 25 9 48 5 34 18,38 26 49 20 25 9 48 5 34 18 43 40,1,1,1,0.1102371318262943,0.3853328922248055,6.0,2007-01-02,2019-10-22,1370,"{""C_proxy"": 0.2, ""features"": [""long_z"", ""recent20_z"", ""recent50_z"", ""recent100_z"", ""ewma_z"", ""gap_z"", ""transition_z"", ""in_last_draw""], ""include_number"": true, ""retrain_interval"": 1, ""seed"": 20260728, ""shrink_strength"": 0.1}",audited-1.0.0-online-SGD-r1,FullFeatureLogistic
1371,108000094,2019-10-29,3 10 12 22 36 41,38 49 20 25 26 9,38 49 20 25 26 9 48 5 34 18,38 49 20 25 26 9 48 5 34 18 43 40,0,0,0,0.11109205494088506,0.38712527247914813,6.000000000000001,2007-01-02,2019-10-25,1371,"{""C_proxy"": 0.2, ""features"": [""long_z"", ""recent20_z"", ""recent50_z"", ""recent100_z"", ""ewma_z"", ""gap_z"", ""transition_z"", ""in_last_draw""], ""include_number"": true, ""retrain_interval"": 1, ""seed"": 20260728, ""shrink_strength"": 0.1}",audited-1.0.0-online-SGD-r1,FullFeatureLogistic
1372,108000095,2019-11-01,12 15 23 33 41 42,38 49 26 25 20 48,38 49 26 25 20 48 9 5 18 34,38 49 26 25 20 48 9 5 18 34 43 13,0,0,0,0.10966186023326482,0.37995281210187676,6.0,2007-01-02,2019-10-29,1372,"{""C_proxy"": 0.2, ""features"": [""long_z"", ""recent20_z"", ""recent50_z"", ""recent100_z"", ""ewma_z"", ""gap_z"", ""transition_z"", ""in_last_draw""], ""include_number"": true, ""retrain_interval"": 1, ""seed"": 20260728, ""shrink_strength"": 0.1}",audited-1.0.0-online-SGD-r1,FullFeatureLogistic
1373,108000096,2019-11-05,9 13 22 37 40 42,38 49 26 20 25 48,38 49 26 20 25 48 9 5 18 34,38 49 26 20 25 48 9 5 18 34 13 40,0,1,3,0.1063726761723111,0.36558322356587347,5.999999999999998,2007-01-02,2019-11-01,1373,"{""C_proxy"": 0.2, ""features"": [""long_z"", ""recent20_z"", ""recent50_z"", ""recent100_z"", ""ewma_z"", ""gap_z"", ""transition_z"", ""in_last_draw""], ""include_number"": true, ""retrain_interval"": 1, ""seed"": 20260728, ""shrink_strength"": 0.1}",audited-1.0.0-online-SGD-r1,FullFeatureLogistic
1374,108000097,2019-11-08,1 3 9 26 40 47,38 26 49 20 25 48,38 26 49 20 25 48 5 18 34 39,38 26 49 20 25 48 5 18 34 39 43 1,1,1,2,0.10506432806607836,0.35927366084079,6.000000000000001,2007-01-02,2019-11-05,1374,"{""C_proxy"": 0.2, ""features"": [""long_z"", ""recent20_z"", ""recent50_z"", ""recent100_z"", ""ewma_z"", ""gap_z"", ""transition_z"", ""in_last_draw""], ""include_number"": true, ""retrain_interval"": 1, ""seed"": 20260728, ""shrink_strength"": 0.1}",audited-1.0.0-online-SGD-r1,FullFeatureLogistic
1375,108000098,2019-11-12,1 19 25 27 31 40,38 49 20 25 48 26,38 49 20 25 48 26 18 5 34 39,38 49 20 25 48 26 18 5 34 39 43 13,1,1,1,0.1077727853651546,0.3713144283718004,6.0,2007-01-02,2019-11-08,1375,"{""C_proxy"": 0.2, ""features"": [""long_z"", ""recent20_z"", ""recent50_z"", ""recent100_z"", ""ewma_z"", ""gap_z"", ""transition_z"", ""in_last_draw""], ""include_number"": true, ""retrain_interval"": 1, ""seed"": 20260728, ""shrink_strength"": 0.1}",audited-1.0.0-online-SGD-r1,FullFeatureLogistic
1376,108000099,2019-11-15,3 6 11 16 26 44,38 26 49 20 48 18,38 26 49 20 48 18 25 5 39 34,38 26 49 20 48 18 25 5 39 34 43 13,1,1,1,0.10888200580589652,0.37871612414587597,6.000000000000002,2007-01-02,2019-11-12,1376,"{""C_proxy"": 0.2, ""features"": [""long_z"", ""recent20_z"", ""recent50_z"", ""recent100_z"", ""ewma_z"", ""gap_z"", ""transition_z"", ""in_last_draw""], ""include_number"": true, ""retrain_interval"": 1, ""seed"": 20260728, ""shrink_strength"": 0.1}",audited-1.0.0-online-SGD-r1,FullFeatureLogistic
1377,108000100,2019-11-19,5 15 30 35 38 47,38 49 20 48 25 18,38 49 20 48 25 18 26 5 39 34,38 49 20 48 25 18 26 5 39 34 43 13,1,2,2,0.10728914745114111,0.3767451709659098,6.0,2007-01-02,2019-11-15,1377,"{""C_proxy"": 0.2, ""features"": [""long_z"", ""recent20_z"", ""recent50_z"", ""recent100_z"", ""ewma_z"", ""gap_z"", ""transition_z"", ""in_last_draw""], ""include_number"": true, ""retrain_interval"": 1, ""seed"": 20260728, ""shrink_strength"": 0.1}",audited-1.0.0-online-SGD-r1,FullFeatureLogistic
1378,108000101,2019-11-22,3 18 23 24 26 49,38 49 20 48 26 25,38 49 20 48 26 25 18 39 34 43,38 49 20 48 26 25 18 39 34 43 5 13,2,3,3,0.10441462695746861,0.358319872969863,6.0,2007-01-02,2019-11-19,1378,"{""C_proxy"": 0.2, ""features"": [""long_z"", ""recent20_z"", ""recent50_z"", ""recent100_z"", ""ewma_z"", ""gap_z"", ""transition_z"", ""in_last_draw""], ""include_number"": true, ""retrain_interval"": 1, ""seed"": 20260728, ""shrink_strength"": 0.1}",audited-1.0.0-online-SGD-r1,FullFeatureLogistic
1379,108000102,2019-11-26,8 10 15 19 36 45,38 20 48 25 49 5,38 20 48 25 49 5 34 26 39 13,38 20 48 25 49 5 34 26 39 13 43 9,0,0,0,0.10966556615480112,0.380532405632907,6.0,2007-01-02,2019-11-22,1379,"{""C_proxy"": 0.2, ""features"": [""long_z"", ""recent20_z"", ""recent50_z"", ""recent100_z"", ""ewma_z"", ""gap_z"", ""transition_z"", ""in_last_draw""], ""include_number"": true, ""retrain_interval"": 1, ""seed"": 20260728, ""shrink_strength"": 0.1}",audited-1.0.0-online-SGD-r1,FullFeatureLogistic
1380,108000103,2019-11-29,10 21 24 30 35 45,38 49 20 48 25 26,38 49 20 48 25 26 5 34 18 39,38 49 20 48 25 26 5 34 18 39 13 9,0,0,0,0.11183202613080183,0.39441197703095987,6.0,2007-01-02,2019-11-26,1380,"{""C_proxy"": 0.2, ""features"": [""long_z"", ""recent20_z"", ""recent50_z"", ""recent100_z"", ""ewma_z"", ""gap_z"", ""transition_z"", ""in_last_draw""], ""include_number"": true, ""retrain_interval"": 1, ""seed"": 20260728, ""shrink_strength"": 0.1}",audited-1.0.0-online-SGD-r1,FullFeatureLogistic
1381,108000104,2019-12-03,5 9 11 15 36 45,38 49 20 48 25 26,38 49 20 48 25 26 5 34 18 13,38 49 20 48 25 26 5 34 18 13 9 39,0,1,2,0.10871090640466322,0.37707850154091915,6.0,2007-01-02,2019-11-29,1381,"{""C_proxy"": 0.2, ""features"": [""long_z"", ""recent20_z"", ""recent50_z"", ""recent100_z"", ""ewma_z"", ""gap_z"", ""transition_z"", ""in_last_draw""], ""include_number"": true, ""retrain_interval"": 1, ""seed"": 20260728, ""shrink_strength"": 0.1}",audited-1.0.0-online-SGD-r1,FullFeatureLogistic
1382,108000105,2019-12-06,16 18 22 23 24 41,38 49 20 26 48 25,38 49 20 26 48 25 18 13 34 39,38 49 20 26 48 25 18 13 34 39 43 42,0,1,1,0.10874751994611008,0.37549688508056916,6.000000000000002,2007-01-02,2019-12-03,1382,"{""C_proxy"": 0.2, ""features"": [""long_z"", ""recent20_z"", ""recent50_z"", ""recent100_z"", ""ewma_z"", ""gap_z"", ""transition_z"", ""in_last_draw""], ""include_number"": true, ""retrain_interval"": 1, ""seed"": 20260728, ""shrink_strength"": 0.1}",audited-1.0.0-online-SGD-r1,FullFeatureLogistic
1383,108000106,2019-12-10,3 8 18 19 41 48,38 49 26 48 20 25,38 49 26 48 20 25 13 5 34 42,38 49 26 48 20 25 13 5 34 42 39 1,1,1,1,0.11080954965421037,0.3877114857575969,5.999999999999998,2007-01-02,2019-12-06,1383,"{""C_proxy"": 0.2, ""features"": [""long_z"", ""recent20_z"", ""recent50_z"", ""recent100_z"", ""ewma_z"", ""gap_z"", ""transition_z"", ""in_last_draw""], ""include_number"": true, ""retrain_interval"": 1, ""seed"": 20260728, ""shrink_strength"": 0.1}",audited-1.0.0-online-SGD-r1,FullFeatureLogistic
1384,108000107,2019-12-13,7 12 26 31 37 49,38 49 26 20 25 48,38 49 26 20 25 48 13 34 42 9,38 49 26 20 25 48 13 34 42 9 5 1,2,2,2,0.10545402590192844,0.36270026386427007,6.000000000000001,2007-01-02,2019-12-10,1384,"{""C_proxy"": 0.2, ""features"": [""long_z"", ""recent20_z"", ""recent50_z"", ""recent100_z"", ""ewma_z"", ""gap_z"", ""transition_z"", ""in_last_draw""], ""include_number"": true, ""retrain_interval"": 1, ""seed"": 20260728, ""shrink_strength"": 0.1}",audited-1.0.0-online-SGD-r1,FullFeatureLogistic
1385,108000108,2019-12-17,9 21 27 31 38 49,38 25 48 20 49 26,38 25 48 20 49 26 13 34 9 1,38 25 48 20 49 26 13 34 9 1 5 42,2,3,3,0.10413282113122212,0.357809009328462,6.000000000000001,2007-01-02,2019-12-13,1385,"{""C_proxy"": 0.2, ""features"": [""long_z"", ""recent20_z"", ""recent50_z"", ""recent100_z"", ""ewma_z"", ""gap_z"", ""transition_z"", ""in_last_draw""], ""include_number"": true, ""retrain_interval"": 1, ""seed"": 20260728, ""shrink_strength"": 0.1}",audited-1.0.0-online-SGD-r1,FullFeatureLogistic
1386,108000109,2019-12-20,16 21 22 28 32 46,38 26 48 25 20 13,38 26 48 25 20 13 49 34 5 1,38 26 48 25 20 13 49 34 5 1 42 39,0,0,0,0.11179756908185455,0.3910361084904882,6.000000000000001,2007-01-02,2019-12-17,1386,"{""C_proxy"": 0.2, ""features"": [""long_z"", ""recent20_z"", ""recent50_z"", ""recent100_z"", ""ewma_z"", ""gap_z"", ""transition_z"", ""in_last_draw""], ""include_number"": true, ""retrain_interval"": 1, ""seed"": 20260728, ""shrink_strength"": 0.1}",audited-1.0.0-online-SGD-r1,FullFeatureLogistic
1387,108000110,2019-12-24,9 18 31 45 48 49,38 26 25 48 49 20,38 26 25 48 49 20 13 34 1 5,38 26 25 48 49 20 13 34 1 5 42 39,2,2,2,0.10368202873161916,0.35334123771723963,6.000000000000001,2007-01-02,2019-12-20,1387,"{""C_proxy"": 0.2, ""features"": [""long_z"", ""recent20_z"", ""recent50_z"", ""recent100_z"", ""ewma_z"", ""gap_z"", ""transition_z"", ""in_last_draw""], ""include_number"": true, ""retrain_interval"": 1, ""seed"": 20260728, ""shrink_strength"": 0.1}",audited-1.0.0-online-SGD-r1,FullFeatureLogistic
1388,108000111,2019-12-27,17 18 25 32 43 45,38 26 25 20 48 13,38 26 25 20 48 13 5 1 34 42,38 26 25 20 48 13 5 1 34 42 49 43,1,1,2,0.10816954431599002,0.37563115018618637,6.000000000000001,2007-01-02,2019-12-24,1388,"{""C_proxy"": 0.2, ""features"": [""long_z"", ""recent20_z"", ""recent50_z"", ""recent100_z"", ""ewma_z"", ""gap_z"", ""transition_z"", ""in_last_draw""], ""include_number"": true, ""retrain_interval"": 1, ""seed"": 20260728, ""shrink_strength"": 0.1}",audited-1.0.0-online-SGD-r1,FullFeatureLogistic
1389,108000112,2019-12-31,10 14 26 38 39 47,38 26 48 49 20 25,38 26 48 49 20 25 13 5 1 34,38 26 48 49 20 25 13 5 1 34 42 39,2,2,3,0.10264145805106165,0.35276169766628784,6.0,2007-01-02,2019-12-27,1389,"{""C_proxy"": 0.2, ""features"": [""long_z"", ""recent20_z"", ""recent50_z"", ""recent100_z"", ""ewma_z"", ""gap_z"", ""transition_z"", ""in_last_draw""], ""include_number"": true, ""retrain_interval"": 1, ""seed"": 20260728, ""shrink_strength"": 0.1}",audited-1.0.0-online-SGD-r1,FullFeatureLogistic
1390,109000001,2020-01-03,16 18 19 29 30 47,38 25 48 26 49 20,38 25 48 26 49 20 13 5 1 42,38 25 48 26 49 20 13 5 1 42 34 43,0,0,0,0.11120691309628121,0.3901687935814025,5.999999999999999,2007-01-02,2019-12-31,1390,"{""C_proxy"": 0.2, ""features"": [""long_z"", ""recent20_z"", ""recent50_z"", ""recent100_z"", ""ewma_z"", ""gap_z"", ""transition_z"", ""in_last_draw""], ""include_number"": true, ""retrain_interval"": 1, ""seed"": 20260728, ""shrink_strength"": 0.1}",audited-1.0.0-online-SGD-r1,FullFeatureLogistic
1391,109000002,2020-01-07,1 5 8 15 16 38,38 26 25 48 49 20,38 26 25 48 49 20 13 5 42 1,38 26 25 48 49 20 13 5 42 1 43 34,1,3,3,0.10368293832554903,0.35503240119888774,5.999999999999998,2007-01-02,2020-01-03,1391,"{""C_proxy"": 0.2, ""features"": [""long_z"", ""recent20_z"", ""recent50_z"", ""recent100_z"", ""ewma_z"", ""gap_z"", ""transition_z"", ""in_last_draw""], ""include_number"": true, ""retrain_interval"": 1, ""seed"": 20260728, ""shrink_strength"": 0.1}",audited-1.0.0-online-SGD-r1,FullFeatureLogistic
1392,109000003,2020-01-10,4 7 12 17 33 38,38 26 25 48 49 20,38 26 25 48 49 20 42 13 43 39,38 26 25 48 49 20 42 13 43 39 9 34,1,1,1,0.1070017013409584,0.3691331182414388,6.000000000000001,2007-01-02,2020-01-07,1392,"{""C_proxy"": 0.2, ""features"": [""long_z"", ""recent20_z"", ""recent50_z"", ""recent100_z"", ""ewma_z"", ""gap_z"", ""transition_z"", ""in_last_draw""], ""include_number"": true, ""retrain_interval"": 1, ""seed"": 20260728, ""shrink_strength"": 0.1}",audited-1.0.0-online-SGD-r1,FullFeatureLogistic
1393,109000004,2020-01-14,7 20 34 37 38 47,26 38 25 48 49 20,26 38 25 48 49 20 42 13 43 5,26 38 25 48 49 20 42 13 43 5 1 9,2,2,2,0.10614811862818253,0.36579640004506647,5.999999999999999,2007-01-02,2020-01-10,1393,"{""C_proxy"": 0.2, ""features"": [""long_z"", ""recent20_z"", ""recent50_z"", ""recent100_z"", ""ewma_z"", ""gap_z"", ""transition_z"", ""in_last_draw""], ""include_number"": true, ""retrain_interval"": 1, ""seed"": 20260728, ""shrink_strength"": 0.1}",audited-1.0.0-online-SGD-r1,FullFeatureLogistic
1394,109000005,2020-01-17,7 9 20 42 44 45,26 25 48 49 38 5,26 25 48 49 38 5 1 43 13 42,26 25 48 49 38 5 1 43 13 42 9 20,0,1,3,0.10667472000425315,0.36653057950238616,6.0,2007-01-02,2020-01-14,1394,"{""C_proxy"": 0.2, ""features"": [""long_z"", ""recent20_z"", ""recent50_z"", ""recent100_z"", ""ewma_z"", ""gap_z"", ""transition_z"", ""in_last_draw""], ""include_number"": true, ""retrain_interval"": 1, ""seed"": 20260728, ""shrink_strength"": 0.1}",audited-1.0.0-online-SGD-r1,FullFeatureLogistic
1395,109000006,2020-01-21,17 22 30 38 44 48,26 38 25 48 49 5,26 38 25 48 49 5 1 43 13 34,26 38 25 48 49 5 1 43 13 34 39 42,2,2,2,0.10920468315276526,0.38478743657833997,6.0,2007-01-02,2020-01-17,1395,"{""C_proxy"": 0.2, ""features"": [""long_z"", ""recent20_z"", ""recent50_z"", ""recent100_z"", ""ewma_z"", ""gap_z"", ""transition_z"", ""in_last_draw""], ""include_number"": true, ""retrain_interval"": 1, ""seed"": 20260728, ""shrink_strength"": 0.1}",audited-1.0.0-online-SGD-r1,FullFeatureLogistic
1396,109000007,2020-01-23,13 18 23 30 44 48,26 25 49 38 5 48,26 25 49 38 5 48 43 1 42 20,26 25 49 38 5 48 43 1 42 20 13 34,1,1,2,0.10985402327949928,0.3865976539440278,6.0,2007-01-02,2020-01-21,1396,"{""C_proxy"": 0.2, ""features"": [""long_z"", ""recent20_z"", ""recent50_z"", ""recent100_z"", ""ewma_z"", ""gap_z"", ""transition_z"", ""in_last_draw""], ""include_number"": true, ""retrain_interval"": 1, ""seed"": 20260728, ""shrink_strength"": 0.1}",audited-1.0.0-online-SGD-r1,FullFeatureLogistic
1397,109000008,2020-01-24,7 13 18 21 38 44,26 38 25 49 43 1,26 38 25 49 43 1 20 5 42 9,26 38 25 49 43 1 20 5 42 9 34 48,1,1,1,0.10769930674092726,0.37258631790443764,6.0,2007-01-02,2020-01-23,1397,"{""C_proxy"": 0.2, ""features"": [""long_z"", ""recent20_z"", ""recent50_z"", ""recent100_z"", ""ewma_z"", ""gap_z"", ""transition_z"", ""in_last_draw""], ""include_number"": true, ""retrain_interval"": 1, ""seed"": 20260728, ""shrink_strength"": 0.1}",audited-1.0.0-online-SGD-r1,FullFeatureLogistic
1398,109000009,2020-01-25,5 13 16 31 41 45,26 25 49 38 48 43,26 25 49 38 48 43 1 20 5 42,26 25 49 38 48 43 1 20 5 42 9 34,0,1,1,0.10765783305300412,0.3703765695645801,6.000000000000001,2007-01-02,2020-01-24,1398,"{""C_proxy"": 0.2, ""features"": [""long_z"", ""recent20_z"", ""recent50_z"", ""recent100_z"", ""ewma_z"", ""gap_z"", ""transition_z"", ""in_last_draw""], ""include_number"": true, ""retrain_interval"": 1, ""seed"": 20260728, ""shrink_strength"": 0.1}",audited-1.0.0-online-SGD-r1,FullFeatureLogistic
1399,109000010,2020-01-26,3 28 29 35 41 47,26 38 25 49 48 20,26 38 25 49 48 20 43 9 42 1,26 38 25 49 48 20 43 9 42 1 34 10,0,0,0,0.11231843423258978,0.3939487913520814,6.000000000000001,2007-01-02,2020-01-25,1399,"{""C_proxy"": 0.2, ""features"": [""long_z"", ""recent20_z"", ""recent50_z"", ""recent100_z"", ""ewma_z"", ""gap_z"", ""transition_z"", ""in_last_draw""], ""include_number"": true, ""retrain_interval"": 1, ""seed"": 20260728, ""shrink_strength"": 0.1}",audited-1.0.0-online-SGD-r1,FullFeatureLogistic
1400,109000011,2020-01-27,9 12 23 33 39 45,26 38 25 49 48 20,26 38 25 49 48 20 9 42 43 34,26 38 25 49 48 20 9 42 43 34 1 5,0,1,1,0.10620422469061457,0.36320081963980044,5.999999999999999,2007-01-02,2020-01-26,1400,"{""C_proxy"": 0.2, ""features"": [""long_z"", ""recent20_z"", ""recent50_z"", ""recent100_z"", ""ewma_z"", ""gap_z"", ""transition_z"", ""in_last_draw""], ""include_number"": true, ""retrain_interval"": 1, ""seed"": 20260728, ""shrink_strength"": 0.1}",audited-1.0.0-online-SGD-r1,FullFeatureLogistic
1401,109000012,2020-01-28,2 3 13 20 28 38,26 38 25 49 48 42,26 38 25 49 48 42 20 34 43 1,26 38 25 49 48 42 20 34 43 1 5 10,1,2,2,0.10388318955290919,0.3542048211206082,6.000000000000001,2007-01-02,2020-01-27,1401,"{""C_proxy"": 0.2, ""features"": [""long_z"", ""recent20_z"", ""recent50_z"", ""recent100_z"", ""ewma_z"", ""gap_z"", ""transition_z"", ""in_last_draw""], ""include_number"": true, ""retrain_interval"": 1, ""seed"": 20260728, ""shrink_strength"": 0.1}",audited-1.0.0-online-SGD-r1,FullFeatureLogistic
1402,109000013,2020-01-29,1 4 9 14 15 49,26 25 49 38 48 42,26 25 49 38 48 42 9 43 5 1,26 25 49 38 48 42 9 43 5 1 34 10,1,3,3,0.10501796329660126,0.36124610596436635,6.000000000000001,2007-01-02,2020-01-28,1402,"{""C_proxy"": 0.2, ""features"": [""long_z"", ""recent20_z"", ""recent50_z"", ""recent100_z"", ""ewma_z"", ""gap_z"", ""transition_z"", ""in_last_draw""], ""include_number"": true, ""retrain_interval"": 1, ""seed"": 20260728, ""shrink_strength"": 0.1}",audited-1.0.0-online-SGD-r1,FullFeatureLogistic
1403,109000014,2020-01-30,6 24 35 41 46 49,26 25 38 48 49 42,26 25 38 48 49 42 20 10 43 34,26 25 38 48 49 42 20 10 43 34 5 39,1,1,1,0.11061799337384717,0.38761802530416833,5.999999999999999,2007-01-02,2020-01-29,1403,"{""C_proxy"": 0.2, ""features"": [""long_z"", ""recent20_z"", ""recent50_z"", ""recent100_z"", ""ewma_z"", ""gap_z"", ""transition_z"", ""in_last_draw""], ""include_number"": true, ""retrain_interval"": 1, ""seed"": 20260728, ""shrink_strength"": 0.1}",audited-1.0.0-online-SGD-r1,FullFeatureLogistic
1404,109000015,2020-01-31,14 16 19 28 32 49,26 38 25 48 20 5,26 38 25 48 20 5 34 49 42 10,26 38 25 48 20 5 34 49 42 10 39 43,0,1,1,0.11219359012267843,0.39504069112496415,6.000000000000001,2007-01-02,2020-01-30,1404,"{""C_proxy"": 0.2, ""features"": [""long_z"", ""recent20_z"", ""recent50_z"", ""recent100_z"", ""ewma_z"", ""gap_z"", ""transition_z"", ""in_last_draw""], ""include_number"": true, ""retrain_interval"": 1, ""seed"": 20260728, ""shrink_strength"": 0.1}",audited-1.0.0-online-SGD-r1,FullFeatureLogistic
1405,109000016,2020-02-01,2 10 12 20 26 34,26 38 25 48 20 5,26 38 25 48 20 5 34 10 39 42,26 38 25 48 20 5 34 10 39 42 9 43,2,4,4,0.10042658964571968,0.3398339002887362,6.000000000000001,2007-01-02,2020-01-31,1405,"{""C_proxy"": 0.2, ""features"": [""long_z"", ""recent20_z"", ""recent50_z"", ""recent100_z"", ""ewma_z"", ""gap_z"", ""transition_z"", ""in_last_draw""], ""include_number"": true, ""retrain_interval"": 1, ""seed"": 20260728, ""shrink_strength"": 0.1}",audited-1.0.0-online-SGD-r1,FullFeatureLogistic
1406,109000017,2020-02-02,3 16 17 30 33 37,38 26 25 48 49 39,38 26 25 48 49 39 5 42 43 9,38 26 25 48 49 39 5 42 43 9 18 1,0,0,0,0.1141595839329445,0.4056359229066168,6.0,2007-01-02,2020-02-01,1406,"{""C_proxy"": 0.2, ""features"": [""long_z"", ""recent20_z"", ""recent50_z"", ""recent100_z"", ""ewma_z"", ""gap_z"", ""transition_z"", ""in_last_draw""], ""include_number"": true, ""retrain_interval"": 1, ""seed"": 20260728, ""shrink_strength"": 0.1}",audited-1.0.0-online-SGD-r1,FullFeatureLogistic
1407,109000018,2020-02-04,3 23 27 28 37 48,26 38 25 48 49 9,26 38 25 48 49 9 39 42 18 5,26 38 25 48 49 9 39 42 18 5 34 43,1,1,1,0.11094202252124842,0.38698428791604444,5.999999999999999,2007-01-02,2020-02-02,1407,"{""C_proxy"": 0.2, ""features"": [""long_z"", ""recent20_z"", ""recent50_z"", ""recent100_z"", ""ewma_z"", ""gap_z"", ""transition_z"", ""in_last_draw""], ""include_number"": true, ""retrain_interval"": 1, ""seed"": 20260728, ""shrink_strength"": 0.1}",audited-1.0.0-online-SGD-r1,FullFeatureLogistic
1408,109000019,2020-02-07,5 15 19 22 30 42,26 38 25 49 9 39,26 38 25 49 9 39 42 18 5 34,26 38 25 49 9 39 42 18 5 34 43 10,0,2,2,0.10916631640004264,0.38181445540705705,6.0,2007-01-02,2020-02-04,1408,"{""C_proxy"": 0.2, ""features"": [""long_z"", ""recent20_z"", ""recent50_z"", ""recent100_z"", ""ewma_z"", ""gap_z"", ""transition_z"", ""in_last_draw""], ""include_number"": true, ""retrain_interval"": 1, ""seed"": 20260728, ""shrink_strength"": 0.1}",audited-1.0.0-online-SGD-r1,FullFeatureLogistic
1409,109000020,2020-02-11,9 22 23 37 43 46,26 38 25 49 9 48,26 38 25 49 9 48 18 39 34 10,26 38 25 49 9 48 18 39 34 10 43 20,1,1,2,0.11010990960578729,0.38367307629254177,6.0,2007-01-02,2020-02-07,1409,"{""C_proxy"": 0.2, ""features"": [""long_z"", ""recent20_z"", ""recent50_z"", ""recent100_z"", ""ewma_z"", ""gap_z"", ""transition_z"", ""in_last_draw""], ""include_number"": true, ""retrain_interval"": 1, ""seed"": 20260728, ""shrink_strength"": 0.1}",audited-1.0.0-online-SGD-r1,FullFeatureLogistic
1410,109000021,2020-02-14,7 13 23 33 35 36,26 38 25 49 48 18,26 38 25 49 48 18 39 34 10 42,26 38 25 49 48 18 39 34 10 42 20 1,0,0,0,0.11197355463899404,0.3920378564055281,6.0,2007-01-02,2020-02-11,1410,"{""C_proxy"": 0.2, ""features"": [""long_z"", ""recent20_z"", ""recent50_z"", ""recent100_z"", ""ewma_z"", ""gap_z"", ""transition_z"", ""in_last_draw""], ""include_number"": true, ""retrain_interval"": 1, ""seed"": 20260728, ""shrink_strength"": 0.1}",audited-1.0.0-online-SGD-r1,FullFeatureLogistic
1411,109000022,2020-02-18,4 13 31 35 37 42,26 38 25 49 48 18,26 38 25 49 48 18 39 9 42 10,26 38 25 49 48 18 39 9 42 10 34 20,0,1,1,0.1110637955485635,0.3894556932363412,6.000000000000001,2007-01-02,2020-02-14,1411,"{""C_proxy"": 0.2, ""features"": [""long_z"", ""recent20_z"", ""recent50_z"", ""recent100_z"", ""ewma_z"", ""gap_z"", ""transition_z"", ""in_last_draw""], ""include_number"": true, ""retrain_interval"": 1, ""seed"": 20260728, ""shrink_strength"": 0.1}",audited-1.0.0-online-SGD-r1,FullFeatureLogistic
1412,109000023,2020-02-21,13 15 27 34 35 39,26 38 25 49 48 9,26 38 25 49 48 9 18 10 39 34,26 38 25 49 48 9 18 10 39 34 20 43,0,2,2,0.10825224597072902,0.3757843606740226,6.000000000000001,2007-01-02,2020-02-18,1412,"{""C_proxy"": 0.2, ""features"": [""long_z"", ""recent20_z"", ""recent50_z"", ""recent100_z"", ""ewma_z"", ""gap_z"", ""transition_z"", ""in_last_draw""], ""include_number"": true, ""retrain_interval"": 1, ""seed"": 20260728, ""shrink_strength"": 0.1}",audited-1.0.0-online-SGD-r1,FullFeatureLogistic
1413,109000024,2020-02-25,1 2 8 44 47 48,26 38 25 49 48 9,26 38 25 49 48 9 18 20 10 5,26 38 25 49 48 9 18 20 10 5 43 1,1,1,2,0.10723406821328833,0.36893843791764547,6.0,2007-01-02,2020-02-21,1413,"{""C_proxy"": 0.2, ""features"": [""long_z"", ""recent20_z"", ""recent50_z"", ""recent100_z"", ""ewma_z"", ""gap_z"", ""transition_z"", ""in_last_draw""], ""include_number"": true, ""retrain_interval"": 1, ""seed"": 20260728, ""shrink_strength"": 0.1}",audited-1.0.0-online-SGD-r1,FullFeatureLogistic
1414,109000025,2020-02-28,2 9 18 27 46 48,26 38 25 49 18 9,26 38 25 49 18 9 20 10 5 39,26 38 25 49 18 9 20 10 5 39 43 42,2,2,2,0.10670305649211617,0.3670499453581122,6.000000000000001,2007-01-02,2020-02-25,1414,"{""C_proxy"": 0.2, ""features"": [""long_z"", ""recent20_z"", ""recent50_z"", ""recent100_z"", ""ewma_z"", ""gap_z"", ""transition_z"", ""in_last_draw""], ""include_number"": true, ""retrain_interval"": 1, ""seed"": 20260728, ""shrink_strength"": 0.1}",audited-1.0.0-online-SGD-r1,FullFeatureLogistic
1415,109000026,2020-03-03,8 10 11 17 28 42,26 38 25 49 20 5,26 38 25 49 20 5 39 10 43 42,26 38 25 49 20 5 39 10 43 42 18 1,0,2,2,0.11100296948818134,0.3885925118006171,6.000000000000001,2007-01-02,2020-02-28,1415,"{""C_proxy"": 0.2, ""features"": [""long_z"", ""recent20_z"", ""recent50_z"", ""recent100_z"", ""ewma_z"", ""gap_z"", ""transition_z"", ""in_last_draw""], ""include_number"": true, ""retrain_interval"": 1, ""seed"": 20260728, ""shrink_strength"": 0.1}",audited-1.0.0-online-SGD-r1,FullFeatureLogistic
1416,109000027,2020-03-06,8 12 13 15 16 30,26 38 25 49 18 20,26 38 25 49 18 20 9 5 43 39,26 38 25 49 18 20 9 5 43 39 48 1,0,0,0,0.11126485434508152,0.3906861247939849,6.000000000000001,2007-01-02,2020-03-03,1416,"{""C_proxy"": 0.2, ""features"": [""long_z"", ""recent20_z"", ""recent50_z"", ""recent100_z"", ""ewma_z"", ""gap_z"", ""transition_z"", ""in_last_draw""], ""include_number"": true, ""retrain_interval"": 1, ""seed"": 20260728, ""shrink_strength"": 0.1}",audited-1.0.0-online-SGD-r1,FullFeatureLogistic
1417,109000028,2020-03-10,1 4 12 25 34 37,26 38 25 49 18 9,26 38 25 49 18 9 20 5 43 39,26 38 25 49 18 9 20 5 43 39 48 10,1,1,1,0.10667757153978923,0.36779359346408,6.000000000000001,2007-01-02,2020-03-06,1417,"{""C_proxy"": 0.2, ""features"": [""long_z"", ""recent20_z"", ""recent50_z"", ""recent100_z"", ""ewma_z"", ""gap_z"", ""transition_z"", ""in_last_draw""], ""include_number"": true, ""retrain_interval"": 1, ""seed"": 20260728, ""shrink_strength"": 0.1}",audited-1.0.0-online-SGD-r1,FullFeatureLogistic
1418,109000029,2020-03-13,14 22 32 33 34 49,26 38 49 25 9 18,26 38 49 25 9 18 20 5 43 39,26 38 49 25 9 18 20 5 43 39 48 10,1,1,1,0.10956311625966003,0.3828272329923142,6.000000000000001,2007-01-02,2020-03-10,1418,"{""C_proxy"": 0.2, ""features"": [""long_z"", ""recent20_z"", ""recent50_z"", ""recent100_z"", ""ewma_z"", ""gap_z"", ""transition_z"", ""in_last_draw""], ""include_number"": true, ""retrain_interval"": 1, ""seed"": 20260728, ""shrink_strength"": 0.1}",audited-1.0.0-online-SGD-r1,FullFeatureLogistic
1419,109000030,2020-03-17,10 17 28 29 43 47,26 38 25 9 18 49,26 38 25 9 18 49 20 5 43 39,26 38 25 9 18 49 20 5 43 39 10 48,0,1,2,0.1081972852842099,0.37321423101689183,6.0,2007-01-02,2020-03-13,1419,"{""C_proxy"": 0.2, ""features"": [""long_z"", ""recent20_z"", ""recent50_z"", ""recent100_z"", ""ewma_z"", ""gap_z"", ""transition_z"", ""in_last_draw""], ""include_number"": true, ""retrain_interval"": 1, ""seed"": 20260728, ""shrink_strength"": 0.1}",audited-1.0.0-online-SGD-r1,FullFeatureLogistic
1420,109000031,2020-03-20,1 8 13 43 46 48,26 38 25 49 9 18,26 38 25 49 9 18 20 5 39 48,26 38 25 49 9 18 20 5 39 48 42 40,0,1,1,0.10903333220688947,0.37779200827417064,5.999999999999999,2007-01-02,2020-03-17,1420,"{""C_proxy"": 0.2, ""features"": [""long_z"", ""recent20_z"", ""recent50_z"", ""recent100_z"", ""ewma_z"", ""gap_z"", ""transition_z"", ""in_last_draw""], ""include_number"": true, ""retrain_interval"": 1, ""seed"": 20260728, ""shrink_strength"": 0.1}",audited-1.0.0-online-SGD-r1,FullFeatureLogistic
1421,109000032,2020-03-24,10 12 16 29 41 45,38 26 25 49 9 18,38 26 25 49 9 18 20 5 39 42,38 26 25 49 9 18 20 5 39 42 10 15,0,0,1,0.10871843653227319,0.37418539828630154,5.999999999999999,2007-01-02,2020-03-20,1421,"{""C_proxy"": 0.2, ""features"": [""long_z"", ""recent20_z"", ""recent50_z"", ""recent100_z"", ""ewma_z"", ""gap_z"", ""transition_z"", ""in_last_draw""], ""include_number"": true, ""retrain_interval"": 1, ""seed"": 20260728, ""shrink_strength"": 0.1}",audited-1.0.0-online-SGD-r1,FullFeatureLogistic
1422,109000033,2020-03-27,2 8 10 16 23 49,26 38 25 49 9 18,26 38 25 49 9 18 20 5 39 42,26 38 25 49 9 18 20 5 39 42 48 15,1,1,1,0.108161511843162,0.3738031234256538,6.0,2007-01-02,2020-03-24,1422,"{""C_proxy"": 0.2, ""features"": [""long_z"", ""recent20_z"", ""recent50_z"", ""recent100_z"", ""ewma_z"", ""gap_z"", ""transition_z"", ""in_last_draw""], ""include_number"": true, ""retrain_interval"": 1, ""seed"": 20260728, ""shrink_strength"": 0.1}",audited-1.0.0-online-SGD-r1,FullFeatureLogistic
1423,109000034,2020-03-31,6 21 26 34 36 49,38 26 25 9 18 20,38 26 25 9 18 20 5 49 39 48,38 26 25 9 18 20 5 49 39 48 42 15,1,2,2,0.10389643110497684,0.3554315023306133,6.000000000000002,2007-01-02,2020-03-27,1423,"{""C_proxy"": 0.2, ""features"": [""long_z"", ""recent20_z"", ""recent50_z"", ""recent100_z"", ""ewma_z"", ""gap_z"", ""transition_z"", ""in_last_draw""], ""include_number"": true, ""retrain_interval"": 1, ""seed"": 20260728, ""shrink_strength"": 0.1}",audited-1.0.0-online-SGD-r1,FullFeatureLogistic
1424,109000035,2020-04-03,2 17 32 43 45 47,38 26 25 18 9 20,38 26 25 18 9 20 5 39 48 42,38 26 25 18 9 20 5 39 48 42 49 15,0,0,0,0.11054852589820252,0.38552525154165396,5.999999999999999,2007-01-02,2020-03-31,1424,"{""C_proxy"": 0.2, ""features"": [""long_z"", ""recent20_z"", ""recent50_z"", ""recent100_z"", ""ewma_z"", ""gap_z"", ""transition_z"", ""in_last_draw""], ""include_number"": true, ""retrain_interval"": 1, ""seed"": 20260728, ""shrink_strength"": 0.1}",audited-1.0.0-online-SGD-r1,FullFeatureLogistic
1425,109000036,2020-04-07,4 7 12 18 27 44,38 26 25 18 9 20,38 26 25 18 9 20 49 5 48 39,38 26 25 18 9 20 49 5 48 39 42 15,1,1,1,0.10843311984854076,0.3733759656926334,5.999999999999999,2007-01-02,2020-04-03,1425,"{""C_proxy"": 0.2, ""features"": [""long_z"", ""recent20_z"", ""recent50_z"", ""recent100_z"", ""ewma_z"", ""gap_z"", ""transition_z"", ""in_last_draw""], ""include_number"": true, ""retrain_interval"": 1, ""seed"": 20260728, ""shrink_strength"": 0.1}",audited-1.0.0-online-SGD-r1,FullFeatureLogistic
1426,109000037,2020-04-10,13 33 41 47 48 49,38 26 25 9 20 49,38 26 25 9 20 49 5 48 39 42,38 26 25 9 20 49 5 48 39 42 18 15,1,2,2,0.10624313108051778,0.36413602552312885,6.0,2007-01-02,2020-04-07,1426,"{""C_proxy"": 0.2, ""features"": [""long_z"", ""recent20_z"", ""recent50_z"", ""recent100_z"", ""ewma_z"", ""gap_z"", ""transition_z"", ""in_last_draw""], ""include_number"": true, ""retrain_interval"": 1, ""seed"": 20260728, ""shrink_strength"": 0.1}",audited-1.0.0-online-SGD-r1,FullFeatureLogistic
1427,109000038,2020-04-14,17 19 21 26 33 45,38 26 25 9 20 5,38 26 25 9 20 5 18 42 39 15,38 26 25 9 20 5 18 42 39 15 49 48,1,1,1,0.1087634373151787,0.3790161724098582,6.000000000000002,2007-01-02,2020-04-10,1427,"{""C_proxy"": 0.2, ""features"": [""long_z"", ""recent20_z"", ""recent50_z"", ""recent100_z"", ""ewma_z"", ""gap_z"", ""transition_z"", ""in_last_draw""], ""include_number"": true, ""retrain_interval"": 1, ""seed"": 20260728, ""shrink_strength"": 0.1}",audited-1.0.0-online-SGD-r1,FullFeatureLogistic
1428,109000039,2020-04-17,1 21 31 33 42 44,38 25 26 9 20 18,38 25 26 9 20 18 5 49 42 39,38 25 26 9 20 18 5 49 42 39 48 15,0,1,1,0.10865602645905674,0.3745834195982222,6.000000000000002,2007-01-02,2020-04-14,1428,"{""C_proxy"": 0.2, ""features"": [""long_z"", ""recent20_z"", ""recent50_z"", ""recent100_z"", ""ewma_z"", ""gap_z"", ""transition_z"", ""in_last_draw""], ""include_number"": true, ""retrain_interval"": 1, ""seed"": 20260728, ""shrink_strength"": 0.1}",audited-1.0.0-online-SGD-r1,FullFeatureLogistic
1429,109000040,2020-04-21,1 2 29 33 45 47,38 26 25 9 20 18,38 26 25 9 20 18 49 5 48 39,38 26 25 9 20 18 49 5 48 39 34 42,0,0,0,0.10951694485825142,0.37765577511979337,6.0,2007-01-02,2020-04-17,1429,"{""C_proxy"": 0.2, ""features"": [""long_z"", ""recent20_z"", ""recent50_z"", ""recent100_z"", ""ewma_z"", ""gap_z"", ""transition_z"", ""in_last_draw""], ""include_number"": true, ""retrain_interval"": 1, ""seed"": 20260728, ""shrink_strength"": 0.1}",audited-1.0.0-online-SGD-r1,FullFeatureLogistic
1430,109000041,2020-04-24,7 10 14 15 17 39,38 26 25 9 49 20,38 26 25 9 49 20 18 5 48 39,38 26 25 9 49 20 18 5 48 39 42 34,0,1,1,0.10974938438643517,0.38281939785119073,6.000000000000001,2007-01-02,2020-04-21,1430,"{""C_proxy"": 0.2, ""features"": [""long_z"", ""recent20_z"", ""recent50_z"", ""recent100_z"", ""ewma_z"", ""gap_z"", ""transition_z"", ""in_last_draw""], ""include_number"": true, ""retrain_interval"": 1, ""seed"": 20260728, ""shrink_strength"": 0.1}",audited-1.0.0-online-SGD-r1,FullFeatureLogistic
1431,109000042,2020-04-28,16 29 36 39 43 48,38 26 25 9 49 20,38 26 25 9 49 20 18 48 5 42,38 26 25 9 49 20 18 48 5 42 34 13,0,1,1,0.10679874413918479,0.36612247061646835,6.000000000000001,2007-01-02,2020-04-24,1431,"{""C_proxy"": 0.2, ""features"": [""long_z"", ""recent20_z"", ""recent50_z"", ""recent100_z"", ""ewma_z"", ""gap_z"", ""transition_z"", ""in_last_draw""], ""include_number"": true, ""retrain_interval"": 1, ""seed"": 20260728, ""shrink_strength"": 0.1}",audited-1.0.0-online-SGD-r1,FullFeatureLogistic
1432,109000043,2020-05-01,5 18 25 34 48 49,38 26 25 9 49 20,38 26 25 9 49 20 18 5 42 34,38 26 25 9 49 20 18 5 42 34 13 48,2,5,6,0.09907336301370245,0.3339430885093156,6.000000000000001,2007-01-02,2020-04-28,1432,"{""C_proxy"": 0.2, ""features"": [""long_z"", ""recent20_z"", ""recent50_z"", ""recent100_z"", ""ewma_z"", ""gap_z"", ""transition_z"", ""in_last_draw""], ""include_number"": true, ""retrain_interval"": 1, ""seed"": 20260728, ""shrink_strength"": 0.1}",audited-1.0.0-online-SGD-r1,FullFeatureLogistic
1433,109000044,2020-05-05,17 19 24 36 43 49,38 26 9 25 20 42,38 26 9 25 20 42 49 5 13 18,38 26 9 25 20 42 49 5 13 18 39 15,0,1,1,0.11057969138078613,0.386219196783989,6.000000000000001,2007-01-02,2020-05-01,1433,"{""C_proxy"": 0.2, ""features"": [""long_z"", ""recent20_z"", ""recent50_z"", ""recent100_z"", ""ewma_z"", ""gap_z"", ""transition_z"", ""in_last_draw""], ""include_number"": true, ""retrain_interval"": 1, ""seed"": 20260728, ""shrink_strength"": 0.1}",audited-1.0.0-online-SGD-r1,FullFeatureLogistic
1434,109000045,2020-05-08,8 9 10 24 27 31,38 26 25 9 20 18,38 26 25 9 20 18 5 42 13 34,38 26 25 9 20 18 5 42 13 34 48 49,1,1,1,0.1078494483397492,0.3718596548475586,5.999999999999999,2007-01-02,2020-05-05,1434,"{""C_proxy"": 0.2, ""features"": [""long_z"", ""recent20_z"", ""recent50_z"", ""recent100_z"", ""ewma_z"", ""gap_z"", ""transition_z"", ""in_last_draw""], ""include_number"": true, ""retrain_interval"": 1, ""seed"": 20260728, ""shrink_strength"": 0.1}",audited-1.0.0-online-SGD-r1,FullFeatureLogistic
1435,109000046,2020-05-12,1 5 8 11 35 36,38 26 25 20 9 49,38 26 25 20 9 49 18 42 5 13,38 26 25 20 9 49 18 42 5 13 34 48,0,1,1,0.11325259906137851,0.40106245427360443,6.0,2007-01-02,2020-05-08,1435,"{""C_proxy"": 0.2, ""features"": [""long_z"", ""recent20_z"", ""recent50_z"", ""recent100_z"", ""ewma_z"", ""gap_z"", ""transition_z"", ""in_last_draw""], ""include_number"": true, ""retrain_interval"": 1, ""seed"": 20260728, ""shrink_strength"": 0.1}",audited-1.0.0-online-SGD-r1,FullFeatureLogistic
1436,109000047,2020-05-15,6 11 31 40 42 45,38 26 25 9 20 49,38 26 25 9 20 49 18 42 13 48,38 26 25 9 20 49 18 42 13 48 34 39,0,1,1,0.10945504702760632,0.38004691105752075,5.999999999999999,2007-01-02,2020-05-12,1436,"{""C_proxy"": 0.2, ""features"": [""long_z"", ""recent20_z"", ""recent50_z"", ""recent100_z"", ""ewma_z"", ""gap_z"", ""transition_z"", ""in_last_draw""], ""include_number"": true, ""retrain_interval"": 1, ""seed"": 20260728, ""shrink_strength"": 0.1}",audited-1.0.0-online-SGD-r1,FullFeatureLogistic
1437,109000048,2020-05-19,27 32 33 40 43 44,38 26 25 9 20 49,38 26 25 9 20 49 18 48 13 34,38 26 25 9 20 49 18 48 13 34 39 5,0,0,0,0.11128215984781321,0.3876190892524328,6.0,2007-01-02,2020-05-15,1437,"{""C_proxy"": 0.2, ""features"": [""long_z"", ""recent20_z"", ""recent50_z"", ""recent100_z"", ""ewma_z"", ""gap_z"", ""transition_z"", ""in_last_draw""], ""include_number"": true, ""retrain_interval"": 1, ""seed"": 20260728, ""shrink_strength"": 0.1}",audited-1.0.0-online-SGD-r1,FullFeatureLogistic
1438,109000049,2020-05-22,3 7 10 13 39 46,38 26 25 9 20 49,38 26 25 9 20 49 18 13 48 34,38 26 25 9 20 49 18 13 48 34 5 42,0,1,1,0.10761205619183005,0.37005568089278407,5.999999999999999,2007-01-02,2020-05-19,1438,"{""C_proxy"": 0.2, ""features"": [""long_z"", ""recent20_z"", ""recent50_z"", ""recent100_z"", ""ewma_z"", ""gap_z"", ""transition_z"", ""in_last_draw""], ""include_number"": true, ""retrain_interval"": 1, ""seed"": 20260728, ""shrink_strength"": 0.1}",audited-1.0.0-online-SGD-r1,FullFeatureLogistic
1439,109000050,2020-05-26,1 5 25 29 33 38,38 26 25 9 20 49,38 26 25 9 20 49 18 48 34 5,38 26 25 9 20 49 18 48 34 5 42 15,2,3,3,0.10166470546980981,0.3465979956107072,6.0,2007-01-02,2020-05-22,1439,"{""C_proxy"": 0.2, ""features"": [""long_z"", ""recent20_z"", ""recent50_z"", ""recent100_z"", ""ewma_z"", ""gap_z"", ""transition_z"", ""in_last_draw""], ""include_number"": true, ""retrain_interval"": 1, ""seed"": 20260728, ""shrink_strength"": 0.1}",audited-1.0.0-online-SGD-r1,FullFeatureLogistic
1440,109000051,2020-05-29,31 35 39 40 45 49,38 26 9 49 25 20,38 26 9 49 25 20 18 48 13 42,38 26 9 49 25 20 18 48 13 42 34 15,1,1,1,0.1083886148449385,0.3752908538068728,6.0,2007-01-02,2020-05-26,1440,"{""C_proxy"": 0.2, ""features"": [""long_z"", ""recent20_z"", ""recent50_z"", ""recent100_z"", ""ewma_z"", ""gap_z"", ""transition_z"", ""in_last_draw""], ""include_number"": true, ""retrain_interval"": 1, ""seed"": 20260728, ""shrink_strength"": 0.1}",audited-1.0.0-online-SGD-r1,FullFeatureLogistic
1441,109000052,2020-06-02,1 6 22 25 33 48,38 26 25 9 48 20,38 26 25 9 48 20 18 13 42 34,38 26 25 9 48 20 18 13 42 34 49 5,2,2,2,0.10431354989998899,0.3556384050770916,6.0,2007-01-02,2020-05-29,1441,"{""C_proxy"": 0.2, ""features"": [""long_z"", ""recent20_z"", ""recent50_z"", ""recent100_z"", ""ewma_z"", ""gap_z"", ""transition_z"", ""in_last_draw""], ""include_number"": true, ""retrain_interval"": 1, ""seed"": 20260728, ""shrink_strength"": 0.1}",audited-1.0.0-online-SGD-r1,FullFeatureLogistic
1442,109000053,2020-06-05,3 5 8 24 26 49,38 26 9 49 20 25,38 26 9 49 20 25 18 13 42 34,38 26 9 49 20 25 18 13 42 34 5 2,2,2,3,0.10389659960664119,0.3563141480448978,6.0,2007-01-02,2020-06-02,1442,"{""C_proxy"": 0.2, ""features"": [""long_z"", ""recent20_z"", ""recent50_z"", ""recent100_z"", ""ewma_z"", ""gap_z"", ""transition_z"", ""in_last_draw""], ""include_number"": true, ""retrain_interval"": 1, ""seed"": 20260728, ""shrink_strength"": 0.1}",audited-1.0.0-online-SGD-r1,FullFeatureLogistic
1443,109000054,2020-06-09,8 17 28 35 36 47,38 26 9 25 20 13,38 26 9 25 20 13 18 48 42 34,38 26 9 25 20 13 18 48 42 34 49 2,0,0,0,0.11469918353494789,0.40724969627932683,5.999999999999999,2007-01-02,2020-06-05,1443,"{""C_proxy"": 0.2, ""features"": [""long_z"", ""recent20_z"", ""recent50_z"", ""recent100_z"", ""ewma_z"", ""gap_z"", ""transition_z"", ""in_last_draw""], ""include_number"": true, ""retrain_interval"": 1, ""seed"": 20260728, ""shrink_strength"": 0.1}",audited-1.0.0-online-SGD-r1,FullFeatureLogistic
1444,109000055,2020-06-12,1 6 28 30 33 48,38 26 25 9 49 13,38 26 25 9 49 13 48 18 20 42,38 26 25 9 49 13 48 18 20 42 34 2,0,1,1,0.10958519532995173,0.3819318532074401,6.000000000000002,2007-01-02,2020-06-09,1444,"{""C_proxy"": 0.2, ""features"": [""long_z"", ""recent20_z"", ""recent50_z"", ""recent100_z"", ""ewma_z"", ""gap_z"", ""transition_z"", ""in_last_draw""], ""include_number"": true, ""retrain_interval"": 1, ""seed"": 20260728, ""shrink_strength"": 0.1}",audited-1.0.0-online-SGD-r1,FullFeatureLogistic
1445,109000056,2020-06-16,6 13 20 23 29 46,38 26 25 9 49 13,38 26 25 9 49 13 18 20 34 42,38 26 25 9 49 13 18 20 34 42 2 5,1,2,2,0.1078008253838907,0.37151102009839315,6.000000000000001,2007-01-02,2020-06-12,1445,"{""C_proxy"": 0.2, ""features"": [""long_z"", ""recent20_z"", ""recent50_z"", ""recent100_z"", ""ewma_z"", ""gap_z"", ""transition_z"", ""in_last_draw""], ""include_number"": true, ""retrain_interval"": 1, ""seed"": 20260728, ""shrink_strength"": 0.1}",audited-1.0.0-online-SGD-r1,FullFeatureLogistic
1446,109000057,2020-06-19,1 15 16 25 43 46,38 26 25 9 49 18,38 26 25 9 49 18 34 42 48 13,38 26 25 9 49 18 34 42 48 13 20 2,1,1,1,0.10528254735438204,0.3609971916420809,6.0,2007-01-02,2020-06-16,1446,"{""C_proxy"": 0.2, ""features"": [""long_z"", ""recent20_z"", ""recent50_z"", ""recent100_z"", ""ewma_z"", ""gap_z"", ""transition_z"", ""in_last_draw""], ""include_number"": true, ""retrain_interval"": 1, ""seed"": 20260728, ""shrink_strength"": 0.1}",audited-1.0.0-online-SGD-r1,FullFeatureLogistic
1447,109000058,2020-06-23,1 2 16 22 27 45,38 26 9 49 20 25,38 26 9 49 20 25 18 13 34 42,38 26 9 49 20 25 18 13 34 42 48 2,0,0,1,0.10749983348637492,0.36833072674596495,6.0,2007-01-02,2020-06-19,1447,"{""C_proxy"": 0.2, ""features"": [""long_z"", ""recent20_z"", ""recent50_z"", ""recent100_z"", ""ewma_z"", ""gap_z"", ""transition_z"", ""in_last_draw""], ""include_number"": true, ""retrain_interval"": 1, ""seed"": 20260728, ""shrink_strength"": 0.1}",audited-1.0.0-online-SGD-r1,FullFeatureLogistic
1448,109000059,2020-06-26,10 12 16 37 40 41,38 26 25 9 49 20,38 26 25 9 49 20 18 13 42 34,38 26 25 9 49 20 18 13 42 34 48 5,0,0,0,0.11037211273139852,0.3838668125951657,6.000000000000001,2007-01-02,2020-06-23,1448,"{""C_proxy"": 0.2, ""features"": [""long_z"", ""recent20_z"", ""recent50_z"", ""recent100_z"", ""ewma_z"", ""gap_z"", ""transition_z"", ""in_last_draw""], ""include_number"": true, ""retrain_interval"": 1, ""seed"": 20260728, ""shrink_strength"": 0.1}",audited-1.0.0-online-SGD-r1,FullFeatureLogistic
1449,109000060,2020-06-30,26 29 31 43 46 49,38 26 25 9 49 20,38 26 25 9 49 20 18 13 34 42,38 26 25 9 49 20 18 13 34 42 2 48,2,2,2,0.10537726963005804,0.36353788121361125,6.0,2007-01-02,2020-06-26,1449,"{""C_proxy"": 0.2, ""features"": [""long_z"", ""recent20_z"", ""recent50_z"", ""recent100_z"", ""ewma_z"", ""gap_z"", ""transition_z"", ""in_last_draw""], ""include_number"": true, ""retrain_interval"": 1, ""seed"": 20260728, ""shrink_strength"": 0.1}",audited-1.0.0-online-SGD-r1,FullFeatureLogistic
1450,109000061,2020-07-03,13 19 20 24 40 45,38 25 26 9 20 18,38 25 26 9 20 18 13 49 34 42,38 25 26 9 20 18 13 49 34 42 48 2,1,2,2,0.10622679356601383,0.36445179220747503,6.000000000000001,2007-01-02,2020-06-30,1450,"{""C_proxy"": 0.2, ""features"": [""long_z"", ""recent20_z"", ""recent50_z"", ""recent100_z"", ""ewma_z"", ""gap_z"", ""transition_z"", ""in_last_draw""], ""include_number"": true, ""retrain_interval"": 1, ""seed"": 20260728, ""shrink_strength"": 0.1}",audited-1.0.0-online-SGD-r1,FullFeatureLogistic
1451,109000062,2020-07-07,4 17 22 34 44 46,38 26 25 9 49 18,38 26 25 9 49 18 42 34 48 2,38 26 25 9 49 18 42 34 48 2 15 10,0,1,1,0.11089751502262633,0.3872315142947545,6.0,2007-01-02,2020-07-03,1451,"{""C_proxy"": 0.2, ""features"": [""long_z"", ""recent20_z"", ""recent50_z"", ""recent100_z"", ""ewma_z"", ""gap_z"", ""transition_z"", ""in_last_draw""], ""include_number"": true, ""retrain_interval"": 1, ""seed"": 20260728, ""shrink_strength"": 0.1}",audited-1.0.0-online-SGD-r1,FullFeatureLogistic
1452,109000063,2020-07-10,4 5 22 27 46 49,38 26 25 9 49 18,38 26 25 9 49 18 20 48 42 2,38 26 25 9 49 18 20 48 42 2 13 34,1,1,1,0.10867757259954901,0.37733159497840174,6.0,2007-01-02,2020-07-07,1452,"{""C_proxy"": 0.2, ""features"": [""long_z"", ""recent20_z"", ""recent50_z"", ""recent100_z"", ""ewma_z"", ""gap_z"", ""transition_z"", ""in_last_draw""], ""include_number"": true, ""retrain_interval"": 1, ""seed"": 20260728, ""shrink_strength"": 0.1}",audited-1.0.0-online-SGD-r1,FullFeatureLogistic
1453,109000064,2020-07-14,4 10 24 29 32 49,38 26 25 9 20 48,38 26 25 9 20 48 18 34 49 13,38 26 25 9 20 48 18 34 49 13 2 10,0,1,2,0.10869388088269788,0.37643496243603847,6.0,2007-01-02,2020-07-10,1453,"{""C_proxy"": 0.2, ""features"": [""long_z"", ""recent20_z"", ""recent50_z"", ""recent100_z"", ""ewma_z"", ""gap_z"", ""transition_z"", ""in_last_draw""], ""include_number"": true, ""retrain_interval"": 1, ""seed"": 20260728, ""shrink_strength"": 0.1}",audited-1.0.0-online-SGD-r1,FullFeatureLogistic
1454,109000065,2020-07-17,5 6 15 25 30 41,38 26 25 9 20 48,38 26 25 9 20 48 34 18 13 2,38 26 25 9 20 48 34 18 13 2 42 15,1,1,2,0.10776003865957635,0.37541538407797037,6.0,2007-01-02,2020-07-14,1454,"{""C_proxy"": 0.2, ""features"": [""long_z"", ""recent20_z"", ""recent50_z"", ""recent100_z"", ""ewma_z"", ""gap_z"", ""transition_z"", ""in_last_draw""], ""include_number"": true, ""retrain_interval"": 1, ""seed"": 20260728, ""shrink_strength"": 0.1}",audited-1.0.0-online-SGD-r1,FullFeatureLogistic
1455,109000066,2020-07-21,3 16 25 31 33 36,38 26 9 25 20 49,38 26 9 25 20 49 18 34 48 13,38 26 9 25 20 49 18 34 48 13 2 42,1,1,1,0.10877879635070571,0.37570026836497517,6.0,2007-01-02,2020-07-17,1455,"{""C_proxy"": 0.2, ""features"": [""long_z"", ""recent20_z"", ""recent50_z"", ""recent100_z"", ""ewma_z"", ""gap_z"", ""transition_z"", ""in_last_draw""], ""include_number"": true, ""retrain_interval"": 1, ""seed"": 20260728, ""shrink_strength"": 0.1}",audited-1.0.0-online-SGD-r1,FullFeatureLogistic
1456,109000067,2020-07-24,2 20 21 24 35 37,38 26 9 49 20 18,38 26 9 49 20 18 34 25 48 13,38 26 9 49 20 18 34 25 48 13 2 42,1,1,2,0.10973727534338297,0.38293506860984666,6.000000000000001,2007-01-02,2020-07-21,1456,"{""C_proxy"": 0.2, ""features"": [""long_z"", ""recent20_z"", ""recent50_z"", ""recent100_z"", ""ewma_z"", ""gap_z"", ""transition_z"", ""in_last_draw""], ""include_number"": true, ""retrain_interval"": 1, ""seed"": 20260728, ""shrink_strength"": 0.1}",audited-1.0.0-online-SGD-r1,FullFeatureLogistic
1457,109000068,2020-07-28,8 10 22 23 29 35,38 26 9 25 49 18,38 26 9 25 49 18 34 13 48 42,38 26 9 25 49 18 34 13 48 42 39 15,0,0,0,0.11122631295899332,0.3889873769346524,5.999999999999999,2007-01-02,2020-07-24,1457,"{""C_proxy"": 0.2, ""features"": [""long_z"", ""recent20_z"", ""recent50_z"", ""recent100_z"", ""ewma_z"", ""gap_z"", ""transition_z"", ""in_last_draw""], ""include_number"": true, ""retrain_interval"": 1, ""seed"": 20260728, ""shrink_strength"": 0.1}",audited-1.0.0-online-SGD-r1,FullFeatureLogistic
1458,109000069,2020-07-31,16 17 18 19 33 45,38 26 9 25 49 18,38 26 9 25 49 18 34 13 48 39,38 26 9 25 49 18 34 13 48 39 42 20,1,1,1,0.11043611826196179,0.3845235628790509,6.0,2007-01-02,2020-07-28,1458,"{""C_proxy"": 0.2, ""features"": [""long_z"", ""recent20_z"", ""recent50_z"", ""recent100_z"", ""ewma_z"", ""gap_z"", ""transition_z"", ""in_last_draw""], ""include_number"": true, ""retrain_interval"": 1, ""seed"": 20260728, ""shrink_strength"": 0.1}",audited-1.0.0-online-SGD-r1,FullFeatureLogistic
1459,109000070,2020-08-04,1 5 11 19 31 33,38 26 9 25 49 34,38 26 9 25 49 34 13 48 20 18,38 26 9 25 49 34 13 48 20 18 42 43,0,0,0,0.11236464803166239,0.3950055384550848,5.999999999999999,2007-01-02,2020-07-31,1459,"{""C_proxy"": 0.2, ""features"": [""long_z"", ""recent20_z"", ""recent50_z"", ""recent100_z"", ""ewma_z"", ""gap_z"", ""transition_z"", ""in_last_draw""], ""include_number"": true, ""retrain_interval"": 1, ""seed"": 20260728, ""shrink_strength"": 0.1}",audited-1.0.0-online-SGD-r1,FullFeatureLogistic
1460,109000071,2020-08-07,6 9 19 40 44 45,38 26 25 9 49 34,38 26 25 9 49 34 18 13 48 20,38 26 25 9 49 34 18 13 48 20 42 39,1,1,1,0.10827434219966568,0.37468871192518227,5.999999999999999,2007-01-02,2020-08-04,1460,"{""C_proxy"": 0.2, ""features"": [""long_z"", ""recent20_z"", ""recent50_z"", ""recent100_z"", ""ewma_z"", ""gap_z"", ""transition_z"", ""in_last_draw""], ""include_number"": true, ""retrain_interval"": 1, ""seed"": 20260728, ""shrink_strength"": 0.1}",audited-1.0.0-online-SGD-r1,FullFeatureLogistic
1461,109000072,2020-08-11,8 12 40 42 44 47,38 26 25 49 9 18,38 26 25 49 9 18 34 13 48 20,38 26 25 49 9 18 34 13 48 20 42 43,0,0,1,0.10976876690101559,0.3796502788095898,6.000000000000001,2007-01-02,2020-08-07,1461,"{""C_proxy"": 0.2, ""features"": [""long_z"", ""recent20_z"", ""recent50_z"", ""recent100_z"", ""ewma_z"", ""gap_z"", ""transition_z"", ""in_last_draw""], ""include_number"": true, ""retrain_interval"": 1, ""seed"": 20260728, ""shrink_strength"": 0.1}",audited-1.0.0-online-SGD-r1,FullFeatureLogistic
1462,109000073,2020-08-14,16 20 24 25 31 33,38 26 9 25 49 34,38 26 9 25 49 34 18 13 48 20,38 26 9 25 49 34 18 13 48 20 43 10,1,2,2,0.10671064400833864,0.3665127470739534,6.0,2007-01-02,2020-08-11,1462,"{""C_proxy"": 0.2, ""features"": [""long_z"", ""recent20_z"", ""recent50_z"", ""recent100_z"", ""ewma_z"", ""gap_z"", ""transition_z"", ""in_last_draw""], ""include_number"": true, ""retrain_interval"": 1, ""seed"": 20260728, ""shrink_strength"": 0.1}",audited-1.0.0-online-SGD-r1,FullFeatureLogistic
1463,109000074,2020-08-18,4 22 30 43 45 47,38 26 9 49 25 18,38 26 9 49 25 18 34 13 48 43,38 26 9 49 25 18 34 13 48 43 42 2,0,1,1,0.1098841685592881,0.38241529022766635,6.000000000000001,2007-01-02,2020-08-14,1463,"{""C_proxy"": 0.2, ""features"": [""long_z"", ""recent20_z"", ""recent50_z"", ""recent100_z"", ""ewma_z"", ""gap_z"", ""transition_z"", ""in_last_draw""], ""include_number"": true, ""retrain_interval"": 1, ""seed"": 20260728, ""shrink_strength"": 0.1}",audited-1.0.0-online-SGD-r1,FullFeatureLogistic
1464,109000075,2020-08-21,5 14 40 44 45 46,38 26 49 9 25 18,38 26 49 9 25 18 34 13 48 42,38 26 49 9 25 18 34 13 48 42 10 20,0,0,0,0.11224172239140973,0.3937514534741134,6.0,2007-01-02,2020-08-18,1464,"{""C_proxy"": 0.2, ""features"": [""long_z"", ""recent20_z"", ""recent50_z"", ""recent100_z"", ""ewma_z"", ""gap_z"", ""transition_z"", ""in_last_draw""], ""include_number"": true, ""retrain_interval"": 1, ""seed"": 20260728, ""shrink_strength"": 0.1}",audited-1.0.0-online-SGD-r1,FullFeatureLogistic
1465,109000076,2020-08-25,2 23 28 35 46 48,38 26 49 25 9 18,38 26 49 25 9 18 34 13 43 48,38 26 49 25 9 18 34 13 43 48 42 20,0,1,1,0.11047368098556301,0.3861955492616852,5.999999999999998,2007-01-02,2020-08-21,1465,"{""C_proxy"": 0.2, ""features"": [""long_z"", ""recent20_z"", ""recent50_z"", ""recent100_z"", ""ewma_z"", ""gap_z"", ""transition_z"", ""in_last_draw""], ""include_number"": true, ""retrain_interval"": 1, ""seed"": 20260728, ""shrink_strength"": 0.1}",audited-1.0.0-online-SGD-r1,FullFeatureLogistic
1466,109000077,2020-08-28,13 14 19 22 23 36,38 26 49 25 9 18,38 26 49 25 9 18 34 13 43 1,38 26 49 25 9 18 34 13 43 1 20 42,0,1,1,0.11240058322573303,0.39502342040099137,6.0,2007-01-02,2020-08-25,1466,"{""C_proxy"": 0.2, ""features"": [""long_z"", ""recent20_z"", ""recent50_z"", ""recent100_z"", ""ewma_z"", ""gap_z"", ""transition_z"", ""in_last_draw""], ""include_number"": true, ""retrain_interval"": 1, ""seed"": 20260728, ""shrink_strength"": 0.1}",audited-1.0.0-online-SGD-r1,FullFeatureLogistic
1467,109000078,2020-09-01,1 2 6 8 38 43,38 26 49 25 9 18,38 26 49 25 9 18 34 48 43 20,38 26 49 25 9 18 34 48 43 20 1 42,1,2,3,0.10336155216048645,0.3530915157109677,6.0,2007-01-02,2020-08-28,1467,"{""C_proxy"": 0.2, ""features"": [""long_z"", ""recent20_z"", ""recent50_z"", ""recent100_z"", ""ewma_z"", ""gap_z"", ""transition_z"", ""in_last_draw""], ""include_number"": true, ""retrain_interval"": 1, ""seed"": 20260728, ""shrink_strength"": 0.1}",audited-1.0.0-online-SGD-r1,FullFeatureLogistic
1468,109000079,2020-09-04,2 9 11 13 39 43,38 26 49 25 9 18,38 26 49 25 9 18 34 48 13 20,38 26 49 25 9 18 34 48 13 20 42 10,1,2,2,0.10556720632058535,0.3628772157974785,6.000000000000001,2007-01-02,2020-09-01,1468,"{""C_proxy"": 0.2, ""features"": [""long_z"", ""recent20_z"", ""recent50_z"", ""recent100_z"", ""ewma_z"", ""gap_z"", ""transition_z"", ""in_last_draw""], ""include_number"": true, ""retrain_interval"": 1, ""seed"": 20260728, ""shrink_strength"": 0.1}",audited-1.0.0-online-SGD-r1,FullFeatureLogistic
1469,109000080,2020-09-08,1 2 9 20 26 48,38 26 49 25 9 18,38 26 49 25 9 18 34 48 20 42,38 26 49 25 9 18 34 48 20 42 10 5,2,4,4,0.10100153854168706,0.34199693119623104,6.000000000000002,2007-01-02,2020-09-04,1469,"{""C_proxy"": 0.2, ""features"": [""long_z"", ""recent20_z"", ""recent50_z"", ""recent100_z"", ""ewma_z"", ""gap_z"", ""transition_z"", ""in_last_draw""], ""include_number"": true, ""retrain_interval"": 1, ""seed"": 20260728, ""shrink_strength"": 0.1}",audited-1.0.0-online-SGD-r1,FullFeatureLogistic
1470,109000081,2020-09-11,1 26 29 39 48 49,38 49 25 26 18 34,38 49 25 26 18 34 9 5 10 39,38 49 25 26 18 34 9 5 10 39 42 13,2,3,3,0.10163866414914284,0.34483013824431086,6.0,2007-01-02,2020-09-08,1470,"{""C_proxy"": 0.2, ""features"": [""long_z"", ""recent20_z"", ""recent50_z"", ""recent100_z"", ""ewma_z"", ""gap_z"", ""transition_z"", ""in_last_draw""], ""include_number"": true, ""retrain_interval"": 1, ""seed"": 20260728, ""shrink_strength"": 0.1}",audited-1.0.0-online-SGD-r1,FullFeatureLogistic
1471,109000082,2020-09-15,7 16 29 32 37 48,38 25 49 9 26 18,38 25 49 9 26 18 34 5 10 20,38 25 49 9 26 18 34 5 10 20 42 15,0,0,0,0.11223613972273705,0.39413541671333835,5.999999999999998,2007-01-02,2020-09-11,1471,"{""C_proxy"": 0.2, ""features"": [""long_z"", ""recent20_z"", ""recent50_z"", ""recent100_z"", ""ewma_z"", ""gap_z"", ""transition_z"", ""in_last_draw""], ""include_number"": true, ""retrain_interval"": 1, ""seed"": 20260728, ""shrink_strength"": 0.1}",audited-1.0.0-online-SGD-r1,FullFeatureLogistic
1472,109000083,2020-09-18,3 29 30 32 43 44,38 49 25 26 9 18,38 49 25 26 9 18 34 5 20 42,38 49 25 26 9 18 34 5 20 42 13 15,0,0,0,0.1135165410262616,0.40184431755409145,5.999999999999999,2007-01-02,2020-09-15,1472,"{""C_proxy"": 0.2, ""features"": [""long_z"", ""recent20_z"", ""recent50_z"", ""recent100_z"", ""ewma_z"", ""gap_z"", ""transition_z"", ""in_last_draw""], ""include_number"": true, ""retrain_interval"": 1, ""seed"": 20260728, ""shrink_strength"": 0.1}",audited-1.0.0-online-SGD-r1,FullFeatureLogistic
1473,109000084,2020-09-22,3 4 5 8 24 29,38 25 49 26 9 18,38 25 49 26 9 18 34 5 20 13,38 25 49 26 9 18 34 5 20 13 42 10,0,1,1,0.10956045873941797,0.3792105346802912,6.0,2007-01-02,2020-09-18,1473,"{""C_proxy"": 0.2, ""features"": [""long_z"", ""recent20_z"", ""recent50_z"", ""recent100_z"", ""ewma_z"", ""gap_z"", ""transition_z"", ""in_last_draw""], ""include_number"": true, ""retrain_interval"": 1, ""seed"": 20260728, ""shrink_strength"": 0.1}",audited-1.0.0-online-SGD-r1,FullFeatureLogistic
1474,109000085,2020-09-25,10 31 35 36 39 48,38 25 49 26 9 18,38 25 49 26 9 18 20 34 13 39,38 25 49 26 9 18 20 34 13 39 10 5,0,1,2,0.10964260063672963,0.3812120458576093,6.000000000000001,2007-01-02,2020-09-22,1474,"{""C_proxy"": 0.2, ""features"": [""long_z"", ""recent20_z"", ""recent50_z"", ""recent100_z"", ""ewma_z"", ""gap_z"", ""transition_z"", ""in_last_draw""], ""include_number"": true, ""retrain_interval"": 1, ""seed"": 20260728, ""shrink_strength"": 0.1}",audited-1.0.0-online-SGD-r1,FullFeatureLogistic
1475,109000086,2020-09-29,1 7 8 33 42 47,38 25 49 26 9 18,38 25 49 26 9 18 20 34 5 13,38 25 49 26 9 18 20 34 5 13 42 15,0,0,1,0.10859929321261674,0.3742855062323987,6.000000000000001,2007-01-02,2020-09-25,1475,"{""C_proxy"": 0.2, ""features"": [""long_z"", ""recent20_z"", ""recent50_z"", ""recent100_z"", ""ewma_z"", ""gap_z"", ""transition_z"", ""in_last_draw""], ""include_number"": true, ""retrain_interval"": 1, ""seed"": 20260728, ""shrink_strength"": 0.1}",audited-1.0.0-online-SGD-r1,FullFeatureLogistic
1476,109000087,2020-10-02,11 15 16 18 24 26,38 25 49 26 9 18,38 25 49 26 9 18 20 34 5 13,38 25 49 26 9 18 20 34 5 13 10 15,2,2,3,0.10475688002906552,0.3593305208401064,6.0,2007-01-02,2020-09-29,1476,"{""C_proxy"": 0.2, ""features"": [""long_z"", ""recent20_z"", ""recent50_z"", ""recent100_z"", ""ewma_z"", ""gap_z"", ""transition_z"", ""in_last_draw""], ""include_number"": true, ""retrain_interval"": 1, ""seed"": 20260728, ""shrink_strength"": 0.1}",audited-1.0.0-online-SGD-r1,FullFeatureLogistic
1477,109000088,2020-10-06,4 5 22 23 34 40,38 25 49 9 26 20,38 25 49 9 26 20 34 5 13 18,38 25 49 9 26 20 34 5 13 18 10 43,0,2,2,0.1059267272306193,0.36193146499370976,6.000000000000002,2007-01-02,2020-10-02,1477,"{""C_proxy"": 0.2, ""features"": [""long_z"", ""recent20_z"", ""recent50_z"", ""recent100_z"", ""ewma_z"", ""gap_z"", ""transition_z"", ""in_last_draw""], ""include_number"": true, ""retrain_interval"": 1, ""seed"": 20260728, ""shrink_strength"": 0.1}",audited-1.0.0-online-SGD-r1,FullFeatureLogistic
1478,109000089,2020-10-09,2 7 19 25 42 47,38 25 49 26 9 18,38 25 49 26 9 18 20 34 13 10,38 25 49 26 9 18 20 34 13 10 43 42,1,1,2,0.10604526923453486,0.36447434087810804,5.999999999999999,2007-01-02,2020-10-06,1478,"{""C_proxy"": 0.2, ""features"": [""long_z"", ""recent20_z"", ""recent50_z"", ""recent100_z"", ""ewma_z"", ""gap_z"", ""transition_z"", ""in_last_draw""], ""include_number"": true, ""retrain_interval"": 1, ""seed"": 20260728, ""shrink_strength"": 0.1}",audited-1.0.0-online-SGD-r1,FullFeatureLogistic
1479,109000090,2020-10-13,1 3 15 27 39 41,38 49 25 9 26 34,38 49 25 9 26 34 20 18 13 10,38 49 25 9 26 34 20 18 13 10 43 5,0,0,0,0.10832883180229148,0.3734502738197461,6.0,2007-01-02,2020-10-09,1479,"{""C_proxy"": 0.2, ""features"": [""long_z"", ""recent20_z"", ""recent50_z"", ""recent100_z"", ""ewma_z"", ""gap_z"", ""transition_z"", ""in_last_draw""], ""include_number"": true, ""retrain_interval"": 1, ""seed"": 20260728, ""shrink_strength"": 0.1}",audited-1.0.0-online-SGD-r1,FullFeatureLogistic
1480,109000091,2020-10-16,7 25 28 33 44 47,38 25 49 9 26 34,38 25 49 9 26 34 20 18 13 43,38 25 49 9 26 34 20 18 13 43 10 5,1,1,1,0.1067339687311863,0.36677458357029163,5.999999999999999,2007-01-02,2020-10-13,1480,"{""C_proxy"": 0.2, ""features"": [""long_z"", ""recent20_z"", ""recent50_z"", ""recent100_z"", ""ewma_z"", ""gap_z"", ""transition_z"", ""in_last_draw""], ""include_number"": true, ""retrain_interval"": 1, ""seed"": 20260728, ""shrink_strength"": 0.1}",audited-1.0.0-online-SGD-r1,FullFeatureLogistic
1481,109000092,2020-10-20,5 17 18 28 30 39,38 49 26 9 25 34,38 49 26 9 25 34 20 18 13 43,38 49 26 9 25 34 20 18 13 43 5 48,0,1,2,0.10889253643123266,0.38028350129518157,5.999999999999998,2007-01-02,2020-10-16,1481,"{""C_proxy"": 0.2, ""features"": [""long_z"", ""recent20_z"", ""recent50_z"", ""recent100_z"", ""ewma_z"", ""gap_z"", ""transition_z"", ""in_last_draw""], ""include_number"": true, ""retrain_interval"": 1, ""seed"": 20260728, ""shrink_strength"": 0.1}",audited-1.0.0-online-SGD-r1,FullFeatureLogistic
1482,109000093,2020-10-23,3 9 20 25 26 35,38 49 25 26 9 34,38 49 25 26 9 34 20 13 43 48,38 49 25 26 9 34 20 13 43 48 10 18,3,4,4,0.10317308168562488,0.35524566023092474,6.000000000000001,2007-01-02,2020-10-20,1482,"{""C_proxy"": 0.2, ""features"": [""long_z"", ""recent20_z"", ""recent50_z"", ""recent100_z"", ""ewma_z"", ""gap_z"", ""transition_z"", ""in_last_draw""], ""include_number"": true, ""retrain_interval"": 1, ""seed"": 20260728, ""shrink_strength"": 0.1}",audited-1.0.0-online-SGD-r1,FullFeatureLogistic
1483,109000094,2020-10-27,2 9 19 28 30 32,38 49 34 25 13 9,38 49 34 25 13 9 26 43 18 10,38 49 34 25 13 9 26 43 18 10 48 5,1,1,1,0.11152013149125656,0.39384224114172134,6.0,2007-01-02,2020-10-23,1483,"{""C_proxy"": 0.2, ""features"": [""long_z"", ""recent20_z"", ""recent50_z"", ""recent100_z"", ""ewma_z"", ""gap_z"", ""transition_z"", ""in_last_draw""], ""include_number"": true, ""retrain_interval"": 1, ""seed"": 20260728, ""shrink_strength"": 0.1}",audited-1.0.0-online-SGD-r1,FullFeatureLogistic
1484,109000095,2020-10-30,6 10 13 19 40 45,38 49 25 26 34 20,38 49 25 26 34 20 13 43 10 9,38 49 25 26 34 20 13 43 10 9 18 48,0,2,2,0.10658533883565616,0.3668248141912546,6.000000000000001,2007-01-02,2020-10-27,1484,"{""C_proxy"": 0.2, ""features"": [""long_z"", ""recent20_z"", ""recent50_z"", ""recent100_z"", ""ewma_z"", ""gap_z"", ""transition_z"", ""in_last_draw""], ""include_number"": true, ""retrain_interval"": 1, ""seed"": 20260728, ""shrink_strength"": 0.1}",audited-1.0.0-online-SGD-r1,FullFeatureLogistic
1485,109000096,2020-11-03,6 11 15 30 32 44,38 49 25 26 34 20,38 49 25 26 34 20 9 43 18 48,38 49 25 26 34 20 9 43 18 48 13 5,0,0,0,0.11419856692011733,0.4069519282586616,6.000000000000001,2007-01-02,2020-10-30,1485,"{""C_proxy"": 0.2, ""features"": [""long_z"", ""recent20_z"", ""recent50_z"", ""recent100_z"", ""ewma_z"", ""gap_z"", ""transition_z"", ""in_last_draw""], ""include_number"": true, ""retrain_interval"": 1, ""seed"": 20260728, ""shrink_strength"": 0.1}",audited-1.0.0-online-SGD-r1,FullFeatureLogistic
1486,109000097,2020-11-06,5 9 25 39 44 46,38 49 25 26 34 20,38 49 25 26 34 20 43 13 9 18,38 49 25 26 34 20 43 13 9 18 48 5,1,2,3,0.10532491495553055,0.36118978844531024,6.0,2007-01-02,2020-11-03,1486,"{""C_proxy"": 0.2, ""features"": [""long_z"", ""recent20_z"", ""recent50_z"", ""recent100_z"", ""ewma_z"", ""gap_z"", ""transition_z"", ""in_last_draw""], ""include_number"": true, ""retrain_interval"": 1, ""seed"": 20260728, ""shrink_strength"": 0.1}",audited-1.0.0-online-SGD-r1,FullFeatureLogistic
1487,109000098,2020-11-10,5 17 19 21 28 29,38 49 26 20 34 25,38 49 26 20 34 25 43 13 18 48,38 49 26 20 34 25 43 13 18 48 1 10,0,0,0,0.11175719489101664,0.39086741864465563,6.0,2007-01-02,2020-11-06,1487,"{""C_proxy"": 0.2, ""features"": [""long_z"", ""recent20_z"", ""recent50_z"", ""recent100_z"", ""ewma_z"", ""gap_z"", ""transition_z"", ""in_last_draw""], ""include_number"": true, ""retrain_interval"": 1, ""seed"": 20260728, ""shrink_strength"": 0.1}",audited-1.0.0-online-SGD-r1,FullFeatureLogistic
1488,109000099,2020-11-13,7 9 12 15 25 29,38 49 25 26 20 34,38 49 25 26 20 34 13 43 9 48,38 49 25 26 20 34 13 43 9 48 1 18,1,2,2,0.10593120410024377,0.36275009384381873,6.000000000000001,2007-01-02,2020-11-10,1488,"{""C_proxy"": 0.2, ""features"": [""long_z"", ""recent20_z"", ""recent50_z"", ""recent100_z"", ""ewma_z"", ""gap_z"", ""transition_z"", ""in_last_draw""], ""include_number"": true, ""retrain_interval"": 1, ""seed"": 20260728, ""shrink_strength"": 0.1}",audited-1.0.0-online-SGD-r1,FullFeatureLogistic
1489,109000100,2020-11-17,6 14 18 20 38 41,38 49 26 20 34 25,38 49 26 20 34 25 13 43 1 48,38 49 26 20 34 25 13 43 1 48 18 10,2,2,3,0.10504113718644029,0.363879150491933,6.0,2007-01-02,2020-11-13,1489,"{""C_proxy"": 0.2, ""features"": [""long_z"", ""recent20_z"", ""recent50_z"", ""recent100_z"", ""ewma_z"", ""gap_z"", ""transition_z"", ""in_last_draw""], ""include_number"": true, ""retrain_interval"": 1, ""seed"": 20260728, ""shrink_strength"": 0.1}",audited-1.0.0-online-SGD-r1,FullFeatureLogistic
1490,109000101,2020-11-20,16 27 29 35 37 48,38 49 26 25 34 13,38 49 26 25 34 13 43 48 1 9,38 49 26 25 34 13 43 48 1 9 42 2,0,1,1,0.11085442429808624,0.3881086181476159,5.999999999999999,2007-01-02,2020-11-17,1490,"{""C_proxy"": 0.2, ""features"": [""long_z"", ""recent20_z"", ""recent50_z"", ""recent100_z"", ""ewma_z"", ""gap_z"", ""transition_z"", ""in_last_draw""], ""include_number"": true, ""retrain_interval"": 1, ""seed"": 20260728, ""shrink_strength"": 0.1}",audited-1.0.0-online-SGD-r1,FullFeatureLogistic
1491,109000102,2020-11-24,5 29 36 38 44 45,38 49 26 25 34 20,38 49 26 25 34 20 13 43 1 9,38 49 26 25 34 20 13 43 1 9 42 2,1,1,1,0.10695148134124985,0.36975677195889967,6.000000000000001,2007-01-02,2020-11-20,1491,"{""C_proxy"": 0.2, ""features"": [""long_z"", ""recent20_z"", ""recent50_z"", ""recent100_z"", ""ewma_z"", ""gap_z"", ""transition_z"", ""in_last_draw""], ""include_number"": true, ""retrain_interval"": 1, ""seed"": 20260728, ""shrink_strength"": 0.1}",audited-1.0.0-online-SGD-r1,FullFeatureLogistic
1492,109000103,2020-11-27,1 19 26 30 35 48,38 49 26 25 34 20,38 49 26 25 34 20 13 43 9 48,38 49 26 25 34 20 13 43 9 48 1 2,1,2,3,0.1102184071277494,0.3904075182527798,5.999999999999999,2007-01-02,2020-11-24,1492,"{""C_proxy"": 0.2, ""features"": [""long_z"", ""recent20_z"", ""recent50_z"", ""recent100_z"", ""ewma_z"", ""gap_z"", ""transition_z"", ""in_last_draw""], ""include_number"": true, ""retrain_interval"": 1, ""seed"": 20260728, ""shrink_strength"": 0.1}",audited-1.0.0-online-SGD-r1,FullFeatureLogistic
1493,109000104,2020-12-01,4 22 29 37 44 49,38 49 25 20 34 13,38 49 25 20 34 13 26 43 9 2,38 49 25 20 34 13 26 43 9 2 42 10,1,1,1,0.10854141469262994,0.3766038842283365,6.0,2007-01-02,2020-11-27,1493,"{""C_proxy"": 0.2, ""features"": [""long_z"", ""recent20_z"", ""recent50_z"", ""recent100_z"", ""ewma_z"", ""gap_z"", ""transition_z"", ""in_last_draw""], ""include_number"": true, ""retrain_interval"": 1, ""seed"": 20260728, ""shrink_strength"": 0.1}",audited-1.0.0-online-SGD-r1,FullFeatureLogistic
1494,109000105,2020-12-04,2 13 27 30 41 44,38 25 26 49 20 34,38 25 26 49 20 34 13 9 43 2,38 25 26 49 20 34 13 9 43 2 1 42,0,2,2,0.11094049529917721,0.390555174671278,6.000000000000001,2007-01-02,2020-12-01,1494,"{""C_proxy"": 0.2, ""features"": [""long_z"", ""recent20_z"", ""recent50_z"", ""recent100_z"", ""ewma_z"", ""gap_z"", ""transition_z"", ""in_last_draw""], ""include_number"": true, ""retrain_interval"": 1, ""seed"": 20260728, ""shrink_strength"": 0.1}",audited-1.0.0-online-SGD-r1,FullFeatureLogistic
1495,109000106,2020-12-08,2 4 10 15 31 45,38 25 49 26 20 34,38 25 49 26 20 34 43 9 13 1,38 25 49 26 20 34 43 9 13 1 10 18,0,0,1,0.10676609954407038,0.36524825447349274,6.000000000000001,2007-01-02,2020-12-04,1495,"{""C_proxy"": 0.2, ""features"": [""long_z"", ""recent20_z"", ""recent50_z"", ""recent100_z"", ""ewma_z"", ""gap_z"", ""transition_z"", ""in_last_draw""], ""include_number"": true, ""retrain_interval"": 1, ""seed"": 20260728, ""shrink_strength"": 0.1}",audited-1.0.0-online-SGD-r1,FullFeatureLogistic
1496,109000107,2020-12-11,8 17 36 37 42 43,38 25 49 26 34 20,38 25 49 26 34 20 43 9 13 1,38 25 49 26 34 20 43 9 13 1 18 39,0,1,1,0.11216197579169095,0.39554703230461374,6.0,2007-01-02,2020-12-08,1496,"{""C_proxy"": 0.2, ""features"": [""long_z"", ""recent20_z"", ""recent50_z"", ""recent100_z"", ""ewma_z"", ""gap_z"", ""transition_z"", ""in_last_draw""], ""include_number"": true, ""retrain_interval"": 1, ""seed"": 20260728, ""shrink_strength"": 0.1}",audited-1.0.0-online-SGD-r1,FullFeatureLogistic
1497,109000108,2020-12-15,2 6 17 21 43 48,38 49 25 26 34 20,38 49 25 26 34 20 9 13 1 43,38 49 25 26 34 20 9 13 1 43 39 5,0,1,1,0.1080169807047834,0.3734691902907635,6.0,2007-01-02,2020-12-11,1497,"{""C_proxy"": 0.2, ""features"": [""long_z"", ""recent20_z"", ""recent50_z"", ""recent100_z"", ""ewma_z"", ""gap_z"", ""transition_z"", ""in_last_draw""], ""include_number"": true, ""retrain_interval"": 1, ""seed"": 20260728, ""shrink_strength"": 0.1}",audited-1.0.0-online-SGD-r1,FullFeatureLogistic
1498,109000109,2020-12-18,2 11 24 26 30 41,25 49 38 26 20 34,25 49 38 26 20 34 9 13 39 1,25 49 38 26 20 34 9 13 39 1 5 42,1,1,1,0.11114522542630804,0.393342391741008,6.0,2007-01-02,2020-12-15,1498,"{""C_proxy"": 0.2, ""features"": [""long_z"", ""recent20_z"", ""recent50_z"", ""recent100_z"", ""ewma_z"", ""gap_z"", ""transition_z"", ""in_last_draw""], ""include_number"": true, ""retrain_interval"": 1, ""seed"": 20260728, ""shrink_strength"": 0.1}",audited-1.0.0-online-SGD-r1,FullFeatureLogistic
1499,109000110,2020-12-22,20 22 25 30 31 45,25 49 38 20 9 34,25 49 38 20 9 34 26 43 13 1,25 49 38 20 9 34 26 43 13 1 39 5,2,2,2,0.1074710461974148,0.37620552363111726,5.999999999999999,2007-01-02,2020-12-18,1499,"{""C_proxy"": 0.2, ""features"": [""long_z"", ""recent20_z"", ""recent50_z"", ""recent100_z"", ""ewma_z"", ""gap_z"", ""transition_z"", ""in_last_draw""], ""include_number"": true, ""retrain_interval"": 1, ""seed"": 20260728, ""shrink_strength"": 0.1}",audited-1.0.0-online-SGD-r1,FullFeatureLogistic
1500,109000111,2020-12-25,1 5 6 19 29 30,38 49 25 26 9 34,38 49 25 26 9 34 43 13 1 39,38 49 25 26 9 34 43 13 1 39 5 42,0,1,2,0.11042054210390416,0.3893942150453081,6.000000000000001,2007-01-02,2020-12-22,1500,"{""C_proxy"": 0.2, ""features"": [""long_z"", ""recent20_z"", ""recent50_z"", ""recent100_z"", ""ewma_z"", ""gap_z"", ""transition_z"", ""in_last_draw""], ""include_number"": true, ""retrain_interval"": 1, ""seed"": 20260728, ""shrink_strength"": 0.1}",audited-1.0.0-online-SGD-r1,FullFeatureLogistic
1501,109000112,2020-12-29,10 14 33 34 35 39,38 25 49 26 9 34,38 25 49 26 9 34 20 43 13 42,38 25 49 26 9 34 20 43 13 42 39 10,1,1,3,0.10893430366947723,0.37992119845822236,6.000000000000001,2007-01-02,2020-12-25,1501,"{""C_proxy"": 0.2, ""features"": [""long_z"", ""recent20_z"", ""recent50_z"", ""recent100_z"", ""ewma_z"", ""gap_z"", ""transition_z"", ""in_last_draw""], ""include_number"": true, ""retrain_interval"": 1, ""seed"": 20260728, ""shrink_strength"": 0.1}",audited-1.0.0-online-SGD-r1,FullFeatureLogistic
1502,110000001,2021-01-01,5 37 41 42 46 49,25 38 49 26 9 20,25 38 49 26 9 20 34 43 42 13,25 38 49 26 9 20 34 43 42 13 5 1,1,2,3,0.10833463957220603,0.3781219104757973,5.999999999999999,2007-01-02,2020-12-29,1502,"{""C_proxy"": 0.2, ""features"": [""long_z"", ""recent20_z"", ""recent50_z"", ""recent100_z"", ""ewma_z"", ""gap_z"", ""transition_z"", ""in_last_draw""], ""include_number"": true, ""retrain_interval"": 1, ""seed"": 20260728, ""shrink_strength"": 0.1}",audited-1.0.0-online-SGD-r1,FullFeatureLogistic
1503,110000002,2021-01-05,8 13 17 20 43 48,25 38 26 34 9 49,25 38 26 34 9 49 20 43 13 39,25 38 26 34 9 49 20 43 13 39 18 48,0,3,4,0.10647389152358862,0.36773964408140736,6.000000000000002,2007-01-02,2021-01-01,1503,"{""C_proxy"": 0.2, ""features"": [""long_z"", ""recent20_z"", ""recent50_z"", ""recent100_z"", ""ewma_z"", ""gap_z"", ""transition_z"", ""in_last_draw""], ""include_number"": true, ""retrain_interval"": 1, ""seed"": 20260728, ""shrink_strength"": 0.1}",audited-1.0.0-online-SGD-r1,FullFeatureLogistic
1504,110000003,2021-01-08,4 18 24 26 43 47,25 38 26 49 34 9,25 38 26 49 34 9 39 18 1 40,25 38 26 49 34 9 39 18 1 40 42 10,1,2,2,0.10363713624216418,0.3524120847553469,6.0,2007-01-02,2021-01-05,1504,"{""C_proxy"": 0.2, ""features"": [""long_z"", ""recent20_z"", ""recent50_z"", ""recent100_z"", ""ewma_z"", ""gap_z"", ""transition_z"", ""in_last_draw""], ""include_number"": true, ""retrain_interval"": 1, ""seed"": 20260728, ""shrink_strength"": 0.1}",audited-1.0.0-online-SGD-r1,FullFeatureLogistic
1505,110000004,2021-01-12,1 10 20 28 37 44,38 25 49 34 9 26,38 25 49 34 9 26 20 39 1 42,38 25 49 34 9 26 20 39 1 42 13 40,0,2,2,0.1074072274844925,0.37129121080703514,6.0,2007-01-02,2021-01-08,1505,"{""C_proxy"": 0.2, ""features"": [""long_z"", ""recent20_z"", ""recent50_z"", ""recent100_z"", ""ewma_z"", ""gap_z"", ""transition_z"", ""in_last_draw""], ""include_number"": true, ""retrain_interval"": 1, ""seed"": 20260728, ""shrink_strength"": 0.1}",audited-1.0.0-online-SGD-r1,FullFeatureLogistic
1506,110000005,2021-01-15,3 4 8 11 42 44,38 25 26 49 34 9,38 25 26 49 34 9 39 42 13 18,38 25 26 49 34 9 39 42 13 18 40 43,0,1,1,0.11161198138175248,0.3902677863590034,6.0,2007-01-02,2021-01-12,1506,"{""C_proxy"": 0.2, ""features"": [""long_z"", ""recent20_z"", ""recent50_z"", ""recent100_z"", ""ewma_z"", ""gap_z"", ""transition_z"", ""in_last_draw""], ""include_number"": true, ""retrain_interval"": 1, ""seed"": 20260728, ""shrink_strength"": 0.1}",audited-1.0.0-online-SGD-r1,FullFeatureLogistic
1507,110000006,2021-01-19,15 29 31 33 41 47,38 25 26 49 34 9,38 25 26 49 34 9 39 13 43 18,38 25 26 49 34 9 39 13 43 18 48 40,0,0,0,0.11000640494211811,0.38114850202658673,5.999999999999999,2007-01-02,2021-01-15,1507,"{""C_proxy"": 0.2, ""features"": [""long_z"", ""recent20_z"", ""recent50_z"", ""recent100_z"", ""ewma_z"", ""gap_z"", ""transition_z"", ""in_last_draw""], ""include_number"": true, ""retrain_interval"": 1, ""seed"": 20260728, ""shrink_strength"": 0.1}",audited-1.0.0-online-SGD-r1,FullFeatureLogistic
1508,110000007,2021-01-22,7 30 34 36 45 46,38 25 26 49 34 9,38 25 26 49 34 9 39 13 43 18,38 25 26 49 34 9 39 13 43 18 40 20,1,1,1,0.1118019433894408,0.3944060550336642,6.000000000000001,2007-01-02,2021-01-19,1508,"{""C_proxy"": 0.2, ""features"": [""long_z"", ""recent20_z"", ""recent50_z"", ""recent100_z"", ""ewma_z"", ""gap_z"", ""transition_z"", ""in_last_draw""], ""include_number"": true, ""retrain_interval"": 1, ""seed"": 20260728, ""shrink_strength"": 0.1}",audited-1.0.0-online-SGD-r1,FullFeatureLogistic
1509,110000008,2021-01-26,8 20 23 37 43 46,38 25 26 49 9 39,38 25 26 49 9 39 34 13 43 18,38 25 26 49 9 39 34 13 43 18 40 20,0,1,2,0.11165749160551355,0.39236640668834416,6.0,2007-01-02,2021-01-22,1509,"{""C_proxy"": 0.2, ""features"": [""long_z"", ""recent20_z"", ""recent50_z"", ""recent100_z"", ""ewma_z"", ""gap_z"", ""transition_z"", ""in_last_draw""], ""include_number"": true, ""retrain_interval"": 1, ""seed"": 20260728, ""shrink_strength"": 0.1}",audited-1.0.0-online-SGD-r1,FullFeatureLogistic
1510,110000009,2021-01-29,14 22 30 31 39 40,25 38 26 49 9 34,25 38 26 49 9 34 39 13 48 1,25 38 26 49 9 34 39 13 48 1 18 2,0,1,1,0.11113203269617138,0.39229683537110116,6.000000000000001,2007-01-02,2021-01-26,1510,"{""C_proxy"": 0.2, ""features"": [""long_z"", ""recent20_z"", ""recent50_z"", ""recent100_z"", ""ewma_z"", ""gap_z"", ""transition_z"", ""in_last_draw""], ""include_number"": true, ""retrain_interval"": 1, ""seed"": 20260728, ""shrink_strength"": 0.1}",audited-1.0.0-online-SGD-r1,FullFeatureLogistic
1511,110000010,2021-02-02,14 34 35 38 43 47,25 38 26 49 9 34,25 38 26 49 9 34 13 48 1 18,25 38 26 49 9 34 13 48 1 18 2 5,2,2,2,0.10722241947847648,0.3745162627729334,6.000000000000002,2007-01-02,2021-01-29,1511,"{""C_proxy"": 0.2, ""features"": [""long_z"", ""recent20_z"", ""recent50_z"", ""recent100_z"", ""ewma_z"", ""gap_z"", ""transition_z"", ""in_last_draw""], ""include_number"": true, ""retrain_interval"": 1, ""seed"": 20260728, ""shrink_strength"": 0.1}",audited-1.0.0-online-SGD-r1,FullFeatureLogistic
1512,110000011,2021-02-05,5 9 19 31 33 35,25 38 26 49 9 39,25 38 26 49 9 39 48 1 2 18,25 38 26 49 9 39 48 1 2 18 13 5,1,1,2,0.11088101956874445,0.3892728195028544,6.000000000000001,2007-01-02,2021-02-02,1512,"{""C_proxy"": 0.2, ""features"": [""long_z"", ""recent20_z"", ""recent50_z"", ""recent100_z"", ""ewma_z"", ""gap_z"", ""transition_z"", ""in_last_draw""], ""include_number"": true, ""retrain_interval"": 1, ""seed"": 20260728, ""shrink_strength"": 0.1}",audited-1.0.0-online-SGD-r1,FullFeatureLogistic
1513,110000012,2021-02-09,1 3 6 12 27 43,25 38 26 49 9 34,25 38 26 49 9 34 39 48 18 2,25 38 26 49 9 34 39 48 18 2 1 13,0,0,1,0.10713714258353269,0.3668117319218174,6.000000000000001,2007-01-02,2021-02-05,1513,"{""C_proxy"": 0.2, ""features"": [""long_z"", ""recent20_z"", ""recent50_z"", ""recent100_z"", ""ewma_z"", ""gap_z"", ""transition_z"", ""in_last_draw""], ""include_number"": true, ""retrain_interval"": 1, ""seed"": 20260728, ""shrink_strength"": 0.1}",audited-1.0.0-online-SGD-r1,FullFeatureLogistic
1514,110000013,2021-02-10,3 18 24 34 41 42,25 38 26 49 9 34,25 38 26 49 9 34 39 18 48 2,25 38 26 49 9 34 39 18 48 2 40 13,1,2,2,0.10705459693254793,0.36846981990354566,5.999999999999999,2007-01-02,2021-02-09,1514,"{""C_proxy"": 0.2, ""features"": [""long_z"", ""recent20_z"", ""recent50_z"", ""recent100_z"", ""ewma_z"", ""gap_z"", ""transition_z"", ""in_last_draw""], ""include_number"": true, ""retrain_interval"": 1, ""seed"": 20260728, ""shrink_strength"": 0.1}",audited-1.0.0-online-SGD-r1,FullFeatureLogistic
1515,110000014,2021-02-11,7 17 18 26 41 47,25 38 26 49 9 39,25 38 26 49 9 39 20 48 13 2,25 38 26 49 9 39 20 48 13 2 40 5,1,1,1,0.10951585419404448,0.3823667854823116,6.0,2007-01-02,2021-02-10,1515,"{""C_proxy"": 0.2, ""features"": [""long_z"", ""recent20_z"", ""recent50_z"", ""recent100_z"", ""ewma_z"", ""gap_z"", ""transition_z"", ""in_last_draw""], ""include_number"": true, ""retrain_interval"": 1, ""seed"": 20260728, ""shrink_strength"": 0.1}",audited-1.0.0-online-SGD-r1,FullFeatureLogistic
1516,110000015,2021-02-12,5 6 10 12 44 48,25 38 49 26 9 39,25 38 49 26 9 39 20 13 48 5,25 38 49 26 9 39 20 13 48 5 40 34,0,2,2,0.1057795892877443,0.3610541873707106,5.999999999999999,2007-01-02,2021-02-11,1516,"{""C_proxy"": 0.2, ""features"": [""long_z"", ""recent20_z"", ""recent50_z"", ""recent100_z"", ""ewma_z"", ""gap_z"", ""transition_z"", ""in_last_draw""], ""include_number"": true, ""retrain_interval"": 1, ""seed"": 20260728, ""shrink_strength"": 0.1}",audited-1.0.0-online-SGD-r1,FullFeatureLogistic
1517,110000016,2021-02-13,13 30 37 40 43 46,25 38 26 49 9 39,25 38 26 49 9 39 20 34 40 1,25 38 26 49 9 39 20 34 40 1 2 13,0,1,2,0.1117903927475243,0.3962321154953654,6.0,2007-01-02,2021-02-12,1517,"{""C_proxy"": 0.2, ""features"": [""long_z"", ""recent20_z"", ""recent50_z"", ""recent100_z"", ""ewma_z"", ""gap_z"", ""transition_z"", ""in_last_draw""], ""include_number"": true, ""retrain_interval"": 1, ""seed"": 20260728, ""shrink_strength"": 0.1}",audited-1.0.0-online-SGD-r1,FullFeatureLogistic
1518,110000017,2021-02-14,1 12 16 17 38 45,25 38 26 49 9 39,25 38 26 49 9 39 20 34 2 48,25 38 26 49 9 39 20 34 2 48 1 5,1,1,2,0.10726674637794743,0.37133945894605846,6.0,2007-01-02,2021-02-13,1518,"{""C_proxy"": 0.2, ""features"": [""long_z"", ""recent20_z"", ""recent50_z"", ""recent100_z"", ""ewma_z"", ""gap_z"", ""transition_z"", ""in_last_draw""], ""include_number"": true, ""retrain_interval"": 1, ""seed"": 20260728, ""shrink_strength"": 0.1}",audited-1.0.0-online-SGD-r1,FullFeatureLogistic
1519,110000018,2021-02-15,4 8 10 18 33 40,25 26 38 49 9 20,25 26 38 49 9 20 39 34 48 5,25 26 38 49 9 20 39 34 48 5 2 40,0,0,1,0.1077536478769345,0.37055872258196,6.0,2007-01-02,2021-02-14,1519,"{""C_proxy"": 0.2, ""features"": [""long_z"", ""recent20_z"", ""recent50_z"", ""recent100_z"", ""ewma_z"", ""gap_z"", ""transition_z"", ""in_last_draw""], ""include_number"": true, ""retrain_interval"": 1, ""seed"": 20260728, ""shrink_strength"": 0.1}",audited-1.0.0-online-SGD-r1,FullFeatureLogistic
1520,110000019,2021-02-16,1 9 11 12 37 46,25 38 26 49 9 39,25 38 26 49 9 39 20 34 5 48,25 38 26 49 9 39 20 34 5 48 42 2,1,1,1,0.1119863969022249,0.3948697501665225,5.999999999999999,2007-01-02,2021-02-15,1520,"{""C_proxy"": 0.2, ""features"": [""long_z"", ""recent20_z"", ""recent50_z"", ""recent100_z"", ""ewma_z"", ""gap_z"", ""transition_z"", ""in_last_draw""], ""include_number"": true, ""retrain_interval"": 1, ""seed"": 20260728, ""shrink_strength"": 0.1}",audited-1.0.0-online-SGD-r1,FullFeatureLogistic
1521,110000020,2021-02-17,2 13 24 26 45 49,25 38 26 49 20 39,25 38 26 49 20 39 34 5 9 42,25 38 26 49 20 39 34 5 9 42 2 48,2,2,3,0.10157730781075638,0.3442716490618386,6.000000000000001,2007-01-02,2021-02-16,1521,"{""C_proxy"": 0.2, ""features"": [""long_z"", ""recent20_z"", ""recent50_z"", ""recent100_z"", ""ewma_z"", ""gap_z"", ""transition_z"", ""in_last_draw""], ""include_number"": true, ""retrain_interval"": 1, ""seed"": 20260728, ""shrink_strength"": 0.1}",audited-1.0.0-online-SGD-r1,FullFeatureLogistic
1522,110000021,2021-02-18,1 3 9 41 42 48,25 38 26 9 20 49,25 38 26 9 20 49 39 5 34 42,25 38 26 9 20 49 39 5 34 42 48 15,1,2,3,0.10659394969620534,0.3666050639730623,6.000000000000001,2007-01-02,2021-02-17,1522,"{""C_proxy"": 0.2, ""features"": [""long_z"", ""recent20_z"", ""recent50_z"", ""recent100_z"", ""ewma_z"", ""gap_z"", ""transition_z"", ""in_last_draw""], ""include_number"": true, ""retrain_interval"": 1, ""seed"": 20260728, ""shrink_strength"": 0.1}",audited-1.0.0-online-SGD-r1,FullFeatureLogistic
1523,110000022,2021-02-19,2 28 31 36 40 45,25 38 26 49 20 39,25 38 26 49 20 39 5 34 2 9,25 38 26 49 20 39 5 34 2 9 15 6,0,1,1,0.10810943369639746,0.3718170367502275,6.0,2007-01-02,2021-02-18,1523,"{""C_proxy"": 0.2, ""features"": [""long_z"", ""recent20_z"", ""recent50_z"", ""recent100_z"", ""ewma_z"", ""gap_z"", ""transition_z"", ""in_last_draw""], ""include_number"": true, ""retrain_interval"": 1, ""seed"": 20260728, ""shrink_strength"": 0.1}",audited-1.0.0-online-SGD-r1,FullFeatureLogistic
1524,110000023,2021-02-20,1 6 10 11 26 47,25 38 26 49 20 39,25 38 26 49 20 39 5 9 34 15,25 38 26 49 20 39 5 9 34 15 18 43,1,1,1,0.10625928024767688,0.3651296295461864,5.999999999999999,2007-01-02,2021-02-19,1524,"{""C_proxy"": 0.2, ""features"": [""long_z"", ""recent20_z"", ""recent50_z"", ""recent100_z"", ""ewma_z"", ""gap_z"", ""transition_z"", ""in_last_draw""], ""include_number"": true, ""retrain_interval"": 1, ""seed"": 20260728, ""shrink_strength"": 0.1}",audited-1.0.0-online-SGD-r1,FullFeatureLogistic
1525,110000024,2021-02-21,9 18 25 27 32 39,25 38 49 20 39 9,25 38 49 20 39 9 26 5 34 15,25 38 49 20 39 9 26 5 34 15 18 42,3,3,4,0.10312417822683476,0.35433101989120414,6.000000000000001,2007-01-02,2021-02-20,1525,"{""C_proxy"": 0.2, ""features"": [""long_z"", ""recent20_z"", ""recent50_z"", ""recent100_z"", ""ewma_z"", ""gap_z"", ""transition_z"", ""in_last_draw""], ""include_number"": true, ""retrain_interval"": 1, ""seed"": 20260728, ""shrink_strength"": 0.1}",audited-1.0.0-online-SGD-r1,FullFeatureLogistic
1526,110000025,2021-02-23,1 6 18 19 20 42,38 25 49 26 20 5,38 25 49 26 20 5 34 39 15 42,38 25 49 26 20 5 34 39 15 42 43 9,1,2,2,0.1062653349858085,0.36424480222941613,6.0,2007-01-02,2021-02-21,1526,"{""C_proxy"": 0.2, ""features"": [""long_z"", ""recent20_z"", ""recent50_z"", ""recent100_z"", ""ewma_z"", ""gap_z"", ""transition_z"", ""in_last_draw""], ""include_number"": true, ""retrain_interval"": 1, ""seed"": 20260728, ""shrink_strength"": 0.1}",audited-1.0.0-online-SGD-r1,FullFeatureLogistic
1527,110000026,2021-02-26,4 13 22 23 39 42,25 38 26 49 5 34,25 38 26 49 5 34 39 9 43 20,25 38 26 49 5 34 39 9 43 20 15 40,0,1,1,0.10590677592170598,0.3616273765794648,6.000000000000001,2007-01-02,2021-02-23,1527,"{""C_proxy"": 0.2, ""features"": [""long_z"", ""recent20_z"", ""recent50_z"", ""recent100_z"", ""ewma_z"", ""gap_z"", ""transition_z"", ""in_last_draw""], ""include_number"": true, ""retrain_interval"": 1, ""seed"": 20260728, ""shrink_strength"": 0.1}",audited-1.0.0-online-SGD-r1,FullFeatureLogistic
1528,110000027,2021-03-02,5 7 11 24 27 30,25 38 49 26 20 5,25 38 49 26 20 5 34 9 43 15,25 38 49 26 20 5 34 9 43 15 2 48,1,1,1,0.11053178204054544,0.3877399452940107,6.000000000000001,2007-01-02,2021-02-26,1528,"{""C_proxy"": 0.2, ""features"": [""long_z"", ""recent20_z"", ""recent50_z"", ""recent100_z"", ""ewma_z"", ""gap_z"", ""transition_z"", ""in_last_draw""], ""include_number"": true, ""retrain_interval"": 1, ""seed"": 20260728, ""shrink_strength"": 0.1}",audited-1.0.0-online-SGD-r1,FullFeatureLogistic
1529,110000028,2021-03-05,6 8 14 29 38 48,25 38 49 26 20 34,25 38 49 26 20 34 9 43 39 5,25 38 49 26 20 34 9 43 39 5 15 48,1,1,2,0.10662248901533065,0.36956174575397027,6.000000000000002,2007-01-02,2021-03-02,1529,"{""C_proxy"": 0.2, ""features"": [""long_z"", ""recent20_z"", ""recent50_z"", ""recent100_z"", ""ewma_z"", ""gap_z"", ""transition_z"", ""in_last_draw""], ""include_number"": true, ""retrain_interval"": 1, ""seed"": 20260728, ""shrink_strength"": 0.1}",audited-1.0.0-online-SGD-r1,FullFeatureLogistic
1530,110000029,2021-03-09,8 9 13 29 36 46,25 38 26 49 20 9,25 38 26 49 20 9 34 5 43 39,25 38 26 49 20 9 34 5 43 39 40 15,1,1,1,0.11034016946427472,0.38463729051398354,6.000000000000001,2007-01-02,2021-03-05,1530,"{""C_proxy"": 0.2, ""features"": [""long_z"", ""recent20_z"", ""recent50_z"", ""recent100_z"", ""ewma_z"", ""gap_z"", ""transition_z"", ""in_last_draw""], ""include_number"": true, ""retrain_interval"": 1, ""seed"": 20260728, ""shrink_strength"": 0.1}",audited-1.0.0-online-SGD-r1,FullFeatureLogistic
1531,110000030,2021-03-12,8 21 26 30 33 46,25 38 26 49 20 34,25 38 26 49 20 34 5 43 39 40,25 38 26 49 20 34 5 43 39 40 9 2,1,1,1,0.11323907542086394,0.4030497010176601,6.000000000000001,2007-01-02,2021-03-09,1531,"{""C_proxy"": 0.2, ""features"": [""long_z"", ""recent20_z"", ""recent50_z"", ""recent100_z"", ""ewma_z"", ""gap_z"", ""transition_z"", ""in_last_draw""], ""include_number"": true, ""retrain_interval"": 1, ""seed"": 20260728, ""shrink_strength"": 0.1}",audited-1.0.0-online-SGD-r1,FullFeatureLogistic
1532,110000031,2021-03-16,8 19 22 24 30 43,25 38 49 20 26 5,25 38 49 20 26 5 34 9 43 40,25 38 49 20 26 5 34 9 43 40 39 2,0,1,1,0.11238279406308121,0.3988328521325158,6.000000000000002,2007-01-02,2021-03-12,1532,"{""C_proxy"": 0.2, ""features"": [""long_z"", ""recent20_z"", ""recent50_z"", ""recent100_z"", ""ewma_z"", ""gap_z"", ""transition_z"", ""in_last_draw""], ""include_number"": true, ""retrain_interval"": 1, ""seed"": 20260728, ""shrink_strength"": 0.1}",audited-1.0.0-online-SGD-r1,FullFeatureLogistic
1533,110000032,2021-03-19,7 19 28 35 38 48,25 38 26 49 20 5,25 38 26 49 20 5 9 34 40 39,25 38 26 49 20 5 9 34 40 39 2 28,1,1,2,0.10782443836853886,0.3760102186975322,6.000000000000002,2007-01-02,2021-03-16,1533,"{""C_proxy"": 0.2, ""features"": [""long_z"", ""recent20_z"", ""recent50_z"", ""recent100_z"", ""ewma_z"", ""gap_z"", ""transition_z"", ""in_last_draw""], ""include_number"": true, ""retrain_interval"": 1, ""seed"": 20260728, ""shrink_strength"": 0.1}",audited-1.0.0-online-SGD-r1,FullFeatureLogistic
1534,110000033,2021-03-23,2 15 28 43 45 49,25 38 26 49 20 5,25 38 26 49 20 5 34 9 40 39,25 38 26 49 20 5 34 9 40 39 43 2,1,1,3,0.10409096200827411,0.35412044184911906,6.000000000000001,2007-01-02,2021-03-19,1534,"{""C_proxy"": 0.2, ""features"": [""long_z"", ""recent20_z"", ""recent50_z"", ""recent100_z"", ""ewma_z"", ""gap_z"", ""transition_z"", ""in_last_draw""], ""include_number"": true, ""retrain_interval"": 1, ""seed"": 20260728, ""shrink_strength"": 0.1}",audited-1.0.0-online-SGD-r1,FullFeatureLogistic
1535,110000034,2021-03-26,15 21 24 30 37 38,25 38 26 20 5 34,25 38 26 20 5 34 9 49 39 40,25 38 26 20 5 34 9 49 39 40 18 42,1,1,1,0.10921608717108455,0.384697490564855,6.0,2007-01-02,2021-03-23,1535,"{""C_proxy"": 0.2, ""features"": [""long_z"", ""recent20_z"", ""recent50_z"", ""recent100_z"", ""ewma_z"", ""gap_z"", ""transition_z"", ""in_last_draw""], ""include_number"": true, ""retrain_interval"": 1, ""seed"": 20260728, ""shrink_strength"": 0.1}",audited-1.0.0-online-SGD-r1,FullFeatureLogistic
1536,110000035,2021-03-30,17 22 23 25 31 33,25 26 38 20 49 5,25 26 38 20 49 5 9 34 39 40,25 26 38 20 49 5 9 34 39 40 43 2,1,1,1,0.10802073639470991,0.37567087405330285,6.000000000000001,2007-01-02,2021-03-26,1536,"{""C_proxy"": 0.2, ""features"": [""long_z"", ""recent20_z"", ""recent50_z"", ""recent100_z"", ""ewma_z"", ""gap_z"", ""transition_z"", ""in_last_draw""], ""include_number"": true, ""retrain_interval"": 1, ""seed"": 20260728, ""shrink_strength"": 0.1}",audited-1.0.0-online-SGD-r1,FullFeatureLogistic
1537,110000036,2021-04-02,17 21 25 30 40 42,25 38 26 20 49 5,25 38 26 20 49 5 34 9 39 40,25 38 26 20 49 5 34 9 39 40 2 43,1,2,2,0.1092290794570896,0.3857504475498672,6.000000000000001,2007-01-02,2021-03-30,1537,"{""C_proxy"": 0.2, ""features"": [""long_z"", ""recent20_z"", ""recent50_z"", ""recent100_z"", ""ewma_z"", ""gap_z"", ""transition_z"", ""in_last_draw""], ""include_number"": true, ""retrain_interval"": 1, ""seed"": 20260728, ""shrink_strength"": 0.1}",audited-1.0.0-online-SGD-r1,FullFeatureLogistic
1538,110000037,2021-04-06,1 22 26 28 34 38,38 26 25 20 49 9,38 26 25 20 49 9 34 5 39 2,38 26 25 20 49 9 34 5 39 2 43 18,2,3,3,0.10100302316853695,0.3426313594911672,6.0,2007-01-02,2021-04-02,1538,"{""C_proxy"": 0.2, ""features"": [""long_z"", ""recent20_z"", ""recent50_z"", ""recent100_z"", ""ewma_z"", ""gap_z"", ""transition_z"", ""in_last_draw""], ""include_number"": true, ""retrain_interval"": 1, ""seed"": 20260728, ""shrink_strength"": 0.1}",audited-1.0.0-online-SGD-r1,FullFeatureLogistic
1539,110000038,2021-04-09,6 9 18 25 29 35,25 20 38 49 26 9,25 20 38 49 26 9 5 34 39 2,25 20 38 49 26 9 5 34 39 2 43 18,2,2,3,0.10416207647094594,0.35805657791385787,6.0,2007-01-02,2021-04-06,1539,"{""C_proxy"": 0.2, ""features"": [""long_z"", ""recent20_z"", ""recent50_z"", ""recent100_z"", ""ewma_z"", ""gap_z"", ""transition_z"", ""in_last_draw""], ""include_number"": true, ""retrain_interval"": 1, ""seed"": 20260728, ""shrink_strength"": 0.1}",audited-1.0.0-online-SGD-r1,FullFeatureLogistic
1540,110000039,2021-04-13,11 25 31 32 35 42,26 38 20 49 25 34,26 38 20 49 25 34 5 39 2 43,26 38 20 49 25 34 5 39 2 43 9 40,1,1,1,0.11172431417244078,0.39477622023793546,5.999999999999999,2007-01-02,2021-04-09,1540,"{""C_proxy"": 0.2, ""features"": [""long_z"", ""recent20_z"", ""recent50_z"", ""recent100_z"", ""ewma_z"", ""gap_z"", ""transition_z"", ""in_last_draw""], ""include_number"": true, ""retrain_interval"": 1, ""seed"": 20260728, ""shrink_strength"": 0.1}",audited-1.0.0-online-SGD-r1,FullFeatureLogistic
1541,110000040,2021-04-16,7 10 16 21 33 46,26 38 20 49 34 5,26 38 20 49 34 5 9 25 43 2,26 38 20 49 34 5 9 25 43 2 39 40,0,0,0,0.11068836836697972,0.3843083379758112,6.0,2007-01-02,2021-04-13,1541,"{""C_proxy"": 0.2, ""features"": [""long_z"", ""recent20_z"", ""recent50_z"", ""recent100_z"", ""ewma_z"", ""gap_z"", ""transition_z"", ""in_last_draw""], ""include_number"": true, ""retrain_interval"": 1, ""seed"": 20260728, ""shrink_strength"": 0.1}",audited-1.0.0-online-SGD-r1,FullFeatureLogistic
1542,110000041,2021-04-20,5 7 9 15 24 26,26 38 20 49 25 34,26 38 20 49 25 34 9 5 43 2,26 38 20 49 25 34 9 5 43 2 39 40,1,3,3,0.10280273913287909,0.3501062272517428,6.0,2007-01-02,2021-04-16,1542,"{""C_proxy"": 0.2, ""features"": [""long_z"", ""recent20_z"", ""recent50_z"", ""recent100_z"", ""ewma_z"", ""gap_z"", ""transition_z"", ""in_last_draw""], ""include_number"": true, ""retrain_interval"": 1, ""seed"": 20260728, ""shrink_strength"": 0.1}",audited-1.0.0-online-SGD-r1,FullFeatureLogistic
1543,110000042,2021-04-23,18 20 23 32 37 46,38 20 25 49 34 26,38 20 25 49 34 26 43 2 39 40,38 20 25 49 34 26 43 2 39 40 18 5,1,1,2,0.11008941374904276,0.3860786337162487,6.000000000000001,2007-01-02,2021-04-20,1543,"{""C_proxy"": 0.2, ""features"": [""long_z"", ""recent20_z"", ""recent50_z"", ""recent100_z"", ""ewma_z"", ""gap_z"", ""transition_z"", ""in_last_draw""], ""include_number"": true, ""retrain_interval"": 1, ""seed"": 20260728, ""shrink_strength"": 0.1}",audited-1.0.0-online-SGD-r1,FullFeatureLogistic
1544,110000043,2021-04-27,5 8 20 23 34 39,38 25 26 49 34 43,38 25 26 49 34 43 20 2 5 39,38 25 26 49 34 43 20 2 5 39 9 40,1,4,4,0.1051054614925327,0.3613106563552966,6.000000000000001,2007-01-02,2021-04-23,1544,"{""C_proxy"": 0.2, ""features"": [""long_z"", ""recent20_z"", ""recent50_z"", ""recent100_z"", ""ewma_z"", ""gap_z"", ""transition_z"", ""in_last_draw""], ""include_number"": true, ""retrain_interval"": 1, ""seed"": 20260728, ""shrink_strength"": 0.1}",audited-1.0.0-online-SGD-r1,FullFeatureLogistic
1545,110000044,2021-04-30,4 14 22 42 46 47,38 25 26 49 43 9,38 25 26 49 43 9 2 34 40 20,38 25 26 49 43 9 2 34 40 20 13 42,0,0,1,0.10964955263871524,0.3809448584977893,6.000000000000002,2007-01-02,2021-04-27,1545,"{""C_proxy"": 0.2, ""features"": [""long_z"", ""recent20_z"", ""recent50_z"", ""recent100_z"", ""ewma_z"", ""gap_z"", ""transition_z"", ""in_last_draw""], ""include_number"": true, ""retrain_interval"": 1, ""seed"": 20260728, ""shrink_strength"": 0.1}",audited-1.0.0-online-SGD-r1,FullFeatureLogistic
1546,110000045,2021-05-04,5 15 17 19 27 37,38 25 26 49 20 43,38 25 26 49 20 43 34 9 2 39,38 25 26 49 20 43 34 9 2 39 40 5,0,0,1,0.11187397077226957,0.3929855147541562,6.0,2007-01-02,2021-04-30,1546,"{""C_proxy"": 0.2, ""features"": [""long_z"", ""recent20_z"", ""recent50_z"", ""recent100_z"", ""ewma_z"", ""gap_z"", ""transition_z"", ""in_last_draw""], ""include_number"": true, ""retrain_interval"": 1, ""seed"": 20260728, ""shrink_strength"": 0.1}",audited-1.0.0-online-SGD-r1,FullFeatureLogistic
1547,110000046,2021-05-07,12 22 26 35 36 49,38 26 25 49 20 34,38 26 25 49 20 34 9 43 2 39,38 26 25 49 20 34 9 43 2 39 40 18,2,2,2,0.1080135652196614,0.37635965708357333,5.999999999999999,2007-01-02,2021-05-04,1547,"{""C_proxy"": 0.2, ""features"": [""long_z"", ""recent20_z"", ""recent50_z"", ""recent100_z"", ""ewma_z"", ""gap_z"", ""transition_z"", ""in_last_draw""], ""include_number"": true, ""retrain_interval"": 1, ""seed"": 20260728, ""shrink_strength"": 0.1}",audited-1.0.0-online-SGD-r1,FullFeatureLogistic
1548,110000047,2021-05-11,5 7 9 27 35 42,38 25 20 34 9 26,38 25 20 34 9 26 43 39 40 2,38 25 20 34 9 26 43 39 40 2 49 18,1,1,1,0.10877695558808802,0.3790670308143452,6.000000000000001,2007-01-02,2021-05-07,1548,"{""C_proxy"": 0.2, ""features"": [""long_z"", ""recent20_z"", ""recent50_z"", ""recent100_z"", ""ewma_z"", ""gap_z"", ""transition_z"", ""in_last_draw""], ""include_number"": true, ""retrain_interval"": 1, ""seed"": 20260728, ""shrink_strength"": 0.1}",audited-1.0.0-online-SGD-r1,FullFeatureLogistic
1549,110000048,2021-05-14,2 13 14 30 43 48,38 25 26 20 49 34,38 25 26 20 49 34 43 39 40 18,38 25 26 20 49 34 43 39 40 18 9 2,0,1,2,0.10831202558118261,0.3778845501864998,6.000000000000001,2007-01-02,2021-05-11,1549,"{""C_proxy"": 0.2, ""features"": [""long_z"", ""recent20_z"", ""recent50_z"", ""recent100_z"", ""ewma_z"", ""gap_z"", ""transition_z"", ""in_last_draw""], ""include_number"": true, ""retrain_interval"": 1, ""seed"": 20260728, ""shrink_strength"": 0.1}",audited-1.0.0-online-SGD-r1,FullFeatureLogistic
1550,110000049,2021-05-18,11 15 16 18 35 43,38 25 26 20 34 49,38 25 26 20 34 49 9 39 40 18,38 25 26 20 34 49 9 39 40 18 10 6,0,1,1,0.11001828993689422,0.38488420413967084,6.000000000000002,2007-01-02,2021-05-14,1550,"{""C_proxy"": 0.2, ""features"": [""long_z"", ""recent20_z"", ""recent50_z"", ""recent100_z"", ""ewma_z"", ""gap_z"", ""transition_z"", ""in_last_draw""], ""include_number"": true, ""retrain_interval"": 1, ""seed"": 20260728, ""shrink_strength"": 0.1}",audited-1.0.0-online-SGD-r1,FullFeatureLogistic
1551,110000050,2021-05-21,2 4 25 26 27 29,38 25 26 20 34 49,38 25 26 20 34 49 9 39 40 2,38 25 26 20 34 49 9 39 40 2 10 48,2,3,3,0.1026729163835112,0.3495943079558549,6.0,2007-01-02,2021-05-18,1551,"{""C_proxy"": 0.2, ""features"": [""long_z"", ""recent20_z"", ""recent50_z"", ""recent100_z"", ""ewma_z"", ""gap_z"", ""transition_z"", ""in_last_draw""], ""include_number"": true, ""retrain_interval"": 1, ""seed"": 20260728, ""shrink_strength"": 0.1}",audited-1.0.0-online-SGD-r1,FullFeatureLogistic
1552,110000051,2021-05-25,15 31 38 44 46 48,38 25 20 49 9 34,38 25 20 49 9 34 26 39 40 43,38 25 20 49 9 34 26 39 40 43 18 48,1,1,2,0.10624652715571856,0.366797262094195,6.000000000000001,2007-01-02,2021-05-21,1552,"{""C_proxy"": 0.2, ""features"": [""long_z"", ""recent20_z"", ""recent50_z"", ""recent100_z"", ""ewma_z"", ""gap_z"", ""transition_z"", ""in_last_draw""], ""include_number"": true, ""retrain_interval"": 1, ""seed"": 20260728, ""shrink_strength"": 0.1}",audited-1.0.0-online-SGD-r1,FullFeatureLogistic
1553,110000052,2021-05-28,4 12 18 23 43 46,38 25 26 20 9 34,38 25 26 20 9 34 49 39 18 43,38 25 26 20 9 34 49 39 18 43 40 13,0,2,2,0.10857080994379917,0.37587665517827984,6.000000000000002,2007-01-02,2021-05-25,1553,"{""C_proxy"": 0.2, ""features"": [""long_z"", ""recent20_z"", ""recent50_z"", ""recent100_z"", ""ewma_z"", ""gap_z"", ""transition_z"", ""in_last_draw""], ""include_number"": true, ""retrain_interval"": 1, ""seed"": 20260728, ""shrink_strength"": 0.1}",audited-1.0.0-online-SGD-r1,FullFeatureLogistic
1554,110000053,2021-06-01,1 2 9 26 35 41,38 25 26 20 9 34,38 25 26 20 9 34 49 39 40 42,38 25 26 20 9 34 49 39 40 42 6 5,2,2,2,0.10643575193450143,0.36986754722677634,6.000000000000001,2007-01-02,2021-05-28,1554,"{""C_proxy"": 0.2, ""features"": [""long_z"", ""recent20_z"", ""recent50_z"", ""recent100_z"", ""ewma_z"", ""gap_z"", ""transition_z"", ""in_last_draw""], ""include_number"": true, ""retrain_interval"": 1, ""seed"": 20260728, ""shrink_strength"": 0.1}",audited-1.0.0-online-SGD-r1,FullFeatureLogistic
1555,110000054,2021-06-04,7 8 24 28 32 41,38 25 20 34 49 39,38 25 20 34 49 39 26 9 40 42,38 25 20 34 49 39 26 9 40 42 18 13,0,0,0,0.1119052861825302,0.3924086270794303,5.999999999999999,2007-01-02,2021-06-01,1555,"{""C_proxy"": 0.2, ""features"": [""long_z"", ""recent20_z"", ""recent50_z"", ""recent100_z"", ""ewma_z"", ""gap_z"", ""transition_z"", ""in_last_draw""], ""include_number"": true, ""retrain_interval"": 1, ""seed"": 20260728, ""shrink_strength"": 0.1}",audited-1.0.0-online-SGD-r1,FullFeatureLogistic
1556,110000055,2021-06-08,4 6 26 36 38 47,38 25 20 26 34 9,38 25 20 26 34 9 49 39 40 42,38 25 20 26 34 9 49 39 40 42 18 13,2,2,2,0.10340402053406764,0.35373491413410935,6.0,2007-01-02,2021-06-04,1556,"{""C_proxy"": 0.2, ""features"": [""long_z"", ""recent20_z"", ""recent50_z"", ""recent100_z"", ""ewma_z"", ""gap_z"", ""transition_z"", ""in_last_draw""], ""include_number"": true, ""retrain_interval"": 1, ""seed"": 20260728, ""shrink_strength"": 0.1}",audited-1.0.0-online-SGD-r1,FullFeatureLogistic
1557,110000056,2021-06-11,7 9 16 23 27 44,38 25 34 9 20 49,38 25 34 9 20 49 39 40 26 18,38 25 34 9 20 49 39 40 26 18 42 13,1,1,1,0.10833689163838015,0.3735887707225263,6.000000000000001,2007-01-02,2021-06-08,1557,"{""C_proxy"": 0.2, ""features"": [""long_z"", ""recent20_z"", ""recent50_z"", ""recent100_z"", ""ewma_z"", ""gap_z"", ""transition_z"", ""in_last_draw""], ""include_number"": true, ""retrain_interval"": 1, ""seed"": 20260728, ""shrink_strength"": 0.1}",audited-1.0.0-online-SGD-r1,FullFeatureLogistic
1558,110000057,2021-06-15,9 11 23 34 41 45,38 25 34 20 26 49,38 25 34 20 26 49 39 9 18 40,38 25 34 20 26 49 39 9 18 40 42 43,1,2,2,0.10945220993264052,0.38102598526907844,6.000000000000001,2007-01-02,2021-06-11,1558,"{""C_proxy"": 0.2, ""features"": [""long_z"", ""recent20_z"", ""recent50_z"", ""recent100_z"", ""ewma_z"", ""gap_z"", ""transition_z"", ""in_last_draw""], ""include_number"": true, ""retrain_interval"": 1, ""seed"": 20260728, ""shrink_strength"": 0.1}",audited-1.0.0-online-SGD-r1,FullFeatureLogistic
1559,110000058,2021-06-18,2 18 22 25 41 43,38 25 26 20 49 39,38 25 26 20 49 39 34 42 40 43,38 25 26 20 49 39 34 42 40 43 18 5,1,2,3,0.10458651551895065,0.35925732777017844,6.0,2007-01-02,2021-06-15,1559,"{""C_proxy"": 0.2, ""features"": [""long_z"", ""recent20_z"", ""recent50_z"", ""recent100_z"", ""ewma_z"", ""gap_z"", ""transition_z"", ""in_last_draw""], ""include_number"": true, ""retrain_interval"": 1, ""seed"": 20260728, ""shrink_strength"": 0.1}",audited-1.0.0-online-SGD-r1,FullFeatureLogistic
1560,110000059,2021-06-22,14 17 27 43 45 48,38 26 25 20 34 49,38 26 25 20 34 49 39 9 42 40,38 26 25 20 34 49 39 9 42 40 5 13,0,0,0,0.11132222724936329,0.3895099613489068,6.0,2007-01-02,2021-06-18,1560,"{""C_proxy"": 0.2, ""features"": [""long_z"", ""recent20_z"", ""recent50_z"", ""recent100_z"", ""ewma_z"", ""gap_z"", ""transition_z"", ""in_last_draw""], ""include_number"": true, ""retrain_interval"": 1, ""seed"": 20260728, ""shrink_strength"": 0.1}",audited-1.0.0-online-SGD-r1,FullFeatureLogistic
1561,110000060,2021-06-25,1 4 9 37 38 41,38 25 26 20 34 49,38 25 26 20 34 49 39 9 42 5,38 25 26 20 34 49 39 9 42 5 13 18,1,2,2,0.10628863755576183,0.36926094702721013,6.000000000000001,2007-01-02,2021-06-22,1561,"{""C_proxy"": 0.2, ""features"": [""long_z"", ""recent20_z"", ""recent50_z"", ""recent100_z"", ""ewma_z"", ""gap_z"", ""transition_z"", ""in_last_draw""], ""include_number"": true, ""retrain_interval"": 1, ""seed"": 20260728, ""shrink_strength"": 0.1}",audited-1.0.0-online-SGD-r1,FullFeatureLogistic
1562,110000061,2021-06-29,1 23 25 30 38 45,38 25 26 20 49 34,38 25 26 20 49 34 39 42 5 18,38 25 26 20 49 34 39 42 5 18 13 9,2,2,2,0.10639877469855191,0.3706895730908774,6.0,2007-01-02,2021-06-25,1562,"{""C_proxy"": 0.2, ""features"": [""long_z"", ""recent20_z"", ""recent50_z"", ""recent100_z"", ""ewma_z"", ""gap_z"", ""transition_z"", ""in_last_draw""], ""include_number"": true, ""retrain_interval"": 1, ""seed"": 20260728, ""shrink_strength"": 0.1}",audited-1.0.0-online-SGD-r1,FullFeatureLogistic
1563,110000062,2021-07-02,4 9 11 25 27 29,38 26 20 25 34 49,38 26 20 25 34 49 39 9 42 18,38 26 20 25 34 49 39 9 42 18 13 5,1,2,2,0.10743149694634177,0.3706602481924674,6.0,2007-01-02,2021-06-29,1563,"{""C_proxy"": 0.2, ""features"": [""long_z"", ""recent20_z"", ""recent50_z"", ""recent100_z"", ""ewma_z"", ""gap_z"", ""transition_z"", ""in_last_draw""], ""include_number"": true, ""retrain_interval"": 1, ""seed"": 20260728, ""shrink_strength"": 0.1}",audited-1.0.0-online-SGD-r1,FullFeatureLogistic
1564,110000063,2021-07-06,13 19 25 32 42 44,38 26 34 20 49 25,38 26 34 20 49 25 39 42 18 5,38 26 34 20 49 25 39 42 18 5 13 48,1,2,3,0.10786662249833506,0.37386939655953405,6.000000000000002,2007-01-02,2021-07-02,1564,"{""C_proxy"": 0.2, ""features"": [""long_z"", ""recent20_z"", ""recent50_z"", ""recent100_z"", ""ewma_z"", ""gap_z"", ""transition_z"", ""in_last_draw""], ""include_number"": true, ""retrain_interval"": 1, ""seed"": 20260728, ""shrink_strength"": 0.1}",audited-1.0.0-online-SGD-r1,FullFeatureLogistic
1565,110000064,2021-07-09,3 13 24 26 27 29,38 26 49 20 34 39,38 26 49 20 34 39 25 18 9 5,38 26 49 20 34 39 25 18 9 5 48 2,1,1,1,0.10579291153932657,0.3628032370291118,6.000000000000001,2007-01-02,2021-07-06,1565,"{""C_proxy"": 0.2, ""features"": [""long_z"", ""recent20_z"", ""recent50_z"", ""recent100_z"", ""ewma_z"", ""gap_z"", ""transition_z"", ""in_last_draw""], ""include_number"": true, ""retrain_interval"": 1, ""seed"": 20260728, ""shrink_strength"": 0.1}",audited-1.0.0-online-SGD-r1,FullFeatureLogistic
1566,110000065,2021-07-13,9 14 17 23 33 48,38 25 26 49 20 34,38 25 26 49 20 34 39 9 18 42,38 25 26 49 20 34 39 9 18 42 5 48,0,1,2,0.11114305481336088,0.38974036783095284,6.0,2007-01-02,2021-07-09,1566,"{""C_proxy"": 0.2, ""features"": [""long_z"", ""recent20_z"", ""recent50_z"", ""recent100_z"", ""ewma_z"", ""gap_z"", ""transition_z"", ""in_last_draw""], ""include_number"": true, ""retrain_interval"": 1, ""seed"": 20260728, ""shrink_strength"": 0.1}",audited-1.0.0-online-SGD-r1,FullFeatureLogistic
1567,110000066,2021-07-16,13 16 17 19 39 44,38 26 25 49 34 20,38 26 25 49 34 20 39 18 42 5,38 26 25 49 34 20 39 18 42 5 2 43,0,1,1,0.11050332343688037,0.386471496689662,5.999999999999999,2007-01-02,2021-07-13,1567,"{""C_proxy"": 0.2, ""features"": [""long_z"", ""recent20_z"", ""recent50_z"", ""recent100_z"", ""ewma_z"", ""gap_z"", ""transition_z"", ""in_last_draw""], ""include_number"": true, ""retrain_interval"": 1, ""seed"": 20260728, ""shrink_strength"": 0.1}",audited-1.0.0-online-SGD-r1,FullFeatureLogistic
1568,110000067,2021-07-20,1 8 32 41 44 49,38 26 25 34 20 49,38 26 25 34 20 49 18 42 39 9,38 26 25 34 20 49 18 42 39 9 5 2,1,1,1,0.11187793900957606,0.39340660166890606,5.999999999999999,2007-01-02,2021-07-16,1568,"{""C_proxy"": 0.2, ""features"": [""long_z"", ""recent20_z"", ""recent50_z"", ""recent100_z"", ""ewma_z"", ""gap_z"", ""transition_z"", ""in_last_draw""], ""include_number"": true, ""retrain_interval"": 1, ""seed"": 20260728, ""shrink_strength"": 0.1}",audited-1.0.0-online-SGD-r1,FullFeatureLogistic
1569,110000068,2021-07-23,7 15 23 24 31 38,38 26 25 20 34 39,38 26 25 20 34 39 18 42 9 49,38 26 25 20 34 39 18 42 9 49 5 15,1,1,2,0.10534143920082972,0.3614814872485382,6.0,2007-01-02,2021-07-20,1569,"{""C_proxy"": 0.2, ""features"": [""long_z"", ""recent20_z"", ""recent50_z"", ""recent100_z"", ""ewma_z"", ""gap_z"", ""transition_z"", ""in_last_draw""], ""include_number"": true, ""retrain_interval"": 1, ""seed"": 20260728, ""shrink_strength"": 0.1}",audited-1.0.0-online-SGD-r1,FullFeatureLogistic
1570,110000069,2021-07-27,3 28 30 42 43 46,38 26 25 34 49 20,38 26 25 34 49 20 39 42 18 9,38 26 25 34 49 20 39 42 18 9 5 28,0,1,2,0.10900691356332104,0.3799976881840909,6.0,2007-01-02,2021-07-23,1570,"{""C_proxy"": 0.2, ""features"": [""long_z"", ""recent20_z"", ""recent50_z"", ""recent100_z"", ""ewma_z"", ""gap_z"", ""transition_z"", ""in_last_draw""], ""include_number"": true, ""retrain_interval"": 1, ""seed"": 20260728, ""shrink_strength"": 0.1}",audited-1.0.0-online-SGD-r1,FullFeatureLogistic
1571,110000070,2021-07-30,2 15 19 29 43 46,38 26 25 34 20 49,38 26 25 34 20 49 39 18 9 5,38 26 25 34 20 49 39 18 9 5 15 42,0,0,1,0.10963364080693255,0.3808073197851367,6.0,2007-01-02,2021-07-27,1571,"{""C_proxy"": 0.2, ""features"": [""long_z"", ""recent20_z"", ""recent50_z"", ""recent100_z"", ""ewma_z"", ""gap_z"", ""transition_z"", ""in_last_draw""], ""include_number"": true, ""retrain_interval"": 1, ""seed"": 20260728, ""shrink_strength"": 0.1}",audited-1.0.0-online-SGD-r1,FullFeatureLogistic
1572,110000071,2021-08-03,17 27 30 38 42 44,38 25 26 34 20 49,38 25 26 34 20 49 39 18 9 42,38 25 26 34 20 49 39 18 9 42 5 28,1,2,2,0.10969442592595981,0.38706769857702117,6.0,2007-01-02,2021-07-30,1572,"{""C_proxy"": 0.2, ""features"": [""long_z"", ""recent20_z"", ""recent50_z"", ""recent100_z"", ""ewma_z"", ""gap_z"", ""transition_z"", ""in_last_draw""], ""include_number"": true, ""retrain_interval"": 1, ""seed"": 20260728, ""shrink_strength"": 0.1}",audited-1.0.0-online-SGD-r1,FullFeatureLogistic
1573,110000072,2021-08-06,3 4 15 29 32 39,25 26 38 34 20 49,25 26 38 34 20 49 39 18 9 5,25 26 38 34 20 49 39 18 9 5 28 6,0,1,1,0.10863336183351549,0.37588187508868215,6.000000000000001,2007-01-02,2021-08-03,1573,"{""C_proxy"": 0.2, ""features"": [""long_z"", ""recent20_z"", ""recent50_z"", ""recent100_z"", ""ewma_z"", ""gap_z"", ""transition_z"", ""in_last_draw""], ""include_number"": true, ""retrain_interval"": 1, ""seed"": 20260728, ""shrink_strength"": 0.1}",audited-1.0.0-online-SGD-r1,FullFeatureLogistic
1574,110000073,2021-08-10,1 3 16 17 24 25,38 25 26 34 20 49,38 25 26 34 20 49 9 18 5 39,38 25 26 34 20 49 9 18 5 39 42 6,1,1,1,0.10825692722185684,0.37649790173546116,6.0,2007-01-02,2021-08-06,1574,"{""C_proxy"": 0.2, ""features"": [""long_z"", ""recent20_z"", ""recent50_z"", ""recent100_z"", ""ewma_z"", ""gap_z"", ""transition_z"", ""in_last_draw""], ""include_number"": true, ""retrain_interval"": 1, ""seed"": 20260728, ""shrink_strength"": 0.1}",audited-1.0.0-online-SGD-r1,FullFeatureLogistic
1575,110000074,2021-08-13,5 6 19 24 33 41,38 26 25 34 20 49,38 26 25 34 20 49 9 18 39 5,38 26 25 34 20 49 9 18 39 5 42 28,0,1,1,0.10986788379053275,0.38161442535302237,6.0,2007-01-02,2021-08-10,1575,"{""C_proxy"": 0.2, ""features"": [""long_z"", ""recent20_z"", ""recent50_z"", ""recent100_z"", ""ewma_z"", ""gap_z"", ""transition_z"", ""in_last_draw""], ""include_number"": true, ""retrain_interval"": 1, ""seed"": 20260728, ""shrink_strength"": 0.1}",audited-1.0.0-online-SGD-r1,FullFeatureLogistic
1576,110000075,2021-08-17,2 11 29 33 41 44,38 26 25 34 20 49,38 26 25 34 20 49 9 18 39 42,38 26 25 34 20 49 9 18 39 42 5 28,0,0,0,0.11345455193600344,0.3991354814420655,6.000000000000001,2007-01-02,2021-08-13,1576,"{""C_proxy"": 0.2, ""features"": [""long_z"", ""recent20_z"", ""recent50_z"", ""recent100_z"", ""ewma_z"", ""gap_z"", ""transition_z"", ""in_last_draw""], ""include_number"": true, ""retrain_interval"": 1, ""seed"": 20260728, ""shrink_strength"": 0.1}",audited-1.0.0-online-SGD-r1,FullFeatureLogistic
1577,110000076,2021-08-20,3 6 11 13 18 37,38 25 26 34 49 20,38 25 26 34 49 20 9 18 39 5,38 25 26 34 49 20 9 18 39 5 42 28,0,1,1,0.10994973142825658,0.38343966260732604,6.0,2007-01-02,2021-08-17,1577,"{""C_proxy"": 0.2, ""features"": [""long_z"", ""recent20_z"", ""recent50_z"", ""recent100_z"", ""ewma_z"", ""gap_z"", ""transition_z"", ""in_last_draw""], ""include_number"": true, ""retrain_interval"": 1, ""seed"": 20260728, ""shrink_strength"": 0.1}",audited-1.0.0-online-SGD-r1,FullFeatureLogistic
1578,110000077,2021-08-24,1 5 17 36 40 41,38 25 26 34 49 20,38 25 26 34 49 20 9 39 5 42,38 25 26 34 49 20 9 39 5 42 28 43,0,1,1,0.11099665666249563,0.3882908629921007,6.000000000000001,2007-01-02,2021-08-20,1578,"{""C_proxy"": 0.2, ""features"": [""long_z"", ""recent20_z"", ""recent50_z"", ""recent100_z"", ""ewma_z"", ""gap_z"", ""transition_z"", ""in_last_draw""], ""include_number"": true, ""retrain_interval"": 1, ""seed"": 20260728, ""shrink_strength"": 0.1}",audited-1.0.0-online-SGD-r1,FullFeatureLogistic
1579,110000078,2021-08-27,8 11 16 32 35 43,38 25 26 34 49 20,38 25 26 34 49 20 9 18 39 28,38 25 26 34 49 20 9 18 39 28 42 43,0,0,1,0.1146800093374676,0.4073963337283032,6.000000000000001,2007-01-02,2021-08-24,1579,"{""C_proxy"": 0.2, ""features"": [""long_z"", ""recent20_z"", ""recent50_z"", ""recent100_z"", ""ewma_z"", ""gap_z"", ""transition_z"", ""in_last_draw""], ""include_number"": true, ""retrain_interval"": 1, ""seed"": 20260728, ""shrink_strength"": 0.1}",audited-1.0.0-online-SGD-r1,FullFeatureLogistic
1580,110000079,2021-08-31,7 14 23 43 47 49,38 25 26 49 34 20,38 25 26 49 34 20 9 18 39 28,38 25 26 49 34 20 9 18 39 28 42 40,1,1,1,0.10864143596540526,0.37534740617242685,6.0,2007-01-02,2021-08-27,1580,"{""C_proxy"": 0.2, ""features"": [""long_z"", ""recent20_z"", ""recent50_z"", ""recent100_z"", ""ewma_z"", ""gap_z"", ""transition_z"", ""in_last_draw""], ""include_number"": true, ""retrain_interval"": 1, ""seed"": 20260728, ""shrink_strength"": 0.1}",audited-1.0.0-online-SGD-r1,FullFeatureLogistic
1581,110000080,2021-09-03,1 18 21 24 32 41,38 25 26 34 20 9,38 25 26 34 20 9 18 39 49 42,38 25 26 34 20 9 18 39 49 42 28 40,0,1,1,0.11045056601314554,0.3849777126077821,6.000000000000001,2007-01-02,2021-08-31,1581,"{""C_proxy"": 0.2, ""features"": [""long_z"", ""recent20_z"", ""recent50_z"", ""recent100_z"", ""ewma_z"", ""gap_z"", ""transition_z"", ""in_last_draw""], ""include_number"": true, ""retrain_interval"": 1, ""seed"": 20260728, ""shrink_strength"": 0.1}",audited-1.0.0-online-SGD-r1,FullFeatureLogistic
1582,110000081,2021-09-07,4 20 26 27 45 48,38 25 26 34 9 20,38 25 26 34 9 20 49 42 39 40,38 25 26 34 9 20 49 42 39 40 28 15,2,2,2,0.10385912196755806,0.35409272345136883,6.0,2007-01-02,2021-09-03,1582,"{""C_proxy"": 0.2, ""features"": [""long_z"", ""recent20_z"", ""recent50_z"", ""recent100_z"", ""ewma_z"", ""gap_z"", ""transition_z"", ""in_last_draw""], ""include_number"": true, ""retrain_interval"": 1, ""seed"": 20260728, ""shrink_strength"": 0.1}",audited-1.0.0-online-SGD-r1,FullFeatureLogistic
1583,110000082,2021-09-10,1 5 15 16 28 41,38 25 34 26 49 9,38 25 34 26 49 9 42 20 39 18,38 25 34 26 49 9 42 20 39 18 40 28,0,0,1,0.1079062850136836,0.37228429741079505,6.0,2007-01-02,2021-09-07,1583,"{""C_proxy"": 0.2, ""features"": [""long_z"", ""recent20_z"", ""recent50_z"", ""recent100_z"", ""ewma_z"", ""gap_z"", ""transition_z"", ""in_last_draw""], ""include_number"": true, ""retrain_interval"": 1, ""seed"": 20260728, ""shrink_strength"": 0.1}",audited-1.0.0-online-SGD-r1,FullFeatureLogistic
1584,110000083,2021-09-14,9 13 18 22 40 41,38 25 26 20 34 49,38 25 26 20 34 49 9 42 39 18,38 25 26 20 34 49 9 42 39 18 40 13,0,2,4,0.10572353550825352,0.363591206900995,6.0,2007-01-02,2021-09-10,1584,"{""C_proxy"": 0.2, ""features"": [""long_z"", ""recent20_z"", ""recent50_z"", ""recent100_z"", ""ewma_z"", ""gap_z"", ""transition_z"", ""in_last_draw""], ""include_number"": true, ""retrain_interval"": 1, ""seed"": 20260728, ""shrink_strength"": 0.1}",audited-1.0.0-online-SGD-r1,FullFeatureLogistic
1585,110000084,2021-09-17,7 12 18 35 37 45,38 25 26 20 34 49,38 25 26 20 34 49 42 9 39 15,38 25 26 20 34 49 42 9 39 15 5 2,0,0,0,0.11253397572193803,0.39474991845021334,6.0,2007-01-02,2021-09-14,1585,"{""C_proxy"": 0.2, ""features"": [""long_z"", ""recent20_z"", ""recent50_z"", ""recent100_z"", ""ewma_z"", ""gap_z"", ""transition_z"", ""in_last_draw""], ""include_number"": true, ""retrain_interval"": 1, ""seed"": 20260728, ""shrink_strength"": 0.1}",audited-1.0.0-online-SGD-r1,FullFeatureLogistic
1586,110000085,2021-09-21,2 13 16 28 31 34,38 25 26 20 34 49,38 25 26 20 34 49 9 42 39 5,38 25 26 20 34 49 9 42 39 5 43 2,1,1,2,0.1054161873717721,0.3597219032603436,6.0,2007-01-02,2021-09-17,1586,"{""C_proxy"": 0.2, ""features"": [""long_z"", ""recent20_z"", ""recent50_z"", ""recent100_z"", ""ewma_z"", ""gap_z"", ""transition_z"", ""in_last_draw""], ""include_number"": true, ""retrain_interval"": 1, ""seed"": 20260728, ""shrink_strength"": 0.1}",audited-1.0.0-online-SGD-r1,FullFeatureLogistic
1587,110000086,2021-09-24,4 10 21 30 39 42,38 25 26 20 49 34,38 25 26 20 49 34 9 42 39 43,38 25 26 20 49 34 9 42 39 43 5 15,0,2,2,0.10761999011744462,0.3729856739536482,6.0,2007-01-02,2021-09-21,1587,"{""C_proxy"": 0.2, ""features"": [""long_z"", ""recent20_z"", ""recent50_z"", ""recent100_z"", ""ewma_z"", ""gap_z"", ""transition_z"", ""in_last_draw""], ""include_number"": true, ""retrain_interval"": 1, ""seed"": 20260728, ""shrink_strength"": 0.1}",audited-1.0.0-online-SGD-r1,FullFeatureLogistic
1588,110000087,2021-09-28,23 24 27 36 47 49,38 26 25 20 34 49,38 26 25 20 34 49 9 42 43 15,38 26 25 20 34 49 9 42 43 15 48 39,1,1,1,0.10755817389612145,0.369530473425715,5.999999999999999,2007-01-02,2021-09-24,1588,"{""C_proxy"": 0.2, ""features"": [""long_z"", ""recent20_z"", ""recent50_z"", ""recent100_z"", ""ewma_z"", ""gap_z"", ""transition_z"", ""in_last_draw""], ""include_number"": true, ""retrain_interval"": 1, ""seed"": 20260728, ""shrink_strength"": 0.1}",audited-1.0.0-online-SGD-r1,FullFeatureLogistic
1589,110000088,2021-10-01,2 9 16 22 41 49,38 26 25 20 34 9,38 26 25 20 34 9 42 39 49 43,38 26 25 20 34 9 42 39 49 43 10 48,1,2,2,0.10707533594421292,0.3690210876260821,5.999999999999999,2007-01-02,2021-09-28,1589,"{""C_proxy"": 0.2, ""features"": [""long_z"", ""recent20_z"", ""recent50_z"", ""recent100_z"", ""ewma_z"", ""gap_z"", ""transition_z"", ""in_last_draw""], ""include_number"": true, ""retrain_interval"": 1, ""seed"": 20260728, ""shrink_strength"": 0.1}",audited-1.0.0-online-SGD-r1,FullFeatureLogistic
1590,110000089,2021-10-05,1 3 11 23 46 47,38 26 25 34 20 42,38 26 25 34 20 42 39 43 9 10,38 26 25 34 20 42 39 43 9 10 5 48,0,0,0,0.11207220536153888,0.3912500695621403,5.999999999999999,2007-01-02,2021-10-01,1590,"{""C_proxy"": 0.2, ""features"": [""long_z"", ""recent20_z"", ""recent50_z"", ""recent100_z"", ""ewma_z"", ""gap_z"", ""transition_z"", ""in_last_draw""], ""include_number"": true, ""retrain_interval"": 1, ""seed"": 20260728, ""shrink_strength"": 0.1}",audited-1.0.0-online-SGD-r1,FullFeatureLogistic
1591,110000090,2021-10-08,18 19 20 34 37 44,38 26 25 34 20 49,38 26 25 34 20 49 9 42 39 43,38 26 25 34 20 49 9 42 39 43 10 5,2,2,2,0.10729229777876462,0.372581615028047,6.000000000000001,2007-01-02,2021-10-05,1591,"{""C_proxy"": 0.2, ""features"": [""long_z"", ""recent20_z"", ""recent50_z"", ""recent100_z"", ""ewma_z"", ""gap_z"", ""transition_z"", ""in_last_draw""], ""include_number"": true, ""retrain_interval"": 1, ""seed"": 20260728, ""shrink_strength"": 0.1}",audited-1.0.0-online-SGD-r1,FullFeatureLogistic
1592,110000091,2021-10-12,1 6 14 26 28 31,38 26 25 34 49 9,38 26 25 34 49 9 42 39 43 20,38 26 25 34 49 9 42 39 43 20 15 10,1,1,1,0.1065156930913526,0.36712485830914,6.000000000000001,2007-01-02,2021-10-08,1592,"{""C_proxy"": 0.2, ""features"": [""long_z"", ""recent20_z"", ""recent50_z"", ""recent100_z"", ""ewma_z"", ""gap_z"", ""transition_z"", ""in_last_draw""], ""include_number"": true, ""retrain_interval"": 1, ""seed"": 20260728, ""shrink_strength"": 0.1}",audited-1.0.0-online-SGD-r1,FullFeatureLogistic
1593,110000092,2021-10-15,2 12 21 25 26 37,38 25 20 26 34 49,38 25 20 26 34 49 9 42 39 43,38 25 20 26 34 49 9 42 39 43 10 40,2,2,2,0.105143795885306,0.36192171401544543,6.0,2007-01-02,2021-10-12,1593,"{""C_proxy"": 0.2, ""features"": [""long_z"", ""recent20_z"", ""recent50_z"", ""recent100_z"", ""ewma_z"", ""gap_z"", ""transition_z"", ""in_last_draw""], ""include_number"": true, ""retrain_interval"": 1, ""seed"": 20260728, ""shrink_strength"": 0.1}",audited-1.0.0-online-SGD-r1,FullFeatureLogistic
1594,110000093,2021-10-19,20 21 26 35 39 47,38 25 34 20 9 49,38 25 34 20 9 49 26 42 43 39,38 25 34 20 9 49 26 42 43 39 10 40,1,3,3,0.10652742072194127,0.3683837977364673,5.999999999999999,2007-01-02,2021-10-15,1594,"{""C_proxy"": 0.2, ""features"": [""long_z"", ""recent20_z"", ""recent50_z"", ""recent100_z"", ""ewma_z"", ""gap_z"", ""transition_z"", ""in_last_draw""], ""include_number"": true, ""retrain_interval"": 1, ""seed"": 20260728, ""shrink_strength"": 0.1}",audited-1.0.0-online-SGD-r1,FullFeatureLogistic
1595,110000094,2021-10-22,8 13 25 27 38 46,38 25 34 9 42 49,38 25 34 9 42 49 43 26 15 10,38 25 34 9 42 49 43 26 15 10 40 5,2,2,2,0.1037309127110876,0.3576118936002013,6.0,2007-01-02,2021-10-19,1595,"{""C_proxy"": 0.2, ""features"": [""long_z"", ""recent20_z"", ""recent50_z"", ""recent100_z"", ""ewma_z"", ""gap_z"", ""transition_z"", ""in_last_draw""], ""include_number"": true, ""retrain_interval"": 1, ""seed"": 20260728, ""shrink_strength"": 0.1}",audited-1.0.0-online-SGD-r1,FullFeatureLogistic
1596,110000095,2021-10-26,14 18 21 26 47 49,38 34 9 26 25 49,38 34 9 26 25 49 43 42 20 40,38 34 9 26 25 49 43 42 20 40 39 18,2,2,3,0.10673002500137632,0.3681117734767199,6.000000000000001,2007-01-02,2021-10-22,1596,"{""C_proxy"": 0.2, ""features"": [""long_z"", ""recent20_z"", ""recent50_z"", ""recent100_z"", ""ewma_z"", ""gap_z"", ""transition_z"", ""in_last_draw""], ""include_number"": true, ""retrain_interval"": 1, ""seed"": 20260728, ""shrink_strength"": 0.1}",audited-1.0.0-online-SGD-r1,FullFeatureLogistic
1597,110000096,2021-10-29,2 9 17 28 36 42,38 25 34 9 20 43,38 25 34 9 20 43 42 39 26 40,38 25 34 9 20 43 42 39 26 40 48 49,1,2,2,0.10690108618421944,0.36936416875486977,6.000000000000002,2007-01-02,2021-10-26,1597,"{""C_proxy"": 0.2, ""features"": [""long_z"", ""recent20_z"", ""recent50_z"", ""recent100_z"", ""ewma_z"", ""gap_z"", ""transition_z"", ""in_last_draw""], ""include_number"": true, ""retrain_interval"": 1, ""seed"": 20260728, ""shrink_strength"": 0.1}",audited-1.0.0-online-SGD-r1,FullFeatureLogistic
1598,110000097,2021-11-02,1 12 17 21 37 43,38 25 34 20 26 49,38 25 34 20 26 49 43 9 39 40,38 25 34 20 26 49 43 9 39 40 42 15,0,1,1,0.1118297077261214,0.39363886257283814,6.000000000000001,2007-01-02,2021-10-29,1598,"{""C_proxy"": 0.2, ""features"": [""long_z"", ""recent20_z"", ""recent50_z"", ""recent100_z"", ""ewma_z"", ""gap_z"", ""transition_z"", ""in_last_draw""], ""include_number"": true, ""retrain_interval"": 1, ""seed"": 20260728, ""shrink_strength"": 0.1}",audited-1.0.0-online-SGD-r1,FullFeatureLogistic
1599,110000098,2021-11-05,16 18 26 30 40 44,38 25 34 20 9 26,38 25 34 20 9 26 49 42 39 18,38 25 34 20 9 26 49 42 39 18 40 15,1,2,3,0.10825011526967555,0.3765900690489614,6.000000000000001,2007-01-02,2021-11-02,1599,"{""C_proxy"": 0.2, ""features"": [""long_z"", ""recent20_z"", ""recent50_z"", ""recent100_z"", ""ewma_z"", ""gap_z"", ""transition_z"", ""in_last_draw""], ""include_number"": true, ""retrain_interval"": 1, ""seed"": 20260728, ""shrink_strength"": 0.1}",audited-1.0.0-online-SGD-r1,FullFeatureLogistic
1600,110000099,2021-11-09,9 14 20 26 39 42,38 25 34 9 20 49,38 25 34 9 20 49 43 42 39 26,38 25 34 9 20 49 43 42 39 26 15 13,2,5,5,0.10334895164584576,0.3531305677634506,6.000000000000001,2007-01-02,2021-11-05,1600,"{""C_proxy"": 0.2, ""features"": [""long_z"", ""recent20_z"", ""recent50_z"", ""recent100_z"", ""ewma_z"", ""gap_z"", ""transition_z"", ""in_last_draw""], ""include_number"": true, ""retrain_interval"": 1, ""seed"": 20260728, ""shrink_strength"": 0.1}",audited-1.0.0-online-SGD-r1,FullFeatureLogistic
1601,110000100,2021-11-12,2 3 25 27 37 47,38 25 34 49 43 9,38 25 34 49 43 9 13 40 15 18,38 25 34 49 43 9 13 40 15 18 10 26,1,1,1,0.10805748218479694,0.3749030128223813,6.000000000000002,2007-01-02,2021-11-09,1601,"{""C_proxy"": 0.2, ""features"": [""long_z"", ""recent20_z"", ""recent50_z"", ""recent100_z"", ""ewma_z"", ""gap_z"", ""transition_z"", ""in_last_draw""], ""include_number"": true, ""retrain_interval"": 1, ""seed"": 20260728, ""shrink_strength"": 0.1}",audited-1.0.0-online-SGD-r1,FullFeatureLogistic
1602,110000101,2021-11-16,6 23 34 41 43 44,38 34 49 25 9 20,38 34 49 25 9 20 26 43 42 13,38 34 49 25 9 20 26 43 42 13 40 39,1,2,2,0.10639859861937458,0.36566149269940446,6.0,2007-01-02,2021-11-12,1602,"{""C_proxy"": 0.2, ""features"": [""long_z"", ""recent20_z"", ""recent50_z"", ""recent100_z"", ""ewma_z"", ""gap_z"", ""transition_z"", ""in_last_draw""], ""include_number"": true, ""retrain_interval"": 1, ""seed"": 20260728, ""shrink_strength"": 0.1}",audited-1.0.0-online-SGD-r1,FullFeatureLogistic
1603,110000102,2021-11-19,13 15 16 17 23 36,38 25 49 9 34 20,38 25 49 9 34 20 26 13 40 39,38 25 49 9 34 20 26 13 40 39 42 18,0,1,1,0.1098703648563736,0.3821769431445623,6.0,2007-01-02,2021-11-16,1603,"{""C_proxy"": 0.2, ""features"": [""long_z"", ""recent20_z"", ""recent50_z"", ""recent100_z"", ""ewma_z"", ""gap_z"", ""transition_z"", ""in_last_draw""], ""include_number"": true, ""retrain_interval"": 1, ""seed"": 20260728, ""shrink_strength"": 0.1}",audited-1.0.0-online-SGD-r1,FullFeatureLogistic
1604,110000103,2021-11-23,6 7 13 32 33 37,38 25 34 49 9 26,38 25 34 49 9 26 20 40 42 39,38 25 34 49 9 26 20 40 42 39 18 43,0,0,0,0.11194635134801098,0.3924783531355323,5.999999999999999,2007-01-02,2021-11-19,1604,"{""C_proxy"": 0.2, ""features"": [""long_z"", ""recent20_z"", ""recent50_z"", ""recent100_z"", ""ewma_z"", ""gap_z"", ""transition_z"", ""in_last_draw""], ""include_number"": true, ""retrain_interval"": 1, ""seed"": 20260728, ""shrink_strength"": 0.1}",audited-1.0.0-online-SGD-r1,FullFeatureLogistic
1605,110000104,2021-11-26,10 15 16 21 22 30,38 25 34 49 9 20,38 25 34 49 9 20 26 42 39 40,38 25 34 49 9 20 26 42 39 40 18 43,0,0,0,0.10999620768892261,0.3840057997975708,5.999999999999998,2007-01-02,2021-11-23,1605,"{""C_proxy"": 0.2, ""features"": [""long_z"", ""recent20_z"", ""recent50_z"", ""recent100_z"", ""ewma_z"", ""gap_z"", ""transition_z"", ""in_last_draw""], ""include_number"": true, ""retrain_interval"": 1, ""seed"": 20260728, ""shrink_strength"": 0.1}",audited-1.0.0-online-SGD-r1,FullFeatureLogistic
1606,110000105,2021-11-30,9 10 26 31 40 49,38 25 34 49 9 26,38 25 34 49 9 26 20 42 39 40,38 25 34 49 9 26 20 42 39 40 18 43,3,4,4,0.10251551985757378,0.34801413117998337,6.000000000000001,2007-01-02,2021-11-26,1606,"{""C_proxy"": 0.2, ""features"": [""long_z"", ""recent20_z"", ""recent50_z"", ""recent100_z"", ""ewma_z"", ""gap_z"", ""transition_z"", ""in_last_draw""], ""include_number"": true, ""retrain_interval"": 1, ""seed"": 20260728, ""shrink_strength"": 0.1}",audited-1.0.0-online-SGD-r1,FullFeatureLogistic
1607,110000106,2021-12-03,8 13 14 35 36 41,38 25 34 20 39 9,38 25 34 20 39 9 42 18 43 49,38 25 34 20 39 9 42 18 43 49 26 5,0,0,0,0.1147904567791842,0.4076654201221464,6.000000000000001,2007-01-02,2021-11-30,1607,"{""C_proxy"": 0.2, ""features"": [""long_z"", ""recent20_z"", ""recent50_z"", ""recent100_z"", ""ewma_z"", ""gap_z"", ""transition_z"", ""in_last_draw""], ""include_number"": true, ""retrain_interval"": 1, ""seed"": 20260728, ""shrink_strength"": 0.1}",audited-1.0.0-online-SGD-r1,FullFeatureLogistic
1608,110000107,2021-12-07,19 21 30 43 44 48,38 25 34 49 9 20,38 25 34 49 9 20 26 39 18 42,38 25 34 49 9 20 26 39 18 42 43 40,0,0,1,0.11212068327407511,0.3952274996776931,5.999999999999999,2007-01-02,2021-12-03,1608,"{""C_proxy"": 0.2, ""features"": [""long_z"", ""recent20_z"", ""recent50_z"", ""recent100_z"", ""ewma_z"", ""gap_z"", ""transition_z"", ""in_last_draw""], ""include_number"": true, ""retrain_interval"": 1, ""seed"": 20260728, ""shrink_strength"": 0.1}",audited-1.0.0-online-SGD-r1,FullFeatureLogistic
1609,110000108,2021-12-10,3 15 21 24 27 40,38 25 34 49 20 26,38 25 34 49 20 26 9 39 18 42,38 25 34 49 20 26 9 39 18 42 40 5,0,0,1,0.10724661086259103,0.3675254789832694,6.000000000000002,2007-01-02,2021-12-07,1609,"{""C_proxy"": 0.2, ""features"": [""long_z"", ""recent20_z"", ""recent50_z"", ""recent100_z"", ""ewma_z"", ""gap_z"", ""transition_z"", ""in_last_draw""], ""include_number"": true, ""retrain_interval"": 1, ""seed"": 20260728, ""shrink_strength"": 0.1}",audited-1.0.0-online-SGD-r1,FullFeatureLogistic
1610,110000109,2021-12-14,7 14 21 27 30 36,38 25 34 49 26 9,38 25 34 49 26 9 20 39 42 18,38 25 34 49 26 9 20 39 42 18 43 5,0,0,0,0.11556927015840407,0.41256695129450255,6.000000000000001,2007-01-02,2021-12-10,1610,"{""C_proxy"": 0.2, ""features"": [""long_z"", ""recent20_z"", ""recent50_z"", ""recent100_z"", ""ewma_z"", ""gap_z"", ""transition_z"", ""in_last_draw""], ""include_number"": true, ""retrain_interval"": 1, ""seed"": 20260728, ""shrink_strength"": 0.1}",audited-1.0.0-online-SGD-r1,FullFeatureLogistic
1611,110000110,2021-12-17,2 11 30 35 37 40,38 25 34 26 49 9,38 25 34 26 49 9 20 18 42 39,38 25 34 26 49 9 20 18 42 39 43 24,0,0,0,0.11577367023804144,0.41766466388589313,6.000000000000001,2007-01-02,2021-12-14,1611,"{""C_proxy"": 0.2, ""features"": [""long_z"", ""recent20_z"", ""recent50_z"", ""recent100_z"", ""ewma_z"", ""gap_z"", ""transition_z"", ""in_last_draw""], ""include_number"": true, ""retrain_interval"": 1, ""seed"": 20260728, ""shrink_strength"": 0.1}",audited-1.0.0-online-SGD-r1,FullFeatureLogistic
1612,110000111,2021-12-21,4 5 27 31 44 48,38 25 26 49 34 9,38 25 26 49 34 9 20 42 18 39,38 25 26 49 34 9 20 42 18 39 13 28,0,0,0,0.10886720705892314,0.3747323965113118,6.000000000000002,2007-01-02,2021-12-17,1612,"{""C_proxy"": 0.2, ""features"": [""long_z"", ""recent20_z"", ""recent50_z"", ""recent100_z"", ""ewma_z"", ""gap_z"", ""transition_z"", ""in_last_draw""], ""include_number"": true, ""retrain_interval"": 1, ""seed"": 20260728, ""shrink_strength"": 0.1}",audited-1.0.0-online-SGD-r1,FullFeatureLogistic
1613,110000112,2021-12-24,2 7 11 19 27 44,38 25 26 49 34 9,38 25 26 49 34 9 20 42 18 39,38 25 26 49 34 9 20 42 18 39 13 24,0,0,0,0.11317046703437887,0.397092881497144,6.000000000000001,2007-01-02,2021-12-21,1613,"{""C_proxy"": 0.2, ""features"": [""long_z"", ""recent20_z"", ""recent50_z"", ""recent100_z"", ""ewma_z"", ""gap_z"", ""transition_z"", ""in_last_draw""], ""include_number"": true, ""retrain_interval"": 1, ""seed"": 20260728, ""shrink_strength"": 0.1}",audited-1.0.0-online-SGD-r1,FullFeatureLogistic
1614,110000113,2021-12-28,1 2 8 11 21 45,38 25 26 49 34 20,38 25 26 49 34 20 9 18 42 39,38 25 26 49 34 20 9 18 42 39 13 24,0,0,0,0.11267540405324077,0.3945647635944323,5.999999999999999,2007-01-02,2021-12-24,1614,"{""C_proxy"": 0.2, ""features"": [""long_z"", ""recent20_z"", ""recent50_z"", ""recent100_z"", ""ewma_z"", ""gap_z"", ""transition_z"", ""in_last_draw""], ""include_number"": true, ""retrain_interval"": 1, ""seed"": 20260728, ""shrink_strength"": 0.1}",audited-1.0.0-online-SGD-r1,FullFeatureLogistic
1615,110000114,2021-12-31,5 9 14 28 34 37,38 25 26 49 34 9,38 25 26 49 34 9 20 18 39 42,38 25 26 49 34 9 20 18 39 42 13 15,2,2,2,0.10734677543119886,0.37294585467972585,6.0,2007-01-02,2021-12-28,1615,"{""C_proxy"": 0.2, ""features"": [""long_z"", ""recent20_z"", ""recent50_z"", ""recent100_z"", ""ewma_z"", ""gap_z"", ""transition_z"", ""in_last_draw""], ""include_number"": true, ""retrain_interval"": 1, ""seed"": 20260728, ""shrink_strength"": 0.1}",audited-1.0.0-online-SGD-r1,FullFeatureLogistic
1616,111000001,2022-01-04,3 4 7 19 22 43,38 25 26 49 20 39,38 25 26 49 20 39 34 18 42 9,38 25 26 49 20 39 34 18 42 9 13 15,0,0,0,0.1094026526409991,0.3782296184436487,6.000000000000002,2007-01-02,2021-12-31,1616,"{""C_proxy"": 0.2, ""features"": [""long_z"", ""recent20_z"", ""recent50_z"", ""recent100_z"", ""ewma_z"", ""gap_z"", ""transition_z"", ""in_last_draw""], ""include_number"": true, ""retrain_interval"": 1, ""seed"": 20260728, ""shrink_strength"": 0.1}",audited-1.0.0-online-SGD-r1,FullFeatureLogistic
1617,111000002,2022-01-07,6 9 15 31 38 39,38 25 49 26 20 34,38 25 49 26 20 34 9 39 42 18,38 25 49 26 20 34 9 39 42 18 13 15,1,3,4,0.10113393198676207,0.3438326677829898,6.0,2007-01-02,2022-01-04,1617,"{""C_proxy"": 0.2, ""features"": [""long_z"", ""recent20_z"", ""recent50_z"", ""recent100_z"", ""ewma_z"", ""gap_z"", ""transition_z"", ""in_last_draw""], ""include_number"": true, ""retrain_interval"": 1, ""seed"": 20260728, ""shrink_strength"": 0.1}",audited-1.0.0-online-SGD-r1,FullFeatureLogistic
1618,111000003,2022-01-11,10 11 13 17 36 49,38 25 26 49 20 34,38 25 26 49 20 34 18 42 39 28,38 25 26 49 20 34 18 42 39 28 13 24,1,1,2,0.1091715361229465,0.3808675650467488,6.000000000000001,2007-01-02,2022-01-07,1618,"{""C_proxy"": 0.2, ""features"": [""long_z"", ""recent20_z"", ""recent50_z"", ""recent100_z"", ""ewma_z"", ""gap_z"", ""transition_z"", ""in_last_draw""], ""include_number"": true, ""retrain_interval"": 1, ""seed"": 20260728, ""shrink_strength"": 0.1}",audited-1.0.0-online-SGD-r1,FullFeatureLogistic
1619,111000004,2022-01-14,5 13 14 24 26 35,38 25 26 34 20 18,38 25 26 34 20 18 42 39 49 9,38 25 26 34 20 18 42 39 49 9 28 24,1,1,2,0.10831815665976155,0.37769645359702536,6.0,2007-01-02,2022-01-11,1619,"{""C_proxy"": 0.2, ""features"": [""long_z"", ""recent20_z"", ""recent50_z"", ""recent100_z"", ""ewma_z"", ""gap_z"", ""transition_z"", ""in_last_draw""], ""include_number"": true, ""retrain_interval"": 1, ""seed"": 20260728, ""shrink_strength"": 0.1}",audited-1.0.0-online-SGD-r1,FullFeatureLogistic
1620,111000005,2022-01-18,19 22 33 35 38 48,38 25 49 34 20 26,38 25 49 34 20 26 42 39 9 18,38 25 49 34 20 26 42 39 9 18 28 15,1,1,1,0.10869867717913947,0.3820949080124646,6.0,2007-01-02,2022-01-14,1620,"{""C_proxy"": 0.2, ""features"": [""long_z"", ""recent20_z"", ""recent50_z"", ""recent100_z"", ""ewma_z"", ""gap_z"", ""transition_z"", ""in_last_draw""], ""include_number"": true, ""retrain_interval"": 1, ""seed"": 20260728, ""shrink_strength"": 0.1}",audited-1.0.0-online-SGD-r1,FullFeatureLogistic
1621,111000006,2022-01-21,15 26 27 34 37 42,38 25 26 49 34 20,38 25 26 49 34 20 39 18 42 9,38 25 26 49 34 20 39 18 42 9 28 15,2,3,4,0.10458221904214522,0.35992410479814335,6.0,2007-01-02,2022-01-18,1621,"{""C_proxy"": 0.2, ""features"": [""long_z"", ""recent20_z"", ""recent50_z"", ""recent100_z"", ""ewma_z"", ""gap_z"", ""transition_z"", ""in_last_draw""], ""include_number"": true, ""retrain_interval"": 1, ""seed"": 20260728, ""shrink_strength"": 0.1}",audited-1.0.0-online-SGD-r1,FullFeatureLogistic
1622,111000007,2022-01-25,2 9 10 15 27 35,38 25 49 20 39 18,38 25 49 20 39 18 9 34 26 42,38 25 49 20 39 18 9 34 26 42 28 40,0,1,1,0.10896722916472987,0.37902140456057504,6.000000000000001,2007-01-02,2022-01-21,1622,"{""C_proxy"": 0.2, ""features"": [""long_z"", ""recent20_z"", ""recent50_z"", ""recent100_z"", ""ewma_z"", ""gap_z"", ""transition_z"", ""in_last_draw""], ""include_number"": true, ""retrain_interval"": 1, ""seed"": 20260728, ""shrink_strength"": 0.1}",audited-1.0.0-online-SGD-r1,FullFeatureLogistic
1623,111000008,2022-01-28,7 12 36 41 42 44,38 25 49 26 20 34,38 25 49 26 20 34 39 18 42 28,38 25 49 26 20 34 39 18 42 28 40 43,0,1,1,0.11066356538522576,0.38432702913859373,5.999999999999999,2007-01-02,2022-01-25,1623,"{""C_proxy"": 0.2, ""features"": [""long_z"", ""recent20_z"", ""recent50_z"", ""recent100_z"", ""ewma_z"", ""gap_z"", ""transition_z"", ""in_last_draw""], ""include_number"": true, ""retrain_interval"": 1, ""seed"": 20260728, ""shrink_strength"": 0.1}",audited-1.0.0-online-SGD-r1,FullFeatureLogistic
1624,111000009,2022-01-29,1 2 20 23 26 34,38 25 49 26 20 34,38 25 49 26 20 34 39 18 9 28,38 25 49 26 20 34 39 18 9 28 40 43,3,3,3,0.10212346585165796,0.34616770867370267,6.000000000000001,2007-01-02,2022-01-28,1624,"{""C_proxy"": 0.2, ""features"": [""long_z"", ""recent20_z"", ""recent50_z"", ""recent100_z"", ""ewma_z"", ""gap_z"", ""transition_z"", ""in_last_draw""], ""include_number"": true, ""retrain_interval"": 1, ""seed"": 20260728, ""shrink_strength"": 0.1}",audited-1.0.0-online-SGD-r1,FullFeatureLogistic
1625,111000010,2022-01-30,3 8 15 20 22 23,38 25 49 39 18 20,38 25 49 39 18 20 9 34 26 28,38 25 49 39 18 20 9 34 26 28 40 42,1,1,1,0.10834680193764279,0.3735473143642601,6.0,2007-01-02,2022-01-29,1625,"{""C_proxy"": 0.2, ""features"": [""long_z"", ""recent20_z"", ""recent50_z"", ""recent100_z"", ""ewma_z"", ""gap_z"", ""transition_z"", ""in_last_draw""], ""include_number"": true, ""retrain_interval"": 1, ""seed"": 20260728, ""shrink_strength"": 0.1}",audited-1.0.0-online-SGD-r1,FullFeatureLogistic
1626,111000011,2022-01-31,4 14 32 33 43 44,38 25 49 26 34 39,38 25 49 26 34 39 18 9 28 42,38 25 49 26 34 39 18 9 28 42 43 40,0,0,1,0.11171705629781765,0.3907461107488412,6.0,2007-01-02,2022-01-30,1626,"{""C_proxy"": 0.2, ""features"": [""long_z"", ""recent20_z"", ""recent50_z"", ""recent100_z"", ""ewma_z"", ""gap_z"", ""transition_z"", ""in_last_draw""], ""include_number"": true, ""retrain_interval"": 1, ""seed"": 20260728, ""shrink_strength"": 0.1}",audited-1.0.0-online-SGD-r1,FullFeatureLogistic
1627,111000012,2022-02-01,8 25 34 44 45 47,38 25 49 26 34 20,38 25 49 26 34 20 39 18 9 28,38 25 49 26 34 20 39 18 9 28 40 42,2,2,2,0.1073263313718463,0.3723407854112047,6.0,2007-01-02,2022-01-31,1627,"{""C_proxy"": 0.2, ""features"": [""long_z"", ""recent20_z"", ""recent50_z"", ""recent100_z"", ""ewma_z"", ""gap_z"", ""transition_z"", ""in_last_draw""], ""include_number"": true, ""retrain_interval"": 1, ""seed"": 20260728, ""shrink_strength"": 0.1}",audited-1.0.0-online-SGD-r1,FullFeatureLogistic
1628,111000013,2022-02-02,6 11 18 23 33 41,38 49 25 26 20 39,38 49 25 26 20 39 9 18 28 40,38 49 25 26 20 39 9 18 28 40 34 42,0,1,1,0.11064062312109747,0.38520333971770665,6.0,2007-01-02,2022-02-01,1628,"{""C_proxy"": 0.2, ""features"": [""long_z"", ""recent20_z"", ""recent50_z"", ""recent100_z"", ""ewma_z"", ""gap_z"", ""transition_z"", ""in_last_draw""], ""include_number"": true, ""retrain_interval"": 1, ""seed"": 20260728, ""shrink_strength"": 0.1}",audited-1.0.0-online-SGD-r1,FullFeatureLogistic
1629,111000014,2022-02-03,5 9 18 22 34 36,38 25 49 26 20 39,38 25 49 26 20 39 9 34 28 40,38 25 49 26 20 39 9 34 28 40 42 43,0,2,2,0.10526344811622929,0.35916795443349625,6.0,2007-01-02,2022-02-02,1629,"{""C_proxy"": 0.2, ""features"": [""long_z"", ""recent20_z"", ""recent50_z"", ""recent100_z"", ""ewma_z"", ""gap_z"", ""transition_z"", ""in_last_draw""], ""include_number"": true, ""retrain_interval"": 1, ""seed"": 20260728, ""shrink_strength"": 0.1}",audited-1.0.0-online-SGD-r1,FullFeatureLogistic
1630,111000015,2022-02-04,1 18 21 29 36 38,38 25 49 26 20 39,38 25 49 26 20 39 28 40 42 13,38 25 49 26 20 39 28 40 42 13 43 34,1,1,1,0.10574674126603774,0.3645592401302218,6.000000000000001,2007-01-02,2022-02-03,1630,"{""C_proxy"": 0.2, ""features"": [""long_z"", ""recent20_z"", ""recent50_z"", ""recent100_z"", ""ewma_z"", ""gap_z"", ""transition_z"", ""in_last_draw""], ""include_number"": true, ""retrain_interval"": 1, ""seed"": 20260728, ""shrink_strength"": 0.1}",audited-1.0.0-online-SGD-r1,FullFeatureLogistic
1631,111000016,2022-02-05,2 4 13 36 41 49,38 25 49 26 20 39,38 25 49 26 20 39 34 28 9 42,38 25 49 26 20 39 34 28 9 42 40 43,1,1,1,0.1074379534039336,0.37175009344434706,6.000000000000001,2007-01-02,2022-02-04,1631,"{""C_proxy"": 0.2, ""features"": [""long_z"", ""recent20_z"", ""recent50_z"", ""recent100_z"", ""ewma_z"", ""gap_z"", ""transition_z"", ""in_last_draw""], ""include_number"": true, ""retrain_interval"": 1, ""seed"": 20260728, ""shrink_strength"": 0.1}",audited-1.0.0-online-SGD-r1,FullFeatureLogistic
1632,111000017,2022-02-06,12 24 29 34 38 42,38 25 26 20 49 39,38 25 26 20 49 39 34 9 28 42,38 25 26 20 49 39 34 9 28 42 40 43,1,3,3,0.10226081528395506,0.3481067810674043,6.000000000000001,2007-01-02,2022-02-05,1632,"{""C_proxy"": 0.2, ""features"": [""long_z"", ""recent20_z"", ""recent50_z"", ""recent100_z"", ""ewma_z"", ""gap_z"", ""transition_z"", ""in_last_draw""], ""include_number"": true, ""retrain_interval"": 1, ""seed"": 20260728, ""shrink_strength"": 0.1}",audited-1.0.0-online-SGD-r1,FullFeatureLogistic
1633,111000018,2022-02-07,3 18 23 32 40 45,25 38 49 26 20 39,25 38 49 26 20 39 9 28 40 15,25 38 49 26 20 39 9 28 40 15 43 34,0,1,1,0.10897159480570495,0.3763653622514027,6.000000000000001,2007-01-02,2022-02-06,1633,"{""C_proxy"": 0.2, ""features"": [""long_z"", ""recent20_z"", ""recent50_z"", ""recent100_z"", ""ewma_z"", ""gap_z"", ""transition_z"", ""in_last_draw""], ""include_number"": true, ""retrain_interval"": 1, ""seed"": 20260728, ""shrink_strength"": 0.1}",audited-1.0.0-online-SGD-r1,FullFeatureLogistic
1634,111000019,2022-02-08,5 23 29 33 38 49,25 38 49 26 20 39,25 38 49 26 20 39 9 34 28 42,25 38 49 26 20 39 9 34 28 42 43 15,2,2,2,0.1048678347960919,0.3608013784030115,6.000000000000001,2007-01-02,2022-02-07,1634,"{""C_proxy"": 0.2, ""features"": [""long_z"", ""recent20_z"", ""recent50_z"", ""recent100_z"", ""ewma_z"", ""gap_z"", ""transition_z"", ""in_last_draw""], ""include_number"": true, ""retrain_interval"": 1, ""seed"": 20260728, ""shrink_strength"": 0.1}",audited-1.0.0-online-SGD-r1,FullFeatureLogistic
1635,111000020,2022-02-09,2 7 11 18 35 45,25 38 26 20 39 9,25 38 26 20 39 9 34 49 42 28,25 38 26 20 39 9 34 49 42 28 40 15,0,0,0,0.11171967757023465,0.39151799872538007,6.0,2007-01-02,2022-02-08,1635,"{""C_proxy"": 0.2, ""features"": [""long_z"", ""recent20_z"", ""recent50_z"", ""recent100_z"", ""ewma_z"", ""gap_z"", ""transition_z"", ""in_last_draw""], ""include_number"": true, ""retrain_interval"": 1, ""seed"": 20260728, ""shrink_strength"": 0.1}",audited-1.0.0-online-SGD-r1,FullFeatureLogistic
1636,111000021,2022-02-10,1 22 25 27 41 44,25 38 26 20 49 39,25 38 26 20 49 39 34 9 42 40,25 38 26 20 49 39 34 9 42 40 28 13,1,1,1,0.10716519760173371,0.3703399940654994,6.000000000000001,2007-01-02,2022-02-09,1636,"{""C_proxy"": 0.2, ""features"": [""long_z"", ""recent20_z"", ""recent50_z"", ""recent100_z"", ""ewma_z"", ""gap_z"", ""transition_z"", ""in_last_draw""], ""include_number"": true, ""retrain_interval"": 1, ""seed"": 20260728, ""shrink_strength"": 0.1}",audited-1.0.0-online-SGD-r1,FullFeatureLogistic
1637,111000022,2022-02-11,23 24 30 42 44 46,38 26 25 20 49 39,38 26 25 20 49 39 9 34 42 40,38 26 25 20 49 39 9 34 42 40 28 13,0,1,1,0.11267469462941422,0.39880402825082795,6.000000000000002,2007-01-02,2022-02-10,1637,"{""C_proxy"": 0.2, ""features"": [""long_z"", ""recent20_z"", ""recent50_z"", ""recent100_z"", ""ewma_z"", ""gap_z"", ""transition_z"", ""in_last_draw""], ""include_number"": true, ""retrain_interval"": 1, ""seed"": 20260728, ""shrink_strength"": 0.1}",audited-1.0.0-online-SGD-r1,FullFeatureLogistic
1638,111000023,2022-02-15,18 23 26 27 40 42,38 25 26 20 49 34,38 25 26 20 49 34 9 39 40 13,38 25 26 20 49 34 9 39 40 13 15 28,1,2,2,0.1051466601813792,0.3596868504589719,6.000000000000001,2007-01-02,2022-02-11,1638,"{""C_proxy"": 0.2, ""features"": [""long_z"", ""recent20_z"", ""recent50_z"", ""recent100_z"", ""ewma_z"", ""gap_z"", ""transition_z"", ""in_last_draw""], ""include_number"": true, ""retrain_interval"": 1, ""seed"": 20260728, ""shrink_strength"": 0.1}",audited-1.0.0-online-SGD-r1,FullFeatureLogistic
1639,111000024,2022-02-18,16 20 36 39 47 48,38 25 20 49 26 34,38 25 20 49 26 34 9 39 13 15,38 25 20 49 26 34 9 39 13 15 43 28,1,2,2,0.10477003996239102,0.3581848342126787,6.0,2007-01-02,2022-02-15,1639,"{""C_proxy"": 0.2, ""features"": [""long_z"", ""recent20_z"", ""recent50_z"", ""recent100_z"", ""ewma_z"", ""gap_z"", ""transition_z"", ""in_last_draw""], ""include_number"": true, ""retrain_interval"": 1, ""seed"": 20260728, ""shrink_strength"": 0.1}",audited-1.0.0-online-SGD-r1,FullFeatureLogistic
1640,111000025,2022-02-22,3 21 22 34 37 40,38 25 26 49 34 9,38 25 26 49 34 9 20 39 15 13,38 25 26 49 34 9 20 39 15 13 43 40,1,1,2,0.10754813300873999,0.37120597116655457,6.000000000000001,2007-01-02,2022-02-18,1640,"{""C_proxy"": 0.2, ""features"": [""long_z"", ""recent20_z"", ""recent50_z"", ""recent100_z"", ""ewma_z"", ""gap_z"", ""transition_z"", ""in_last_draw""], ""include_number"": true, ""retrain_interval"": 1, ""seed"": 20260728, ""shrink_strength"": 0.1}",audited-1.0.0-online-SGD-r1,FullFeatureLogistic
1641,111000026,2022-02-25,17 18 21 26 38 49,38 25 26 20 49 39,38 25 26 20 49 39 9 34 15 13,38 25 26 20 49 39 9 34 15 13 43 28,3,3,3,0.10262018505849599,0.35289515966180235,5.999999999999999,2007-01-02,2022-02-22,1641,"{""C_proxy"": 0.2, ""features"": [""long_z"", ""recent20_z"", ""recent50_z"", ""recent100_z"", ""ewma_z"", ""gap_z"", ""transition_z"", ""in_last_draw""], ""include_number"": true, ""retrain_interval"": 1, ""seed"": 20260728, ""shrink_strength"": 0.1}",audited-1.0.0-online-SGD-r1,FullFeatureLogistic
1642,111000027,2022-03-01,7 17 19 24 31 45,25 38 20 39 34 9,25 38 20 39 34 9 26 49 13 15,25 38 20 39 34 9 26 49 13 15 43 28,0,0,0,0.11284882368835812,0.3971009704917848,6.0,2007-01-02,2022-02-25,1642,"{""C_proxy"": 0.2, ""features"": [""long_z"", ""recent20_z"", ""recent50_z"", ""recent100_z"", ""ewma_z"", ""gap_z"", ""transition_z"", ""in_last_draw""], ""include_number"": true, ""retrain_interval"": 1, ""seed"": 20260728, ""shrink_strength"": 0.1}",audited-1.0.0-online-SGD-r1,FullFeatureLogistic
1643,111000028,2022-03-04,1 3 18 29 30 31,38 25 20 26 49 39,38 25 20 26 49 39 34 9 13 43,38 25 20 26 49 39 34 9 13 43 15 28,0,0,0,0.11251463683549473,0.3961765544478113,5.999999999999998,2007-01-02,2022-03-01,1643,"{""C_proxy"": 0.2, ""features"": [""long_z"", ""recent20_z"", ""recent50_z"", ""recent100_z"", ""ewma_z"", ""gap_z"", ""transition_z"", ""in_last_draw""], ""include_number"": true, ""retrain_interval"": 1, ""seed"": 20260728, ""shrink_strength"": 0.1}",audited-1.0.0-online-SGD-r1,FullFeatureLogistic
1644,111000029,2022-03-08,13 14 16 19 30 44,38 25 20 49 26 34,38 25 20 49 26 34 39 9 13 43,38 25 20 49 26 34 39 9 13 43 15 40,0,1,1,0.1132570224940757,0.40286407038358,6.0,2007-01-02,2022-03-04,1644,"{""C_proxy"": 0.2, ""features"": [""long_z"", ""recent20_z"", ""recent50_z"", ""recent100_z"", ""ewma_z"", ""gap_z"", ""transition_z"", ""in_last_draw""], ""include_number"": true, ""retrain_interval"": 1, ""seed"": 20260728, ""shrink_strength"": 0.1}",audited-1.0.0-online-SGD-r1,FullFeatureLogistic
1645,111000030,2022-03-11,3 4 8 15 21 24,38 25 49 26 20 34,38 25 49 26 20 34 39 9 43 15,38 25 49 26 20 34 39 9 43 15 40 28,0,1,1,0.10897246788850287,0.37634722388836084,6.0,2007-01-02,2022-03-08,1645,"{""C_proxy"": 0.2, ""features"": [""long_z"", ""recent20_z"", ""recent50_z"", ""recent100_z"", ""ewma_z"", ""gap_z"", ""transition_z"", ""in_last_draw""], ""include_number"": true, ""retrain_interval"": 1, ""seed"": 20260728, ""shrink_strength"": 0.1}",audited-1.0.0-online-SGD-r1,FullFeatureLogistic
1646,111000031,2022-03-15,1 31 33 37 46 47,38 25 49 26 20 34,38 25 49 26 20 34 39 9 43 13,38 25 49 26 20 34 39 9 43 13 40 48,0,0,0,0.11289708125607356,0.39604131783024915,6.0,2007-01-02,2022-03-11,1646,"{""C_proxy"": 0.2, ""features"": [""long_z"", ""recent20_z"", ""recent50_z"", ""recent100_z"", ""ewma_z"", ""gap_z"", ""transition_z"", ""in_last_draw""], ""include_number"": true, ""retrain_interval"": 1, ""seed"": 20260728, ""shrink_strength"": 0.1}",audited-1.0.0-online-SGD-r1,FullFeatureLogistic
1647,111000032,2022-03-18,2 15 21 26 42 44,38 25 49 26 20 34,38 25 49 26 20 34 9 39 43 13,38 25 49 26 20 34 9 39 43 13 15 40,1,1,2,0.10513718803146961,0.3591010219366599,6.0,2007-01-02,2022-03-15,1647,"{""C_proxy"": 0.2, ""features"": [""long_z"", ""recent20_z"", ""recent50_z"", ""recent100_z"", ""ewma_z"", ""gap_z"", ""transition_z"", ""in_last_draw""], ""include_number"": true, ""retrain_interval"": 1, ""seed"": 20260728, ""shrink_strength"": 0.1}",audited-1.0.0-online-SGD-r1,FullFeatureLogistic
1648,111000033,2022-03-22,7 21 26 36 43 49,38 25 49 20 34 39,38 25 49 20 34 39 9 13 43 26,38 25 49 20 34 39 9 13 43 26 40 48,1,3,3,0.10578772861787973,0.362793972872362,6.0,2007-01-02,2022-03-18,1648,"{""C_proxy"": 0.2, ""features"": [""long_z"", ""recent20_z"", ""recent50_z"", ""recent100_z"", ""ewma_z"", ""gap_z"", ""transition_z"", ""in_last_draw""], ""include_number"": true, ""retrain_interval"": 1, ""seed"": 20260728, ""shrink_strength"": 0.1}",audited-1.0.0-online-SGD-r1,FullFeatureLogistic
1649,111000034,2022-03-25,14 17 22 45 47 49,38 25 20 34 39 9,38 25 20 34 39 9 49 13 40 48,38 25 20 34 39 9 49 13 40 48 10 26,0,1,1,0.1111642779963684,0.38894125605197866,6.000000000000002,2007-01-02,2022-03-22,1649,"{""C_proxy"": 0.2, ""features"": [""long_z"", ""recent20_z"", ""recent50_z"", ""recent100_z"", ""ewma_z"", ""gap_z"", ""transition_z"", ""in_last_draw""], ""include_number"": true, ""retrain_interval"": 1, ""seed"": 20260728, ""shrink_strength"": 0.1}",audited-1.0.0-online-SGD-r1,FullFeatureLogistic
1650,111000035,2022-03-29,16 21 24 27 29 43,38 25 20 34 39 9,38 25 20 34 39 9 26 13 40 43,38 25 20 34 39 9 26 13 40 43 49 10,0,1,1,0.10804570660108201,0.3711676864521824,6.0,2007-01-02,2022-03-25,1650,"{""C_proxy"": 0.2, ""features"": [""long_z"", ""recent20_z"", ""recent50_z"", ""recent100_z"", ""ewma_z"", ""gap_z"", ""transition_z"", ""in_last_draw""], ""include_number"": true, ""retrain_interval"": 1, ""seed"": 20260728, ""shrink_strength"": 0.1}",audited-1.0.0-online-SGD-r1,FullFeatureLogistic
1651,111000036,2022-04-01,3 10 11 20 34 38,38 25 34 20 49 39,38 25 34 20 49 39 9 26 13 40,38 25 34 20 49 39 9 26 13 40 10 15,3,3,4,0.10166567020407444,0.34792605482448585,6.000000000000001,2007-01-02,2022-03-29,1651,"{""C_proxy"": 0.2, ""features"": [""long_z"", ""recent20_z"", ""recent50_z"", ""recent100_z"", ""ewma_z"", ""gap_z"", ""transition_z"", ""in_last_draw""], ""include_number"": true, ""retrain_interval"": 1, ""seed"": 20260728, ""shrink_strength"": 0.1}",audited-1.0.0-online-SGD-r1,FullFeatureLogistic
1652,111000037,2022-04-05,8 15 24 27 31 33,38 25 49 39 34 9,38 25 49 39 34 9 26 13 40 20,38 25 49 39 34 9 26 13 40 20 15 48,0,0,1,0.11015351591235228,0.38234174427467577,6.0,2007-01-02,2022-04-01,1652,"{""C_proxy"": 0.2, ""features"": [""long_z"", ""recent20_z"", ""recent50_z"", ""recent100_z"", ""ewma_z"", ""gap_z"", ""transition_z"", ""in_last_draw""], ""include_number"": true, ""retrain_interval"": 1, ""seed"": 20260728, ""shrink_strength"": 0.1}",audited-1.0.0-online-SGD-r1,FullFeatureLogistic
1653,111000038,2022-04-08,10 15 19 29 31 44,38 25 34 20 49 39,38 25 34 20 49 39 9 26 13 40,38 25 34 20 49 39 9 26 13 40 10 28,0,0,1,0.11101735439797357,0.38684245829437364,6.0,2007-01-02,2022-04-05,1653,"{""C_proxy"": 0.2, ""features"": [""long_z"", ""recent20_z"", ""recent50_z"", ""recent100_z"", ""ewma_z"", ""gap_z"", ""transition_z"", ""in_last_draw""], ""include_number"": true, ""retrain_interval"": 1, ""seed"": 20260728, ""shrink_strength"": 0.1}",audited-1.0.0-online-SGD-r1,FullFeatureLogistic
1654,111000039,2022-04-12,14 17 18 22 40 42,38 25 34 20 49 39,38 25 34 20 49 39 26 9 40 13,38 25 34 20 49 39 26 9 40 13 28 42,0,1,2,0.10924111045627773,0.38023071272171366,6.0,2007-01-02,2022-04-08,1654,"{""C_proxy"": 0.2, ""features"": [""long_z"", ""recent20_z"", ""recent50_z"", ""recent100_z"", ""ewma_z"", ""gap_z"", ""transition_z"", ""in_last_draw""], ""include_number"": true, ""retrain_interval"": 1, ""seed"": 20260728, ""shrink_strength"": 0.1}",audited-1.0.0-online-SGD-r1,FullFeatureLogistic
1655,111000040,2022-04-15,2 9 11 14 15 30,38 25 34 20 49 39,38 25 34 20 49 39 26 9 13 28,38 25 34 20 49 39 26 9 13 28 48 10,0,1,1,0.1116508167060297,0.3952166956471664,6.0,2007-01-02,2022-04-12,1655,"{""C_proxy"": 0.2, ""features"": [""long_z"", ""recent20_z"", ""recent50_z"", ""recent100_z"", ""ewma_z"", ""gap_z"", ""transition_z"", ""in_last_draw""], ""include_number"": true, ""retrain_interval"": 1, ""seed"": 20260728, ""shrink_strength"": 0.1}",audited-1.0.0-online-SGD-r1,FullFeatureLogistic
1656,111000041,2022-04-19,4 5 18 20 30 41,38 25 34 49 20 39,38 25 34 49 20 39 26 13 40 9,38 25 34 49 20 39 26 13 40 9 48 5,1,1,2,0.1088875806367446,0.38202255695207166,6.0,2007-01-02,2022-04-15,1656,"{""C_proxy"": 0.2, ""features"": [""long_z"", ""recent20_z"", ""recent50_z"", ""recent100_z"", ""ewma_z"", ""gap_z"", ""transition_z"", ""in_last_draw""], ""include_number"": true, ""retrain_interval"": 1, ""seed"": 20260728, ""shrink_strength"": 0.1}",audited-1.0.0-online-SGD-r1,FullFeatureLogistic
1657,111000042,2022-04-22,3 28 32 36 47 49,38 25 34 49 39 26,38 25 34 49 39 26 9 13 40 20,38 25 34 49 39 26 9 13 40 20 48 28,1,1,2,0.10782790221901813,0.3719851841799711,6.0,2007-01-02,2022-04-19,1657,"{""C_proxy"": 0.2, ""features"": [""long_z"", ""recent20_z"", ""recent50_z"", ""recent100_z"", ""ewma_z"", ""gap_z"", ""transition_z"", ""in_last_draw""], ""include_number"": true, ""retrain_interval"": 1, ""seed"": 20260728, ""shrink_strength"": 0.1}",audited-1.0.0-online-SGD-r1,FullFeatureLogistic
1658,111000043,2022-04-26,12 31 32 42 43 49,38 25 34 20 39 26,38 25 34 20 39 26 9 40 13 49,38 25 34 20 39 26 9 40 13 49 48 5,0,1,1,0.10795724788869479,0.3723478316172235,6.000000000000001,2007-01-02,2022-04-22,1658,"{""C_proxy"": 0.2, ""features"": [""long_z"", ""recent20_z"", ""recent50_z"", ""recent100_z"", ""ewma_z"", ""gap_z"", ""transition_z"", ""in_last_draw""], ""include_number"": true, ""retrain_interval"": 1, ""seed"": 20260728, ""shrink_strength"": 0.1}",audited-1.0.0-online-SGD-r1,FullFeatureLogistic
1659,111000044,2022-04-29,12 14 18 25 44 48,38 25 34 20 39 26,38 25 34 20 39 26 9 13 40 28,38 25 34 20 39 26 9 13 40 28 5 49,1,1,1,0.107124959298898,0.3704590413701192,6.0,2007-01-02,2022-04-26,1659,"{""C_proxy"": 0.2, ""features"": [""long_z"", ""recent20_z"", ""recent50_z"", ""recent100_z"", ""ewma_z"", ""gap_z"", ""transition_z"", ""in_last_draw""], ""include_number"": true, ""retrain_interval"": 1, ""seed"": 20260728, ""shrink_strength"": 0.1}",audited-1.0.0-online-SGD-r1,FullFeatureLogistic
1660,111000045,2022-05-03,14 16 18 19 21 23,38 34 25 20 26 39,38 34 25 20 26 39 49 9 13 40,38 34 25 20 26 39 49 9 13 40 28 5,0,0,0,0.11233600192193366,0.39383342234837354,6.0,2007-01-02,2022-04-29,1660,"{""C_proxy"": 0.2, ""features"": [""long_z"", ""recent20_z"", ""recent50_z"", ""recent100_z"", ""ewma_z"", ""gap_z"", ""transition_z"", ""in_last_draw""], ""include_number"": true, ""retrain_interval"": 1, ""seed"": 20260728, ""shrink_strength"": 0.1}",audited-1.0.0-online-SGD-r1,FullFeatureLogistic
1661,111000046,2022-05-06,1 5 19 28 45 49,38 25 34 20 26 49,38 25 34 20 26 49 39 9 13 40,38 25 34 20 26 49 39 9 13 40 28 5,1,1,3,0.10676410215014139,0.36769661760968286,6.0,2007-01-02,2022-05-03,1661,"{""C_proxy"": 0.2, ""features"": [""long_z"", ""recent20_z"", ""recent50_z"", ""recent100_z"", ""ewma_z"", ""gap_z"", ""transition_z"", ""in_last_draw""], ""include_number"": true, ""retrain_interval"": 1, ""seed"": 20260728, ""shrink_strength"": 0.1}",audited-1.0.0-online-SGD-r1,FullFeatureLogistic
1662,111000047,2022-05-10,2 11 20 24 32 48,38 25 34 20 26 39,38 25 34 20 26 39 9 13 40 10,38 25 34 20 26 39 9 13 40 10 49 42,1,1,1,0.1074964994593916,0.3713691526704672,6.0,2007-01-02,2022-05-06,1662,"{""C_proxy"": 0.2, ""features"": [""long_z"", ""recent20_z"", ""recent50_z"", ""recent100_z"", ""ewma_z"", ""gap_z"", ""transition_z"", ""in_last_draw""], ""include_number"": true, ""retrain_interval"": 1, ""seed"": 20260728, ""shrink_strength"": 0.1}",audited-1.0.0-online-SGD-r1,FullFeatureLogistic
1663,111000048,2022-05-13,10 24 27 36 37 48,38 25 34 26 39 49,38 25 34 26 39 49 9 13 40 20,38 25 34 26 39 49 9 13 40 20 10 42,0,0,1,0.11026328373816123,0.38307602121962464,5.999999999999999,2007-01-02,2022-05-10,1663,"{""C_proxy"": 0.2, ""features"": [""long_z"", ""recent20_z"", ""recent50_z"", ""recent100_z"", ""ewma_z"", ""gap_z"", ""transition_z"", ""in_last_draw""], ""include_number"": true, ""retrain_interval"": 1, ""seed"": 20260728, ""shrink_strength"": 0.1}",audited-1.0.0-online-SGD-r1,FullFeatureLogistic
1664,111000049,2022-05-17,9 22 28 29 34 37,38 25 34 26 20 39,38 25 34 26 20 39 49 13 9 40,38 25 34 26 20 39 49 13 9 40 42 28,1,2,3,0.10614286476042077,0.3661963099832555,6.000000000000002,2007-01-02,2022-05-13,1664,"{""C_proxy"": 0.2, ""features"": [""long_z"", ""recent20_z"", ""recent50_z"", ""recent100_z"", ""ewma_z"", ""gap_z"", ""transition_z"", ""in_last_draw""], ""include_number"": true, ""retrain_interval"": 1, ""seed"": 20260728, ""shrink_strength"": 0.1}",audited-1.0.0-online-SGD-r1,FullFeatureLogistic
1665,111000050,2022-05-20,5 8 12 22 42 49,38 25 26 34 20 39,38 25 26 34 20 39 49 40 13 42,38 25 26 34 20 39 49 40 13 42 15 10,0,2,2,0.10664121439660573,0.36631641762574557,6.000000000000001,2007-01-02,2022-05-17,1665,"{""C_proxy"": 0.2, ""features"": [""long_z"", ""recent20_z"", ""recent50_z"", ""recent100_z"", ""ewma_z"", ""gap_z"", ""transition_z"", ""in_last_draw""], ""include_number"": true, ""retrain_interval"": 1, ""seed"": 20260728, ""shrink_strength"": 0.1}",audited-1.0.0-online-SGD-r1,FullFeatureLogistic
1666,111000051,2022-05-24,4 19 24 35 45 46,38 25 34 26 20 39,38 25 34 26 20 39 40 13 9 49,38 25 34 26 20 39 40 13 9 49 15 10,0,0,0,0.11393608948647249,0.4027533171211603,6.000000000000001,2007-01-02,2022-05-20,1666,"{""C_proxy"": 0.2, ""features"": [""long_z"", ""recent20_z"", ""recent50_z"", ""recent100_z"", ""ewma_z"", ""gap_z"", ""transition_z"", ""in_last_draw""], ""include_number"": true, ""retrain_interval"": 1, ""seed"": 20260728, ""shrink_strength"": 0.1}",audited-1.0.0-online-SGD-r1,FullFeatureLogistic
1667,111000052,2022-05-27,4 11 18 37 39 46,38 25 34 20 26 39,38 25 34 20 26 39 49 40 13 15,38 25 34 20 26 39 49 40 13 15 9 10,1,1,1,0.11170601856235853,0.39306634787115247,6.0,2007-01-02,2022-05-24,1667,"{""C_proxy"": 0.2, ""features"": [""long_z"", ""recent20_z"", ""recent50_z"", ""recent100_z"", ""ewma_z"", ""gap_z"", ""transition_z"", ""in_last_draw""], ""include_number"": true, ""retrain_interval"": 1, ""seed"": 20260728, ""shrink_strength"": 0.1}",audited-1.0.0-online-SGD-r1,FullFeatureLogistic
1668,111000053,2022-05-31,10 11 17 25 27 28,38 25 34 20 26 49,38 25 34 20 26 49 40 39 13 10,38 25 34 20 26 49 40 39 13 10 9 15,1,2,2,0.10851805271719511,0.37879804379399523,6.000000000000001,2007-01-02,2022-05-27,1668,"{""C_proxy"": 0.2, ""features"": [""long_z"", ""recent20_z"", ""recent50_z"", ""recent100_z"", ""ewma_z"", ""gap_z"", ""transition_z"", ""in_last_draw""], ""include_number"": true, ""retrain_interval"": 1, ""seed"": 20260728, ""shrink_strength"": 0.1}",audited-1.0.0-online-SGD-r1,FullFeatureLogistic
1669,111000054,2022-06-03,4 11 39 42 43 48,38 34 20 26 49 25,38 34 20 26 49 25 39 40 13 15,38 34 20 26 49 25 39 40 13 15 9 42,0,1,2,0.10748510446153185,0.3716843957538053,6.0,2007-01-02,2022-05-31,1669,"{""C_proxy"": 0.2, ""features"": [""long_z"", ""recent20_z"", ""recent50_z"", ""recent100_z"", ""ewma_z"", ""gap_z"", ""transition_z"", ""in_last_draw""], ""include_number"": true, ""retrain_interval"": 1, ""seed"": 20260728, ""shrink_strength"": 0.1}",audited-1.0.0-online-SGD-r1,FullFeatureLogistic
1670,111000055,2022-06-07,4 17 18 19 31 44,38 34 25 20 26 49,38 34 25 20 26 49 40 9 15 39,38 34 25 20 26 49 40 9 15 39 13 2,0,0,0,0.11337191325441971,0.399658638618162,6.000000000000001,2007-01-02,2022-06-03,1670,"{""C_proxy"": 0.2, ""features"": [""long_z"", ""recent20_z"", ""recent50_z"", ""recent100_z"", ""ewma_z"", ""gap_z"", ""transition_z"", ""in_last_draw""], ""include_number"": true, ""retrain_interval"": 1, ""seed"": 20260728, ""shrink_strength"": 0.1}",audited-1.0.0-online-SGD-r1,FullFeatureLogistic
1671,111000056,2022-06-10,5 10 13 28 29 38,38 34 25 20 26 49,38 34 25 20 26 49 40 39 9 15,38 34 25 20 26 49 40 39 9 15 13 2,1,1,2,0.10261518279757163,0.3489733276223633,6.0,2007-01-02,2022-06-07,1671,"{""C_proxy"": 0.2, ""features"": [""long_z"", ""recent20_z"", ""recent50_z"", ""recent100_z"", ""ewma_z"", ""gap_z"", ""transition_z"", ""in_last_draw""], ""include_number"": true, ""retrain_interval"": 1, ""seed"": 20260728, ""shrink_strength"": 0.1}",audited-1.0.0-online-SGD-r1,FullFeatureLogistic
1672,111000057,2022-06-14,3 9 20 28 29 47,38 34 25 20 49 26,38 34 25 20 49 26 40 39 9 15,38 34 25 20 49 26 40 39 9 15 2 18,1,2,2,0.10578286964830318,0.362401039003628,6.0,2007-01-02,2022-06-10,1672,"{""C_proxy"": 0.2, ""features"": [""long_z"", ""recent20_z"", ""recent50_z"", ""recent100_z"", ""ewma_z"", ""gap_z"", ""transition_z"", ""in_last_draw""], ""include_number"": true, ""retrain_interval"": 1, ""seed"": 20260728, ""shrink_strength"": 0.1}",audited-1.0.0-online-SGD-r1,FullFeatureLogistic
1673,111000058,2022-06-17,7 11 28 30 46 47,38 34 25 49 26 40,38 34 25 49 26 40 39 20 13 18,38 34 25 49 26 40 39 20 13 18 15 2,0,0,0,0.11512558375881421,0.41109329424686475,6.000000000000001,2007-01-02,2022-06-14,1673,"{""C_proxy"": 0.2, ""features"": [""long_z"", ""recent20_z"", ""recent50_z"", ""recent100_z"", ""ewma_z"", ""gap_z"", ""transition_z"", ""in_last_draw""], ""include_number"": true, ""retrain_interval"": 1, ""seed"": 20260728, ""shrink_strength"": 0.1}",audited-1.0.0-online-SGD-r1,FullFeatureLogistic
1674,111000059,2022-06-21,3 14 20 34 41 44,38 34 25 49 20 26,38 34 25 49 20 26 40 39 13 18,38 34 25 49 20 26 40 39 13 18 9 2,2,2,2,0.10732356884692779,0.3722979342238179,6.000000000000001,2007-01-02,2022-06-17,1674,"{""C_proxy"": 0.2, ""features"": [""long_z"", ""recent20_z"", ""recent50_z"", ""recent100_z"", ""ewma_z"", ""gap_z"", ""transition_z"", ""in_last_draw""], ""include_number"": true, ""retrain_interval"": 1, ""seed"": 20260728, ""shrink_strength"": 0.1}",audited-1.0.0-online-SGD-r1,FullFeatureLogistic
1675,111000060,2022-06-24,3 18 26 29 40 43,38 25 49 26 34 40,38 25 49 26 34 40 39 13 20 18,38 25 49 26 34 40 39 13 20 18 9 2,2,3,3,0.10500100420576414,0.3592922708452538,6.000000000000001,2007-01-02,2022-06-21,1675,"{""C_proxy"": 0.2, ""features"": [""long_z"", ""recent20_z"", ""recent50_z"", ""recent100_z"", ""ewma_z"", ""gap_z"", ""transition_z"", ""in_last_draw""], ""include_number"": true, ""retrain_interval"": 1, ""seed"": 20260728, ""shrink_strength"": 0.1}",audited-1.0.0-online-SGD-r1,FullFeatureLogistic
1676,111000061,2022-06-28,21 24 25 41 42 45,38 25 49 34 20 39,38 25 49 34 20 39 26 40 13 9,38 25 49 34 20 39 26 40 13 9 42 10,1,1,2,0.10622970925766631,0.36492896201347,6.000000000000001,2007-01-02,2022-06-24,1676,"{""C_proxy"": 0.2, ""features"": [""long_z"", ""recent20_z"", ""recent50_z"", ""recent100_z"", ""ewma_z"", ""gap_z"", ""transition_z"", ""in_last_draw""], ""include_number"": true, ""retrain_interval"": 1, ""seed"": 20260728, ""shrink_strength"": 0.1}",audited-1.0.0-online-SGD-r1,FullFeatureLogistic
1677,111000062,2022-07-01,14 20 29 32 34 43,38 49 34 26 20 25,38 49 34 26 20 25 40 39 13 9,38 49 34 26 20 25 40 39 13 9 10 18,2,2,2,0.1079194535018337,0.37526879912419275,6.0,2007-01-02,2022-06-28,1677,"{""C_proxy"": 0.2, ""features"": [""long_z"", ""recent20_z"", ""recent50_z"", ""recent100_z"", ""ewma_z"", ""gap_z"", ""transition_z"", ""in_last_draw""], ""include_number"": true, ""retrain_interval"": 1, ""seed"": 20260728, ""shrink_strength"": 0.1}",audited-1.0.0-online-SGD-r1,FullFeatureLogistic
1678,111000063,2022-07-05,3 8 26 38 45 47,38 49 25 26 34 40,38 49 25 26 34 40 39 13 9 10,38 49 25 26 34 40 39 13 9 10 20 18,2,2,2,0.10523654717228402,0.3633315475208032,6.000000000000001,2007-01-02,2022-07-01,1678,"{""C_proxy"": 0.2, ""features"": [""long_z"", ""recent20_z"", ""recent50_z"", ""recent100_z"", ""ewma_z"", ""gap_z"", ""transition_z"", ""in_last_draw""], ""include_number"": true, ""retrain_interval"": 1, ""seed"": 20260728, ""shrink_strength"": 0.1}",audited-1.0.0-online-SGD-r1,FullFeatureLogistic
1679,111000064,2022-07-08,5 9 15 35 40 44,38 49 25 34 20 39,38 49 25 34 20 39 40 26 9 13,38 49 25 34 20 39 40 26 9 13 10 18,0,2,2,0.10719122284563092,0.3705901018506895,6.000000000000002,2007-01-02,2022-07-05,1679,"{""C_proxy"": 0.2, ""features"": [""long_z"", ""recent20_z"", ""recent50_z"", ""recent100_z"", ""ewma_z"", ""gap_z"", ""transition_z"", ""in_last_draw""], ""include_number"": true, ""retrain_interval"": 1, ""seed"": 20260728, ""shrink_strength"": 0.1}",audited-1.0.0-online-SGD-r1,FullFeatureLogistic
1680,111000065,2022-07-12,7 14 17 20 29 45,38 49 25 34 26 20,38 49 25 34 26 20 39 13 10 40,38 49 25 34 26 20 39 13 10 40 18 2,1,1,1,0.11217302581922226,0.39492824922182335,5.999999999999999,2007-01-02,2022-07-08,1680,"{""C_proxy"": 0.2, ""features"": [""long_z"", ""recent20_z"", ""recent50_z"", ""recent100_z"", ""ewma_z"", ""gap_z"", ""transition_z"", ""in_last_draw""], ""include_number"": true, ""retrain_interval"": 1, ""seed"": 20260728, ""shrink_strength"": 0.1}",audited-1.0.0-online-SGD-r1,FullFeatureLogistic
1681,111000066,2022-07-15,14 15 27 41 43 49,38 49 25 34 26 39,38 49 25 34 26 39 40 13 10 18,38 49 25 34 26 39 40 13 10 18 42 9,1,1,1,0.10881738249992542,0.37957092931858954,6.000000000000001,2007-01-02,2022-07-12,1681,"{""C_proxy"": 0.2, ""features"": [""long_z"", ""recent20_z"", ""recent50_z"", ""recent100_z"", ""ewma_z"", ""gap_z"", ""transition_z"", ""in_last_draw""], ""include_number"": true, ""retrain_interval"": 1, ""seed"": 20260728, ""shrink_strength"": 0.1}",audited-1.0.0-online-SGD-r1,FullFeatureLogistic
1682,111000067,2022-07-19,9 16 23 29 40 41,38 25 34 26 39 20,38 25 34 26 39 20 49 40 10 13,38 25 34 26 39 20 49 40 10 13 9 42,0,1,2,0.10907177262385291,0.37874914623321326,6.0,2007-01-02,2022-07-15,1682,"{""C_proxy"": 0.2, ""features"": [""long_z"", ""recent20_z"", ""recent50_z"", ""recent100_z"", ""ewma_z"", ""gap_z"", ""transition_z"", ""in_last_draw""], ""include_number"": true, ""retrain_interval"": 1, ""seed"": 20260728, ""shrink_strength"": 0.1}",audited-1.0.0-online-SGD-r1,FullFeatureLogistic
1683,111000068,2022-07-22,11 12 24 30 33 38,38 49 25 34 26 39,38 49 25 34 26 39 20 10 13 18,38 49 25 34 26 39 20 10 13 18 42 40,1,1,1,0.1094448386198327,0.385702601695608,6.0,2007-01-02,2022-07-19,1683,"{""C_proxy"": 0.2, ""features"": [""long_z"", ""recent20_z"", ""recent50_z"", ""recent100_z"", ""ewma_z"", ""gap_z"", ""transition_z"", ""in_last_draw""], ""include_number"": true, ""retrain_interval"": 1, ""seed"": 20260728, ""shrink_strength"": 0.1}",audited-1.0.0-online-SGD-r1,FullFeatureLogistic
1684,111000069,2022-07-26,10 12 17 27 29 39,38 49 25 34 26 39,38 49 25 34 26 39 20 10 13 40,38 49 25 34 26 39 20 10 13 40 42 18,1,2,2,0.10906622714301589,0.37955903841301986,6.000000000000002,2007-01-02,2022-07-22,1684,"{""C_proxy"": 0.2, ""features"": [""long_z"", ""recent20_z"", ""recent50_z"", ""recent100_z"", ""ewma_z"", ""gap_z"", ""transition_z"", ""in_last_draw""], ""include_number"": true, ""retrain_interval"": 1, ""seed"": 20260728, ""shrink_strength"": 0.1}",audited-1.0.0-online-SGD-r1,FullFeatureLogistic
1685,111000070,2022-07-29,12 18 19 21 33 37,38 49 25 34 26 20,38 49 25 34 26 20 39 42 40 13,38 49 25 34 26 20 39 42 40 13 18 2,0,0,1,0.11094472248413621,0.38696305427126115,6.0,2007-01-02,2022-07-26,1685,"{""C_proxy"": 0.2, ""features"": [""long_z"", ""recent20_z"", ""recent50_z"", ""recent100_z"", ""ewma_z"", ""gap_z"", ""transition_z"", ""in_last_draw""], ""include_number"": true, ""retrain_interval"": 1, ""seed"": 20260728, ""shrink_strength"": 0.1}",audited-1.0.0-online-SGD-r1,FullFeatureLogistic
1686,111000071,2022-08-02,2 26 28 29 37 48,38 25 49 34 26 20,38 25 49 34 26 20 39 40 10 42,38 25 49 34 26 20 39 40 10 42 13 9,1,1,1,0.1075263384516377,0.37256846898438717,6.0,2007-01-02,2022-07-29,1686,"{""C_proxy"": 0.2, ""features"": [""long_z"", ""recent20_z"", ""recent50_z"", ""recent100_z"", ""ewma_z"", ""gap_z"", ""transition_z"", ""in_last_draw""], ""include_number"": true, ""retrain_interval"": 1, ""seed"": 20260728, ""shrink_strength"": 0.1}",audited-1.0.0-online-SGD-r1,FullFeatureLogistic
1687,111000072,2022-08-05,5 18 21 30 43 46,38 49 25 34 20 39,38 49 25 34 20 39 26 40 10 42,38 49 25 34 20 39 26 40 10 42 13 9,0,0,0,0.11042247279553367,0.3867636116340795,5.999999999999999,2007-01-02,2022-08-02,1687,"{""C_proxy"": 0.2, ""features"": [""long_z"", ""recent20_z"", ""recent50_z"", ""recent100_z"", ""ewma_z"", ""gap_z"", ""transition_z"", ""in_last_draw""], ""include_number"": true, ""retrain_interval"": 1, ""seed"": 20260728, ""shrink_strength"": 0.1}",audited-1.0.0-online-SGD-r1,FullFeatureLogistic
1688,111000073,2022-08-09,9 11 21 23 30 33,38 49 25 34 20 26,38 49 25 34 20 26 39 40 10 13,38 49 25 34 20 26 39 40 10 13 42 9,0,0,1,0.11333485214221241,0.4024376325326791,6.000000000000001,2007-01-02,2022-08-05,1688,"{""C_proxy"": 0.2, ""features"": [""long_z"", ""recent20_z"", ""recent50_z"", ""recent100_z"", ""ewma_z"", ""gap_z"", ""transition_z"", ""in_last_draw""], ""include_number"": true, ""retrain_interval"": 1, ""seed"": 20260728, ""shrink_strength"": 0.1}",audited-1.0.0-online-SGD-r1,FullFeatureLogistic
1689,111000074,2022-08-12,4 7 15 21 37 43,38 49 25 34 20 26,38 49 25 34 20 26 39 40 10 13,38 49 25 34 20 26 39 40 10 13 42 15,0,0,1,0.11008039976072825,0.38175832919871056,6.0,2007-01-02,2022-08-09,1689,"{""C_proxy"": 0.2, ""features"": [""long_z"", ""recent20_z"", ""recent50_z"", ""recent100_z"", ""ewma_z"", ""gap_z"", ""transition_z"", ""in_last_draw""], ""include_number"": true, ""retrain_interval"": 1, ""seed"": 20260728, ""shrink_strength"": 0.1}",audited-1.0.0-online-SGD-r1,FullFeatureLogistic
1690,111000075,2022-08-16,1 7 11 16 18 31,38 25 34 49 20 26,38 25 34 49 20 26 39 40 10 13,38 25 34 49 20 26 39 40 10 13 42 28,0,0,0,0.1104136246614109,0.3828813606411198,6.000000000000002,2007-01-02,2022-08-12,1690,"{""C_proxy"": 0.2, ""features"": [""long_z"", ""recent20_z"", ""recent50_z"", ""recent100_z"", ""ewma_z"", ""gap_z"", ""transition_z"", ""in_last_draw""], ""include_number"": true, ""retrain_interval"": 1, ""seed"": 20260728, ""shrink_strength"": 0.1}",audited-1.0.0-online-SGD-r1,FullFeatureLogistic
1691,111000076,2022-08-19,3 4 10 21 28 41,38 25 49 34 20 26,38 25 49 34 20 26 39 40 10 13,38 25 49 34 20 26 39 40 10 13 42 28,0,1,2,0.1088572062000742,0.37622619214556774,6.0,2007-01-02,2022-08-16,1691,"{""C_proxy"": 0.2, ""features"": [""long_z"", ""recent20_z"", ""recent50_z"", ""recent100_z"", ""ewma_z"", ""gap_z"", ""transition_z"", ""in_last_draw""], ""include_number"": true, ""retrain_interval"": 1, ""seed"": 20260728, ""shrink_strength"": 0.1}",audited-1.0.0-online-SGD-r1,FullFeatureLogistic
1692,111000077,2022-08-23,6 23 24 25 47 49,38 25 49 34 20 26,38 25 49 34 20 26 39 40 42 13,38 25 49 34 20 26 39 40 42 13 9 15,2,2,2,0.10314712150909965,0.351472264998418,6.000000000000001,2007-01-02,2022-08-19,1692,"{""C_proxy"": 0.2, ""features"": [""long_z"", ""recent20_z"", ""recent50_z"", ""recent100_z"", ""ewma_z"", ""gap_z"", ""transition_z"", ""in_last_draw""], ""include_number"": true, ""retrain_interval"": 1, ""seed"": 20260728, ""shrink_strength"": 0.1}",audited-1.0.0-online-SGD-r1,FullFeatureLogistic
1693,111000078,2022-08-26,4 16 17 30 38 42,38 34 20 25 26 39,38 34 20 25 26 39 49 40 10 42,38 34 20 25 26 39 49 40 10 42 13 15,1,2,2,0.10872872549778934,0.38426844377960245,5.999999999999999,2007-01-02,2022-08-23,1693,"{""C_proxy"": 0.2, ""features"": [""long_z"", ""recent20_z"", ""recent50_z"", ""recent100_z"", ""ewma_z"", ""gap_z"", ""transition_z"", ""in_last_draw""], ""include_number"": true, ""retrain_interval"": 1, ""seed"": 20260728, ""shrink_strength"": 0.1}",audited-1.0.0-online-SGD-r1,FullFeatureLogistic
1694,111000079,2022-08-30,5 8 16 27 35 45,38 25 34 49 20 26,38 25 34 49 20 26 39 40 10 13,38 25 34 49 20 26 39 40 10 13 15 9,0,0,0,0.11223975426634815,0.39315279280178744,6.0,2007-01-02,2022-08-26,1694,"{""C_proxy"": 0.2, ""features"": [""long_z"", ""recent20_z"", ""recent50_z"", ""recent100_z"", ""ewma_z"", ""gap_z"", ""transition_z"", ""in_last_draw""], ""include_number"": true, ""retrain_interval"": 1, ""seed"": 20260728, ""shrink_strength"": 0.1}",audited-1.0.0-online-SGD-r1,FullFeatureLogistic
1695,111000080,2022-09-02,20 23 25 36 43 45,38 25 49 34 20 26,38 25 49 34 20 26 39 40 10 42,38 25 49 34 20 26 39 40 10 42 15 9,2,2,2,0.1057099084903363,0.36307834373142506,6.000000000000001,2007-01-02,2022-08-30,1695,"{""C_proxy"": 0.2, ""features"": [""long_z"", ""recent20_z"", ""recent50_z"", ""recent100_z"", ""ewma_z"", ""gap_z"", ""transition_z"", ""in_last_draw""], ""include_number"": true, ""retrain_interval"": 1, ""seed"": 20260728, ""shrink_strength"": 0.1}",audited-1.0.0-online-SGD-r1,FullFeatureLogistic
1696,111000081,2022-09-06,26 32 35 36 38 49,38 49 34 26 39 25,38 49 34 26 39 25 40 20 10 42,38 49 34 26 39 25 40 20 10 42 9 15,3,3,3,0.10479520486931124,0.3646215963909368,5.999999999999999,2007-01-02,2022-09-02,1696,"{""C_proxy"": 0.2, ""features"": [""long_z"", ""recent20_z"", ""recent50_z"", ""recent100_z"", ""ewma_z"", ""gap_z"", ""transition_z"", ""in_last_draw""], ""include_number"": true, ""retrain_interval"": 1, ""seed"": 20260728, ""shrink_strength"": 0.1}",audited-1.0.0-online-SGD-r1,FullFeatureLogistic
1697,111000082,2022-09-09,7 15 17 28 36 39,34 38 20 25 39 40,34 38 20 25 39 40 49 10 42 9,34 38 20 25 39 40 49 10 42 9 15 26,1,1,2,0.10796468596290036,0.3744150146681499,6.0,2007-01-02,2022-09-06,1697,"{""C_proxy"": 0.2, ""features"": [""long_z"", ""recent20_z"", ""recent50_z"", ""recent100_z"", ""ewma_z"", ""gap_z"", ""transition_z"", ""in_last_draw""], ""include_number"": true, ""retrain_interval"": 1, ""seed"": 20260728, ""shrink_strength"": 0.1}",audited-1.0.0-online-SGD-r1,FullFeatureLogistic
1698,111000083,2022-09-13,7 10 15 21 34 48,38 34 20 49 25 40,38 34 20 49 25 40 26 10 39 9,38 34 20 49 25 40 26 10 39 9 42 48,1,2,3,0.10435835168228291,0.35665080632532326,6.0,2007-01-02,2022-09-09,1698,"{""C_proxy"": 0.2, ""features"": [""long_z"", ""recent20_z"", ""recent50_z"", ""recent100_z"", ""ewma_z"", ""gap_z"", ""transition_z"", ""in_last_draw""], ""include_number"": true, ""retrain_interval"": 1, ""seed"": 20260728, ""shrink_strength"": 0.1}",audited-1.0.0-online-SGD-r1,FullFeatureLogistic
1699,111000084,2022-09-16,2 6 7 27 31 44,38 20 34 25 49 39,38 20 34 25 49 39 40 26 9 42,38 20 34 25 49 39 40 26 9 42 13 5,0,0,0,0.10923261108838253,0.3772477091996407,6.0,2007-01-02,2022-09-13,1699,"{""C_proxy"": 0.2, ""features"": [""long_z"", ""recent20_z"", ""recent50_z"", ""recent100_z"", ""ewma_z"", ""gap_z"", ""transition_z"", ""in_last_draw""], ""include_number"": true, ""retrain_interval"": 1, ""seed"": 20260728, ""shrink_strength"": 0.1}",audited-1.0.0-online-SGD-r1,FullFeatureLogistic
1700,111000085,2022-09-20,11 13 24 29 35 43,38 34 20 25 49 39,38 34 20 25 49 39 40 26 10 42,38 34 20 25 49 39 40 26 10 42 9 13,0,0,1,0.11091300978995862,0.3878563347414171,6.000000000000001,2007-01-02,2022-09-16,1700,"{""C_proxy"": 0.2, ""features"": [""long_z"", ""recent20_z"", ""recent50_z"", ""recent100_z"", ""ewma_z"", ""gap_z"", ""transition_z"", ""in_last_draw""], ""include_number"": true, ""retrain_interval"": 1, ""seed"": 20260728, ""shrink_strength"": 0.1}",audited-1.0.0-online-SGD-r1,FullFeatureLogistic
1701,111000086,2022-09-23,2 12 30 31 44 48,38 34 25 49 20 39,38 34 25 49 20 39 40 26 10 42,38 34 25 49 20 39 40 26 10 42 9 48,0,0,1,0.11041566556740096,0.38674674419462346,6.0,2007-01-02,2022-09-20,1701,"{""C_proxy"": 0.2, ""features"": [""long_z"", ""recent20_z"", ""recent50_z"", ""recent100_z"", ""ewma_z"", ""gap_z"", ""transition_z"", ""in_last_draw""], ""include_number"": true, ""retrain_interval"": 1, ""seed"": 20260728, ""shrink_strength"": 0.1}",audited-1.0.0-online-SGD-r1,FullFeatureLogistic
1702,111000087,2022-09-27,10 17 28 34 40 43,38 34 49 25 20 39,38 34 49 25 20 39 40 26 10 42,38 34 49 25 20 39 40 26 10 42 9 13,1,3,3,0.10435667117130985,0.35913919537438216,6.0,2007-01-02,2022-09-23,1702,"{""C_proxy"": 0.2, ""features"": [""long_z"", ""recent20_z"", ""recent50_z"", ""recent100_z"", ""ewma_z"", ""gap_z"", ""transition_z"", ""in_last_draw""], ""include_number"": true, ""retrain_interval"": 1, ""seed"": 20260728, ""shrink_strength"": 0.1}",audited-1.0.0-online-SGD-r1,FullFeatureLogistic
1703,111000088,2022-09-30,5 12 18 28 34 39,38 49 25 20 34 39,38 49 25 20 34 39 26 42 9 13,38 49 25 20 34 39 26 42 9 13 40 5,2,2,3,0.10262740611834871,0.34793426003368566,6.000000000000001,2007-01-02,2022-09-27,1703,"{""C_proxy"": 0.2, ""features"": [""long_z"", ""recent20_z"", ""recent50_z"", ""recent100_z"", ""ewma_z"", ""gap_z"", ""transition_z"", ""in_last_draw""], ""include_number"": true, ""retrain_interval"": 1, ""seed"": 20260728, ""shrink_strength"": 0.1}",audited-1.0.0-online-SGD-r1,FullFeatureLogistic
1704,111000089,2022-10-04,13 14 23 34 43 49,38 49 25 20 40 26,38 49 25 20 40 26 34 42 9 39,38 49 25 20 40 26 34 42 9 39 10 13,1,2,3,0.10573923043999892,0.3638934759949594,6.0,2007-01-02,2022-09-30,1704,"{""C_proxy"": 0.2, ""features"": [""long_z"", ""recent20_z"", ""recent50_z"", ""recent100_z"", ""ewma_z"", ""gap_z"", ""transition_z"", ""in_last_draw""], ""include_number"": true, ""retrain_interval"": 1, ""seed"": 20260728, ""shrink_strength"": 0.1}",audited-1.0.0-online-SGD-r1,FullFeatureLogistic
1705,111000090,2022-10-07,5 10 15 16 26 30,38 25 20 26 49 40,38 25 20 26 49 40 39 9 42 10,38 25 20 26 49 40 39 9 42 10 34 5,1,2,3,0.10690104718229142,0.37167122085842763,6.000000000000001,2007-01-02,2022-10-04,1705,"{""C_proxy"": 0.2, ""features"": [""long_z"", ""recent20_z"", ""recent50_z"", ""recent100_z"", ""ewma_z"", ""gap_z"", ""transition_z"", ""in_last_draw""], ""include_number"": true, ""retrain_interval"": 1, ""seed"": 20260728, ""shrink_strength"": 0.1}",audited-1.0.0-online-SGD-r1,FullFeatureLogistic
1706,111000091,2022-10-11,1 3 23 25 42 46,38 25 20 49 39 40,38 25 20 49 39 40 34 42 9 48,38 25 20 49 39 40 34 42 9 48 26 18,1,2,2,0.10674220748246532,0.36778626574680373,5.999999999999999,2007-01-02,2022-10-07,1706,"{""C_proxy"": 0.2, ""features"": [""long_z"", ""recent20_z"", ""recent50_z"", ""recent100_z"", ""ewma_z"", ""gap_z"", ""transition_z"", ""in_last_draw""], ""include_number"": true, ""retrain_interval"": 1, ""seed"": 20260728, ""shrink_strength"": 0.1}",audited-1.0.0-online-SGD-r1,FullFeatureLogistic
1707,111000092,2022-10-14,1 11 13 25 32 36,38 20 49 25 39 34,38 20 49 25 39 34 40 26 9 48,38 20 49 25 39 34 40 26 9 48 42 18,1,1,1,0.10930180731979389,0.3792560298515741,6.000000000000001,2007-01-02,2022-10-11,1707,"{""C_proxy"": 0.2, ""features"": [""long_z"", ""recent20_z"", ""recent50_z"", ""recent100_z"", ""ewma_z"", ""gap_z"", ""transition_z"", ""in_last_draw""], ""include_number"": true, ""retrain_interval"": 1, ""seed"": 20260728, ""shrink_strength"": 0.1}",audited-1.0.0-online-SGD-r1,FullFeatureLogistic
1708,111000093,2022-10-18,1 14 27 38 39 47,38 20 49 39 34 40,38 20 49 39 34 40 26 25 9 42,38 20 49 39 34 40 26 25 9 42 48 18,2,2,2,0.10531419057057524,0.36365952558422476,6.0,2007-01-02,2022-10-14,1708,"{""C_proxy"": 0.2, ""features"": [""long_z"", ""recent20_z"", ""recent50_z"", ""recent100_z"", ""ewma_z"", ""gap_z"", ""transition_z"", ""in_last_draw""], ""include_number"": true, ""retrain_interval"": 1, ""seed"": 20260728, ""shrink_strength"": 0.1}",audited-1.0.0-online-SGD-r1,FullFeatureLogistic
1709,111000094,2022-10-21,11 20 36 37 42 49,38 20 49 25 34 40,38 20 49 25 34 40 26 9 42 39,38 20 49 25 34 40 26 9 42 39 48 18,2,3,3,0.1066642492048734,0.37113880441570474,6.000000000000001,2007-01-02,2022-10-18,1709,"{""C_proxy"": 0.2, ""features"": [""long_z"", ""recent20_z"", ""recent50_z"", ""recent100_z"", ""ewma_z"", ""gap_z"", ""transition_z"", ""in_last_draw""], ""include_number"": true, ""retrain_interval"": 1, ""seed"": 20260728, ""shrink_strength"": 0.1}",audited-1.0.0-online-SGD-r1,FullFeatureLogistic
1710,111000095,2022-10-25,18 32 36 43 48 49,38 25 34 20 40 26,38 25 34 20 40 26 39 49 9 10,38 25 34 20 40 26 39 49 9 10 48 28,0,1,2,0.10785563102602015,0.3727643428134224,6.0,2007-01-02,2022-10-21,1710,"{""C_proxy"": 0.2, ""features"": [""long_z"", ""recent20_z"", ""recent50_z"", ""recent100_z"", ""ewma_z"", ""gap_z"", ""transition_z"", ""in_last_draw""], ""include_number"": true, ""retrain_interval"": 1, ""seed"": 20260728, ""shrink_strength"": 0.1}",audited-1.0.0-online-SGD-r1,FullFeatureLogistic
1711,111000096,2022-10-28,17 18 19 23 25 32,38 20 34 25 39 26,38 20 34 25 39 26 40 9 10 28,38 20 34 25 39 26 40 9 10 28 49 5,1,1,1,0.1118179541198695,0.39410089970384715,6.000000000000001,2007-01-02,2022-10-25,1711,"{""C_proxy"": 0.2, ""features"": [""long_z"", ""recent20_z"", ""recent50_z"", ""recent100_z"", ""ewma_z"", ""gap_z"", ""transition_z"", ""in_last_draw""], ""include_number"": true, ""retrain_interval"": 1, ""seed"": 20260728, ""shrink_strength"": 0.1}",audited-1.0.0-online-SGD-r1,FullFeatureLogistic
1712,111000097,2022-11-01,17 24 28 32 34 40,38 20 34 49 39 26,38 20 34 49 39 26 40 25 10 9,38 20 34 49 39 26 40 25 10 9 28 5,1,2,3,0.1074551691621325,0.37513285208316494,6.000000000000002,2007-01-02,2022-10-28,1712,"{""C_proxy"": 0.2, ""features"": [""long_z"", ""recent20_z"", ""recent50_z"", ""recent100_z"", ""ewma_z"", ""gap_z"", ""transition_z"", ""in_last_draw""], ""include_number"": true, ""retrain_interval"": 1, ""seed"": 20260728, ""shrink_strength"": 0.1}",audited-1.0.0-online-SGD-r1,FullFeatureLogistic
1713,111000098,2022-11-04,11 21 23 30 36 47,38 20 25 49 34 39,38 20 25 49 34 39 26 10 9 42,38 20 25 49 34 39 26 10 9 42 5 40,0,0,0,0.11463046745815804,0.4082987065765086,6.000000000000001,2007-01-02,2022-11-01,1713,"{""C_proxy"": 0.2, ""features"": [""long_z"", ""recent20_z"", ""recent50_z"", ""recent100_z"", ""ewma_z"", ""gap_z"", ""transition_z"", ""in_last_draw""], ""include_number"": true, ""retrain_interval"": 1, ""seed"": 20260728, ""shrink_strength"": 0.1}",audited-1.0.0-online-SGD-r1,FullFeatureLogistic
1714,111000099,2022-11-08,15 18 37 39 44 47,38 20 34 25 49 39,38 20 34 25 49 39 26 40 10 9,38 20 34 25 49 39 26 40 10 9 28 42,1,1,1,0.10871201620273964,0.3767986874543218,6.000000000000002,2007-01-02,2022-11-04,1714,"{""C_proxy"": 0.2, ""features"": [""long_z"", ""recent20_z"", ""recent50_z"", ""recent100_z"", ""ewma_z"", ""gap_z"", ""transition_z"", ""in_last_draw""], ""include_number"": true, ""retrain_interval"": 1, ""seed"": 20260728, ""shrink_strength"": 0.1}",audited-1.0.0-online-SGD-r1,FullFeatureLogistic
1715,111000100,2022-11-11,2 10 19 20 36 48,38 20 25 34 49 26,38 20 25 34 49 26 40 10 39 9,38 20 25 34 49 26 40 10 39 9 42 28,1,2,2,0.10642259336917943,0.3668628623149641,6.0,2007-01-02,2022-11-08,1715,"{""C_proxy"": 0.2, ""features"": [""long_z"", ""recent20_z"", ""recent50_z"", ""recent100_z"", ""ewma_z"", ""gap_z"", ""transition_z"", ""in_last_draw""], ""include_number"": true, ""retrain_interval"": 1, ""seed"": 20260728, ""shrink_strength"": 0.1}",audited-1.0.0-online-SGD-r1,FullFeatureLogistic
1716,111000101,2022-11-15,19 20 26 29 34 39,38 25 34 49 26 39,38 25 34 49 26 39 20 40 42 9,38 25 34 49 26 39 20 40 42 9 28 5,3,4,4,0.10342079773869504,0.35429664012152884,6.0,2007-01-02,2022-11-11,1716,"{""C_proxy"": 0.2, ""features"": [""long_z"", ""recent20_z"", ""recent50_z"", ""recent100_z"", ""ewma_z"", ""gap_z"", ""transition_z"", ""in_last_draw""], ""include_number"": true, ""retrain_interval"": 1, ""seed"": 20260728, ""shrink_strength"": 0.1}",audited-1.0.0-online-SGD-r1,FullFeatureLogistic
1717,111000102,2022-11-18,10 17 27 37 44 45,38 25 49 34 40 10,38 25 49 34 40 10 20 42 26 28,38 25 49 34 40 10 20 42 26 28 9 39,1,1,1,0.11290323022504223,0.39872652997214414,6.000000000000001,2007-01-02,2022-11-15,1717,"{""C_proxy"": 0.2, ""features"": [""long_z"", ""recent20_z"", ""recent50_z"", ""recent100_z"", ""ewma_z"", ""gap_z"", ""transition_z"", ""in_last_draw""], ""include_number"": true, ""retrain_interval"": 1, ""seed"": 20260728, ""shrink_strength"": 0.1}",audited-1.0.0-online-SGD-r1,FullFeatureLogistic
1718,111000103,2022-11-22,5 13 18 24 27 48,38 25 49 20 34 26,38 25 49 20 34 26 40 39 42 28,38 25 49 20 34 26 40 39 42 28 5 9,0,0,1,0.10630327829050122,0.363395864828859,6.0,2007-01-02,2022-11-18,1718,"{""C_proxy"": 0.2, ""features"": [""long_z"", ""recent20_z"", ""recent50_z"", ""recent100_z"", ""ewma_z"", ""gap_z"", ""transition_z"", ""in_last_draw""], ""include_number"": true, ""retrain_interval"": 1, ""seed"": 20260728, ""shrink_strength"": 0.1}",audited-1.0.0-online-SGD-r1,FullFeatureLogistic
1719,111000104,2022-11-25,14 15 20 26 35 41,38 25 20 49 34 26,38 25 20 49 34 26 40 39 42 28,38 25 20 49 34 26 40 39 42 28 9 10,2,2,2,0.10898538742032347,0.3814658062598456,6.000000000000001,2007-01-02,2022-11-22,1719,"{""C_proxy"": 0.2, ""features"": [""long_z"", ""recent20_z"", ""recent50_z"", ""recent100_z"", ""ewma_z"", ""gap_z"", ""transition_z"", ""in_last_draw""], ""include_number"": true, ""retrain_interval"": 1, ""seed"": 20260728, ""shrink_strength"": 0.1}",audited-1.0.0-online-SGD-r1,FullFeatureLogistic
1720,111000105,2022-11-29,6 21 34 37 46 49,38 25 49 34 40 39,38 25 49 34 40 39 42 28 20 9,38 25 49 34 40 39 42 28 20 9 10 5,2,2,2,0.10699937509927543,0.37151571870773364,5.999999999999999,2007-01-02,2022-11-25,1720,"{""C_proxy"": 0.2, ""features"": [""long_z"", ""recent20_z"", ""recent50_z"", ""recent100_z"", ""ewma_z"", ""gap_z"", ""transition_z"", ""in_last_draw""], ""include_number"": true, ""retrain_interval"": 1, ""seed"": 20260728, ""shrink_strength"": 0.1}",audited-1.0.0-online-SGD-r1,FullFeatureLogistic
1721,111000106,2022-12-02,8 22 28 40 41 45,38 25 20 40 34 39,38 25 20 40 34 39 26 49 28 42,38 25 20 40 34 39 26 49 28 42 9 10,1,2,2,0.10830490750066986,0.3745424695082964,5.999999999999999,2007-01-02,2022-11-29,1721,"{""C_proxy"": 0.2, ""features"": [""long_z"", ""recent20_z"", ""recent50_z"", ""recent100_z"", ""ewma_z"", ""gap_z"", ""transition_z"", ""in_last_draw""], ""include_number"": true, ""retrain_interval"": 1, ""seed"": 20260728, ""shrink_strength"": 0.1}",audited-1.0.0-online-SGD-r1,FullFeatureLogistic
1722,111000107,2022-12-06,10 15 27 32 39 42,38 25 49 20 34 39,38 25 49 20 34 39 26 42 9 40,38 25 49 20 34 39 26 42 9 40 10 5,1,2,3,0.10684175841432189,0.36752417841205226,6.0,2007-01-02,2022-12-02,1722,"{""C_proxy"": 0.2, ""features"": [""long_z"", ""recent20_z"", ""recent50_z"", ""recent100_z"", ""ewma_z"", ""gap_z"", ""transition_z"", ""in_last_draw""], ""include_number"": true, ""retrain_interval"": 1, ""seed"": 20260728, ""shrink_strength"": 0.1}",audited-1.0.0-online-SGD-r1,FullFeatureLogistic
1723,111000108,2022-12-09,10 16 22 40 45 48,38 25 49 20 34 40,38 25 49 20 34 40 26 39 5 28,38 25 49 20 34 40 26 39 5 28 9 12,1,1,1,0.10614075479413691,0.36243167189541536,6.0,2007-01-02,2022-12-06,1723,"{""C_proxy"": 0.2, ""features"": [""long_z"", ""recent20_z"", ""recent50_z"", ""recent100_z"", ""ewma_z"", ""gap_z"", ""transition_z"", ""in_last_draw""], ""include_number"": true, ""retrain_interval"": 1, ""seed"": 20260728, ""shrink_strength"": 0.1}",audited-1.0.0-online-SGD-r1,FullFeatureLogistic
1724,111000109,2022-12-13,6 9 12 14 33 47,38 25 49 20 34 26,38 25 49 20 34 26 39 5 42 28,38 25 49 20 34 26 39 5 42 28 9 43,0,0,1,0.10830846784754454,0.37347403678453,5.999999999999999,2007-01-02,2022-12-09,1724,"{""C_proxy"": 0.2, ""features"": [""long_z"", ""recent20_z"", ""recent50_z"", ""recent100_z"", ""ewma_z"", ""gap_z"", ""transition_z"", ""in_last_draw""], ""include_number"": true, ""retrain_interval"": 1, ""seed"": 20260728, ""shrink_strength"": 0.1}",audited-1.0.0-online-SGD-r1,FullFeatureLogistic
1725,111000110,2022-12-16,6 11 12 40 47 49,38 25 49 20 34 26,38 25 49 20 34 26 39 40 5 42,38 25 49 20 34 26 39 40 5 42 28 43,1,2,2,0.10680202979242617,0.3678071887158441,6.0,2007-01-02,2022-12-13,1725,"{""C_proxy"": 0.2, ""features"": [""long_z"", ""recent20_z"", ""recent50_z"", ""recent100_z"", ""ewma_z"", ""gap_z"", ""transition_z"", ""in_last_draw""], ""include_number"": true, ""retrain_interval"": 1, ""seed"": 20260728, ""shrink_strength"": 0.1}",audited-1.0.0-online-SGD-r1,FullFeatureLogistic
1726,111000111,2022-12-20,3 4 12 16 29 32,38 25 20 34 39 49,38 25 20 34 39 49 26 9 42 5,38 25 20 34 39 49 26 9 42 5 28 18,0,0,0,0.10925968322530816,0.3769919050488821,6.0,2007-01-02,2022-12-16,1726,"{""C_proxy"": 0.2, ""features"": [""long_z"", ""recent20_z"", ""recent50_z"", ""recent100_z"", ""ewma_z"", ""gap_z"", ""transition_z"", ""in_last_draw""], ""include_number"": true, ""retrain_interval"": 1, ""seed"": 20260728, ""shrink_strength"": 0.1}",audited-1.0.0-online-SGD-r1,FullFeatureLogistic
1727,111000112,2022-12-23,9 13 32 34 35 39,38 25 49 20 34 39,38 25 49 20 34 39 26 9 28 5,38 25 49 20 34 39 26 9 28 5 42 40,2,3,3,0.1069401145078721,0.3718750655276947,6.000000000000001,2007-01-02,2022-12-20,1727,"{""C_proxy"": 0.2, ""features"": [""long_z"", ""recent20_z"", ""recent50_z"", ""recent100_z"", ""ewma_z"", ""gap_z"", ""transition_z"", ""in_last_draw""], ""include_number"": true, ""retrain_interval"": 1, ""seed"": 20260728, ""shrink_strength"": 0.1}",audited-1.0.0-online-SGD-r1,FullFeatureLogistic
1728,111000113,2022-12-27,3 11 16 21 22 39,38 25 49 20 26 34,38 25 49 20 26 34 28 5 42 40,38 25 49 20 26 34 28 5 42 40 39 18,0,0,1,0.10888019514026885,0.3758200812561057,6.000000000000001,2007-01-02,2022-12-23,1728,"{""C_proxy"": 0.2, ""features"": [""long_z"", ""recent20_z"", ""recent50_z"", ""recent100_z"", ""ewma_z"", ""gap_z"", ""transition_z"", ""in_last_draw""], ""include_number"": true, ""retrain_interval"": 1, ""seed"": 20260728, ""shrink_strength"": 0.1}",audited-1.0.0-online-SGD-r1,FullFeatureLogistic
1729,111000114,2022-12-30,5 8 14 17 20 46,38 25 49 20 34 26,38 25 49 20 34 26 28 5 40 42,38 25 49 20 34 26 28 5 40 42 18 10,1,2,2,0.11117076073693757,0.3914260686620722,6.0,2007-01-02,2022-12-27,1729,"{""C_proxy"": 0.2, ""features"": [""long_z"", ""recent20_z"", ""recent50_z"", ""recent100_z"", ""ewma_z"", ""gap_z"", ""transition_z"", ""in_last_draw""], ""include_number"": true, ""retrain_interval"": 1, ""seed"": 20260728, ""shrink_strength"": 0.1}",audited-1.0.0-online-SGD-r1,FullFeatureLogistic
1730,112000001,2023-01-03,2 4 8 19 24 39,38 25 49 34 26 28,38 25 49 34 26 28 20 42 40 39,38 25 49 34 26 28 20 42 40 39 10 18,0,1,1,0.1092049819566751,0.3788970145503989,6.0,2007-01-02,2022-12-30,1730,"{""C_proxy"": 0.2, ""features"": [""long_z"", ""recent20_z"", ""recent50_z"", ""recent100_z"", ""ewma_z"", ""gap_z"", ""transition_z"", ""in_last_draw""], ""include_number"": true, ""retrain_interval"": 1, ""seed"": 20260728, ""shrink_strength"": 0.1}",audited-1.0.0-online-SGD-r1,FullFeatureLogistic
1731,112000002,2023-01-06,19 22 29 36 43 46,38 25 49 20 34 26,38 25 49 20 34 26 28 40 42 10,38 25 49 20 34 26 28 40 42 10 18 5,0,0,0,0.11177532833370021,0.390499454380129,5.999999999999999,2007-01-02,2023-01-03,1731,"{""C_proxy"": 0.2, ""features"": [""long_z"", ""recent20_z"", ""recent50_z"", ""recent100_z"", ""ewma_z"", ""gap_z"", ""transition_z"", ""in_last_draw""], ""include_number"": true, ""retrain_interval"": 1, ""seed"": 20260728, ""shrink_strength"": 0.1}",audited-1.0.0-online-SGD-r1,FullFeatureLogistic
1732,112000003,2023-01-10,15 21 22 30 41 42,38 25 49 20 34 26,38 25 49 20 34 26 28 40 42 10,38 25 49 20 34 26 28 40 42 10 39 18,0,1,1,0.11165159882875003,0.39290136286622634,6.0,2007-01-02,2023-01-06,1732,"{""C_proxy"": 0.2, ""features"": [""long_z"", ""recent20_z"", ""recent50_z"", ""recent100_z"", ""ewma_z"", ""gap_z"", ""transition_z"", ""in_last_draw""], ""include_number"": true, ""retrain_interval"": 1, ""seed"": 20260728, ""shrink_strength"": 0.1}",audited-1.0.0-online-SGD-r1,FullFeatureLogistic
1733,112000004,2023-01-13,5 21 23 24 40 44,38 25 49 20 34 26,38 25 49 20 34 26 28 10 40 39,38 25 49 20 34 26 28 10 40 39 18 48,0,1,1,0.10775313098931338,0.37009570949515314,6.000000000000001,2007-01-02,2023-01-10,1733,"{""C_proxy"": 0.2, ""features"": [""long_z"", ""recent20_z"", ""recent50_z"", ""recent100_z"", ""ewma_z"", ""gap_z"", ""transition_z"", ""in_last_draw""], ""include_number"": true, ""retrain_interval"": 1, ""seed"": 20260728, ""shrink_strength"": 0.1}",audited-1.0.0-online-SGD-r1,FullFeatureLogistic
1734,112000005,2023-01-17,5 17 23 24 36 42,38 25 49 20 34 26,38 25 49 20 34 26 28 10 39 48,38 25 49 20 34 26 28 10 39 48 42 18,0,0,1,0.11106942817035953,0.38703781772763746,6.0,2007-01-02,2023-01-13,1734,"{""C_proxy"": 0.2, ""features"": [""long_z"", ""recent20_z"", ""recent50_z"", ""recent100_z"", ""ewma_z"", ""gap_z"", ""transition_z"", ""in_last_draw""], ""include_number"": true, ""retrain_interval"": 1, ""seed"": 20260728, ""shrink_strength"": 0.1}",audited-1.0.0-online-SGD-r1,FullFeatureLogistic
1735,112000006,2023-01-20,16 25 27 31 34 42,38 25 49 20 34 26,38 25 49 20 34 26 28 10 39 48,38 25 49 20 34 26 28 10 39 48 40 18,2,2,2,0.10395076218451364,0.3549263147126797,6.000000000000001,2007-01-02,2023-01-17,1735,"{""C_proxy"": 0.2, ""features"": [""long_z"", ""recent20_z"", ""recent50_z"", ""recent100_z"", ""ewma_z"", ""gap_z"", ""transition_z"", ""in_last_draw""], ""include_number"": true, ""retrain_interval"": 1, ""seed"": 20260728, ""shrink_strength"": 0.1}",audited-1.0.0-online-SGD-r1,FullFeatureLogistic
1736,112000007,2023-01-21,1 5 16 21 23 25,38 49 20 25 26 28,38 49 20 25 26 28 34 39 10 48,38 49 20 25 26 28 34 39 10 48 40 43,1,1,1,0.10725709236714859,0.3686989143914547,5.999999999999999,2007-01-02,2023-01-20,1736,"{""C_proxy"": 0.2, ""features"": [""long_z"", ""recent20_z"", ""recent50_z"", ""recent100_z"", ""ewma_z"", ""gap_z"", ""transition_z"", ""in_last_draw""], ""include_number"": true, ""retrain_interval"": 1, ""seed"": 20260728, ""shrink_strength"": 0.1}",audited-1.0.0-online-SGD-r1,FullFeatureLogistic
1737,112000008,2023-01-22,6 8 10 22 27 29,38 49 20 34 25 26,38 49 20 34 25 26 39 28 10 40,38 49 20 34 25 26 39 28 10 40 48 9,0,1,1,0.10921599710708002,0.3779615310588078,6.000000000000001,2007-01-02,2023-01-21,1737,"{""C_proxy"": 0.2, ""features"": [""long_z"", ""recent20_z"", ""recent50_z"", ""recent100_z"", ""ewma_z"", ""gap_z"", ""transition_z"", ""in_last_draw""], ""include_number"": true, ""retrain_interval"": 1, ""seed"": 20260728, ""shrink_strength"": 0.1}",audited-1.0.0-online-SGD-r1,FullFeatureLogistic
1738,112000009,2023-01-23,7 10 18 23 34 35,38 49 20 25 34 39,38 49 20 25 34 39 26 28 40 48,38 49 20 25 34 39 26 28 40 48 10 9,1,1,2,0.10820971843912304,0.37541016454697534,5.999999999999999,2007-01-02,2023-01-22,1738,"{""C_proxy"": 0.2, ""features"": [""long_z"", ""recent20_z"", ""recent50_z"", ""recent100_z"", ""ewma_z"", ""gap_z"", ""transition_z"", ""in_last_draw""], ""include_number"": true, ""retrain_interval"": 1, ""seed"": 20260728, ""shrink_strength"": 0.1}",audited-1.0.0-online-SGD-r1,FullFeatureLogistic
1739,112000010,2023-01-24,2 4 18 20 30 32,38 49 25 20 39 28,38 49 25 20 39 28 26 34 40 48,38 49 25 20 39 28 26 34 40 48 43 15,1,1,1,0.10922761917470936,0.38275619034708963,6.000000000000001,2007-01-02,2023-01-23,1739,"{""C_proxy"": 0.2, ""features"": [""long_z"", ""recent20_z"", ""recent50_z"", ""recent100_z"", ""ewma_z"", ""gap_z"", ""transition_z"", ""in_last_draw""], ""include_number"": true, ""retrain_interval"": 1, ""seed"": 20260728, ""shrink_strength"": 0.1}",audited-1.0.0-online-SGD-r1,FullFeatureLogistic
1740,112000011,2023-01-25,2 3 8 23 24 27,38 49 25 34 39 28,38 49 25 34 39 28 26 20 40 10,38 49 25 34 39 28 26 20 40 10 48 13,0,0,0,0.11212157300785752,0.3913763778756159,6.000000000000001,2007-01-02,2023-01-24,1740,"{""C_proxy"": 0.2, ""features"": [""long_z"", ""recent20_z"", ""recent50_z"", ""recent100_z"", ""ewma_z"", ""gap_z"", ""transition_z"", ""in_last_draw""], ""include_number"": true, ""retrain_interval"": 1, ""seed"": 20260728, ""shrink_strength"": 0.1}",audited-1.0.0-online-SGD-r1,FullFeatureLogistic
1741,112000012,2023-01-26,10 12 13 21 40 42,38 25 49 20 39 34,38 25 49 20 39 34 28 26 40 10,38 25 49 20 39 34 28 26 40 10 48 13,0,2,3,0.10463979411311616,0.35588524171902647,6.000000000000002,2007-01-02,2023-01-25,1741,"{""C_proxy"": 0.2, ""features"": [""long_z"", ""recent20_z"", ""recent50_z"", ""recent100_z"", ""ewma_z"", ""gap_z"", ""transition_z"", ""in_last_draw""], ""include_number"": true, ""retrain_interval"": 1, ""seed"": 20260728, ""shrink_strength"": 0.1}",audited-1.0.0-online-SGD-r1,FullFeatureLogistic
1742,112000013,2023-01-27,4 13 28 33 38 39,38 25 49 20 34 39,38 25 49 20 34 39 28 26 48 43,38 25 49 20 34 39 28 26 48 43 15 9,2,3,3,0.10195708882560377,0.347032439965777,6.0,2007-01-02,2023-01-26,1742,"{""C_proxy"": 0.2, ""features"": [""long_z"", ""recent20_z"", ""recent50_z"", ""recent100_z"", ""ewma_z"", ""gap_z"", ""transition_z"", ""in_last_draw""], ""include_number"": true, ""retrain_interval"": 1, ""seed"": 20260728, ""shrink_strength"": 0.1}",audited-1.0.0-online-SGD-r1,FullFeatureLogistic
1743,112000014,2023-01-28,1 19 23 30 35 48,38 25 49 20 34 39,38 25 49 20 34 39 26 40 28 48,38 25 49 20 34 39 26 40 28 48 43 10,0,1,1,0.11461574879054193,0.40976886805960033,6.000000000000001,2007-01-02,2023-01-27,1743,"{""C_proxy"": 0.2, ""features"": [""long_z"", ""recent20_z"", ""recent50_z"", ""recent100_z"", ""ewma_z"", ""gap_z"", ""transition_z"", ""in_last_draw""], ""include_number"": true, ""retrain_interval"": 1, ""seed"": 20260728, ""shrink_strength"": 0.1}",audited-1.0.0-online-SGD-r1,FullFeatureLogistic
1744,112000015,2023-01-29,2 8 9 15 27 31,38 25 49 20 34 39,38 25 49 20 34 39 28 26 40 10,38 25 49 20 34 39 28 26 40 10 43 15,0,0,1,0.10926696584307695,0.3777569338398357,6.0,2007-01-02,2023-01-28,1744,"{""C_proxy"": 0.2, ""features"": [""long_z"", ""recent20_z"", ""recent50_z"", ""recent100_z"", ""ewma_z"", ""gap_z"", ""transition_z"", ""in_last_draw""], ""include_number"": true, ""retrain_interval"": 1, ""seed"": 20260728, ""shrink_strength"": 0.1}",audited-1.0.0-online-SGD-r1,FullFeatureLogistic
1745,112000016,2023-01-30,7 18 23 39 41 43,38 25 49 20 34 39,38 25 49 20 34 39 28 26 40 10,38 25 49 20 34 39 28 26 40 10 48 43,1,1,2,0.10831487676853342,0.374784352166557,6.000000000000001,2007-01-02,2023-01-29,1745,"{""C_proxy"": 0.2, ""features"": [""long_z"", ""recent20_z"", ""recent50_z"", ""recent100_z"", ""ewma_z"", ""gap_z"", ""transition_z"", ""in_last_draw""], ""include_number"": true, ""retrain_interval"": 1, ""seed"": 20260728, ""shrink_strength"": 0.1}",audited-1.0.0-online-SGD-r1,FullFeatureLogistic
1746,112000017,2023-01-31,1 26 33 36 40 42,38 25 49 20 34 28,38 25 49 20 34 28 26 39 10 40,38 25 49 20 34 28 26 39 10 40 48 9,0,2,2,0.10669695528475652,0.36534217174882516,6.0,2007-01-02,2023-01-30,1746,"{""C_proxy"": 0.2, ""features"": [""long_z"", ""recent20_z"", ""recent50_z"", ""recent100_z"", ""ewma_z"", ""gap_z"", ""transition_z"", ""in_last_draw""], ""include_number"": true, ""retrain_interval"": 1, ""seed"": 20260728, ""shrink_strength"": 0.1}",audited-1.0.0-online-SGD-r1,FullFeatureLogistic
1747,112000018,2023-02-01,5 8 19 23 33 46,38 25 20 49 34 28,38 25 20 49 34 28 39 10 48 26,38 25 20 49 34 28 39 10 48 26 43 9,0,0,0,0.11447533788295837,0.4046807494310426,6.0,2007-01-02,2023-01-31,1747,"{""C_proxy"": 0.2, ""features"": [""long_z"", ""recent20_z"", ""recent50_z"", ""recent100_z"", ""ewma_z"", ""gap_z"", ""transition_z"", ""in_last_draw""], ""include_number"": true, ""retrain_interval"": 1, ""seed"": 20260728, ""shrink_strength"": 0.1}",audited-1.0.0-online-SGD-r1,FullFeatureLogistic
1748,112000019,2023-02-02,8 13 19 21 31 45,38 25 20 49 34 39,38 25 20 49 34 39 28 10 26 48,38 25 20 49 34 39 28 10 26 48 40 43,0,0,0,0.113117648789235,0.39779870173033754,6.000000000000001,2007-01-02,2023-02-01,1748,"{""C_proxy"": 0.2, ""features"": [""long_z"", ""recent20_z"", ""recent50_z"", ""recent100_z"", ""ewma_z"", ""gap_z"", ""transition_z"", ""in_last_draw""], ""include_number"": true, ""retrain_interval"": 1, ""seed"": 20260728, ""shrink_strength"": 0.1}",audited-1.0.0-online-SGD-r1,FullFeatureLogistic
1749,112000020,2023-02-03,3 14 25 29 44 45,38 25 20 49 34 39,38 25 20 49 34 39 28 10 26 40,38 25 20 49 34 39 28 10 26 40 48 43,1,1,1,0.10957016261605036,0.3810678055555206,6.0,2007-01-02,2023-02-02,1749,"{""C_proxy"": 0.2, ""features"": [""long_z"", ""recent20_z"", ""recent50_z"", ""recent100_z"", ""ewma_z"", ""gap_z"", ""transition_z"", ""in_last_draw""], ""include_number"": true, ""retrain_interval"": 1, ""seed"": 20260728, ""shrink_strength"": 0.1}",audited-1.0.0-online-SGD-r1,FullFeatureLogistic
1750,112000021,2023-02-04,2 14 20 21 22 49,38 20 34 49 25 39,38 20 34 49 25 39 28 10 26 48,38 20 34 49 25 39 28 10 26 48 40 9,2,2,2,0.10632211294196628,0.3674391930062352,6.000000000000001,2007-01-02,2023-02-03,1750,"{""C_proxy"": 0.2, ""features"": [""long_z"", ""recent20_z"", ""recent50_z"", ""recent100_z"", ""ewma_z"", ""gap_z"", ""transition_z"", ""in_last_draw""], ""include_number"": true, ""retrain_interval"": 1, ""seed"": 20260728, ""shrink_strength"": 0.1}",audited-1.0.0-online-SGD-r1,FullFeatureLogistic
1751,112000022,2023-02-05,5 19 25 33 38 42,38 25 34 39 28 49,38 25 34 39 28 49 20 10 26 40,38 25 34 39 28 49 20 10 26 40 48 9,2,2,2,0.1033655319931327,0.3561618315244677,6.0,2007-01-02,2023-02-04,1751,"{""C_proxy"": 0.2, ""features"": [""long_z"", ""recent20_z"", ""recent50_z"", ""recent100_z"", ""ewma_z"", ""gap_z"", ""transition_z"", ""in_last_draw""], ""include_number"": true, ""retrain_interval"": 1, ""seed"": 20260728, ""shrink_strength"": 0.1}",audited-1.0.0-online-SGD-r1,FullFeatureLogistic
1752,112000023,2023-02-07,3 8 11 18 28 47,38 20 49 34 39 28,38 20 49 34 39 28 25 10 40 26,38 20 49 34 39 28 25 10 40 26 48 9,1,1,1,0.10952403551090188,0.3807421918000652,6.000000000000001,2007-01-02,2023-02-05,1752,"{""C_proxy"": 0.2, ""features"": [""long_z"", ""recent20_z"", ""recent50_z"", ""recent100_z"", ""ewma_z"", ""gap_z"", ""transition_z"", ""in_last_draw""], ""include_number"": true, ""retrain_interval"": 1, ""seed"": 20260728, ""shrink_strength"": 0.1}",audited-1.0.0-online-SGD-r1,FullFeatureLogistic
1753,112000024,2023-02-10,7 11 24 28 33 46,38 25 20 49 34 39,38 25 20 49 34 39 10 26 40 48,38 25 20 49 34 39 10 26 40 48 28 9,0,0,1,0.1116055145605433,0.389472315962888,6.0,2007-01-02,2023-02-07,1753,"{""C_proxy"": 0.2, ""features"": [""long_z"", ""recent20_z"", ""recent50_z"", ""recent100_z"", ""ewma_z"", ""gap_z"", ""transition_z"", ""in_last_draw""], ""include_number"": true, ""retrain_interval"": 1, ""seed"": 20260728, ""shrink_strength"": 0.1}",audited-1.0.0-online-SGD-r1,FullFeatureLogistic
1754,112000025,2023-02-14,11 22 23 30 31 49,38 25 20 49 34 39,38 25 20 49 34 39 10 26 40 48,38 25 20 49 34 39 10 26 40 48 9 5,1,1,1,0.11195805740462744,0.39679521336778806,6.0,2007-01-02,2023-02-10,1754,"{""C_proxy"": 0.2, ""features"": [""long_z"", ""recent20_z"", ""recent50_z"", ""recent100_z"", ""ewma_z"", ""gap_z"", ""transition_z"", ""in_last_draw""], ""include_number"": true, ""retrain_interval"": 1, ""seed"": 20260728, ""shrink_strength"": 0.1}",audited-1.0.0-online-SGD-r1,FullFeatureLogistic
1755,112000026,2023-02-17,7 9 14 16 26 33,38 25 20 39 34 10,38 25 20 39 34 10 49 26 40 48,38 25 20 39 34 10 49 26 40 48 28 9,0,1,2,0.1093386016763479,0.3793965531944725,6.0,2007-01-02,2023-02-14,1755,"{""C_proxy"": 0.2, ""features"": [""long_z"", ""recent20_z"", ""recent50_z"", ""recent100_z"", ""ewma_z"", ""gap_z"", ""transition_z"", ""in_last_draw""], ""include_number"": true, ""retrain_interval"": 1, ""seed"": 20260728, ""shrink_strength"": 0.1}",audited-1.0.0-online-SGD-r1,FullFeatureLogistic
1756,112000027,2023-02-21,1 5 6 11 26 46,38 25 20 39 49 34,38 25 20 39 49 34 10 40 28 48,38 25 20 39 49 34 10 40 28 48 5 12,0,0,1,0.10933971730318683,0.3785698312942645,6.0,2007-01-02,2023-02-17,1756,"{""C_proxy"": 0.2, ""features"": [""long_z"", ""recent20_z"", ""recent50_z"", ""recent100_z"", ""ewma_z"", ""gap_z"", ""transition_z"", ""in_last_draw""], ""include_number"": true, ""retrain_interval"": 1, ""seed"": 20260728, ""shrink_strength"": 0.1}",audited-1.0.0-online-SGD-r1,FullFeatureLogistic
1757,112000028,2023-02-24,15 38 39 40 45 48,38 25 20 39 49 34,38 25 20 39 49 34 10 28 40 48,38 25 20 39 49 34 10 28 40 48 9 12,2,4,4,0.10009460370374655,0.3389837158402902,6.000000000000001,2007-01-02,2023-02-21,1757,"{""C_proxy"": 0.2, ""features"": [""long_z"", ""recent20_z"", ""recent50_z"", ""recent100_z"", ""ewma_z"", ""gap_z"", ""transition_z"", ""in_last_draw""], ""include_number"": true, ""retrain_interval"": 1, ""seed"": 20260728, ""shrink_strength"": 0.1}",audited-1.0.0-online-SGD-r1,FullFeatureLogistic
1758,112000029,2023-02-28,2 11 25 26 27 35,20 38 25 34 49 39,20 38 25 34 49 39 10 28 40 12,20 38 25 34 49 39 10 28 40 12 9 48,1,1,1,0.10933237486771699,0.3826582112726752,6.0,2007-01-02,2023-02-24,1758,"{""C_proxy"": 0.2, ""features"": [""long_z"", ""recent20_z"", ""recent50_z"", ""recent100_z"", ""ewma_z"", ""gap_z"", ""transition_z"", ""in_last_draw""], ""include_number"": true, ""retrain_interval"": 1, ""seed"": 20260728, ""shrink_strength"": 0.1}",audited-1.0.0-online-SGD-r1,FullFeatureLogistic
1759,112000030,2023-03-03,13 16 18 22 34 42,38 20 39 34 49 25,38 20 39 34 49 25 10 28 40 48,38 20 39 34 49 25 10 28 40 48 9 13,1,1,2,0.10396981087583769,0.3532721504511729,5.999999999999999,2007-01-02,2023-02-28,1759,"{""C_proxy"": 0.2, ""features"": [""long_z"", ""recent20_z"", ""recent50_z"", ""recent100_z"", ""ewma_z"", ""gap_z"", ""transition_z"", ""in_last_draw""], ""include_number"": true, ""retrain_interval"": 1, ""seed"": 20260728, ""shrink_strength"": 0.1}",audited-1.0.0-online-SGD-r1,FullFeatureLogistic
1760,112000031,2023-03-07,13 17 23 25 32 41,38 20 39 25 49 34,38 20 39 25 49 34 10 28 40 48,38 20 39 25 49 34 10 28 40 48 9 6,1,1,1,0.11069548079495525,0.3877946045122065,6.0,2007-01-02,2023-03-03,1760,"{""C_proxy"": 0.2, ""features"": [""long_z"", ""recent20_z"", ""recent50_z"", ""recent100_z"", ""ewma_z"", ""gap_z"", ""transition_z"", ""in_last_draw""], ""include_number"": true, ""retrain_interval"": 1, ""seed"": 20260728, ""shrink_strength"": 0.1}",audited-1.0.0-online-SGD-r1,FullFeatureLogistic
1761,112000032,2023-03-10,15 19 29 32 39 40,38 20 39 34 49 10,38 20 39 34 49 10 28 40 25 48,38 20 39 34 49 10 28 40 25 48 9 5,1,2,2,0.10683977296217542,0.3690286171017993,6.0,2007-01-02,2023-03-07,1761,"{""C_proxy"": 0.2, ""features"": [""long_z"", ""recent20_z"", ""recent50_z"", ""recent100_z"", ""ewma_z"", ""gap_z"", ""transition_z"", ""in_last_draw""], ""include_number"": true, ""retrain_interval"": 1, ""seed"": 20260728, ""shrink_strength"": 0.1}",audited-1.0.0-online-SGD-r1,FullFeatureLogistic
1762,112000033,2023-03-14,3 4 11 12 20 37,38 20 34 25 49 39,38 20 34 25 49 39 10 28 48 9,38 20 34 25 49 39 10 28 48 9 6 26,1,1,1,0.10898815417495578,0.38075173606452833,6.000000000000001,2007-01-02,2023-03-10,1762,"{""C_proxy"": 0.2, ""features"": [""long_z"", ""recent20_z"", ""recent50_z"", ""recent100_z"", ""ewma_z"", ""gap_z"", ""transition_z"", ""in_last_draw""], ""include_number"": true, ""retrain_interval"": 1, ""seed"": 20260728, ""shrink_strength"": 0.1}",audited-1.0.0-online-SGD-r1,FullFeatureLogistic
1763,112000034,2023-03-17,6 7 10 24 29 40,38 34 39 25 49 20,38 34 39 25 49 20 10 28 40 48,38 34 39 25 49 20 10 28 40 48 9 26,0,2,2,0.10511385931191922,0.35845826584522444,6.0,2007-01-02,2023-03-14,1763,"{""C_proxy"": 0.2, ""features"": [""long_z"", ""recent20_z"", ""recent50_z"", ""recent100_z"", ""ewma_z"", ""gap_z"", ""transition_z"", ""in_last_draw""], ""include_number"": true, ""retrain_interval"": 1, ""seed"": 20260728, ""shrink_strength"": 0.1}",audited-1.0.0-online-SGD-r1,FullFeatureLogistic
1764,112000035,2023-03-21,3 11 20 30 41 45,38 20 34 39 25 49,38 20 34 39 25 49 28 10 9 26,38 20 34 39 25 49 28 10 9 26 48 5,1,1,1,0.11288406928295429,0.40276499219247336,6.0,2007-01-02,2023-03-17,1764,"{""C_proxy"": 0.2, ""features"": [""long_z"", ""recent20_z"", ""recent50_z"", ""recent100_z"", ""ewma_z"", ""gap_z"", ""transition_z"", ""in_last_draw""], ""include_number"": true, ""retrain_interval"": 1, ""seed"": 20260728, ""shrink_strength"": 0.1}",audited-1.0.0-online-SGD-r1,FullFeatureLogistic
1765,112000036,2023-03-24,2 14 26 34 40 46,38 25 34 39 49 10,38 25 34 39 49 10 20 28 26 40,38 25 34 39 49 10 20 28 26 40 48 5,1,3,3,0.10680801039877011,0.36908394755494056,6.000000000000001,2007-01-02,2023-03-21,1765,"{""C_proxy"": 0.2, ""features"": [""long_z"", ""recent20_z"", ""recent50_z"", ""recent100_z"", ""ewma_z"", ""gap_z"", ""transition_z"", ""in_last_draw""], ""include_number"": true, ""retrain_interval"": 1, ""seed"": 20260728, ""shrink_strength"": 0.1}",audited-1.0.0-online-SGD-r1,FullFeatureLogistic
1766,112000037,2023-03-28,3 10 26 35 37 44,38 25 39 20 49 34,38 25 39 20 49 34 10 28 9 48,38 25 39 20 49 34 10 28 9 48 5 6,0,1,1,0.11176011206135689,0.39310310676735416,6.0,2007-01-02,2023-03-24,1766,"{""C_proxy"": 0.2, ""features"": [""long_z"", ""recent20_z"", ""recent50_z"", ""recent100_z"", ""ewma_z"", ""gap_z"", ""transition_z"", ""in_last_draw""], ""include_number"": true, ""retrain_interval"": 1, ""seed"": 20260728, ""shrink_strength"": 0.1}",audited-1.0.0-online-SGD-r1,FullFeatureLogistic
1767,112000038,2023-03-31,10 22 26 29 45 47,38 25 39 20 34 49,38 25 39 20 34 49 28 9 5 48,38 25 39 20 34 49 28 9 5 48 10 6,0,0,1,0.1079459453207596,0.3702448180717894,6.000000000000001,2007-01-02,2023-03-28,1767,"{""C_proxy"": 0.2, ""features"": [""long_z"", ""recent20_z"", ""recent50_z"", ""recent100_z"", ""ewma_z"", ""gap_z"", ""transition_z"", ""in_last_draw""], ""include_number"": true, ""retrain_interval"": 1, ""seed"": 20260728, ""shrink_strength"": 0.1}",audited-1.0.0-online-SGD-r1,FullFeatureLogistic
1768,112000039,2023-04-04,10 19 21 33 35 47,38 25 39 20 34 49,38 25 39 20 34 49 28 40 9 5,38 25 39 20 34 49 28 40 9 5 48 6,0,0,0,0.11248730683944405,0.3947988421855354,6.000000000000001,2007-01-02,2023-03-31,1768,"{""C_proxy"": 0.2, ""features"": [""long_z"", ""recent20_z"", ""recent50_z"", ""recent100_z"", ""ewma_z"", ""gap_z"", ""transition_z"", ""in_last_draw""], ""include_number"": true, ""retrain_interval"": 1, ""seed"": 20260728, ""shrink_strength"": 0.1}",audited-1.0.0-online-SGD-r1,FullFeatureLogistic
1769,112000040,2023-04-07,4 11 20 25 32 39,38 25 39 20 34 49,38 25 39 20 34 49 28 40 9 6,38 25 39 20 34 49 28 40 9 6 5 48,3,3,3,0.10403278146366583,0.3591852856674853,6.000000000000001,2007-01-02,2023-04-04,1769,"{""C_proxy"": 0.2, ""features"": [""long_z"", ""recent20_z"", ""recent50_z"", ""recent100_z"", ""ewma_z"", ""gap_z"", ""transition_z"", ""in_last_draw""], ""include_number"": true, ""retrain_interval"": 1, ""seed"": 20260728, ""shrink_strength"": 0.1}",audited-1.0.0-online-SGD-r1,FullFeatureLogistic
1770,112000041,2023-04-11,9 12 30 31 33 37,38 34 49 25 39 40,38 34 49 25 39 40 28 20 9 6,38 34 49 25 39 40 28 20 9 6 5 13,0,1,1,0.11225546343144337,0.3977516485863722,6.000000000000001,2007-01-02,2023-04-07,1770,"{""C_proxy"": 0.2, ""features"": [""long_z"", ""recent20_z"", ""recent50_z"", ""recent100_z"", ""ewma_z"", ""gap_z"", ""transition_z"", ""in_last_draw""], ""include_number"": true, ""retrain_interval"": 1, ""seed"": 20260728, ""shrink_strength"": 0.1}",audited-1.0.0-online-SGD-r1,FullFeatureLogistic
1771,112000042,2023-04-14,10 22 23 35 46 49,38 25 34 39 20 49,38 25 34 39 20 49 40 28 5 6,38 25 34 39 20 49 40 28 5 6 13 48,1,1,1,0.10936704800958158,0.38088930322002273,6.0,2007-01-02,2023-04-11,1771,"{""C_proxy"": 0.2, ""features"": [""long_z"", ""recent20_z"", ""recent50_z"", ""recent100_z"", ""ewma_z"", ""gap_z"", ""transition_z"", ""in_last_draw""], ""include_number"": true, ""retrain_interval"": 1, ""seed"": 20260728, ""shrink_strength"": 0.1}",audited-1.0.0-online-SGD-r1,FullFeatureLogistic
1772,112000043,2023-04-18,6 8 10 28 41 43,38 25 34 39 20 40,38 25 34 39 20 40 49 28 9 6,38 25 34 39 20 40 49 28 9 6 5 13,0,2,2,0.10815621061970859,0.37343654764182554,6.000000000000001,2007-01-02,2023-04-14,1772,"{""C_proxy"": 0.2, ""features"": [""long_z"", ""recent20_z"", ""recent50_z"", ""recent100_z"", ""ewma_z"", ""gap_z"", ""transition_z"", ""in_last_draw""], ""include_number"": true, ""retrain_interval"": 1, ""seed"": 20260728, ""shrink_strength"": 0.1}",audited-1.0.0-online-SGD-r1,FullFeatureLogistic
1773,112000044,2023-04-21,7 11 23 25 27 43,38 25 34 39 20 49,38 25 34 39 20 49 40 9 5 26,38 25 34 39 20 49 40 9 5 26 13 48,1,1,1,0.10829257361935553,0.3755501847221337,6.0,2007-01-02,2023-04-18,1773,"{""C_proxy"": 0.2, ""features"": [""long_z"", ""recent20_z"", ""recent50_z"", ""recent100_z"", ""ewma_z"", ""gap_z"", ""transition_z"", ""in_last_draw""], ""include_number"": true, ""retrain_interval"": 1, ""seed"": 20260728, ""shrink_strength"": 0.1}",audited-1.0.0-online-SGD-r1,FullFeatureLogistic
1774,112000045,2023-04-25,5 12 13 27 28 41,38 34 39 20 49 25,38 34 39 20 49 25 40 9 26 5,38 34 39 20 49 25 40 9 26 5 13 6,0,1,2,0.1073452714107356,0.3697487642906732,6.0,2007-01-02,2023-04-21,1774,"{""C_proxy"": 0.2, ""features"": [""long_z"", ""recent20_z"", ""recent50_z"", ""recent100_z"", ""ewma_z"", ""gap_z"", ""transition_z"", ""in_last_draw""], ""include_number"": true, ""retrain_interval"": 1, ""seed"": 20260728, ""shrink_strength"": 0.1}",audited-1.0.0-online-SGD-r1,FullFeatureLogistic
1775,112000046,2023-04-28,5 31 38 41 43 47,38 25 39 34 20 49,38 25 39 34 20 49 40 26 9 6,38 25 39 34 20 49 40 26 9 6 42 48,1,1,1,0.10617895813933423,0.3674611542922614,6.000000000000001,2007-01-02,2023-04-25,1775,"{""C_proxy"": 0.2, ""features"": [""long_z"", ""recent20_z"", ""recent50_z"", ""recent100_z"", ""ewma_z"", ""gap_z"", ""transition_z"", ""in_last_draw""], ""include_number"": true, ""retrain_interval"": 1, ""seed"": 20260728, ""shrink_strength"": 0.1}",audited-1.0.0-online-SGD-r1,FullFeatureLogistic
1776,112000047,2023-05-02,8 9 14 37 42 46,38 25 39 34 20 49,38 25 39 34 20 49 40 26 9 13,38 25 39 34 20 49 40 26 9 13 42 6,0,1,2,0.1125391054025887,0.39693299010339156,6.000000000000001,2007-01-02,2023-04-28,1776,"{""C_proxy"": 0.2, ""features"": [""long_z"", ""recent20_z"", ""recent50_z"", ""recent100_z"", ""ewma_z"", ""gap_z"", ""transition_z"", ""in_last_draw""], ""include_number"": true, ""retrain_interval"": 1, ""seed"": 20260728, ""shrink_strength"": 0.1}",audited-1.0.0-online-SGD-r1,FullFeatureLogistic
1777,112000048,2023-05-05,10 13 16 19 21 48,38 25 39 34 20 49,38 25 39 34 20 49 40 26 13 48,38 25 39 34 20 49 40 26 13 48 6 15,0,2,2,0.10703894899971517,0.3673771992776722,6.0,2007-01-02,2023-05-02,1777,"{""C_proxy"": 0.2, ""features"": [""long_z"", ""recent20_z"", ""recent50_z"", ""recent100_z"", ""ewma_z"", ""gap_z"", ""transition_z"", ""in_last_draw""], ""include_number"": true, ""retrain_interval"": 1, ""seed"": 20260728, ""shrink_strength"": 0.1}",audited-1.0.0-online-SGD-r1,FullFeatureLogistic
1778,112000049,2023-05-09,1 21 22 29 31 44,38 25 39 34 20 49,38 25 39 34 20 49 40 26 6 15,38 25 39 34 20 49 40 26 6 15 5 42,0,0,0,0.11092625059039839,0.3845234300353525,6.0,2007-01-02,2023-05-05,1778,"{""C_proxy"": 0.2, ""features"": [""long_z"", ""recent20_z"", ""recent50_z"", ""recent100_z"", ""ewma_z"", ""gap_z"", ""transition_z"", ""in_last_draw""], ""include_number"": true, ""retrain_interval"": 1, ""seed"": 20260728, ""shrink_strength"": 0.1}",audited-1.0.0-online-SGD-r1,FullFeatureLogistic
1779,112000050,2023-05-12,2 7 9 18 20 48,38 25 39 34 20 49,38 25 39 34 20 49 40 26 6 48,38 25 39 34 20 49 40 26 6 48 5 15,1,2,2,0.10400587062653217,0.3533242984565298,5.999999999999999,2007-01-02,2023-05-09,1779,"{""C_proxy"": 0.2, ""features"": [""long_z"", ""recent20_z"", ""recent50_z"", ""recent100_z"", ""ewma_z"", ""gap_z"", ""transition_z"", ""in_last_draw""], ""include_number"": true, ""retrain_interval"": 1, ""seed"": 20260728, ""shrink_strength"": 0.1}",audited-1.0.0-online-SGD-r1,FullFeatureLogistic
1780,112000051,2023-05-16,1 19 26 34 38 43,38 25 39 34 49 40,38 25 39 34 49 40 26 20 6 28,38 25 39 34 49 40 26 20 6 28 42 15,2,3,3,0.1025513634626469,0.3513515793950212,5.999999999999999,2007-01-02,2023-05-12,1780,"{""C_proxy"": 0.2, ""features"": [""long_z"", ""recent20_z"", ""recent50_z"", ""recent100_z"", ""ewma_z"", ""gap_z"", ""transition_z"", ""in_last_draw""], ""include_number"": true, ""retrain_interval"": 1, ""seed"": 20260728, ""shrink_strength"": 0.1}",audited-1.0.0-online-SGD-r1,FullFeatureLogistic
1781,112000052,2023-05-19,5 8 9 35 38 44,25 38 39 49 20 34,25 38 39 49 20 34 40 6 28 42,25 38 39 49 20 34 40 6 28 42 15 5,1,1,2,0.1087767958713861,0.3799546403236593,6.000000000000002,2007-01-02,2023-05-16,1781,"{""C_proxy"": 0.2, ""features"": [""long_z"", ""recent20_z"", ""recent50_z"", ""recent100_z"", ""ewma_z"", ""gap_z"", ""transition_z"", ""in_last_draw""], ""include_number"": true, ""retrain_interval"": 1, ""seed"": 20260728, ""shrink_strength"": 0.1}",audited-1.0.0-online-SGD-r1,FullFeatureLogistic
1782,112000053,2023-05-23,5 20 23 38 44 46,25 39 38 34 49 20,25 39 38 34 49 20 40 26 28 6,25 39 38 34 49 20 40 26 28 6 42 10,2,2,2,0.10683439844431869,0.36983436270484654,6.000000000000001,2007-01-02,2023-05-19,1782,"{""C_proxy"": 0.2, ""features"": [""long_z"", ""recent20_z"", ""recent50_z"", ""recent100_z"", ""ewma_z"", ""gap_z"", ""transition_z"", ""in_last_draw""], ""include_number"": true, ""retrain_interval"": 1, ""seed"": 20260728, ""shrink_strength"": 0.1}",audited-1.0.0-online-SGD-r1,FullFeatureLogistic
1783,112000054,2023-05-26,5 10 12 15 30 36,25 39 34 38 49 40,25 39 34 38 49 40 26 10 28 6,25 39 34 38 49 40 26 10 28 6 13 42,0,1,1,0.10905599707183508,0.38041211296527,6.0,2007-01-02,2023-05-23,1783,"{""C_proxy"": 0.2, ""features"": [""long_z"", ""recent20_z"", ""recent50_z"", ""recent100_z"", ""ewma_z"", ""gap_z"", ""transition_z"", ""in_last_draw""], ""include_number"": true, ""retrain_interval"": 1, ""seed"": 20260728, ""shrink_strength"": 0.1}",audited-1.0.0-online-SGD-r1,FullFeatureLogistic
1784,112000055,2023-05-30,5 6 9 29 43 45,25 39 38 34 49 20,25 39 38 34 49 20 26 40 28 13,25 39 38 34 49 20 26 40 28 13 6 42,0,0,1,0.10826204393986281,0.37219382962034975,6.000000000000001,2007-01-02,2023-05-26,1784,"{""C_proxy"": 0.2, ""features"": [""long_z"", ""recent20_z"", ""recent50_z"", ""recent100_z"", ""ewma_z"", ""gap_z"", ""transition_z"", ""in_last_draw""], ""include_number"": true, ""retrain_interval"": 1, ""seed"": 20260728, ""shrink_strength"": 0.1}",audited-1.0.0-online-SGD-r1,FullFeatureLogistic
1785,112000056,2023-06-02,1 5 13 16 23 34,25 38 39 34 49 20,25 38 39 34 49 20 26 40 28 13,25 38 39 34 49 20 26 40 28 13 10 42,1,2,2,0.10472545051432505,0.3570989207072687,6.000000000000001,2007-01-02,2023-05-30,1785,"{""C_proxy"": 0.2, ""features"": [""long_z"", ""recent20_z"", ""recent50_z"", ""recent100_z"", ""ewma_z"", ""gap_z"", ""transition_z"", ""in_last_draw""], ""include_number"": true, ""retrain_interval"": 1, ""seed"": 20260728, ""shrink_strength"": 0.1}",audited-1.0.0-online-SGD-r1,FullFeatureLogistic
1786,112000057,2023-06-06,8 13 27 30 41 43,25 38 39 49 20 34,25 38 39 49 20 34 26 40 28 10,25 38 39 49 20 34 26 40 28 10 6 48,0,0,0,0.11368544914641147,0.40351370864022995,6.0,2007-01-02,2023-06-02,1786,"{""C_proxy"": 0.2, ""features"": [""long_z"", ""recent20_z"", ""recent50_z"", ""recent100_z"", ""ewma_z"", ""gap_z"", ""transition_z"", ""in_last_draw""], ""include_number"": true, ""retrain_interval"": 1, ""seed"": 20260728, ""shrink_strength"": 0.1}",audited-1.0.0-online-SGD-r1,FullFeatureLogistic
1787,112000058,2023-06-09,30 32 36 38 46 49,25 38 39 49 20 34,25 38 39 49 20 34 26 40 10 28,25 38 39 49 20 34 26 40 10 28 6 42,2,2,2,0.10905354941070027,0.3854111903311979,5.999999999999999,2007-01-02,2023-06-06,1787,"{""C_proxy"": 0.2, ""features"": [""long_z"", ""recent20_z"", ""recent50_z"", ""recent100_z"", ""ewma_z"", ""gap_z"", ""transition_z"", ""in_last_draw""], ""include_number"": true, ""retrain_interval"": 1, ""seed"": 20260728, ""shrink_strength"": 0.1}",audited-1.0.0-online-SGD-r1,FullFeatureLogistic
1788,112000059,2023-06-13,1 6 8 9 10 21,25 39 38 20 34 26,25 39 38 20 34 26 40 49 10 28,25 39 38 20 34 26 40 49 10 28 6 42,0,1,2,0.10713013716761674,0.3677351003442536,5.999999999999999,2007-01-02,2023-06-09,1788,"{""C_proxy"": 0.2, ""features"": [""long_z"", ""recent20_z"", ""recent50_z"", ""recent100_z"", ""ewma_z"", ""gap_z"", ""transition_z"", ""in_last_draw""], ""include_number"": true, ""retrain_interval"": 1, ""seed"": 20260728, ""shrink_strength"": 0.1}",audited-1.0.0-online-SGD-r1,FullFeatureLogistic
1789,112000060,2023-06-16,2 21 22 30 33 41,25 38 39 20 49 34,25 38 39 20 49 34 26 40 28 13,25 38 39 20 49 34 26 40 28 13 42 48,0,0,0,0.1132601717132357,0.40205832260974955,6.000000000000001,2007-01-02,2023-06-13,1789,"{""C_proxy"": 0.2, ""features"": [""long_z"", ""recent20_z"", ""recent50_z"", ""recent100_z"", ""ewma_z"", ""gap_z"", ""transition_z"", ""in_last_draw""], ""include_number"": true, ""retrain_interval"": 1, ""seed"": 20260728, ""shrink_strength"": 0.1}",audited-1.0.0-online-SGD-r1,FullFeatureLogistic
1790,112000061,2023-06-20,5 15 32 34 37 41,25 38 39 49 20 34,25 38 39 49 20 34 26 40 28 10,25 38 39 49 20 34 26 40 28 10 13 42,1,1,1,0.11061389270324716,0.3885046444140237,6.0,2007-01-02,2023-06-16,1790,"{""C_proxy"": 0.2, ""features"": [""long_z"", ""recent20_z"", ""recent50_z"", ""recent100_z"", ""ewma_z"", ""gap_z"", ""transition_z"", ""in_last_draw""], ""include_number"": true, ""retrain_interval"": 1, ""seed"": 20260728, ""shrink_strength"": 0.1}",audited-1.0.0-online-SGD-r1,FullFeatureLogistic
1791,112000062,2023-06-23,4 8 23 31 42 49,25 38 39 49 20 26,25 38 39 49 20 26 34 40 10 28,25 38 39 49 20 26 34 40 10 28 13 42,1,1,2,0.10720435181594123,0.3686145787642781,5.999999999999999,2007-01-02,2023-06-20,1791,"{""C_proxy"": 0.2, ""features"": [""long_z"", ""recent20_z"", ""recent50_z"", ""recent100_z"", ""ewma_z"", ""gap_z"", ""transition_z"", ""in_last_draw""], ""include_number"": true, ""retrain_interval"": 1, ""seed"": 20260728, ""shrink_strength"": 0.1}",audited-1.0.0-online-SGD-r1,FullFeatureLogistic
1792,112000063,2023-06-27,13 24 30 37 43 44,25 38 39 20 34 26,25 38 39 20 34 26 40 49 13 28,25 38 39 20 34 26 40 49 13 28 10 48,0,1,1,0.1134737423452068,0.404762665184437,6.000000000000001,2007-01-02,2023-06-23,1792,"{""C_proxy"": 0.2, ""features"": [""long_z"", ""recent20_z"", ""recent50_z"", ""recent100_z"", ""ewma_z"", ""gap_z"", ""transition_z"", ""in_last_draw""], ""include_number"": true, ""retrain_interval"": 1, ""seed"": 20260728, ""shrink_strength"": 0.1}",audited-1.0.0-online-SGD-r1,FullFeatureLogistic
1793,112000064,2023-06-30,6 22 26 29 32 43,38 25 39 20 34 49,38 25 39 20 34 49 26 40 10 28,38 25 39 20 34 49 26 40 10 28 48 42,0,1,1,0.10785561794007949,0.37118692021434635,5.999999999999999,2007-01-02,2023-06-27,1793,"{""C_proxy"": 0.2, ""features"": [""long_z"", ""recent20_z"", ""recent50_z"", ""recent100_z"", ""ewma_z"", ""gap_z"", ""transition_z"", ""in_last_draw""], ""include_number"": true, ""retrain_interval"": 1, ""seed"": 20260728, ""shrink_strength"": 0.1}",audited-1.0.0-online-SGD-r1,FullFeatureLogistic
1794,112000065,2023-07-04,6 12 15 16 24 41,38 25 39 20 34 49,38 25 39 20 34 49 40 10 28 26,38 25 39 20 34 49 40 10 28 26 13 48,0,0,0,0.10853461525087561,0.37446794052982924,6.0,2007-01-02,2023-06-30,1794,"{""C_proxy"": 0.2, ""features"": [""long_z"", ""recent20_z"", ""recent50_z"", ""recent100_z"", ""ewma_z"", ""gap_z"", ""transition_z"", ""in_last_draw""], ""include_number"": true, ""retrain_interval"": 1, ""seed"": 20260728, ""shrink_strength"": 0.1}",audited-1.0.0-online-SGD-r1,FullFeatureLogistic
1795,112000066,2023-07-07,3 6 15 21 24 33,38 25 39 20 34 49,38 25 39 20 34 49 26 40 10 13,38 25 39 20 34 49 26 40 10 13 28 48,0,0,0,0.11039947469932974,0.38148545334225364,6.0,2007-01-02,2023-07-04,1795,"{""C_proxy"": 0.2, ""features"": [""long_z"", ""recent20_z"", ""recent50_z"", ""recent100_z"", ""ewma_z"", ""gap_z"", ""transition_z"", ""in_last_draw""], ""include_number"": true, ""retrain_interval"": 1, ""seed"": 20260728, ""shrink_strength"": 0.1}",audited-1.0.0-online-SGD-r1,FullFeatureLogistic
1796,112000067,2023-07-11,10 21 26 34 48 49,38 25 39 20 34 49,38 25 39 20 34 49 26 40 10 13,38 25 39 20 34 49 26 40 10 13 28 48,2,4,5,0.10126770784039311,0.3437165416458777,6.0,2007-01-02,2023-07-07,1796,"{""C_proxy"": 0.2, ""features"": [""long_z"", ""recent20_z"", ""recent50_z"", ""recent100_z"", ""ewma_z"", ""gap_z"", ""transition_z"", ""in_last_draw""], ""include_number"": true, ""retrain_interval"": 1, ""seed"": 20260728, ""shrink_strength"": 0.1}",audited-1.0.0-online-SGD-r1,FullFeatureLogistic
1797,112000068,2023-07-14,10 15 17 33 34 45,38 25 39 20 34 40,38 25 39 20 34 40 13 28 49 42,38 25 39 20 34 40 13 28 49 42 10 26,1,1,2,0.10850798146143935,0.3766551515697777,6.0,2007-01-02,2023-07-11,1797,"{""C_proxy"": 0.2, ""features"": [""long_z"", ""recent20_z"", ""recent50_z"", ""recent100_z"", ""ewma_z"", ""gap_z"", ""transition_z"", ""in_last_draw""], ""include_number"": true, ""retrain_interval"": 1, ""seed"": 20260728, ""shrink_strength"": 0.1}",audited-1.0.0-online-SGD-r1,FullFeatureLogistic
1798,112000069,2023-07-18,4 5 16 19 34 40,38 25 20 39 49 40,38 25 20 39 49 40 34 26 13 48,38 25 20 39 49 40 34 26 13 48 28 42,1,2,2,0.10625006137370122,0.3644975220836294,6.0,2007-01-02,2023-07-14,1798,"{""C_proxy"": 0.2, ""features"": [""long_z"", ""recent20_z"", ""recent50_z"", ""recent100_z"", ""ewma_z"", ""gap_z"", ""transition_z"", ""in_last_draw""], ""include_number"": true, ""retrain_interval"": 1, ""seed"": 20260728, ""shrink_strength"": 0.1}",audited-1.0.0-online-SGD-r1,FullFeatureLogistic
1799,112000070,2023-07-21,3 15 35 39 41 49,38 25 20 39 49 26,38 25 20 39 49 26 40 13 34 10,38 25 20 39 49 26 40 13 34 10 28 48,2,2,2,0.10835975948512064,0.37783274947756446,6.000000000000001,2007-01-02,2023-07-18,1799,"{""C_proxy"": 0.2, ""features"": [""long_z"", ""recent20_z"", ""recent50_z"", ""recent100_z"", ""ewma_z"", ""gap_z"", ""transition_z"", ""in_last_draw""], ""include_number"": true, ""retrain_interval"": 1, ""seed"": 20260728, ""shrink_strength"": 0.1}",audited-1.0.0-online-SGD-r1,FullFeatureLogistic
1800,112000071,2023-07-25,12 17 28 33 40 45,38 25 20 39 40 26,38 25 20 39 40 26 34 13 10 28,38 25 20 39 40 26 34 13 10 28 48 42,1,2,2,0.10810058097928396,0.3746338142126302,6.0,2007-01-02,2023-07-21,1800,"{""C_proxy"": 0.2, ""features"": [""long_z"", ""recent20_z"", ""recent50_z"", ""recent100_z"", ""ewma_z"", ""gap_z"", ""transition_z"", ""in_last_draw""], ""include_number"": true, ""retrain_interval"": 1, ""seed"": 20260728, ""shrink_strength"": 0.1}",audited-1.0.0-online-SGD-r1,FullFeatureLogistic
1801,112000072,2023-07-28,1 3 22 25 34 44,38 25 39 20 34 26,38 25 39 20 34 26 49 13 10 40,38 25 39 20 34 26 49 13 10 40 48 42,2,2,2,0.10475955252868362,0.3590538459064941,6.0,2007-01-02,2023-07-25,1801,"{""C_proxy"": 0.2, ""features"": [""long_z"", ""recent20_z"", ""recent50_z"", ""recent100_z"", ""ewma_z"", ""gap_z"", ""transition_z"", ""in_last_draw""], ""include_number"": true, ""retrain_interval"": 1, ""seed"": 20260728, ""shrink_strength"": 0.1}",audited-1.0.0-online-SGD-r1,FullFeatureLogistic
1802,112000073,2023-08-01,11 26 37 38 40 41,38 39 25 20 49 26,38 39 25 20 49 26 40 13 10 28,38 39 25 20 49 26 40 13 10 28 34 9,2,3,3,0.10705042082240654,0.37501107316976784,5.999999999999998,2007-01-02,2023-07-28,1802,"{""C_proxy"": 0.2, ""features"": [""long_z"", ""recent20_z"", ""recent50_z"", ""recent100_z"", ""ewma_z"", ""gap_z"", ""transition_z"", ""in_last_draw""], ""include_number"": true, ""retrain_interval"": 1, ""seed"": 20260728, ""shrink_strength"": 0.1}",audited-1.0.0-online-SGD-r1,FullFeatureLogistic
1803,112000074,2023-08-04,6 10 21 34 38 41,25 38 39 20 49 13,25 38 39 20 49 13 34 10 28 42,25 38 39 20 49 13 34 10 28 42 9 48,1,3,3,0.10527703711982869,0.36375786294824125,6.000000000000001,2007-01-02,2023-08-01,1803,"{""C_proxy"": 0.2, ""features"": [""long_z"", ""recent20_z"", ""recent50_z"", ""recent100_z"", ""ewma_z"", ""gap_z"", ""transition_z"", ""in_last_draw""], ""include_number"": true, ""retrain_interval"": 1, ""seed"": 20260728, ""shrink_strength"": 0.1}",audited-1.0.0-online-SGD-r1,FullFeatureLogistic
1804,112000075,2023-08-08,11 26 28 30 41 45,25 38 39 20 49 26,25 38 39 20 49 26 13 40 9 48,25 38 39 20 49 26 13 40 9 48 42 28,1,1,2,0.11295498031799439,0.40307778870188543,6.000000000000001,2007-01-02,2023-08-04,1804,"{""C_proxy"": 0.2, ""features"": [""long_z"", ""recent20_z"", ""recent50_z"", ""recent100_z"", ""ewma_z"", ""gap_z"", ""transition_z"", ""in_last_draw""], ""include_number"": true, ""retrain_interval"": 1, ""seed"": 20260728, ""shrink_strength"": 0.1}",audited-1.0.0-online-SGD-r1,FullFeatureLogistic
1805,112000076,2023-08-11,8 27 34 38 39 47,25 38 39 20 49 40,25 38 39 20 49 40 13 34 10 9,25 38 39 20 49 40 13 34 10 9 48 42,2,3,3,0.1032990623234806,0.35383906237853624,6.000000000000001,2007-01-02,2023-08-08,1805,"{""C_proxy"": 0.2, ""features"": [""long_z"", ""recent20_z"", ""recent50_z"", ""recent100_z"", ""ewma_z"", ""gap_z"", ""transition_z"", ""in_last_draw""], ""include_number"": true, ""retrain_interval"": 1, ""seed"": 20260728, ""shrink_strength"": 0.1}",audited-1.0.0-online-SGD-r1,FullFeatureLogistic
1806,112000077,2023-08-15,10 22 26 30 34 43,25 38 20 39 49 40,25 38 20 39 49 40 13 26 10 48,25 38 20 39 49 40 13 26 10 48 42 9,0,2,2,0.10757963495467165,0.3749696252253661,6.000000000000001,2007-01-02,2023-08-11,1806,"{""C_proxy"": 0.2, ""features"": [""long_z"", ""recent20_z"", ""recent50_z"", ""recent100_z"", ""ewma_z"", ""gap_z"", ""transition_z"", ""in_last_draw""], ""include_number"": true, ""retrain_interval"": 1, ""seed"": 20260728, ""shrink_strength"": 0.1}",audited-1.0.0-online-SGD-r1,FullFeatureLogistic
1807,112000078,2023-08-18,13 19 21 24 41 45,25 38 39 20 49 40,25 38 39 20 49 40 13 48 9 6,25 38 39 20 49 40 13 48 9 6 42 28,0,1,1,0.11142859079691446,0.38962111461202464,6.0,2007-01-02,2023-08-15,1807,"{""C_proxy"": 0.2, ""features"": [""long_z"", ""recent20_z"", ""recent50_z"", ""recent100_z"", ""ewma_z"", ""gap_z"", ""transition_z"", ""in_last_draw""], ""include_number"": true, ""retrain_interval"": 1, ""seed"": 20260728, ""shrink_strength"": 0.1}",audited-1.0.0-online-SGD-r1,FullFeatureLogistic
1808,112000079,2023-08-22,2 19 26 34 43 46,38 25 20 39 49 40,38 25 20 39 49 40 9 26 6 34,38 25 20 39 49 40 9 26 6 34 48 10,0,2,2,0.10836442736735405,0.37454366298929315,5.999999999999999,2007-01-02,2023-08-18,1808,"{""C_proxy"": 0.2, ""features"": [""long_z"", ""recent20_z"", ""recent50_z"", ""recent100_z"", ""ewma_z"", ""gap_z"", ""transition_z"", ""in_last_draw""], ""include_number"": true, ""retrain_interval"": 1, ""seed"": 20260728, ""shrink_strength"": 0.1}",audited-1.0.0-online-SGD-r1,FullFeatureLogistic
1809,112000080,2023-08-25,2 10 20 31 33 46,38 25 20 39 49 40,38 25 20 39 49 40 13 6 9 48,38 25 20 39 49 40 13 6 9 48 10 42,1,1,2,0.10675214875393557,0.3672812994131284,6.000000000000001,2007-01-02,2023-08-22,1809,"{""C_proxy"": 0.2, ""features"": [""long_z"", ""recent20_z"", ""recent50_z"", ""recent100_z"", ""ewma_z"", ""gap_z"", ""transition_z"", ""in_last_draw""], ""include_number"": true, ""retrain_interval"": 1, ""seed"": 20260728, ""shrink_strength"": 0.1}",audited-1.0.0-online-SGD-r1,FullFeatureLogistic
1810,112000081,2023-08-29,6 7 10 22 41 42,38 25 39 49 20 40,38 25 39 49 20 40 13 6 9 48,38 25 39 49 20 40 13 6 9 48 28 34,0,1,1,0.10762784435407846,0.3711358927859728,6.0,2007-01-02,2023-08-25,1810,"{""C_proxy"": 0.2, ""features"": [""long_z"", ""recent20_z"", ""recent50_z"", ""recent100_z"", ""ewma_z"", ""gap_z"", ""transition_z"", ""in_last_draw""], ""include_number"": true, ""retrain_interval"": 1, ""seed"": 20260728, ""shrink_strength"": 0.1}",audited-1.0.0-online-SGD-r1,FullFeatureLogistic
1811,112000082,2023-09-01,1 19 26 34 45 49,38 25 20 39 49 40,38 25 20 39 49 40 13 9 34 48,38 25 20 39 49 40 13 9 34 48 26 28,1,2,3,0.1065576573462245,0.36640911820724675,6.0,2007-01-02,2023-08-29,1811,"{""C_proxy"": 0.2, ""features"": [""long_z"", ""recent20_z"", ""recent50_z"", ""recent100_z"", ""ewma_z"", ""gap_z"", ""transition_z"", ""in_last_draw""], ""include_number"": true, ""retrain_interval"": 1, ""seed"": 20260728, ""shrink_strength"": 0.1}",audited-1.0.0-online-SGD-r1,FullFeatureLogistic
1812,112000083,2023-09-05,12 14 32 34 40 48,38 25 20 39 40 13,38 25 20 39 40 13 9 6 49 48,38 25 20 39 40 13 9 6 49 48 28 42,1,2,2,0.10748538890879314,0.3719870998821502,6.0,2007-01-02,2023-09-01,1812,"{""C_proxy"": 0.2, ""features"": [""long_z"", ""recent20_z"", ""recent50_z"", ""recent100_z"", ""ewma_z"", ""gap_z"", ""transition_z"", ""in_last_draw""], ""include_number"": true, ""retrain_interval"": 1, ""seed"": 20260728, ""shrink_strength"": 0.1}",audited-1.0.0-online-SGD-r1,FullFeatureLogistic
1813,112000084,2023-09-08,14 20 23 33 34 40,38 25 20 39 49 13,38 25 20 39 49 13 6 9 40 28,38 25 20 39 49 13 6 9 40 28 26 42,1,2,2,0.10756044204174843,0.3728113738674573,5.999999999999999,2007-01-02,2023-09-05,1813,"{""C_proxy"": 0.2, ""features"": [""long_z"", ""recent20_z"", ""recent50_z"", ""recent100_z"", ""ewma_z"", ""gap_z"", ""transition_z"", ""in_last_draw""], ""include_number"": true, ""retrain_interval"": 1, ""seed"": 20260728, ""shrink_strength"": 0.1}",audited-1.0.0-online-SGD-r1,FullFeatureLogistic
1814,112000085,2023-09-12,21 22 26 33 34 35,38 25 39 49 20 13,38 25 39 49 20 13 9 6 48 26,38 25 39 49 20 13 9 6 48 26 28 42,0,1,1,0.1099745669598624,0.3820877905741448,6.000000000000001,2007-01-02,2023-09-08,1814,"{""C_proxy"": 0.2, ""features"": [""long_z"", ""recent20_z"", ""recent50_z"", ""recent100_z"", ""ewma_z"", ""gap_z"", ""transition_z"", ""in_last_draw""], ""include_number"": true, ""retrain_interval"": 1, ""seed"": 20260728, ""shrink_strength"": 0.1}",audited-1.0.0-online-SGD-r1,FullFeatureLogistic
1815,112000086,2023-09-15,12 16 19 30 37 39,38 25 20 39 49 13,38 25 20 39 49 13 6 9 40 48,38 25 20 39 49 13 6 9 40 48 28 42,1,1,1,0.11149752055650813,0.396409170855617,6.000000000000002,2007-01-02,2023-09-12,1815,"{""C_proxy"": 0.2, ""features"": [""long_z"", ""recent20_z"", ""recent50_z"", ""recent100_z"", ""ewma_z"", ""gap_z"", ""transition_z"", ""in_last_draw""], ""include_number"": true, ""retrain_interval"": 1, ""seed"": 20260728, ""shrink_strength"": 0.1}",audited-1.0.0-online-SGD-r1,FullFeatureLogistic
1816,112000087,2023-09-19,3 16 24 35 37 41,38 25 20 49 39 13,38 25 20 49 39 13 9 6 40 48,38 25 20 49 39 13 9 6 40 48 28 42,0,0,0,0.11407370025100884,0.40377199900836613,6.0,2007-01-02,2023-09-15,1816,"{""C_proxy"": 0.2, ""features"": [""long_z"", ""recent20_z"", ""recent50_z"", ""recent100_z"", ""ewma_z"", ""gap_z"", ""transition_z"", ""in_last_draw""], ""include_number"": true, ""retrain_interval"": 1, ""seed"": 20260728, ""shrink_strength"": 0.1}",audited-1.0.0-online-SGD-r1,FullFeatureLogistic
1817,112000088,2023-09-22,2 13 32 36 38 43,38 25 20 39 49 13,38 25 20 39 49 13 9 6 40 28,38 25 20 39 49 13 9 6 40 28 48 42,2,2,2,0.10497055573462871,0.36107928915404525,6.000000000000002,2007-01-02,2023-09-19,1817,"{""C_proxy"": 0.2, ""features"": [""long_z"", ""recent20_z"", ""recent50_z"", ""recent100_z"", ""ewma_z"", ""gap_z"", ""transition_z"", ""in_last_draw""], ""include_number"": true, ""retrain_interval"": 1, ""seed"": 20260728, ""shrink_strength"": 0.1}",audited-1.0.0-online-SGD-r1,FullFeatureLogistic
1818,112000089,2023-09-26,9 14 26 37 38 39,38 25 20 39 49 9,38 25 20 39 49 9 6 40 28 48,38 25 20 39 49 9 6 40 28 48 42 5,3,3,3,0.10513877352676441,0.36584409335530943,6.0,2007-01-02,2023-09-22,1818,"{""C_proxy"": 0.2, ""features"": [""long_z"", ""recent20_z"", ""recent50_z"", ""recent100_z"", ""ewma_z"", ""gap_z"", ""transition_z"", ""in_last_draw""], ""include_number"": true, ""retrain_interval"": 1, ""seed"": 20260728, ""shrink_strength"": 0.1}",audited-1.0.0-online-SGD-r1,FullFeatureLogistic
1819,112000090,2023-09-29,6 9 18 35 38 48,25 38 20 49 39 6,25 38 20 49 39 6 40 13 9 28,25 38 20 49 39 6 40 13 9 28 42 48,2,3,4,0.1044391248196654,0.3594770978650961,6.0,2007-01-02,2023-09-26,1819,"{""C_proxy"": 0.2, ""features"": [""long_z"", ""recent20_z"", ""recent50_z"", ""recent100_z"", ""ewma_z"", ""gap_z"", ""transition_z"", ""in_last_draw""], ""include_number"": true, ""retrain_interval"": 1, ""seed"": 20260728, ""shrink_strength"": 0.1}",audited-1.0.0-online-SGD-r1,FullFeatureLogistic
1820,112000091,2023-10-03,3 22 29 31 40 44,25 38 20 49 39 40,25 38 20 49 39 40 13 28 42 9,25 38 20 49 39 40 13 28 42 9 6 5,1,1,1,0.10844370377450765,0.37404624052197954,6.0,2007-01-02,2023-09-29,1820,"{""C_proxy"": 0.2, ""features"": [""long_z"", ""recent20_z"", ""recent50_z"", ""recent100_z"", ""ewma_z"", ""gap_z"", ""transition_z"", ""in_last_draw""], ""include_number"": true, ""retrain_interval"": 1, ""seed"": 20260728, ""shrink_strength"": 0.1}",audited-1.0.0-online-SGD-r1,FullFeatureLogistic
1821,112000092,2023-10-06,6 16 21 27 30 49,38 25 20 49 39 13,38 25 20 49 39 13 9 6 28 42,38 25 20 49 39 13 9 6 28 42 5 48,1,2,2,0.10909837334448556,0.3825770223216532,6.0,2007-01-02,2023-10-03,1821,"{""C_proxy"": 0.2, ""features"": [""long_z"", ""recent20_z"", ""recent50_z"", ""recent100_z"", ""ewma_z"", ""gap_z"", ""transition_z"", ""in_last_draw""], ""include_number"": true, ""retrain_interval"": 1, ""seed"": 20260728, ""shrink_strength"": 0.1}",audited-1.0.0-online-SGD-r1,FullFeatureLogistic
1822,112000093,2023-10-10,3 8 17 33 34 48,38 25 20 39 13 9,38 25 20 39 13 9 40 42 49 28,38 25 20 39 13 9 40 42 49 28 5 48,0,0,1,0.11038815331356477,0.3848640432654904,6.000000000000001,2007-01-02,2023-10-06,1822,"{""C_proxy"": 0.2, ""features"": [""long_z"", ""recent20_z"", ""recent50_z"", ""recent100_z"", ""ewma_z"", ""gap_z"", ""transition_z"", ""in_last_draw""], ""include_number"": true, ""retrain_interval"": 1, ""seed"": 20260728, ""shrink_strength"": 0.1}",audited-1.0.0-online-SGD-r1,FullFeatureLogistic
1823,112000094,2023-10-13,1 9 13 14 28 30,38 25 20 39 49 13,38 25 20 39 49 13 9 40 6 42,38 25 20 39 49 13 9 40 6 42 28 5,1,2,3,0.10901653707101401,0.38374760724614754,5.999999999999999,2007-01-02,2023-10-10,1823,"{""C_proxy"": 0.2, ""features"": [""long_z"", ""recent20_z"", ""recent50_z"", ""recent100_z"", ""ewma_z"", ""gap_z"", ""transition_z"", ""in_last_draw""], ""include_number"": true, ""retrain_interval"": 1, ""seed"": 20260728, ""shrink_strength"": 0.1}",audited-1.0.0-online-SGD-r1,FullFeatureLogistic
1824,112000095,2023-10-17,5 12 13 20 24 34,38 25 20 39 49 40,38 25 20 39 49 40 6 42 5 26,38 25 20 39 49 40 6 42 5 26 34 12,1,2,4,0.10276047529035282,0.3484820602071877,6.0,2007-01-02,2023-10-13,1824,"{""C_proxy"": 0.2, ""features"": [""long_z"", ""recent20_z"", ""recent50_z"", ""recent100_z"", ""ewma_z"", ""gap_z"", ""transition_z"", ""in_last_draw""], ""include_number"": true, ""retrain_interval"": 1, ""seed"": 20260728, ""shrink_strength"": 0.1}",audited-1.0.0-online-SGD-r1,FullFeatureLogistic
1825,112000096,2023-10-20,32 37 38 39 40 44,38 25 39 49 20 40,38 25 39 49 20 40 9 42 6 26,38 25 39 49 20 40 9 42 6 26 28 10,3,3,3,0.10586345572999944,0.36878883818005315,6.0,2007-01-02,2023-10-17,1825,"{""C_proxy"": 0.2, ""features"": [""long_z"", ""recent20_z"", ""recent50_z"", ""recent100_z"", ""ewma_z"", ""gap_z"", ""transition_z"", ""in_last_draw""], ""include_number"": true, ""retrain_interval"": 1, ""seed"": 20260728, ""shrink_strength"": 0.1}",audited-1.0.0-online-SGD-r1,FullFeatureLogistic
1826,112000097,2023-10-24,7 29 34 41 43 49,25 38 20 49 39 9,25 38 20 49 39 9 42 26 5 28,25 38 20 49 39 9 42 26 5 28 6 13,1,1,1,0.10730163649990351,0.3700809579076486,6.000000000000001,2007-01-02,2023-10-20,1826,"{""C_proxy"": 0.2, ""features"": [""long_z"", ""recent20_z"", ""recent50_z"", ""recent100_z"", ""ewma_z"", ""gap_z"", ""transition_z"", ""in_last_draw""], ""include_number"": true, ""retrain_interval"": 1, ""seed"": 20260728, ""shrink_strength"": 0.1}",audited-1.0.0-online-SGD-r1,FullFeatureLogistic
1827,112000098,2023-10-27,6 15 22 27 28 31,38 25 20 39 9 26,38 25 20 39 9 26 5 28 42 6,38 25 20 39 9 26 5 28 42 6 49 40,0,2,2,0.10610708387250774,0.36278003486202204,6.0,2007-01-02,2023-10-24,1827,"{""C_proxy"": 0.2, ""features"": [""long_z"", ""recent20_z"", ""recent50_z"", ""recent100_z"", ""ewma_z"", ""gap_z"", ""transition_z"", ""in_last_draw""], ""include_number"": true, ""retrain_interval"": 1, ""seed"": 20260728, ""shrink_strength"": 0.1}",audited-1.0.0-online-SGD-r1,FullFeatureLogistic
1828,112000099,2023-10-31,2 10 18 36 42 47,38 25 20 39 49 26,38 25 20 39 49 26 5 9 42 40,38 25 20 39 49 26 5 9 42 40 13 10,0,1,2,0.10618247544173125,0.3630026778221073,6.000000000000002,2007-01-02,2023-10-27,1828,"{""C_proxy"": 0.2, ""features"": [""long_z"", ""recent20_z"", ""recent50_z"", ""recent100_z"", ""ewma_z"", ""gap_z"", ""transition_z"", ""in_last_draw""], ""include_number"": true, ""retrain_interval"": 1, ""seed"": 20260728, ""shrink_strength"": 0.1}",audited-1.0.0-online-SGD-r1,FullFeatureLogistic
1829,112000100,2023-11-03,8 20 24 28 40 48,38 25 20 49 39 5,38 25 20 49 39 5 26 9 40 13,38 25 20 49 39 5 26 9 40 13 48 6,1,2,3,0.10395134832653141,0.35430564632641853,6.000000000000001,2007-01-02,2023-10-31,1829,"{""C_proxy"": 0.2, ""features"": [""long_z"", ""recent20_z"", ""recent50_z"", ""recent100_z"", ""ewma_z"", ""gap_z"", ""transition_z"", ""in_last_draw""], ""include_number"": true, ""retrain_interval"": 1, ""seed"": 20260728, ""shrink_strength"": 0.1}",audited-1.0.0-online-SGD-r1,FullFeatureLogistic
1830,112000101,2023-11-07,7 8 21 41 44 47,38 25 49 39 26 5,38 25 49 39 26 5 9 42 20 13,38 25 49 39 26 5 9 42 20 13 6 10,0,0,0,0.11241049202159482,0.39371797857001745,6.000000000000001,2007-01-02,2023-11-03,1830,"{""C_proxy"": 0.2, ""features"": [""long_z"", ""recent20_z"", ""recent50_z"", ""recent100_z"", ""ewma_z"", ""gap_z"", ""transition_z"", ""in_last_draw""], ""include_number"": true, ""retrain_interval"": 1, ""seed"": 20260728, ""shrink_strength"": 0.1}",audited-1.0.0-online-SGD-r1,FullFeatureLogistic
1831,112000102,2023-11-10,2 4 6 8 11 31,38 25 49 20 39 26,38 25 49 20 39 26 9 5 42 13,38 25 49 20 39 26 9 5 42 13 6 40,0,0,1,0.11018850839343913,0.38366215091520617,6.0,2007-01-02,2023-11-07,1831,"{""C_proxy"": 0.2, ""features"": [""long_z"", ""recent20_z"", ""recent50_z"", ""recent100_z"", ""ewma_z"", ""gap_z"", ""transition_z"", ""in_last_draw""], ""include_number"": true, ""retrain_interval"": 1, ""seed"": 20260728, ""shrink_strength"": 0.1}",audited-1.0.0-online-SGD-r1,FullFeatureLogistic
1832,112000103,2023-11-14,6 12 15 30 38 43,38 25 20 49 39 26,38 25 20 49 39 26 9 5 42 13,38 25 20 49 39 26 9 5 42 13 40 10,1,1,1,0.10559646039298115,0.36756103347312635,6.000000000000001,2007-01-02,2023-11-10,1832,"{""C_proxy"": 0.2, ""features"": [""long_z"", ""recent20_z"", ""recent50_z"", ""recent100_z"", ""ewma_z"", ""gap_z"", ""transition_z"", ""in_last_draw""], ""include_number"": true, ""retrain_interval"": 1, ""seed"": 20260728, ""shrink_strength"": 0.1}",audited-1.0.0-online-SGD-r1,FullFeatureLogistic
1833,112000104,2023-11-17,15 30 31 34 40 45,25 38 49 20 39 26,25 38 49 20 39 26 9 13 5 40,25 38 49 20 39 26 9 13 5 40 34 42,0,1,2,0.10969487847704529,0.38525353702432097,5.999999999999999,2007-01-02,2023-11-14,1833,"{""C_proxy"": 0.2, ""features"": [""long_z"", ""recent20_z"", ""recent50_z"", ""recent100_z"", ""ewma_z"", ""gap_z"", ""transition_z"", ""in_last_draw""], ""include_number"": true, ""retrain_interval"": 1, ""seed"": 20260728, ""shrink_strength"": 0.1}",audited-1.0.0-online-SGD-r1,FullFeatureLogistic
1834,112000105,2023-11-21,16 21 26 30 37 47,38 25 49 20 39 26,38 25 49 20 39 26 9 13 42 10,38 25 49 20 39 26 9 13 42 10 5 28,1,1,1,0.11229031898667746,0.39987409452542716,6.000000000000001,2007-01-02,2023-11-17,1834,"{""C_proxy"": 0.2, ""features"": [""long_z"", ""recent20_z"", ""recent50_z"", ""recent100_z"", ""ewma_z"", ""gap_z"", ""transition_z"", ""in_last_draw""], ""include_number"": true, ""retrain_interval"": 1, ""seed"": 20260728, ""shrink_strength"": 0.1}",audited-1.0.0-online-SGD-r1,FullFeatureLogistic
1835,112000106,2023-11-24,9 16 20 42 43 48,38 25 49 20 39 13,38 25 49 20 39 13 9 34 10 42,38 25 49 20 39 13 9 34 10 42 28 26,1,3,3,0.10318948767222699,0.3501559325326468,6.000000000000001,2007-01-02,2023-11-21,1835,"{""C_proxy"": 0.2, ""features"": [""long_z"", ""recent20_z"", ""recent50_z"", ""recent100_z"", ""ewma_z"", ""gap_z"", ""transition_z"", ""in_last_draw""], ""include_number"": true, ""retrain_interval"": 1, ""seed"": 20260728, ""shrink_strength"": 0.1}",audited-1.0.0-online-SGD-r1,FullFeatureLogistic
1836,112000107,2023-11-28,12 18 23 27 33 44,38 25 49 39 26 13,38 25 49 39 26 13 10 34 20 28,38 25 49 39 26 13 10 34 20 28 40 5,0,0,0,0.11010718467670615,0.38124236902305425,6.000000000000001,2007-01-02,2023-11-24,1836,"{""C_proxy"": 0.2, ""features"": [""long_z"", ""recent20_z"", ""recent50_z"", ""recent100_z"", ""ewma_z"", ""gap_z"", ""transition_z"", ""in_last_draw""], ""include_number"": true, ""retrain_interval"": 1, ""seed"": 20260728, ""shrink_strength"": 0.1}",audited-1.0.0-online-SGD-r1,FullFeatureLogistic
1837,112000108,2023-12-01,4 15 18 23 40 47,38 25 49 39 20 26,38 25 49 39 20 26 13 9 10 34,38 25 49 39 20 26 13 9 10 34 28 40,0,0,1,0.10815276409648186,0.37171553070568997,6.000000000000001,2007-01-02,2023-11-28,1837,"{""C_proxy"": 0.2, ""features"": [""long_z"", ""recent20_z"", ""recent50_z"", ""recent100_z"", ""ewma_z"", ""gap_z"", ""transition_z"", ""in_last_draw""], ""include_number"": true, ""retrain_interval"": 1, ""seed"": 20260728, ""shrink_strength"": 0.1}",audited-1.0.0-online-SGD-r1,FullFeatureLogistic
1838,112000109,2023-12-05,10 14 30 38 42 48,38 25 49 39 20 26,38 25 49 39 20 26 13 34 9 10,38 25 49 39 20 26 13 34 9 10 28 6,1,2,2,0.1068548316779477,0.3769653224492004,6.0,2007-01-02,2023-12-01,1838,"{""C_proxy"": 0.2, ""features"": [""long_z"", ""recent20_z"", ""recent50_z"", ""recent100_z"", ""ewma_z"", ""gap_z"", ""transition_z"", ""in_last_draw""], ""include_number"": true, ""retrain_interval"": 1, ""seed"": 20260728, ""shrink_strength"": 0.1}",audited-1.0.0-online-SGD-r1,FullFeatureLogistic
1839,112000110,2023-12-08,5 8 22 27 28 29,38 25 49 39 20 26,38 25 49 39 20 26 13 34 9 28,38 25 49 39 20 26 13 34 9 28 6 40,0,1,1,0.10872671904018691,0.3755899458679451,6.000000000000002,2007-01-02,2023-12-05,1839,"{""C_proxy"": 0.2, ""features"": [""long_z"", ""recent20_z"", ""recent50_z"", ""recent100_z"", ""ewma_z"", ""gap_z"", ""transition_z"", ""in_last_draw""], ""include_number"": true, ""retrain_interval"": 1, ""seed"": 20260728, ""shrink_strength"": 0.1}",audited-1.0.0-online-SGD-r1,FullFeatureLogistic
1840,112000111,2023-12-12,6 20 30 33 38 46,38 25 49 39 20 26,38 25 49 39 20 26 34 13 9 40,38 25 49 39 20 26 34 13 9 40 6 10,2,2,3,0.10616316287911072,0.3731816141270953,6.000000000000001,2007-01-02,2023-12-08,1840,"{""C_proxy"": 0.2, ""features"": [""long_z"", ""recent20_z"", ""recent50_z"", ""recent100_z"", ""ewma_z"", ""gap_z"", ""transition_z"", ""in_last_draw""], ""include_number"": true, ""retrain_interval"": 1, ""seed"": 20260728, ""shrink_strength"": 0.1}",audited-1.0.0-online-SGD-r1,FullFeatureLogistic
1841,112000112,2023-12-15,1 9 22 28 33 39,25 38 49 39 26 34,25 38 49 39 26 34 13 9 40 28,25 38 49 39 26 34 13 9 40 28 10 20,1,3,3,0.1037231238413806,0.3530970081649179,6.0,2007-01-02,2023-12-12,1841,"{""C_proxy"": 0.2, ""features"": [""long_z"", ""recent20_z"", ""recent50_z"", ""recent100_z"", ""ewma_z"", ""gap_z"", ""transition_z"", ""in_last_draw""], ""include_number"": true, ""retrain_interval"": 1, ""seed"": 20260728, ""shrink_strength"": 0.1}",audited-1.0.0-online-SGD-r1,FullFeatureLogistic
1842,112000113,2023-12-19,14 18 20 26 38 48,38 25 49 26 20 39,38 25 49 26 20 39 34 13 40 6,38 25 49 26 20 39 34 13 40 6 10 48,3,3,4,0.10293323403293514,0.35363231414607915,6.0,2007-01-02,2023-12-15,1842,"{""C_proxy"": 0.2, ""features"": [""long_z"", ""recent20_z"", ""recent50_z"", ""recent100_z"", ""ewma_z"", ""gap_z"", ""transition_z"", ""in_last_draw""], ""include_number"": true, ""retrain_interval"": 1, ""seed"": 20260728, ""shrink_strength"": 0.1}",audited-1.0.0-online-SGD-r1,FullFeatureLogistic
1843,112000114,2023-12-22,8 9 20 34 35 49,25 38 49 39 34 13,25 38 49 39 34 13 40 9 26 6,25 38 49 39 34 13 40 9 26 6 10 20,2,3,4,0.10551185990130527,0.3646357814822401,6.0,2007-01-02,2023-12-19,1843,"{""C_proxy"": 0.2, ""features"": [""long_z"", ""recent20_z"", ""recent50_z"", ""recent100_z"", ""ewma_z"", ""gap_z"", ""transition_z"", ""in_last_draw""], ""include_number"": true, ""retrain_interval"": 1, ""seed"": 20260728, ""shrink_strength"": 0.1}",audited-1.0.0-online-SGD-r1,FullFeatureLogistic
1844,112000115,2023-12-26,8 19 28 29 30 46,38 25 39 26 49 40,38 25 39 26 49 40 13 34 6 10,38 25 39 26 49 40 13 34 6 10 28 5,0,0,1,0.11492416176712718,0.41233494020431627,5.999999999999999,2007-01-02,2023-12-22,1844,"{""C_proxy"": 0.2, ""features"": [""long_z"", ""recent20_z"", ""recent50_z"", ""recent100_z"", ""ewma_z"", ""gap_z"", ""transition_z"", ""in_last_draw""], ""include_number"": true, ""retrain_interval"": 1, ""seed"": 20260728, ""shrink_strength"": 0.1}",audited-1.0.0-online-SGD-r1,FullFeatureLogistic
1845,112000116,2023-12-29,1 11 23 31 39 46,38 25 49 39 26 34,38 25 49 39 26 34 40 20 13 6,38 25 49 39 26 34 40 20 13 6 10 9,1,1,1,0.10976662555428134,0.38208041579499397,6.0,2007-01-02,2023-12-26,1845,"{""C_proxy"": 0.2, ""features"": [""long_z"", ""recent20_z"", ""recent50_z"", ""recent100_z"", ""ewma_z"", ""gap_z"", ""transition_z"", ""in_last_draw""], ""include_number"": true, ""retrain_interval"": 1, ""seed"": 20260728, ""shrink_strength"": 0.1}",audited-1.0.0-online-SGD-r1,FullFeatureLogistic
1846,113000001,2024-01-02,4 14 18 21 36 38,38 25 49 26 34 40,38 25 49 26 34 40 20 39 13 10,38 25 49 26 34 40 20 39 13 10 6 9,1,1,1,0.1085913974098453,0.37814102881860473,5.999999999999999,2007-01-02,2023-12-29,1846,"{""C_proxy"": 0.2, ""features"": [""long_z"", ""recent20_z"", ""recent50_z"", ""recent100_z"", ""ewma_z"", ""gap_z"", ""transition_z"", ""in_last_draw""], ""include_number"": true, ""retrain_interval"": 1, ""seed"": 20260728, ""shrink_strength"": 0.1}",audited-1.0.0-online-SGD-r1,FullFeatureLogistic
1847,113000002,2024-01-05,2 20 23 30 35 47,25 38 49 34 26 39,25 38 49 34 26 39 20 40 13 6,25 38 49 34 26 39 20 40 13 6 10 9,0,1,1,0.11193240269570866,0.398091508659793,6.000000000000001,2007-01-02,2024-01-02,1847,"{""C_proxy"": 0.2, ""features"": [""long_z"", ""recent20_z"", ""recent50_z"", ""recent100_z"", ""ewma_z"", ""gap_z"", ""transition_z"", ""in_last_draw""], ""include_number"": true, ""retrain_interval"": 1, ""seed"": 20260728, ""shrink_strength"": 0.1}",audited-1.0.0-online-SGD-r1,FullFeatureLogistic
1848,113000003,2024-01-09,12 29 31 37 44 49,38 25 49 34 26 39,38 25 49 34 26 39 40 13 6 9,38 25 49 34 26 39 40 13 6 9 10 28,1,1,1,0.10896370112272565,0.3784993508482688,6.0,2007-01-02,2024-01-05,1848,"{""C_proxy"": 0.2, ""features"": [""long_z"", ""recent20_z"", ""recent50_z"", ""recent100_z"", ""ewma_z"", ""gap_z"", ""transition_z"", ""in_last_draw""], ""include_number"": true, ""retrain_interval"": 1, ""seed"": 20260728, ""shrink_strength"": 0.1}",audited-1.0.0-online-SGD-r1,FullFeatureLogistic
1849,113000004,2024-01-12,4 25 29 38 42 46,38 25 26 34 39 40,38 25 26 34 39 40 20 49 13 6,38 25 26 34 39 40 20 49 13 6 9 10,2,2,2,0.10373089869818822,0.3570439951387707,5.999999999999999,2007-01-02,2024-01-09,1849,"{""C_proxy"": 0.2, ""features"": [""long_z"", ""recent20_z"", ""recent50_z"", ""recent100_z"", ""ewma_z"", ""gap_z"", ""transition_z"", ""in_last_draw""], ""include_number"": true, ""retrain_interval"": 1, ""seed"": 20260728, ""shrink_strength"": 0.1}",audited-1.0.0-online-SGD-r1,FullFeatureLogistic
1850,113000005,2024-01-16,1 3 20 21 36 40,38 25 49 34 26 39,38 25 49 34 26 39 20 40 6 13,38 25 49 34 26 39 20 40 6 13 9 10,0,2,2,0.10706876094095986,0.36799763732883145,5.999999999999999,2007-01-02,2024-01-12,1850,"{""C_proxy"": 0.2, ""features"": [""long_z"", ""recent20_z"", ""recent50_z"", ""recent100_z"", ""ewma_z"", ""gap_z"", ""transition_z"", ""in_last_draw""], ""include_number"": true, ""retrain_interval"": 1, ""seed"": 20260728, ""shrink_strength"": 0.1}",audited-1.0.0-online-SGD-r1,FullFeatureLogistic
1851,113000006,2024-01-19,1 3 7 19 31 46,25 38 34 26 49 39,25 38 34 26 49 39 6 9 13 10,25 38 34 26 49 39 6 9 13 10 48 28,0,0,0,0.11191988304040511,0.390049675977401,6.000000000000001,2007-01-02,2024-01-16,1851,"{""C_proxy"": 0.2, ""features"": [""long_z"", ""recent20_z"", ""recent50_z"", ""recent100_z"", ""ewma_z"", ""gap_z"", ""transition_z"", ""in_last_draw""], ""include_number"": true, ""retrain_interval"": 1, ""seed"": 20260728, ""shrink_strength"": 0.1}",audited-1.0.0-online-SGD-r1,FullFeatureLogistic
1852,113000007,2024-01-23,2 14 17 26 27 47,38 25 34 26 49 39,38 25 34 26 49 39 6 40 9 20,38 25 34 26 49 39 6 40 9 20 13 10,1,1,1,0.11042175116555554,0.38684641209246745,6.0,2007-01-02,2024-01-19,1852,"{""C_proxy"": 0.2, ""features"": [""long_z"", ""recent20_z"", ""recent50_z"", ""recent100_z"", ""ewma_z"", ""gap_z"", ""transition_z"", ""in_last_draw""], ""include_number"": true, ""retrain_interval"": 1, ""seed"": 20260728, ""shrink_strength"": 0.1}",audited-1.0.0-online-SGD-r1,FullFeatureLogistic
1853,113000008,2024-01-26,2 11 20 34 46 47,38 25 34 49 39 6,38 25 34 49 39 6 9 20 40 13,38 25 34 49 39 6 9 20 40 13 26 10,1,2,2,0.10866072154858618,0.3771789285788548,6.000000000000001,2007-01-02,2024-01-23,1853,"{""C_proxy"": 0.2, ""features"": [""long_z"", ""recent20_z"", ""recent50_z"", ""recent100_z"", ""ewma_z"", ""gap_z"", ""transition_z"", ""in_last_draw""], ""include_number"": true, ""retrain_interval"": 1, ""seed"": 20260728, ""shrink_strength"": 0.1}",audited-1.0.0-online-SGD-r1,FullFeatureLogistic
1854,113000009,2024-01-30,7 19 30 38 40 45,38 25 49 39 26 34,38 25 49 39 26 34 9 40 6 13,38 25 49 39 26 34 9 40 6 13 48 10,1,2,2,0.1082928754547753,0.38167506811992213,6.0,2007-01-02,2024-01-26,1854,"{""C_proxy"": 0.2, ""features"": [""long_z"", ""recent20_z"", ""recent50_z"", ""recent100_z"", ""ewma_z"", ""gap_z"", ""transition_z"", ""in_last_draw""], ""include_number"": true, ""retrain_interval"": 1, ""seed"": 20260728, ""shrink_strength"": 0.1}",audited-1.0.0-online-SGD-r1,FullFeatureLogistic
1855,113000010,2024-02-02,5 9 25 35 38 39,25 38 39 49 34 26,25 38 39 49 34 26 9 6 20 13,25 38 39 49 34 26 9 6 20 13 48 10,3,4,4,0.10032589669023657,0.34297191011547223,6.000000000000001,2007-01-02,2024-01-30,1855,"{""C_proxy"": 0.2, ""features"": [""long_z"", ""recent20_z"", ""recent50_z"", ""recent100_z"", ""ewma_z"", ""gap_z"", ""transition_z"", ""in_last_draw""], ""include_number"": true, ""retrain_interval"": 1, ""seed"": 20260728, ""shrink_strength"": 0.1}",audited-1.0.0-online-SGD-r1,FullFeatureLogistic
1856,113000011,2024-02-06,14 19 23 26 34 40,38 25 49 34 26 6,38 25 49 34 26 6 39 20 13 40,38 25 49 34 26 6 39 20 13 40 48 10,2,3,3,0.10810513979352022,0.37746272208306025,6.0,2007-01-02,2024-02-02,1856,"{""C_proxy"": 0.2, ""features"": [""long_z"", ""recent20_z"", ""recent50_z"", ""recent100_z"", ""ewma_z"", ""gap_z"", ""transition_z"", ""in_last_draw""], ""include_number"": true, ""retrain_interval"": 1, ""seed"": 20260728, ""shrink_strength"": 0.1}",audited-1.0.0-online-SGD-r1,FullFeatureLogistic
1857,113000012,2024-02-07,20 22 31 34 35 37,38 25 49 39 20 6,38 25 49 39 20 6 13 9 48 34,38 25 49 39 20 6 13 9 48 34 10 28,1,2,2,0.1089571944676375,0.3792763028423374,5.999999999999999,2007-01-02,2024-02-06,1857,"{""C_proxy"": 0.2, ""features"": [""long_z"", ""recent20_z"", ""recent50_z"", ""recent100_z"", ""ewma_z"", ""gap_z"", ""transition_z"", ""in_last_draw""], ""include_number"": true, ""retrain_interval"": 1, ""seed"": 20260728, ""shrink_strength"": 0.1}",audited-1.0.0-online-SGD-r1,FullFeatureLogistic
1858,113000013,2024-02-08,5 8 25 31 39 47,38 25 49 39 6 9,38 25 49 39 6 9 26 13 48 10,38 25 49 39 6 9 26 13 48 10 28 40,2,2,2,0.10504906860180913,0.3611955660143902,6.000000000000001,2007-01-02,2024-02-07,1858,"{""C_proxy"": 0.2, ""features"": [""long_z"", ""recent20_z"", ""recent50_z"", ""recent100_z"", ""ewma_z"", ""gap_z"", ""transition_z"", ""in_last_draw""], ""include_number"": true, ""retrain_interval"": 1, ""seed"": 20260728, ""shrink_strength"": 0.1}",audited-1.0.0-online-SGD-r1,FullFeatureLogistic
1859,113000014,2024-02-09,3 7 16 20 25 30,38 49 25 20 6 9,38 49 25 20 6 9 34 13 39 26,38 49 25 20 6 9 34 13 39 26 48 28,2,2,2,0.10763432527519308,0.376217764141937,6.0,2007-01-02,2024-02-08,1859,"{""C_proxy"": 0.2, ""features"": [""long_z"", ""recent20_z"", ""recent50_z"", ""recent100_z"", ""ewma_z"", ""gap_z"", ""transition_z"", ""in_last_draw""], ""include_number"": true, ""retrain_interval"": 1, ""seed"": 20260728, ""shrink_strength"": 0.1}",audited-1.0.0-online-SGD-r1,FullFeatureLogistic
1860,113000015,2024-02-10,5 6 11 13 28 34,38 49 39 25 6 9,38 49 39 25 6 9 34 26 48 13,38 49 39 25 6 9 34 26 48 13 28 40,1,3,4,0.10463293608549691,0.3590845858110488,5.999999999999999,2007-01-02,2024-02-09,1860,"{""C_proxy"": 0.2, ""features"": [""long_z"", ""recent20_z"", ""recent50_z"", ""recent100_z"", ""ewma_z"", ""gap_z"", ""transition_z"", ""in_last_draw""], ""include_number"": true, ""retrain_interval"": 1, ""seed"": 20260728, ""shrink_strength"": 0.1}",audited-1.0.0-online-SGD-r1,FullFeatureLogistic
1861,113000016,2024-02-11,11 13 23 29 44 45,38 49 25 39 9 26,38 49 25 39 9 26 20 48 40 12,38 49 25 39 9 26 20 48 40 12 6 10,0,0,0,0.1124157797691455,0.39515101045637785,6.0,2007-01-02,2024-02-10,1861,"{""C_proxy"": 0.2, ""features"": [""long_z"", ""recent20_z"", ""recent50_z"", ""recent100_z"", ""ewma_z"", ""gap_z"", ""transition_z"", ""in_last_draw""], ""include_number"": true, ""retrain_interval"": 1, ""seed"": 20260728, ""shrink_strength"": 0.1}",audited-1.0.0-online-SGD-r1,FullFeatureLogistic
1862,113000017,2024-02-12,16 22 37 46 47 49,38 49 25 39 9 6,38 49 25 39 9 6 20 48 26 40,38 49 25 39 9 6 20 48 26 40 28 12,1,1,1,0.10813388785559562,0.3744719295262296,6.000000000000001,2007-01-02,2024-02-11,1862,"{""C_proxy"": 0.2, ""features"": [""long_z"", ""recent20_z"", ""recent50_z"", ""recent100_z"", ""ewma_z"", ""gap_z"", ""transition_z"", ""in_last_draw""], ""include_number"": true, ""retrain_interval"": 1, ""seed"": 20260728, ""shrink_strength"": 0.1}",audited-1.0.0-online-SGD-r1,FullFeatureLogistic
1863,113000018,2024-02-13,2 3 6 39 44 47,38 25 39 9 6 49,38 25 39 9 6 49 20 26 48 40,38 25 39 9 6 49 20 26 48 40 28 34,2,2,2,0.10651309993928629,0.365635699831996,5.999999999999999,2007-01-02,2024-02-12,1863,"{""C_proxy"": 0.2, ""features"": [""long_z"", ""recent20_z"", ""recent50_z"", ""recent100_z"", ""ewma_z"", ""gap_z"", ""transition_z"", ""in_last_draw""], ""include_number"": true, ""retrain_interval"": 1, ""seed"": 20260728, ""shrink_strength"": 0.1}",audited-1.0.0-online-SGD-r1,FullFeatureLogistic
1864,113000019,2024-02-14,7 12 19 26 32 39,38 25 49 9 20 26,38 25 49 9 20 26 48 28 39 34,38 25 49 9 20 26 48 28 39 34 40 13,1,2,2,0.10776906673179902,0.37263092939740516,6.0,2007-01-02,2024-02-13,1864,"{""C_proxy"": 0.2, ""features"": [""long_z"", ""recent20_z"", ""recent50_z"", ""recent100_z"", ""ewma_z"", ""gap_z"", ""transition_z"", ""in_last_draw""], ""include_number"": true, ""retrain_interval"": 1, ""seed"": 20260728, ""shrink_strength"": 0.1}",audited-1.0.0-online-SGD-r1,FullFeatureLogistic
1865,113000020,2024-02-15,4 8 18 19 20 33,38 25 49 9 20 48,38 25 49 9 20 48 28 6 34 40,38 25 49 9 20 48 28 6 34 40 13 10,1,1,1,0.10991263185423562,0.3828658413013644,6.0,2007-01-02,2024-02-14,1865,"{""C_proxy"": 0.2, ""features"": [""long_z"", ""recent20_z"", ""recent50_z"", ""recent100_z"", ""ewma_z"", ""gap_z"", ""transition_z"", ""in_last_draw""], ""include_number"": true, ""retrain_interval"": 1, ""seed"": 20260728, ""shrink_strength"": 0.1}",audited-1.0.0-online-SGD-r1,FullFeatureLogistic
1866,113000021,2024-02-16,19 24 33 42 43 45,38 25 49 9 48 28,38 25 49 9 48 28 6 34 13 39,38 25 49 9 48 28 6 34 13 39 40 26,0,0,0,0.11014735070403388,0.3836730371459805,6.0,2007-01-02,2024-02-15,1866,"{""C_proxy"": 0.2, ""features"": [""long_z"", ""recent20_z"", ""recent50_z"", ""recent100_z"", ""ewma_z"", ""gap_z"", ""transition_z"", ""in_last_draw""], ""include_number"": true, ""retrain_interval"": 1, ""seed"": 20260728, ""shrink_strength"": 0.1}",audited-1.0.0-online-SGD-r1,FullFeatureLogistic
1867,113000022,2024-02-17,4 5 20 27 32 40,38 25 49 9 48 6,38 25 49 9 48 6 28 20 34 13,38 25 49 9 48 6 28 20 34 13 39 40,0,1,2,0.10682986249439233,0.366175578291863,6.0,2007-01-02,2024-02-16,1867,"{""C_proxy"": 0.2, ""features"": [""long_z"", ""recent20_z"", ""recent50_z"", ""recent100_z"", ""ewma_z"", ""gap_z"", ""transition_z"", ""in_last_draw""], ""include_number"": true, ""retrain_interval"": 1, ""seed"": 20260728, ""shrink_strength"": 0.1}",audited-1.0.0-online-SGD-r1,FullFeatureLogistic
1868,113000023,2024-02-18,6 12 24 32 36 44,38 25 49 9 6 48,38 25 49 9 6 48 28 34 39 13,38 25 49 9 6 48 28 34 39 13 26 12,1,1,2,0.10891791139090186,0.3768561105232611,5.999999999999998,2007-01-02,2024-02-17,1868,"{""C_proxy"": 0.2, ""features"": [""long_z"", ""recent20_z"", ""recent50_z"", ""recent100_z"", ""ewma_z"", ""gap_z"", ""transition_z"", ""in_last_draw""], ""include_number"": true, ""retrain_interval"": 1, ""seed"": 20260728, ""shrink_strength"": 0.1}",audited-1.0.0-online-SGD-r1,FullFeatureLogistic
1869,113000024,2024-02-19,2 10 17 32 38 48,38 25 49 9 34 48,38 25 49 9 34 48 28 39 13 20,38 25 49 9 34 48 28 39 13 20 40 26,2,2,2,0.10543235915417307,0.36610200388550795,6.0,2007-01-02,2024-02-18,1869,"{""C_proxy"": 0.2, ""features"": [""long_z"", ""recent20_z"", ""recent50_z"", ""recent100_z"", ""ewma_z"", ""gap_z"", ""transition_z"", ""in_last_draw""], ""include_number"": true, ""retrain_interval"": 1, ""seed"": 20260728, ""shrink_strength"": 0.1}",audited-1.0.0-online-SGD-r1,FullFeatureLogistic
1870,113000025,2024-02-20,6 8 17 27 34 46,38 25 49 9 34 28,38 25 49 9 34 28 13 39 6 40,38 25 49 9 34 28 13 39 6 40 20 26,1,2,2,0.11058174645268021,0.3868693600585363,6.000000000000001,2007-01-02,2024-02-19,1870,"{""C_proxy"": 0.2, ""features"": [""long_z"", ""recent20_z"", ""recent50_z"", ""recent100_z"", ""ewma_z"", ""gap_z"", ""transition_z"", ""in_last_draw""], ""include_number"": true, ""retrain_interval"": 1, ""seed"": 20260728, ""shrink_strength"": 0.1}",audited-1.0.0-online-SGD-r1,FullFeatureLogistic
1871,113000026,2024-02-21,13 21 25 27 31 43,38 25 49 9 28 48,38 25 49 9 28 48 39 13 20 26,38 25 49 9 28 48 39 13 20 26 40 34,1,2,2,0.10570617929673663,0.3630234973421946,6.000000000000001,2007-01-02,2024-02-20,1871,"{""C_proxy"": 0.2, ""features"": [""long_z"", ""recent20_z"", ""recent50_z"", ""recent100_z"", ""ewma_z"", ""gap_z"", ""transition_z"", ""in_last_draw""], ""include_number"": true, ""retrain_interval"": 1, ""seed"": 20260728, ""shrink_strength"": 0.1}",audited-1.0.0-online-SGD-r1,FullFeatureLogistic
1872,113000027,2024-02-22,9 11 18 31 39 46,38 49 25 9 28 48,38 49 25 9 28 48 39 34 20 26,38 49 25 9 28 48 39 34 20 26 40 42,1,2,2,0.10896019603378543,0.37920801413347643,6.0,2007-01-02,2024-02-21,1872,"{""C_proxy"": 0.2, ""features"": [""long_z"", ""recent20_z"", ""recent50_z"", ""recent100_z"", ""ewma_z"", ""gap_z"", ""transition_z"", ""in_last_draw""], ""include_number"": true, ""retrain_interval"": 1, ""seed"": 20260728, ""shrink_strength"": 0.1}",audited-1.0.0-online-SGD-r1,FullFeatureLogistic
1873,113000028,2024-02-23,3 8 9 21 34 49,38 25 49 20 28 34,38 25 49 20 28 34 48 40 26 9,38 25 49 20 28 34 48 40 26 9 13 42,2,3,3,0.10604503020026061,0.36470402162469523,6.000000000000002,2007-01-02,2024-02-22,1873,"{""C_proxy"": 0.2, ""features"": [""long_z"", ""recent20_z"", ""recent50_z"", ""recent100_z"", ""ewma_z"", ""gap_z"", ""transition_z"", ""in_last_draw""], ""include_number"": true, ""retrain_interval"": 1, ""seed"": 20260728, ""shrink_strength"": 0.1}",audited-1.0.0-online-SGD-r1,FullFeatureLogistic
1874,113000029,2024-02-24,8 15 21 27 46 48,38 25 20 48 28 49,38 25 20 48 28 49 40 39 26 13,38 25 20 48 28 49 40 39 26 13 42 6,1,1,1,0.11184161529947345,0.3927085633272119,6.000000000000001,2007-01-02,2024-02-23,1874,"{""C_proxy"": 0.2, ""features"": [""long_z"", ""recent20_z"", ""recent50_z"", ""recent100_z"", ""ewma_z"", ""gap_z"", ""transition_z"", ""in_last_draw""], ""include_number"": true, ""retrain_interval"": 1, ""seed"": 20260728, ""shrink_strength"": 0.1}",audited-1.0.0-online-SGD-r1,FullFeatureLogistic
1875,113000030,2024-02-27,7 15 17 29 41 42,38 25 49 20 39 40,38 25 49 20 39 40 28 26 9 34,38 25 49 20 39 40 28 26 9 34 6 42,0,0,1,0.11114274112697238,0.38821774736671755,5.999999999999999,2007-01-02,2024-02-24,1875,"{""C_proxy"": 0.2, ""features"": [""long_z"", ""recent20_z"", ""recent50_z"", ""recent100_z"", ""ewma_z"", ""gap_z"", ""transition_z"", ""in_last_draw""], ""include_number"": true, ""retrain_interval"": 1, ""seed"": 20260728, ""shrink_strength"": 0.1}",audited-1.0.0-online-SGD-r1,FullFeatureLogistic
1876,113000031,2024-03-01,1 29 30 39 46 47,38 25 49 20 39 26,38 25 49 20 39 26 28 40 34 48,38 25 49 20 39 26 28 40 34 48 9 6,1,1,1,0.11155811825040124,0.39325888603324544,6.0,2007-01-02,2024-02-27,1876,"{""C_proxy"": 0.2, ""features"": [""long_z"", ""recent20_z"", ""recent50_z"", ""recent100_z"", ""ewma_z"", ""gap_z"", ""transition_z"", ""in_last_draw""], ""include_number"": true, ""retrain_interval"": 1, ""seed"": 20260728, ""shrink_strength"": 0.1}",audited-1.0.0-online-SGD-r1,FullFeatureLogistic
1877,113000032,2024-03-05,10 15 21 24 26 38,38 25 49 20 26 48,38 25 49 20 26 48 28 40 34 6,38 25 49 20 26 48 28 40 34 6 9 13,2,2,2,0.10277701003663758,0.35111112582329496,6.0,2007-01-02,2024-03-01,1877,"{""C_proxy"": 0.2, ""features"": [""long_z"", ""recent20_z"", ""recent50_z"", ""recent100_z"", ""ewma_z"", ""gap_z"", ""transition_z"", ""in_last_draw""], ""include_number"": true, ""retrain_interval"": 1, ""seed"": 20260728, ""shrink_strength"": 0.1}",audited-1.0.0-online-SGD-r1,FullFeatureLogistic
1878,113000033,2024-03-08,7 26 27 29 36 40,38 25 49 20 40 34,38 25 49 20 40 34 28 9 48 39,38 25 49 20 40 34 28 9 48 39 6 13,1,1,1,0.10897212410938228,0.3764741151615432,5.999999999999999,2007-01-02,2024-03-05,1878,"{""C_proxy"": 0.2, ""features"": [""long_z"", ""recent20_z"", ""recent50_z"", ""recent100_z"", ""ewma_z"", ""gap_z"", ""transition_z"", ""in_last_draw""], ""include_number"": true, ""retrain_interval"": 1, ""seed"": 20260728, ""shrink_strength"": 0.1}",audited-1.0.0-online-SGD-r1,FullFeatureLogistic
1879,113000034,2024-03-12,3 13 22 27 45 49,38 25 49 20 34 39,38 25 49 20 34 39 9 48 6 28,38 25 49 20 34 39 9 48 6 28 13 40,1,1,2,0.10715052130568095,0.36935460586444974,6.000000000000001,2007-01-02,2024-03-08,1879,"{""C_proxy"": 0.2, ""features"": [""long_z"", ""recent20_z"", ""recent50_z"", ""recent100_z"", ""ewma_z"", ""gap_z"", ""transition_z"", ""in_last_draw""], ""include_number"": true, ""retrain_interval"": 1, ""seed"": 20260728, ""shrink_strength"": 0.1}",audited-1.0.0-online-SGD-r1,FullFeatureLogistic
1880,113000035,2024-03-15,8 18 33 37 40 43,38 25 20 34 39 6,38 25 20 34 39 6 49 9 28 40,38 25 20 34 39 6 49 9 28 40 48 26,0,1,1,0.11003598493957434,0.3825587423512286,6.0,2007-01-02,2024-03-12,1880,"{""C_proxy"": 0.2, ""features"": [""long_z"", ""recent20_z"", ""recent50_z"", ""recent100_z"", ""ewma_z"", ""gap_z"", ""transition_z"", ""in_last_draw""], ""include_number"": true, ""retrain_interval"": 1, ""seed"": 20260728, ""shrink_strength"": 0.1}",audited-1.0.0-online-SGD-r1,FullFeatureLogistic
1881,113000036,2024-03-19,8 14 19 20 21 36,38 25 49 20 39 34,38 25 49 20 39 34 6 9 28 48,38 25 49 20 39 34 6 9 28 48 12 26,1,1,1,0.11368004581439349,0.4032901859665524,6.0,2007-01-02,2024-03-15,1881,"{""C_proxy"": 0.2, ""features"": [""long_z"", ""recent20_z"", ""recent50_z"", ""recent100_z"", ""ewma_z"", ""gap_z"", ""transition_z"", ""in_last_draw""], ""include_number"": true, ""retrain_interval"": 1, ""seed"": 20260728, ""shrink_strength"": 0.1}",audited-1.0.0-online-SGD-r1,FullFeatureLogistic
1882,113000037,2024-03-22,4 16 38 40 41 48,38 25 49 39 34 6,38 25 49 39 34 6 9 48 28 20,38 25 49 39 34 6 9 48 28 20 26 40,1,2,3,0.10284218812430385,0.35181532419898265,6.0,2007-01-02,2024-03-19,1882,"{""C_proxy"": 0.2, ""features"": [""long_z"", ""recent20_z"", ""recent50_z"", ""recent100_z"", ""ewma_z"", ""gap_z"", ""transition_z"", ""in_last_draw""], ""include_number"": true, ""retrain_interval"": 1, ""seed"": 20260728, ""shrink_strength"": 0.1}",audited-1.0.0-online-SGD-r1,FullFeatureLogistic
1883,113000038,2024-03-26,6 19 21 29 32 46,25 38 49 20 39 34,25 38 49 20 39 34 9 6 28 26,25 38 49 20 39 34 9 6 28 26 13 42,0,1,1,0.11349462994853768,0.40045491286273655,6.0,2007-01-02,2024-03-22,1883,"{""C_proxy"": 0.2, ""features"": [""long_z"", ""recent20_z"", ""recent50_z"", ""recent100_z"", ""ewma_z"", ""gap_z"", ""transition_z"", ""in_last_draw""], ""include_number"": true, ""retrain_interval"": 1, ""seed"": 20260728, ""shrink_strength"": 0.1}",audited-1.0.0-online-SGD-r1,FullFeatureLogistic
1884,113000039,2024-03-29,2 3 13 15 43 48,38 25 49 20 39 34,38 25 49 20 39 34 9 28 26 48,38 25 49 20 39 34 9 28 26 48 13 42,0,1,2,0.1056836043869351,0.35992313114192875,6.000000000000001,2007-01-02,2024-03-26,1884,"{""C_proxy"": 0.2, ""features"": [""long_z"", ""recent20_z"", ""recent50_z"", ""recent100_z"", ""ewma_z"", ""gap_z"", ""transition_z"", ""in_last_draw""], ""include_number"": true, ""retrain_interval"": 1, ""seed"": 20260728, ""shrink_strength"": 0.1}",audited-1.0.0-online-SGD-r1,FullFeatureLogistic
1885,113000040,2024-04-02,27 32 38 39 46 49,38 25 49 20 39 34,38 25 49 20 39 34 9 28 6 26,38 25 49 20 39 34 9 28 6 26 42 40,3,3,3,0.10430997440021457,0.36097670342637384,6.000000000000001,2007-01-02,2024-03-29,1885,"{""C_proxy"": 0.2, ""features"": [""long_z"", ""recent20_z"", ""recent50_z"", ""recent100_z"", ""ewma_z"", ""gap_z"", ""transition_z"", ""in_last_draw""], ""include_number"": true, ""retrain_interval"": 1, ""seed"": 20260728, ""shrink_strength"": 0.1}",audited-1.0.0-online-SGD-r1,FullFeatureLogistic
1886,113000041,2024-04-05,4 31 35 38 40 48,25 38 20 34 49 39,25 38 20 34 49 39 28 9 6 26,25 38 20 34 49 39 28 9 6 26 40 42,1,1,2,0.10507798416007116,0.3616208721745549,6.000000000000001,2007-01-02,2024-04-02,1886,"{""C_proxy"": 0.2, ""features"": [""long_z"", ""recent20_z"", ""recent50_z"", ""recent100_z"", ""ewma_z"", ""gap_z"", ""transition_z"", ""in_last_draw""], ""include_number"": true, ""retrain_interval"": 1, ""seed"": 20260728, ""shrink_strength"": 0.1}",audited-1.0.0-online-SGD-r1,FullFeatureLogistic
1887,113000042,2024-04-09,3 16 17 19 22 26,25 38 20 49 39 34,25 38 20 49 39 34 6 9 26 28,25 38 20 49 39 34 6 9 26 28 42 13,0,1,1,0.11024663180347125,0.3845953601669714,6.0,2007-01-02,2024-04-05,1887,"{""C_proxy"": 0.2, ""features"": [""long_z"", ""recent20_z"", ""recent50_z"", ""recent100_z"", ""ewma_z"", ""gap_z"", ""transition_z"", ""in_last_draw""], ""include_number"": true, ""retrain_interval"": 1, ""seed"": 20260728, ""shrink_strength"": 0.1}",audited-1.0.0-online-SGD-r1,FullFeatureLogistic
1888,113000043,2024-04-12,3 5 12 15 17 39,25 38 20 49 39 34,25 38 20 49 39 34 6 9 28 42,25 38 20 49 39 34 6 9 28 42 13 12,1,1,2,0.10821665534779198,0.37516831975076,6.000000000000001,2007-01-02,2024-04-09,1888,"{""C_proxy"": 0.2, ""features"": [""long_z"", ""recent20_z"", ""recent50_z"", ""recent100_z"", ""ewma_z"", ""gap_z"", ""transition_z"", ""in_last_draw""], ""include_number"": true, ""retrain_interval"": 1, ""seed"": 20260728, ""shrink_strength"": 0.1}",audited-1.0.0-online-SGD-r1,FullFeatureLogistic
1889,113000044,2024-04-16,5 8 17 33 35 40,25 38 20 49 34 6,25 38 20 49 34 6 39 28 9 26,25 38 20 49 34 6 39 28 9 26 42 13,0,0,0,0.11309066786209125,0.39948130061203935,6.0,2007-01-02,2024-04-12,1889,"{""C_proxy"": 0.2, ""features"": [""long_z"", ""recent20_z"", ""recent50_z"", ""recent100_z"", ""ewma_z"", ""gap_z"", ""transition_z"", ""in_last_draw""], ""include_number"": true, ""retrain_interval"": 1, ""seed"": 20260728, ""shrink_strength"": 0.1}",audited-1.0.0-online-SGD-r1,FullFeatureLogistic
1890,113000045,2024-04-19,7 10 16 22 31 46,38 25 20 49 34 39,38 25 20 49 34 39 6 9 26 28,38 25 20 49 34 39 6 9 26 28 42 13,0,0,0,0.10874241630236973,0.3739547401752486,6.000000000000001,2007-01-02,2024-04-16,1890,"{""C_proxy"": 0.2, ""features"": [""long_z"", ""recent20_z"", ""recent50_z"", ""recent100_z"", ""ewma_z"", ""gap_z"", ""transition_z"", ""in_last_draw""], ""include_number"": true, ""retrain_interval"": 1, ""seed"": 20260728, ""shrink_strength"": 0.1}",audited-1.0.0-online-SGD-r1,FullFeatureLogistic
1891,113000046,2024-04-23,13 14 17 32 33 36,38 25 20 49 39 34,38 25 20 49 39 34 26 6 9 28,38 25 20 49 39 34 26 6 9 28 13 42,0,0,1,0.11341578491581293,0.3999466016900337,6.000000000000001,2007-01-02,2024-04-19,1891,"{""C_proxy"": 0.2, ""features"": [""long_z"", ""recent20_z"", ""recent50_z"", ""recent100_z"", ""ewma_z"", ""gap_z"", ""transition_z"", ""in_last_draw""], ""include_number"": true, ""retrain_interval"": 1, ""seed"": 20260728, ""shrink_strength"": 0.1}",audited-1.0.0-online-SGD-r1,FullFeatureLogistic
1892,113000047,2024-04-26,13 21 22 26 33 34,38 25 20 49 34 39,38 25 20 49 34 39 6 26 9 28,38 25 20 49 34 39 6 26 9 28 48 40,1,2,2,0.10711739897577374,0.36825647749181717,6.000000000000001,2007-01-02,2024-04-23,1892,"{""C_proxy"": 0.2, ""features"": [""long_z"", ""recent20_z"", ""recent50_z"", ""recent100_z"", ""ewma_z"", ""gap_z"", ""transition_z"", ""in_last_draw""], ""include_number"": true, ""retrain_interval"": 1, ""seed"": 20260728, ""shrink_strength"": 0.1}",audited-1.0.0-online-SGD-r1,FullFeatureLogistic
1893,113000048,2024-04-30,3 9 13 22 33 43,38 25 20 49 39 34,38 25 20 49 39 34 6 9 28 40,38 25 20 49 39 34 6 9 28 40 48 42,0,1,1,0.10930065053574878,0.37725255735961866,6.0,2007-01-02,2024-04-26,1893,"{""C_proxy"": 0.2, ""features"": [""long_z"", ""recent20_z"", ""recent50_z"", ""recent100_z"", ""ewma_z"", ""gap_z"", ""transition_z"", ""in_last_draw""], ""include_number"": true, ""retrain_interval"": 1, ""seed"": 20260728, ""shrink_strength"": 0.1}",audited-1.0.0-online-SGD-r1,FullFeatureLogistic
1894,113000049,2024-05-03,6 11 12 22 34 39,38 25 20 49 39 34,38 25 20 49 39 34 6 28 40 26,38 25 20 49 39 34 6 28 40 26 48 12,2,3,4,0.10509143138805056,0.3614264619865806,6.0,2007-01-02,2024-04-30,1894,"{""C_proxy"": 0.2, ""features"": [""long_z"", ""recent20_z"", ""recent50_z"", ""recent100_z"", ""ewma_z"", ""gap_z"", ""transition_z"", ""in_last_draw""], ""include_number"": true, ""retrain_interval"": 1, ""seed"": 20260728, ""shrink_strength"": 0.1}",audited-1.0.0-online-SGD-r1,FullFeatureLogistic
1895,113000050,2024-05-07,7 9 15 28 30 33,38 25 20 49 39 9,38 25 20 49 39 9 40 26 28 34,38 25 20 49 39 9 40 26 28 34 48 42,1,2,2,0.10934124216127056,0.38293864131593935,6.000000000000001,2007-01-02,2024-05-03,1895,"{""C_proxy"": 0.2, ""features"": [""long_z"", ""recent20_z"", ""recent50_z"", ""recent100_z"", ""ewma_z"", ""gap_z"", ""transition_z"", ""in_last_draw""], ""include_number"": true, ""retrain_interval"": 1, ""seed"": 20260728, ""shrink_strength"": 0.1}",audited-1.0.0-online-SGD-r1,FullFeatureLogistic
1896,113000051,2024-05-10,15 19 30 35 38 41,38 25 20 49 39 34,38 25 20 49 39 34 40 26 48 6,38 25 20 49 39 34 40 26 48 6 42 28,1,1,1,0.11305626227922154,0.4073300805036592,5.999999999999999,2007-01-02,2024-05-07,1896,"{""C_proxy"": 0.2, ""features"": [""long_z"", ""recent20_z"", ""recent50_z"", ""recent100_z"", ""ewma_z"", ""gap_z"", ""transition_z"", ""in_last_draw""], ""include_number"": true, ""retrain_interval"": 1, ""seed"": 20260728, ""shrink_strength"": 0.1}",audited-1.0.0-online-SGD-r1,FullFeatureLogistic
1897,113000052,2024-05-14,6 7 10 25 32 43,25 38 20 49 39 34,25 38 20 49 39 34 28 40 26 6,25 38 20 49 39 34 28 40 26 6 48 9,1,2,2,0.10474336008751861,0.3589178620437937,6.000000000000001,2007-01-02,2024-05-10,1897,"{""C_proxy"": 0.2, ""features"": [""long_z"", ""recent20_z"", ""recent50_z"", ""recent100_z"", ""ewma_z"", ""gap_z"", ""transition_z"", ""in_last_draw""], ""include_number"": true, ""retrain_interval"": 1, ""seed"": 20260728, ""shrink_strength"": 0.1}",audited-1.0.0-online-SGD-r1,FullFeatureLogistic
1898,113000053,2024-05-17,15 33 34 40 41 49,38 25 20 49 39 34,38 25 20 49 39 34 28 40 26 48,38 25 20 49 39 34 28 40 26 48 9 42,2,3,3,0.1061029349495802,0.3660245320813551,6.0,2007-01-02,2024-05-14,1898,"{""C_proxy"": 0.2, ""features"": [""long_z"", ""recent20_z"", ""recent50_z"", ""recent100_z"", ""ewma_z"", ""gap_z"", ""transition_z"", ""in_last_draw""], ""include_number"": true, ""retrain_interval"": 1, ""seed"": 20260728, ""shrink_strength"": 0.1}",audited-1.0.0-online-SGD-r1,FullFeatureLogistic
1899,113000054,2024-05-21,1 30 34 35 38 42,38 25 20 39 28 49,38 25 20 39 28 49 26 48 9 42,38 25 20 39 28 49 26 48 9 42 6 40,1,2,2,0.10744310363688435,0.37915371021157107,6.000000000000002,2007-01-02,2024-05-17,1899,"{""C_proxy"": 0.2, ""features"": [""long_z"", ""recent20_z"", ""recent50_z"", ""recent100_z"", ""ewma_z"", ""gap_z"", ""transition_z"", ""in_last_draw""], ""include_number"": true, ""retrain_interval"": 1, ""seed"": 20260728, ""shrink_strength"": 0.1}",audited-1.0.0-online-SGD-r1,FullFeatureLogistic
1900,113000055,2024-05-24,4 23 24 28 30 40,25 38 20 49 39 28,25 38 20 49 39 28 26 40 48 9,25 38 20 49 39 28 26 40 48 9 6 12,1,2,2,0.10932348471735272,0.38545280109778474,6.000000000000002,2007-01-02,2024-05-21,1900,"{""C_proxy"": 0.2, ""features"": [""long_z"", ""recent20_z"", ""recent50_z"", ""recent100_z"", ""ewma_z"", ""gap_z"", ""transition_z"", ""in_last_draw""], ""include_number"": true, ""retrain_interval"": 1, ""seed"": 20260728, ""shrink_strength"": 0.1}",audited-1.0.0-online-SGD-r1,FullFeatureLogistic
1901,113000056,2024-05-28,12 17 18 21 33 37,25 38 20 49 39 26,25 38 20 49 39 26 48 9 6 42,25 38 20 49 39 26 48 9 6 42 34 13,0,0,0,0.11338065842438236,0.39971245656251875,5.999999999999999,2007-01-02,2024-05-24,1901,"{""C_proxy"": 0.2, ""features"": [""long_z"", ""recent20_z"", ""recent50_z"", ""recent100_z"", ""ewma_z"", ""gap_z"", ""transition_z"", ""in_last_draw""], ""include_number"": true, ""retrain_interval"": 1, ""seed"": 20260728, ""shrink_strength"": 0.1}",audited-1.0.0-online-SGD-r1,FullFeatureLogistic
1902,113000057,2024-05-31,8 14 16 19 23 32,25 38 20 39 49 26,25 38 20 39 49 26 9 48 28 6,25 38 20 39 49 26 9 48 28 6 42 34,0,0,0,0.11466049920384976,0.4048918301223765,5.999999999999998,2007-01-02,2024-05-28,1902,"{""C_proxy"": 0.2, ""features"": [""long_z"", ""recent20_z"", ""recent50_z"", ""recent100_z"", ""ewma_z"", ""gap_z"", ""transition_z"", ""in_last_draw""], ""include_number"": true, ""retrain_interval"": 1, ""seed"": 20260728, ""shrink_strength"": 0.1}",audited-1.0.0-online-SGD-r1,FullFeatureLogistic
1903,113000058,2024-06-04,7 30 33 34 35 46,25 38 20 39 49 9,25 38 20 39 49 9 48 26 28 6,25 38 20 39 49 9 48 26 28 6 42 34,0,0,1,0.11477852582620002,0.4113241912018888,6.000000000000001,2007-01-02,2024-05-31,1903,"{""C_proxy"": 0.2, ""features"": [""long_z"", ""recent20_z"", ""recent50_z"", ""recent100_z"", ""ewma_z"", ""gap_z"", ""transition_z"", ""in_last_draw""], ""include_number"": true, ""retrain_interval"": 1, ""seed"": 20260728, ""shrink_strength"": 0.1}",audited-1.0.0-online-SGD-r1,FullFeatureLogistic
1904,113000059,2024-06-07,19 24 29 36 37 43,25 38 20 39 49 9,25 38 20 39 49 9 48 28 26 6,25 38 20 39 49 9 48 28 26 6 42 13,0,0,0,0.1126763537014502,0.39457577392081195,6.000000000000001,2007-01-02,2024-06-04,1904,"{""C_proxy"": 0.2, ""features"": [""long_z"", ""recent20_z"", ""recent50_z"", ""recent100_z"", ""ewma_z"", ""gap_z"", ""transition_z"", ""in_last_draw""], ""include_number"": true, ""retrain_interval"": 1, ""seed"": 20260728, ""shrink_strength"": 0.1}",audited-1.0.0-online-SGD-r1,FullFeatureLogistic
1905,113000060,2024-06-11,7 10 12 27 36 46,25 38 20 39 49 9,25 38 20 39 49 9 48 26 28 6,25 38 20 39 49 9 48 26 28 6 42 13,0,0,0,0.11029739329051877,0.3814231226790039,6.0,2007-01-02,2024-06-07,1905,"{""C_proxy"": 0.2, ""features"": [""long_z"", ""recent20_z"", ""recent50_z"", ""recent100_z"", ""ewma_z"", ""gap_z"", ""transition_z"", ""in_last_draw""], ""include_number"": true, ""retrain_interval"": 1, ""seed"": 20260728, ""shrink_strength"": 0.1}",audited-1.0.0-online-SGD-r1,FullFeatureLogistic
1906,113000061,2024-06-14,1 7 9 18 36 47,25 38 20 49 39 48,25 38 20 49 39 48 9 26 28 6,25 38 20 49 39 48 9 26 28 6 42 13,0,1,1,0.10778525043487484,0.37023492182454965,6.000000000000002,2007-01-02,2024-06-11,1906,"{""C_proxy"": 0.2, ""features"": [""long_z"", ""recent20_z"", ""recent50_z"", ""recent100_z"", ""ewma_z"", ""gap_z"", ""transition_z"", ""in_last_draw""], ""include_number"": true, ""retrain_interval"": 1, ""seed"": 20260728, ""shrink_strength"": 0.1}",audited-1.0.0-online-SGD-r1,FullFeatureLogistic
1907,113000062,2024-06-18,6 24 31 35 36 42,25 38 20 49 39 48,25 38 20 49 39 48 28 6 13 42,25 38 20 49 39 48 28 6 13 42 26 40,0,2,2,0.10911255353846128,0.37886318818816894,6.000000000000001,2007-01-02,2024-06-14,1907,"{""C_proxy"": 0.2, ""features"": [""long_z"", ""recent20_z"", ""recent50_z"", ""recent100_z"", ""ewma_z"", ""gap_z"", ""transition_z"", ""in_last_draw""], ""include_number"": true, ""retrain_interval"": 1, ""seed"": 20260728, ""shrink_strength"": 0.1}",audited-1.0.0-online-SGD-r1,FullFeatureLogistic
1908,113000063,2024-06-21,2 17 31 42 44 46,25 38 20 49 39 48,25 38 20 49 39 48 28 9 26 40,25 38 20 49 39 48 28 9 26 40 13 34,0,0,0,0.11136595278825649,0.38829082101822937,6.0,2007-01-02,2024-06-18,1908,"{""C_proxy"": 0.2, ""features"": [""long_z"", ""recent20_z"", ""recent50_z"", ""recent100_z"", ""ewma_z"", ""gap_z"", ""transition_z"", ""in_last_draw""], ""include_number"": true, ""retrain_interval"": 1, ""seed"": 20260728, ""shrink_strength"": 0.1}",audited-1.0.0-online-SGD-r1,FullFeatureLogistic
1909,113000064,2024-06-25,6 8 12 29 41 48,38 25 49 20 39 48,38 25 49 20 39 48 28 9 40 6,38 25 49 20 39 48 28 9 40 6 13 26,1,2,2,0.10888793409293515,0.37756308999192845,6.0,2007-01-02,2024-06-21,1909,"{""C_proxy"": 0.2, ""features"": [""long_z"", ""recent20_z"", ""recent50_z"", ""recent100_z"", ""ewma_z"", ""gap_z"", ""transition_z"", ""in_last_draw""], ""include_number"": true, ""retrain_interval"": 1, ""seed"": 20260728, ""shrink_strength"": 0.1}",audited-1.0.0-online-SGD-r1,FullFeatureLogistic
1910,113000065,2024-06-28,10 11 25 31 36 41,38 25 49 39 20 28,38 25 49 39 20 28 9 40 13 26,38 25 49 39 20 28 9 40 13 26 48 34,1,1,1,0.11032531067144992,0.38839036769892976,6.000000000000001,2007-01-02,2024-06-25,1910,"{""C_proxy"": 0.2, ""features"": [""long_z"", ""recent20_z"", ""recent50_z"", ""recent100_z"", ""ewma_z"", ""gap_z"", ""transition_z"", ""in_last_draw""], ""include_number"": true, ""retrain_interval"": 1, ""seed"": 20260728, ""shrink_strength"": 0.1}",audited-1.0.0-online-SGD-r1,FullFeatureLogistic
1911,113000066,2024-07-02,1 33 38 39 41 45,38 49 25 39 20 48,38 49 25 39 20 48 9 40 28 13,38 49 25 39 20 48 9 40 28 13 26 34,2,2,2,0.10583034197785136,0.3684602308785538,5.999999999999999,2007-01-02,2024-06-28,1911,"{""C_proxy"": 0.2, ""features"": [""long_z"", ""recent20_z"", ""recent50_z"", ""recent100_z"", ""ewma_z"", ""gap_z"", ""transition_z"", ""in_last_draw""], ""include_number"": true, ""retrain_interval"": 1, ""seed"": 20260728, ""shrink_strength"": 0.1}",audited-1.0.0-online-SGD-r1,FullFeatureLogistic
1912,113000067,2024-07-05,2 11 20 25 37 49,25 38 49 20 39 48,25 38 49 20 39 48 9 28 40 13,25 38 49 20 39 48 9 28 40 13 26 6,3,3,3,0.1038121567025364,0.35995507739420696,5.999999999999999,2007-01-02,2024-07-02,1912,"{""C_proxy"": 0.2, ""features"": [""long_z"", ""recent20_z"", ""recent50_z"", ""recent100_z"", ""ewma_z"", ""gap_z"", ""transition_z"", ""in_last_draw""], ""include_number"": true, ""retrain_interval"": 1, ""seed"": 20260728, ""shrink_strength"": 0.1}",audited-1.0.0-online-SGD-r1,FullFeatureLogistic
1913,113000068,2024-07-09,15 18 19 31 39 40,38 39 25 20 9 48,38 39 25 20 9 48 49 28 40 13,38 39 25 20 9 48 49 28 40 13 26 6,1,2,2,0.10599401139500542,0.36465495935414316,6.000000000000001,2007-01-02,2024-07-05,1913,"{""C_proxy"": 0.2, ""features"": [""long_z"", ""recent20_z"", ""recent50_z"", ""recent100_z"", ""ewma_z"", ""gap_z"", ""transition_z"", ""in_last_draw""], ""include_number"": true, ""retrain_interval"": 1, ""seed"": 20260728, ""shrink_strength"": 0.1}",audited-1.0.0-online-SGD-r1,FullFeatureLogistic
1914,113000069,2024-07-12,2 13 19 33 46 49,38 25 20 49 48 9,38 25 20 49 48 9 39 28 13 26,38 25 20 49 48 9 39 28 13 26 6 42,1,2,2,0.10891464935015555,0.3792979345921864,6.000000000000002,2007-01-02,2024-07-09,1914,"{""C_proxy"": 0.2, ""features"": [""long_z"", ""recent20_z"", ""recent50_z"", ""recent100_z"", ""ewma_z"", ""gap_z"", ""transition_z"", ""in_last_draw""], ""include_number"": true, ""retrain_interval"": 1, ""seed"": 20260728, ""shrink_strength"": 0.1}",audited-1.0.0-online-SGD-r1,FullFeatureLogistic
1915,113000070,2024-07-16,4 12 22 29 36 47,38 25 20 39 48 9,38 25 20 39 48 9 28 40 49 6,38 25 20 39 48 9 28 40 49 6 42 26,0,0,0,0.10783303678073823,0.36998222060691666,6.000000000000001,2007-01-02,2024-07-12,1915,"{""C_proxy"": 0.2, ""features"": [""long_z"", ""recent20_z"", ""recent50_z"", ""recent100_z"", ""ewma_z"", ""gap_z"", ""transition_z"", ""in_last_draw""], ""include_number"": true, ""retrain_interval"": 1, ""seed"": 20260728, ""shrink_strength"": 0.1}",audited-1.0.0-online-SGD-r1,FullFeatureLogistic
1916,113000071,2024-07-19,11 13 25 28 33 40,38 25 20 49 39 48,38 25 20 49 39 48 9 28 40 13,38 25 20 49 39 48 9 28 40 13 6 42,1,4,4,0.10467227132900306,0.36115063083518406,6.0,2007-01-02,2024-07-16,1916,"{""C_proxy"": 0.2, ""features"": [""long_z"", ""recent20_z"", ""recent50_z"", ""recent100_z"", ""ewma_z"", ""gap_z"", ""transition_z"", ""in_last_draw""], ""include_number"": true, ""retrain_interval"": 1, ""seed"": 20260728, ""shrink_strength"": 0.1}",audited-1.0.0-online-SGD-r1,FullFeatureLogistic
1917,113000072,2024-07-23,3 6 10 23 33 35,38 20 25 49 39 48,38 20 25 49 39 48 9 6 42 28,38 20 25 49 39 48 9 6 42 28 26 34,0,1,1,0.11179225527386259,0.39163496861397884,6.000000000000001,2007-01-02,2024-07-19,1917,"{""C_proxy"": 0.2, ""features"": [""long_z"", ""recent20_z"", ""recent50_z"", ""recent100_z"", ""ewma_z"", ""gap_z"", ""transition_z"", ""in_last_draw""], ""include_number"": true, ""retrain_interval"": 1, ""seed"": 20260728, ""shrink_strength"": 0.1}",audited-1.0.0-online-SGD-r1,FullFeatureLogistic
1918,113000073,2024-07-26,6 19 23 35 41 46,38 25 20 49 39 48,38 25 20 49 39 48 9 28 40 42,38 25 20 49 39 48 9 28 40 42 13 26,0,0,0,0.11650478207996626,0.41790771212722994,6.0,2007-01-02,2024-07-23,1918,"{""C_proxy"": 0.2, ""features"": [""long_z"", ""recent20_z"", ""recent50_z"", ""recent100_z"", ""ewma_z"", ""gap_z"", ""transition_z"", ""in_last_draw""], ""include_number"": true, ""retrain_interval"": 1, ""seed"": 20260728, ""shrink_strength"": 0.1}",audited-1.0.0-online-SGD-r1,FullFeatureLogistic
1919,113000074,2024-07-30,5 15 24 35 46 48,38 25 20 49 39 48,38 25 20 49 39 48 9 28 40 42,38 25 20 49 39 48 9 28 40 42 13 34,1,1,1,0.10969951265541042,0.38263044001867236,6.000000000000001,2007-01-02,2024-07-26,1919,"{""C_proxy"": 0.2, ""features"": [""long_z"", ""recent20_z"", ""recent50_z"", ""recent100_z"", ""ewma_z"", ""gap_z"", ""transition_z"", ""in_last_draw""], ""include_number"": true, ""retrain_interval"": 1, ""seed"": 20260728, ""shrink_strength"": 0.1}",audited-1.0.0-online-SGD-r1,FullFeatureLogistic
1920,113000075,2024-08-02,2 4 5 15 20 33,38 25 20 49 39 28,38 25 20 49 39 28 9 40 13 42,38 25 20 49 39 28 9 40 13 42 48 34,1,1,1,0.1059792469545556,0.36291949250734395,6.000000000000001,2007-01-02,2024-07-30,1920,"{""C_proxy"": 0.2, ""features"": [""long_z"", ""recent20_z"", ""recent50_z"", ""recent100_z"", ""ewma_z"", ""gap_z"", ""transition_z"", ""in_last_draw""], ""include_number"": true, ""retrain_interval"": 1, ""seed"": 20260728, ""shrink_strength"": 0.1}",audited-1.0.0-online-SGD-r1,FullFeatureLogistic
1921,113000076,2024-08-06,20 27 31 33 38 46,38 25 49 39 28 9,38 25 49 39 28 9 48 20 40 13,38 25 49 39 28 9 48 20 40 13 42 34,1,2,2,0.10668976376355323,0.36978286307390246,6.000000000000001,2007-01-02,2024-08-02,1921,"{""C_proxy"": 0.2, ""features"": [""long_z"", ""recent20_z"", ""recent50_z"", ""recent100_z"", ""ewma_z"", ""gap_z"", ""transition_z"", ""in_last_draw""], ""include_number"": true, ""retrain_interval"": 1, ""seed"": 20260728, ""shrink_strength"": 0.1}",audited-1.0.0-online-SGD-r1,FullFeatureLogistic
1922,113000077,2024-08-09,14 20 27 42 44 47,25 38 49 39 28 9,25 38 49 39 28 9 48 40 20 13,25 38 49 39 28 9 48 40 20 13 42 47,0,1,3,0.10893655071614583,0.3775660840879339,6.0,2007-01-02,2024-08-06,1922,"{""C_proxy"": 0.2, ""features"": [""long_z"", ""recent20_z"", ""recent50_z"", ""recent100_z"", ""ewma_z"", ""gap_z"", ""transition_z"", ""in_last_draw""], ""include_number"": true, ""retrain_interval"": 1, ""seed"": 20260728, ""shrink_strength"": 0.1}",audited-1.0.0-online-SGD-r1,FullFeatureLogistic
1923,113000078,2024-08-13,2 28 30 37 40 48,38 25 49 39 28 9,38 25 49 39 28 9 48 40 13 20,38 25 49 39 28 9 48 40 13 20 26 42,1,3,3,0.10868609045216696,0.3826395192548186,6.0,2007-01-02,2024-08-09,1923,"{""C_proxy"": 0.2, ""features"": [""long_z"", ""recent20_z"", ""recent50_z"", ""recent100_z"", ""ewma_z"", ""gap_z"", ""transition_z"", ""in_last_draw""], ""include_number"": true, ""retrain_interval"": 1, ""seed"": 20260728, ""shrink_strength"": 0.1}",audited-1.0.0-online-SGD-r1,FullFeatureLogistic
1924,113000079,2024-08-16,4 6 14 31 44 45,38 25 49 39 20 9,38 25 49 39 20 9 42 13 26 28,38 25 49 39 20 9 42 13 26 28 6 48,0,0,1,0.11002112584814527,0.38157467361643116,5.999999999999999,2007-01-02,2024-08-13,1924,"{""C_proxy"": 0.2, ""features"": [""long_z"", ""recent20_z"", ""recent50_z"", ""recent100_z"", ""ewma_z"", ""gap_z"", ""transition_z"", ""in_last_draw""], ""include_number"": true, ""retrain_interval"": 1, ""seed"": 20260728, ""shrink_strength"": 0.1}",audited-1.0.0-online-SGD-r1,FullFeatureLogistic
1925,113000080,2024-08-20,12 13 18 28 39 49,38 25 49 39 20 9,38 25 49 39 20 9 28 40 42 48,38 25 49 39 20 9 28 40 42 48 13 26,2,3,4,0.10072944492054775,0.3401876107010909,6.000000000000002,2007-01-02,2024-08-16,1925,"{""C_proxy"": 0.2, ""features"": [""long_z"", ""recent20_z"", ""recent50_z"", ""recent100_z"", ""ewma_z"", ""gap_z"", ""transition_z"", ""in_last_draw""], ""include_number"": true, ""retrain_interval"": 1, ""seed"": 20260728, ""shrink_strength"": 0.1}",audited-1.0.0-online-SGD-r1,FullFeatureLogistic
1926,113000081,2024-08-23,16 20 32 34 37 43,38 25 20 39 9 49,38 25 20 39 9 49 48 40 42 26,38 25 20 39 9 49 48 40 42 26 47 34,1,1,2,0.10816947580788697,0.3747129534067873,6.000000000000001,2007-01-02,2024-08-20,1926,"{""C_proxy"": 0.2, ""features"": [""long_z"", ""recent20_z"", ""recent50_z"", ""recent100_z"", ""ewma_z"", ""gap_z"", ""transition_z"", ""in_last_draw""], ""include_number"": true, ""retrain_interval"": 1, ""seed"": 20260728, ""shrink_strength"": 0.1}",audited-1.0.0-online-SGD-r1,FullFeatureLogistic
1927,113000082,2024-08-27,12 22 24 38 40 46,38 25 49 39 9 48,38 25 49 39 9 48 42 40 28 26,38 25 49 39 9 48 42 40 28 26 13 47,1,2,2,0.1038166192303067,0.35563488771681784,6.000000000000001,2007-01-02,2024-08-23,1927,"{""C_proxy"": 0.2, ""features"": [""long_z"", ""recent20_z"", ""recent50_z"", ""recent100_z"", ""ewma_z"", ""gap_z"", ""transition_z"", ""in_last_draw""], ""include_number"": true, ""retrain_interval"": 1, ""seed"": 20260728, ""shrink_strength"": 0.1}",audited-1.0.0-online-SGD-r1,FullFeatureLogistic
1928,113000083,2024-08-30,2 17 25 29 32 38,25 38 49 39 20 9,25 38 49 39 20 9 48 42 28 13,25 38 49 39 20 9 48 42 28 13 26 47,2,2,2,0.10481283151109615,0.3627329690098225,6.000000000000002,2007-01-02,2024-08-27,1928,"{""C_proxy"": 0.2, ""features"": [""long_z"", ""recent20_z"", ""recent50_z"", ""recent100_z"", ""ewma_z"", ""gap_z"", ""transition_z"", ""in_last_draw""], ""include_number"": true, ""retrain_interval"": 1, ""seed"": 20260728, ""shrink_strength"": 0.1}",audited-1.0.0-online-SGD-r1,FullFeatureLogistic
1929,113000084,2024-09-03,5 22 25 27 36 41,25 38 49 39 20 9,25 38 49 39 20 9 48 42 28 13,25 38 49 39 20 9 48 42 28 13 40 26,1,1,1,0.10818200970159571,0.37568001452302574,5.999999999999999,2007-01-02,2024-08-30,1929,"{""C_proxy"": 0.2, ""features"": [""long_z"", ""recent20_z"", ""recent50_z"", ""recent100_z"", ""ewma_z"", ""gap_z"", ""transition_z"", ""in_last_draw""], ""include_number"": true, ""retrain_interval"": 1, ""seed"": 20260728, ""shrink_strength"": 0.1}",audited-1.0.0-online-SGD-r1,FullFeatureLogistic
1930,113000085,2024-09-06,9 15 17 38 45 49,38 25 49 39 20 9,38 25 49 39 20 9 48 42 13 28,38 25 49 39 20 9 48 42 13 28 26 40,3,3,3,0.10297800666060308,0.353060914846716,6.0,2007-01-02,2024-09-03,1930,"{""C_proxy"": 0.2, ""features"": [""long_z"", ""recent20_z"", ""recent50_z"", ""recent100_z"", ""ewma_z"", ""gap_z"", ""transition_z"", ""in_last_draw""], ""include_number"": true, ""retrain_interval"": 1, ""seed"": 20260728, ""shrink_strength"": 0.1}",audited-1.0.0-online-SGD-r1,FullFeatureLogistic
1931,113000086,2024-09-10,6 14 16 25 35 38,25 39 38 20 48 42,25 39 38 20 48 42 49 9 13 28,25 39 38 20 48 42 49 9 13 28 26 6,2,2,3,0.10513988264671591,0.3647216090723904,6.0,2007-01-02,2024-09-06,1931,"{""C_proxy"": 0.2, ""features"": [""long_z"", ""recent20_z"", ""recent50_z"", ""recent100_z"", ""ewma_z"", ""gap_z"", ""transition_z"", ""in_last_draw""], ""include_number"": true, ""retrain_interval"": 1, ""seed"": 20260728, ""shrink_strength"": 0.1}",audited-1.0.0-online-SGD-r1,FullFeatureLogistic
1932,113000087,2024-09-13,13 17 26 39 43 48,39 25 49 38 20 9,39 25 49 38 20 9 48 42 28 13,39 25 49 38 20 9 48 42 28 13 40 26,1,3,4,0.10391800865890782,0.3561377981445222,6.0,2007-01-02,2024-09-10,1932,"{""C_proxy"": 0.2, ""features"": [""long_z"", ""recent20_z"", ""recent50_z"", ""recent100_z"", ""ewma_z"", ""gap_z"", ""transition_z"", ""in_last_draw""], ""include_number"": true, ""retrain_interval"": 1, ""seed"": 20260728, ""shrink_strength"": 0.1}",audited-1.0.0-online-SGD-r1,FullFeatureLogistic
1933,113000088,2024-09-17,26 34 35 40 44 46,25 38 49 20 9 39,25 38 49 20 9 39 42 28 40 34,25 38 49 20 9 39 42 28 40 34 4 47,0,2,2,0.1094178040560325,0.3808906958387806,6.000000000000001,2007-01-02,2024-09-13,1933,"{""C_proxy"": 0.2, ""features"": [""long_z"", ""recent20_z"", ""recent50_z"", ""recent100_z"", ""ewma_z"", ""gap_z"", ""transition_z"", ""in_last_draw""], ""include_number"": true, ""retrain_interval"": 1, ""seed"": 20260728, ""shrink_strength"": 0.1}",audited-1.0.0-online-SGD-r1,FullFeatureLogistic
1934,113000089,2024-09-20,4 8 18 30 35 49,25 38 49 39 20 9,25 38 49 39 20 9 42 28 48 13,25 38 49 39 20 9 42 28 48 13 4 47,1,1,2,0.1114137387627566,0.39723391959611165,6.000000000000001,2007-01-02,2024-09-17,1934,"{""C_proxy"": 0.2, ""features"": [""long_z"", ""recent20_z"", ""recent50_z"", ""recent100_z"", ""ewma_z"", ""gap_z"", ""transition_z"", ""in_last_draw""], ""include_number"": true, ""retrain_interval"": 1, ""seed"": 20260728, ""shrink_strength"": 0.1}",audited-1.0.0-online-SGD-r1,FullFeatureLogistic
1935,113000090,2024-09-24,5 13 14 16 37 48,25 38 39 20 9 42,25 38 39 20 9 42 28 48 49 13,25 38 39 20 9 42 28 48 49 13 26 40,0,2,2,0.10888289157585151,0.3788427147230579,6.000000000000001,2007-01-02,2024-09-20,1935,"{""C_proxy"": 0.2, ""features"": [""long_z"", ""recent20_z"", ""recent50_z"", ""recent100_z"", ""ewma_z"", ""gap_z"", ""transition_z"", ""in_last_draw""], ""include_number"": true, ""retrain_interval"": 1, ""seed"": 20260728, ""shrink_strength"": 0.1}",audited-1.0.0-online-SGD-r1,FullFeatureLogistic
1936,113000091,2024-09-27,2 3 5 21 45 49,25 38 39 20 49 9,25 38 39 20 49 9 28 42 40 26,25 38 39 20 49 9 28 42 40 26 6 12,1,1,1,0.10794207043782203,0.37182402955644145,6.0,2007-01-02,2024-09-24,1936,"{""C_proxy"": 0.2, ""features"": [""long_z"", ""recent20_z"", ""recent50_z"", ""recent100_z"", ""ewma_z"", ""gap_z"", ""transition_z"", ""in_last_draw""], ""include_number"": true, ""retrain_interval"": 1, ""seed"": 20260728, ""shrink_strength"": 0.1}",audited-1.0.0-online-SGD-r1,FullFeatureLogistic
1937,113000092,2024-10-01,10 12 13 19 27 33,25 38 39 20 9 28,25 38 39 20 9 28 42 6 26 40,25 38 39 20 9 28 42 6 26 40 49 48,0,0,0,0.10893482350574175,0.37667480984721946,6.000000000000001,2007-01-02,2024-09-27,1937,"{""C_proxy"": 0.2, ""features"": [""long_z"", ""recent20_z"", ""recent50_z"", ""recent100_z"", ""ewma_z"", ""gap_z"", ""transition_z"", ""in_last_draw""], ""include_number"": true, ""retrain_interval"": 1, ""seed"": 20260728, ""shrink_strength"": 0.1}",audited-1.0.0-online-SGD-r1,FullFeatureLogistic
1938,113000093,2024-10-04,12 17 19 27 38 42,25 38 39 20 9 49,25 38 39 20 9 49 28 42 6 26,25 38 39 20 9 49 28 42 6 26 48 40,1,2,2,0.10895423941456008,0.38135371135850443,6.0,2007-01-02,2024-10-01,1938,"{""C_proxy"": 0.2, ""features"": [""long_z"", ""recent20_z"", ""recent50_z"", ""recent100_z"", ""ewma_z"", ""gap_z"", ""transition_z"", ""in_last_draw""], ""include_number"": true, ""retrain_interval"": 1, ""seed"": 20260728, ""shrink_strength"": 0.1}",audited-1.0.0-online-SGD-r1,FullFeatureLogistic
1939,113000094,2024-10-08,3 5 7 31 33 45,25 39 20 38 9 49,25 39 20 38 9 49 28 6 26 40,25 39 20 38 9 49 28 6 26 40 48 42,0,0,0,0.10895423371039518,0.3749749615752641,6.000000000000001,2007-01-02,2024-10-04,1939,"{""C_proxy"": 0.2, ""features"": [""long_z"", ""recent20_z"", ""recent50_z"", ""recent100_z"", ""ewma_z"", ""gap_z"", ""transition_z"", ""in_last_draw""], ""include_number"": true, ""retrain_interval"": 1, ""seed"": 20260728, ""shrink_strength"": 0.1}",audited-1.0.0-online-SGD-r1,FullFeatureLogistic
1940,113000095,2024-10-11,7 9 12 21 26 32,25 38 39 20 49 9,25 38 39 20 49 9 28 42 6 26,25 38 39 20 49 9 28 42 6 26 48 40,1,2,2,0.1072079351694857,0.368591864181802,5.999999999999999,2007-01-02,2024-10-08,1940,"{""C_proxy"": 0.2, ""features"": [""long_z"", ""recent20_z"", ""recent50_z"", ""recent100_z"", ""ewma_z"", ""gap_z"", ""transition_z"", ""in_last_draw""], ""include_number"": true, ""retrain_interval"": 1, ""seed"": 20260728, ""shrink_strength"": 0.1}",audited-1.0.0-online-SGD-r1,FullFeatureLogistic
1941,113000096,2024-10-15,5 10 13 28 39 41,25 38 39 20 49 28,25 38 39 20 49 28 42 9 6 40,25 38 39 20 49 28 42 9 6 40 48 34,2,2,2,0.10551401914983008,0.3628836577775531,5.999999999999999,2007-01-02,2024-10-11,1941,"{""C_proxy"": 0.2, ""features"": [""long_z"", ""recent20_z"", ""recent50_z"", ""recent100_z"", ""ewma_z"", ""gap_z"", ""transition_z"", ""in_last_draw""], ""include_number"": true, ""retrain_interval"": 1, ""seed"": 20260728, ""shrink_strength"": 0.1}",audited-1.0.0-online-SGD-r1,FullFeatureLogistic
1942,113000097,2024-10-18,14 20 26 43 45 49,25 38 20 49 39 9,25 38 20 49 39 9 42 6 40 48,25 38 20 49 39 9 42 6 40 48 34 4,2,2,2,0.10559603286806869,0.3634684151442968,6.0,2007-01-02,2024-10-15,1942,"{""C_proxy"": 0.2, ""features"": [""long_z"", ""recent20_z"", ""recent50_z"", ""recent100_z"", ""ewma_z"", ""gap_z"", ""transition_z"", ""in_last_draw""], ""include_number"": true, ""retrain_interval"": 1, ""seed"": 20260728, ""shrink_strength"": 0.1}",audited-1.0.0-online-SGD-r1,FullFeatureLogistic
1943,113000098,2024-10-22,2 24 29 30 38 49,25 38 39 9 28 42,25 38 39 9 28 42 49 6 40 20,25 38 39 9 28 42 49 6 40 20 48 34,1,2,2,0.10673968343180348,0.37310192423839433,6.0,2007-01-02,2024-10-18,1943,"{""C_proxy"": 0.2, ""features"": [""long_z"", ""recent20_z"", ""recent50_z"", ""recent100_z"", ""ewma_z"", ""gap_z"", ""transition_z"", ""in_last_draw""], ""include_number"": true, ""retrain_interval"": 1, ""seed"": 20260728, ""shrink_strength"": 0.1}",audited-1.0.0-online-SGD-r1,FullFeatureLogistic
1944,113000099,2024-10-25,7 19 25 35 36 38,25 39 38 20 9 28,25 39 38 20 9 28 42 6 40 48,25 39 38 20 9 28 42 6 40 48 4 34,2,2,2,0.105446151687543,0.36675548787574563,6.0,2007-01-02,2024-10-22,1944,"{""C_proxy"": 0.2, ""features"": [""long_z"", ""recent20_z"", ""recent50_z"", ""recent100_z"", ""ewma_z"", ""gap_z"", ""transition_z"", ""in_last_draw""], ""include_number"": true, ""retrain_interval"": 1, ""seed"": 20260728, ""shrink_strength"": 0.1}",audited-1.0.0-online-SGD-r1,FullFeatureLogistic
1945,113000100,2024-10-29,19 26 36 38 39 49,25 39 20 38 49 9,25 39 20 38 49 9 42 28 40 6,25 39 20 38 49 9 42 28 40 6 48 4,3,3,3,0.10508658860787737,0.36242433814605446,6.000000000000001,2007-01-02,2024-10-25,1945,"{""C_proxy"": 0.2, ""features"": [""long_z"", ""recent20_z"", ""recent50_z"", ""recent100_z"", ""ewma_z"", ""gap_z"", ""transition_z"", ""in_last_draw""], ""include_number"": true, ""retrain_interval"": 1, ""seed"": 20260728, ""shrink_strength"": 0.1}",audited-1.0.0-online-SGD-r1,FullFeatureLogistic
1946,113000101,2024-11-01,6 10 23 27 34 47,25 20 38 9 39 42,25 20 38 9 39 42 40 28 6 48,25 20 38 9 39 42 40 28 6 48 4 13,0,1,1,0.10701538110927576,0.3676150638106755,6.0,2007-01-02,2024-10-29,1946,"{""C_proxy"": 0.2, ""features"": [""long_z"", ""recent20_z"", ""recent50_z"", ""recent100_z"", ""ewma_z"", ""gap_z"", ""transition_z"", ""in_last_draw""], ""include_number"": true, ""retrain_interval"": 1, ""seed"": 20260728, ""shrink_strength"": 0.1}",audited-1.0.0-online-SGD-r1,FullFeatureLogistic
1947,113000102,2024-11-05,4 17 21 30 41 49,25 20 38 39 49 9,25 20 38 39 49 9 42 40 28 48,25 20 38 39 49 9 42 40 28 48 4 13,1,1,2,0.11339865710742318,0.406262425515712,6.000000000000001,2007-01-02,2024-11-01,1947,"{""C_proxy"": 0.2, ""features"": [""long_z"", ""recent20_z"", ""recent50_z"", ""recent100_z"", ""ewma_z"", ""gap_z"", ""transition_z"", ""in_last_draw""], ""include_number"": true, ""retrain_interval"": 1, ""seed"": 20260728, ""shrink_strength"": 0.1}",audited-1.0.0-online-SGD-r1,FullFeatureLogistic
1948,113000103,2024-11-08,1 11 42 46 47 49,25 38 20 39 9 42,25 38 20 39 9 42 40 28 48 6,25 38 20 39 9 42 40 28 48 6 13 34,1,1,1,0.10800498602808858,0.37327873376649595,6.0,2007-01-02,2024-11-05,1948,"{""C_proxy"": 0.2, ""features"": [""long_z"", ""recent20_z"", ""recent50_z"", ""recent100_z"", ""ewma_z"", ""gap_z"", ""transition_z"", ""in_last_draw""], ""include_number"": true, ""retrain_interval"": 1, ""seed"": 20260728, ""shrink_strength"": 0.1}",audited-1.0.0-online-SGD-r1,FullFeatureLogistic
1949,113000104,2024-11-12,11 25 26 33 34 41,25 38 20 39 9 28,25 38 20 39 9 28 48 6 40 13,25 38 20 39 9 28 48 6 40 13 42 4,1,1,1,0.1074980761607253,0.37657160775566106,6.000000000000002,2007-01-02,2024-11-08,1949,"{""C_proxy"": 0.2, ""features"": [""long_z"", ""recent20_z"", ""recent50_z"", ""recent100_z"", ""ewma_z"", ""gap_z"", ""transition_z"", ""in_last_draw""], ""include_number"": true, ""retrain_interval"": 1, ""seed"": 20260728, ""shrink_strength"": 0.1}",audited-1.0.0-online-SGD-r1,FullFeatureLogistic
1950,113000105,2024-11-15,24 25 30 36 41 43,25 38 20 39 9 28,25 38 20 39 9 28 48 6 40 42,25 38 20 39 9 28 48 6 40 42 13 49,1,1,1,0.11031764032551852,0.393881995375353,6.0,2007-01-02,2024-11-12,1950,"{""C_proxy"": 0.2, ""features"": [""long_z"", ""recent20_z"", ""recent50_z"", ""recent100_z"", ""ewma_z"", ""gap_z"", ""transition_z"", ""in_last_draw""], ""include_number"": true, ""retrain_interval"": 1, ""seed"": 20260728, ""shrink_strength"": 0.1}",audited-1.0.0-online-SGD-r1,FullFeatureLogistic
1951,113000106,2024-11-19,5 7 11 22 25 44,25 38 39 20 9 28,25 38 39 20 9 28 48 6 13 42,25 38 39 20 9 28 48 6 13 42 49 40,1,1,1,0.1078180674119698,0.37376101067851125,5.999999999999999,2007-01-02,2024-11-15,1951,"{""C_proxy"": 0.2, ""features"": [""long_z"", ""recent20_z"", ""recent50_z"", ""recent100_z"", ""ewma_z"", ""gap_z"", ""transition_z"", ""in_last_draw""], ""include_number"": true, ""retrain_interval"": 1, ""seed"": 20260728, ""shrink_strength"": 0.1}",audited-1.0.0-online-SGD-r1,FullFeatureLogistic
1952,113000107,2024-11-22,14 16 22 33 36 48,38 25 39 20 9 49,38 25 39 20 9 49 28 48 6 13,38 25 39 20 9 49 28 48 6 13 42 40,0,1,1,0.10947568993013601,0.37967217828434935,6.000000000000001,2007-01-02,2024-11-19,1952,"{""C_proxy"": 0.2, ""features"": [""long_z"", ""recent20_z"", ""recent50_z"", ""recent100_z"", ""ewma_z"", ""gap_z"", ""transition_z"", ""in_last_draw""], ""include_number"": true, ""retrain_interval"": 1, ""seed"": 20260728, ""shrink_strength"": 0.1}",audited-1.0.0-online-SGD-r1,FullFeatureLogistic
1953,113000108,2024-11-26,11 40 42 45 47 49,25 38 39 20 9 49,25 38 39 20 9 49 28 6 13 42,25 38 39 20 9 49 28 6 13 42 40 48,1,2,3,0.10633736632842634,0.36625067523856647,6.0,2007-01-02,2024-11-22,1953,"{""C_proxy"": 0.2, ""features"": [""long_z"", ""recent20_z"", ""recent50_z"", ""recent100_z"", ""ewma_z"", ""gap_z"", ""transition_z"", ""in_last_draw""], ""include_number"": true, ""retrain_interval"": 1, ""seed"": 20260728, ""shrink_strength"": 0.1}",audited-1.0.0-online-SGD-r1,FullFeatureLogistic
1954,113000109,2024-11-29,13 20 28 32 38 49,25 38 39 20 9 48,25 38 39 20 9 48 6 28 13 4,25 38 39 20 9 48 6 28 13 4 40 12,2,4,4,0.10164769805147435,0.345433430288964,5.999999999999999,2007-01-02,2024-11-26,1954,"{""C_proxy"": 0.2, ""features"": [""long_z"", ""recent20_z"", ""recent50_z"", ""recent100_z"", ""ewma_z"", ""gap_z"", ""transition_z"", ""in_last_draw""], ""include_number"": true, ""retrain_interval"": 1, ""seed"": 20260728, ""shrink_strength"": 0.1}",audited-1.0.0-online-SGD-r1,FullFeatureLogistic
1955,113000110,2024-12-03,5 6 7 12 17 35,25 39 38 9 48 6,25 39 38 9 48 6 40 42 20 4,25 39 38 9 48 6 40 42 20 4 12 13,1,1,2,0.10865623788955374,0.37739162446980384,6.000000000000001,2007-01-02,2024-11-29,1955,"{""C_proxy"": 0.2, ""features"": [""long_z"", ""recent20_z"", ""recent50_z"", ""recent100_z"", ""ewma_z"", ""gap_z"", ""transition_z"", ""in_last_draw""], ""include_number"": true, ""retrain_interval"": 1, ""seed"": 20260728, ""shrink_strength"": 0.1}",audited-1.0.0-online-SGD-r1,FullFeatureLogistic
1956,113000111,2024-12-06,9 15 18 33 44 47,25 38 39 20 9 48,25 38 39 20 9 48 28 13 49 40,25 38 39 20 9 48 28 13 49 40 42 4,1,1,1,0.10720056246238886,0.36787710463970047,6.000000000000001,2007-01-02,2024-12-03,1956,"{""C_proxy"": 0.2, ""features"": [""long_z"", ""recent20_z"", ""recent50_z"", ""recent100_z"", ""ewma_z"", ""gap_z"", ""transition_z"", ""in_last_draw""], ""include_number"": true, ""retrain_interval"": 1, ""seed"": 20260728, ""shrink_strength"": 0.1}",audited-1.0.0-online-SGD-r1,FullFeatureLogistic
1957,113000112,2024-12-10,1 5 8 26 47 49,25 38 39 20 48 28,25 38 39 20 48 28 13 6 49 42,25 38 39 20 48 28 13 6 49 42 40 9,0,1,1,0.10779430728695283,0.37113745784106056,6.000000000000001,2007-01-02,2024-12-06,1957,"{""C_proxy"": 0.2, ""features"": [""long_z"", ""recent20_z"", ""recent50_z"", ""recent100_z"", ""ewma_z"", ""gap_z"", ""transition_z"", ""in_last_draw""], ""include_number"": true, ""retrain_interval"": 1, ""seed"": 20260728, ""shrink_strength"": 0.1}",audited-1.0.0-online-SGD-r1,FullFeatureLogistic
1958,113000113,2024-12-13,7 11 28 29 38 39,25 38 39 20 48 9,25 38 39 20 48 9 13 28 6 42,25 38 39 20 48 9 13 28 6 42 40 4,2,3,3,0.10484192490723412,0.36157389991317973,6.0,2007-01-02,2024-12-10,1958,"{""C_proxy"": 0.2, ""features"": [""long_z"", ""recent20_z"", ""recent50_z"", ""recent100_z"", ""ewma_z"", ""gap_z"", ""transition_z"", ""in_last_draw""], ""include_number"": true, ""retrain_interval"": 1, ""seed"": 20260728, ""shrink_strength"": 0.1}",audited-1.0.0-online-SGD-r1,FullFeatureLogistic
1959,113000114,2024-12-17,8 10 22 24 31 34,25 20 38 39 48 13,25 20 38 39 48 13 9 6 49 40,25 20 38 39 48 13 9 6 49 40 42 4,0,0,0,0.10853087741569829,0.37416578847872867,6.0,2007-01-02,2024-12-13,1959,"{""C_proxy"": 0.2, ""features"": [""long_z"", ""recent20_z"", ""recent50_z"", ""recent100_z"", ""ewma_z"", ""gap_z"", ""transition_z"", ""in_last_draw""], ""include_number"": true, ""retrain_interval"": 1, ""seed"": 20260728, ""shrink_strength"": 0.1}",audited-1.0.0-online-SGD-r1,FullFeatureLogistic
1960,113000115,2024-12-20,3 8 18 26 40 46,25 38 39 20 13 9,25 38 39 20 13 9 48 49 6 40,25 38 39 20 13 9 48 49 6 40 28 42,0,1,1,0.109267454018089,0.3792871881396456,6.000000000000001,2007-01-02,2024-12-17,1960,"{""C_proxy"": 0.2, ""features"": [""long_z"", ""recent20_z"", ""recent50_z"", ""recent100_z"", ""ewma_z"", ""gap_z"", ""transition_z"", ""in_last_draw""], ""include_number"": true, ""retrain_interval"": 1, ""seed"": 20260728, ""shrink_strength"": 0.1}",audited-1.0.0-online-SGD-r1,FullFeatureLogistic
1961,113000116,2024-12-24,5 9 10 29 35 48,25 38 39 20 48 9,25 38 39 20 48 9 13 49 6 42,25 38 39 20 48 9 13 49 6 42 28 4,2,2,2,0.10714425326135874,0.36969335668531705,5.999999999999999,2007-01-02,2024-12-20,1961,"{""C_proxy"": 0.2, ""features"": [""long_z"", ""recent20_z"", ""recent50_z"", ""recent100_z"", ""ewma_z"", ""gap_z"", ""transition_z"", ""in_last_draw""], ""include_number"": true, ""retrain_interval"": 1, ""seed"": 20260728, ""shrink_strength"": 0.1}",audited-1.0.0-online-SGD-r1,FullFeatureLogistic
1962,113000117,2024-12-27,21 26 28 30 32 34,25 38 39 20 49 13,25 38 39 20 49 13 6 42 28 4,25 38 39 20 49 13 6 42 28 4 40 48,0,1,1,0.11138373813116108,0.39437091342047814,6.0,2007-01-02,2024-12-24,1962,"{""C_proxy"": 0.2, ""features"": [""long_z"", ""recent20_z"", ""recent50_z"", ""recent100_z"", ""ewma_z"", ""gap_z"", ""transition_z"", ""in_last_draw""], ""include_number"": true, ""retrain_interval"": 1, ""seed"": 20260728, ""shrink_strength"": 0.1}",audited-1.0.0-online-SGD-r1,FullFeatureLogistic
1963,113000118,2024-12-31,10 25 34 35 42 48,25 38 39 20 49 13,25 38 39 20 49 13 48 6 9 42,25 38 39 20 49 13 48 6 9 42 4 40,1,3,3,0.1042840106778126,0.35925430700610983,6.0,2007-01-02,2024-12-27,1963,"{""C_proxy"": 0.2, ""features"": [""long_z"", ""recent20_z"", ""recent50_z"", ""recent100_z"", ""ewma_z"", ""gap_z"", ""transition_z"", ""in_last_draw""], ""include_number"": true, ""retrain_interval"": 1, ""seed"": 20260728, ""shrink_strength"": 0.1}",audited-1.0.0-online-SGD-r1,FullFeatureLogistic
1964,114000001,2025-01-03,6 9 15 29 30 48,38 25 39 20 49 13,38 25 39 20 49 13 9 6 4 40,38 25 39 20 49 13 9 6 4 40 12 28,0,2,2,0.10801156682859112,0.37947863348830985,6.0,2007-01-02,2024-12-31,1964,"{""C_proxy"": 0.2, ""features"": [""long_z"", ""recent20_z"", ""recent50_z"", ""recent100_z"", ""ewma_z"", ""gap_z"", ""transition_z"", ""in_last_draw""], ""include_number"": true, ""retrain_interval"": 1, ""seed"": 20260728, ""shrink_strength"": 0.1}",audited-1.0.0-online-SGD-r1,FullFeatureLogistic
1965,114000002,2025-01-07,1 8 20 26 29 35,25 38 20 39 49 13,25 38 20 39 49 13 4 42 40 28,25 38 20 39 49 13 4 42 40 28 12 9,1,1,1,0.11052649635406855,0.38747510958052184,6.000000000000001,2007-01-02,2025-01-03,1965,"{""C_proxy"": 0.2, ""features"": [""long_z"", ""recent20_z"", ""recent50_z"", ""recent100_z"", ""ewma_z"", ""gap_z"", ""transition_z"", ""in_last_draw""], ""include_number"": true, ""retrain_interval"": 1, ""seed"": 20260728, ""shrink_strength"": 0.1}",audited-1.0.0-online-SGD-r1,FullFeatureLogistic
1966,114000003,2025-01-10,14 29 35 36 37 49,25 38 49 39 13 42,25 38 49 39 13 42 40 28 9 6,25 38 49 39 13 42 40 28 9 6 4 48,1,1,1,0.11391639925462355,0.40598090874887927,6.000000000000001,2007-01-02,2025-01-07,1966,"{""C_proxy"": 0.2, ""features"": [""long_z"", ""recent20_z"", ""recent50_z"", ""recent100_z"", ""ewma_z"", ""gap_z"", ""transition_z"", ""in_last_draw""], ""include_number"": true, ""retrain_interval"": 1, ""seed"": 20260728, ""shrink_strength"": 0.1}",audited-1.0.0-online-SGD-r1,FullFeatureLogistic
1967,114000004,2025-01-14,1 3 13 15 37 48,25 38 39 20 13 49,25 38 39 20 13 49 9 28 42 6,25 38 39 20 13 49 9 28 42 6 40 48,1,1,2,0.1069674751665321,0.36844733359315734,6.000000000000001,2007-01-02,2025-01-10,1967,"{""C_proxy"": 0.2, ""features"": [""long_z"", ""recent20_z"", ""recent50_z"", ""recent100_z"", ""ewma_z"", ""gap_z"", ""transition_z"", ""in_last_draw""], ""include_number"": true, ""retrain_interval"": 1, ""seed"": 20260728, ""shrink_strength"": 0.1}",audited-1.0.0-online-SGD-r1,FullFeatureLogistic
1968,114000005,2025-01-17,11 18 32 39 44 49,25 38 49 39 20 9,25 38 49 39 20 9 28 42 6 40,25 38 49 39 20 9 28 42 6 40 12 13,2,2,2,0.10776107983447054,0.3739934547899916,6.000000000000001,2007-01-02,2025-01-14,1968,"{""C_proxy"": 0.2, ""features"": [""long_z"", ""recent20_z"", ""recent50_z"", ""recent100_z"", ""ewma_z"", ""gap_z"", ""transition_z"", ""in_last_draw""], ""include_number"": true, ""retrain_interval"": 1, ""seed"": 20260728, ""shrink_strength"": 0.1}",audited-1.0.0-online-SGD-r1,FullFeatureLogistic
1969,114000006,2025-01-21,6 21 35 36 38 42,25 38 20 39 13 9,25 38 20 39 13 9 28 42 40 49,25 38 20 39 13 9 28 42 40 49 6 48,1,2,3,0.10662195137578366,0.3702827165136891,6.0,2007-01-02,2025-01-17,1969,"{""C_proxy"": 0.2, ""features"": [""long_z"", ""recent20_z"", ""recent50_z"", ""recent100_z"", ""ewma_z"", ""gap_z"", ""transition_z"", ""in_last_draw""], ""include_number"": true, ""retrain_interval"": 1, ""seed"": 20260728, ""shrink_strength"": 0.1}",audited-1.0.0-online-SGD-r1,FullFeatureLogistic
1970,114000007,2025-01-24,6 22 23 30 36 37,25 38 39 49 20 13,25 38 39 49 20 13 9 28 40 12,25 38 39 49 20 13 9 28 40 12 4 48,0,0,0,0.11481550958386304,0.41153300905872253,6.0,2007-01-02,2025-01-21,1970,"{""C_proxy"": 0.2, ""features"": [""long_z"", ""recent20_z"", ""recent50_z"", ""recent100_z"", ""ewma_z"", ""gap_z"", ""transition_z"", ""in_last_draw""], ""include_number"": true, ""retrain_interval"": 1, ""seed"": 20260728, ""shrink_strength"": 0.1}",audited-1.0.0-online-SGD-r1,FullFeatureLogistic
1971,114000008,2025-01-25,2 3 10 12 34 40,25 38 49 39 20 13,25 38 49 39 20 13 9 28 40 42,25 38 49 39 20 13 9 28 40 42 12 48,0,1,2,0.10570594166587437,0.36011851817904533,6.0,2007-01-02,2025-01-24,1971,"{""C_proxy"": 0.2, ""features"": [""long_z"", ""recent20_z"", ""recent50_z"", ""recent100_z"", ""ewma_z"", ""gap_z"", ""transition_z"", ""in_last_draw""], ""include_number"": true, ""retrain_interval"": 1, ""seed"": 20260728, ""shrink_strength"": 0.1}",audited-1.0.0-online-SGD-r1,FullFeatureLogistic
1972,114000009,2025-01-26,7 12 16 31 40 43,25 38 49 39 20 9,25 38 49 39 20 9 28 13 42 48,25 38 49 39 20 9 28 13 42 48 4 40,0,0,1,0.10608383952804776,0.36170238691934686,6.000000000000001,2007-01-02,2025-01-25,1972,"{""C_proxy"": 0.2, ""features"": [""long_z"", ""recent20_z"", ""recent50_z"", ""recent100_z"", ""ewma_z"", ""gap_z"", ""transition_z"", ""in_last_draw""], ""include_number"": true, ""retrain_interval"": 1, ""seed"": 20260728, ""shrink_strength"": 0.1}",audited-1.0.0-online-SGD-r1,FullFeatureLogistic
1973,114000010,2025-01-27,11 22 30 35 37 38,25 38 49 39 20 28,25 38 49 39 20 28 13 9 42 48,25 38 49 39 20 28 13 9 42 48 4 26,1,1,1,0.11455388070636574,0.4169466432677451,5.999999999999999,2007-01-02,2025-01-26,1973,"{""C_proxy"": 0.2, ""features"": [""long_z"", ""recent20_z"", ""recent50_z"", ""recent100_z"", ""ewma_z"", ""gap_z"", ""transition_z"", ""in_last_draw""], ""include_number"": true, ""retrain_interval"": 1, ""seed"": 20260728, ""shrink_strength"": 0.1}",audited-1.0.0-online-SGD-r1,FullFeatureLogistic
1974,114000011,2025-01-28,4 8 20 26 31 34,25 38 49 39 20 13,25 38 49 39 20 13 28 9 42 48,25 38 49 39 20 13 28 9 42 48 4 26,1,1,3,0.10704417240226044,0.3681552177078768,6.0,2007-01-02,2025-01-27,1974,"{""C_proxy"": 0.2, ""features"": [""long_z"", ""recent20_z"", ""recent50_z"", ""recent100_z"", ""ewma_z"", ""gap_z"", ""transition_z"", ""in_last_draw""], ""include_number"": true, ""retrain_interval"": 1, ""seed"": 20260728, ""shrink_strength"": 0.1}",audited-1.0.0-online-SGD-r1,FullFeatureLogistic
1975,114000012,2025-01-29,15 17 22 26 32 42,25 38 49 39 13 28,25 38 49 39 13 28 9 42 48 40,25 38 49 39 13 28 9 42 48 40 12 16,0,1,1,0.1086742399026668,0.37498966519187066,6.0,2007-01-02,2025-01-28,1975,"{""C_proxy"": 0.2, ""features"": [""long_z"", ""recent20_z"", ""recent50_z"", ""recent100_z"", ""ewma_z"", ""gap_z"", ""transition_z"", ""in_last_draw""], ""include_number"": true, ""retrain_interval"": 1, ""seed"": 20260728, ""shrink_strength"": 0.1}",audited-1.0.0-online-SGD-r1,FullFeatureLogistic
1976,114000013,2025-01-30,5 8 27 29 30 48,25 38 49 39 13 9,25 38 49 39 13 9 28 20 48 4,25 38 49 39 13 9 28 20 48 4 40 16,0,1,1,0.11326844088739174,0.40437597051634105,6.0,2007-01-02,2025-01-29,1976,"{""C_proxy"": 0.2, ""features"": [""long_z"", ""recent20_z"", ""recent50_z"", ""recent100_z"", ""ewma_z"", ""gap_z"", ""transition_z"", ""in_last_draw""], ""include_number"": true, ""retrain_interval"": 1, ""seed"": 20260728, ""shrink_strength"": 0.1}",audited-1.0.0-online-SGD-r1,FullFeatureLogistic
1977,114000014,2025-01-31,7 11 13 23 39 42,25 38 49 39 13 28,25 38 49 39 13 28 9 20 4 42,25 38 49 39 13 28 9 20 4 42 40 12,2,3,3,0.10670900744942446,0.3682026621279436,6.0,2007-01-02,2025-01-30,1977,"{""C_proxy"": 0.2, ""features"": [""long_z"", ""recent20_z"", ""recent50_z"", ""recent100_z"", ""ewma_z"", ""gap_z"", ""transition_z"", ""in_last_draw""], ""include_number"": true, ""retrain_interval"": 1, ""seed"": 20260728, ""shrink_strength"": 0.1}",audited-1.0.0-online-SGD-r1,FullFeatureLogistic
1978,114000015,2025-02-01,2 9 10 18 39 40,25 38 49 28 9 20,25 38 49 28 9 20 39 48 4 40,25 38 49 28 9 20 39 48 4 40 13 12,1,3,3,0.10326360399161345,0.34988253580887013,6.000000000000001,2007-01-02,2025-01-31,1978,"{""C_proxy"": 0.2, ""features"": [""long_z"", ""recent20_z"", ""recent50_z"", ""recent100_z"", ""ewma_z"", ""gap_z"", ""transition_z"", ""in_last_draw""], ""include_number"": true, ""retrain_interval"": 1, ""seed"": 20260728, ""shrink_strength"": 0.1}",audited-1.0.0-online-SGD-r1,FullFeatureLogistic
1979,114000016,2025-02-02,10 16 25 28 33 37,25 38 49 28 20 13,25 38 49 28 20 13 48 4 9 39,25 38 49 28 20 13 48 4 9 39 12 16,2,2,3,0.1044495311656735,0.3608591338878396,6.000000000000001,2007-01-02,2025-02-01,1979,"{""C_proxy"": 0.2, ""features"": [""long_z"", ""recent20_z"", ""recent50_z"", ""recent100_z"", ""ewma_z"", ""gap_z"", ""transition_z"", ""in_last_draw""], ""include_number"": true, ""retrain_interval"": 1, ""seed"": 20260728, ""shrink_strength"": 0.1}",audited-1.0.0-online-SGD-r1,FullFeatureLogistic
1980,114000017,2025-02-03,7 20 29 32 33 39,25 38 49 20 9 13,25 38 49 20 9 13 39 48 4 28,25 38 49 20 9 13 39 48 4 28 12 6,1,2,2,0.10802502045334593,0.3729516920329642,6.0,2007-01-02,2025-02-02,1980,"{""C_proxy"": 0.2, ""features"": [""long_z"", ""recent20_z"", ""recent50_z"", ""recent100_z"", ""ewma_z"", ""gap_z"", ""transition_z"", ""in_last_draw""], ""include_number"": true, ""retrain_interval"": 1, ""seed"": 20260728, ""shrink_strength"": 0.1}",audited-1.0.0-online-SGD-r1,FullFeatureLogistic
1981,114000018,2025-02-04,15 17 21 26 30 47,25 38 49 28 13 9,25 38 49 28 13 9 48 4 12 6,25 38 49 28 13 9 48 4 12 6 42 39,0,0,0,0.11242056563774591,0.3995060814424645,5.999999999999999,2007-01-02,2025-02-03,1981,"{""C_proxy"": 0.2, ""features"": [""long_z"", ""recent20_z"", ""recent50_z"", ""recent100_z"", ""ewma_z"", ""gap_z"", ""transition_z"", ""in_last_draw""], ""include_number"": true, ""retrain_interval"": 1, ""seed"": 20260728, ""shrink_strength"": 0.1}",audited-1.0.0-online-SGD-r1,FullFeatureLogistic
1982,114000019,2025-02-05,3 6 13 32 33 41,25 38 49 28 13 9,25 38 49 28 13 9 48 20 39 4,25 38 49 28 13 9 48 20 39 4 12 42,1,1,1,0.10969205295074602,0.3808189476824177,6.000000000000002,2007-01-02,2025-02-04,1982,"{""C_proxy"": 0.2, ""features"": [""long_z"", ""recent20_z"", ""recent50_z"", ""recent100_z"", ""ewma_z"", ""gap_z"", ""transition_z"", ""in_last_draw""], ""include_number"": true, ""retrain_interval"": 1, ""seed"": 20260728, ""shrink_strength"": 0.1}",audited-1.0.0-online-SGD-r1,FullFeatureLogistic
1983,114000020,2025-02-06,2 5 18 19 42 45,25 38 49 28 9 20,25 38 49 28 9 20 48 39 4 42,25 38 49 28 9 20 48 39 4 42 12 5,0,1,2,0.10758571007095974,0.3701912971578034,6.0,2007-01-02,2025-02-05,1983,"{""C_proxy"": 0.2, ""features"": [""long_z"", ""recent20_z"", ""recent50_z"", ""recent100_z"", ""ewma_z"", ""gap_z"", ""transition_z"", ""in_last_draw""], ""include_number"": true, ""retrain_interval"": 1, ""seed"": 20260728, ""shrink_strength"": 0.1}",audited-1.0.0-online-SGD-r1,FullFeatureLogistic
1984,114000021,2025-02-07,14 22 25 44 46 49,25 38 49 28 9 20,25 38 49 28 9 20 39 48 13 4,25 38 49 28 9 20 39 48 13 4 12 1,2,2,2,0.10554219659208651,0.3666642370470416,6.000000000000001,2007-01-02,2025-02-06,1984,"{""C_proxy"": 0.2, ""features"": [""long_z"", ""recent20_z"", ""recent50_z"", ""recent100_z"", ""ewma_z"", ""gap_z"", ""transition_z"", ""in_last_draw""], ""include_number"": true, ""retrain_interval"": 1, ""seed"": 20260728, ""shrink_strength"": 0.1}",audited-1.0.0-online-SGD-r1,FullFeatureLogistic
1985,114000022,2025-02-08,3 6 23 26 40 43,38 25 28 49 9 20,38 25 28 49 9 20 39 13 48 12,38 25 28 49 9 20 39 13 48 12 4 42,0,0,0,0.10703032377137475,0.36666711501687255,6.0,2007-01-02,2025-02-07,1985,"{""C_proxy"": 0.2, ""features"": [""long_z"", ""recent20_z"", ""recent50_z"", ""recent100_z"", ""ewma_z"", ""gap_z"", ""transition_z"", ""in_last_draw""], ""include_number"": true, ""retrain_interval"": 1, ""seed"": 20260728, ""shrink_strength"": 0.1}",audited-1.0.0-online-SGD-r1,FullFeatureLogistic
1986,114000023,2025-02-09,4 6 13 14 22 25,25 38 49 28 9 20,25 38 49 28 9 20 39 12 13 48,25 38 49 28 9 20 39 12 13 48 4 42,1,2,3,0.10422797781027378,0.3581230840761676,5.999999999999999,2007-01-02,2025-02-08,1986,"{""C_proxy"": 0.2, ""features"": [""long_z"", ""recent20_z"", ""recent50_z"", ""recent100_z"", ""ewma_z"", ""gap_z"", ""transition_z"", ""in_last_draw""], ""include_number"": true, ""retrain_interval"": 1, ""seed"": 20260728, ""shrink_strength"": 0.1}",audited-1.0.0-online-SGD-r1,FullFeatureLogistic
1987,114000024,2025-02-10,1 18 28 34 35 43,38 25 49 28 9 20,38 25 49 28 9 20 39 12 48 42,38 25 49 28 9 20 39 12 48 42 47 1,1,1,2,0.10672487247797514,0.367707962493179,6.000000000000001,2007-01-02,2025-02-09,1987,"{""C_proxy"": 0.2, ""features"": [""long_z"", ""recent20_z"", ""recent50_z"", ""recent100_z"", ""ewma_z"", ""gap_z"", ""transition_z"", ""in_last_draw""], ""include_number"": true, ""retrain_interval"": 1, ""seed"": 20260728, ""shrink_strength"": 0.1}",audited-1.0.0-online-SGD-r1,FullFeatureLogistic
1988,114000025,2025-02-11,7 19 25 27 34 35,25 38 49 9 20 39,25 38 49 9 20 39 12 42 48 28,25 38 49 9 20 39 12 42 48 28 4 13,1,1,1,0.10909817891324569,0.38247485000518255,6.0,2007-01-02,2025-02-10,1988,"{""C_proxy"": 0.2, ""features"": [""long_z"", ""recent20_z"", ""recent50_z"", ""recent100_z"", ""ewma_z"", ""gap_z"", ""transition_z"", ""in_last_draw""], ""include_number"": true, ""retrain_interval"": 1, ""seed"": 20260728, ""shrink_strength"": 0.1}",audited-1.0.0-online-SGD-r1,FullFeatureLogistic
1989,114000026,2025-02-12,12 30 31 37 47 49,38 49 25 9 20 28,38 49 25 9 20 28 39 42 48 12,38 49 25 9 20 28 39 42 48 12 13 4,1,2,2,0.10909724829249422,0.3862848544259807,6.0,2007-01-02,2025-02-11,1989,"{""C_proxy"": 0.2, ""features"": [""long_z"", ""recent20_z"", ""recent50_z"", ""recent100_z"", ""ewma_z"", ""gap_z"", ""transition_z"", ""in_last_draw""], ""include_number"": true, ""retrain_interval"": 1, ""seed"": 20260728, ""shrink_strength"": 0.1}",audited-1.0.0-online-SGD-r1,FullFeatureLogistic
1990,114000027,2025-02-14,8 11 14 29 33 45,25 38 9 20 28 39,25 38 9 20 28 39 49 48 42 13,25 38 9 20 28 39 49 48 42 13 4 1,0,0,0,0.11446233354343993,0.4049009610977696,6.0,2007-01-02,2025-02-12,1990,"{""C_proxy"": 0.2, ""features"": [""long_z"", ""recent20_z"", ""recent50_z"", ""recent100_z"", ""ewma_z"", ""gap_z"", ""transition_z"", ""in_last_draw""], ""include_number"": true, ""retrain_interval"": 1, ""seed"": 20260728, ""shrink_strength"": 0.1}",audited-1.0.0-online-SGD-r1,FullFeatureLogistic
1991,114000028,2025-02-18,5 9 10 31 35 37,25 38 49 9 20 28,25 38 49 9 20 28 39 42 48 13,25 38 49 9 20 28 39 42 48 13 4 12,1,1,1,0.10986318737981088,0.38413037410288847,5.999999999999999,2007-01-02,2025-02-14,1991,"{""C_proxy"": 0.2, ""features"": [""long_z"", ""recent20_z"", ""recent50_z"", ""recent100_z"", ""ewma_z"", ""gap_z"", ""transition_z"", ""in_last_draw""], ""include_number"": true, ""retrain_interval"": 1, ""seed"": 20260728, ""shrink_strength"": 0.1}",audited-1.0.0-online-SGD-r1,FullFeatureLogistic
1992,114000029,2025-02-21,2 7 27 30 38 49,25 38 49 20 28 39,25 38 49 20 28 39 42 48 9 4,25 38 49 20 28 39 42 48 9 4 13 12,2,2,2,0.10655967491392737,0.3745276201728497,6.0,2007-01-02,2025-02-18,1992,"{""C_proxy"": 0.2, ""features"": [""long_z"", ""recent20_z"", ""recent50_z"", ""recent100_z"", ""ewma_z"", ""gap_z"", ""transition_z"", ""in_last_draw""], ""include_number"": true, ""retrain_interval"": 1, ""seed"": 20260728, ""shrink_strength"": 0.1}",audited-1.0.0-online-SGD-r1,FullFeatureLogistic
1993,114000030,2025-02-25,13 15 24 37 38 43,25 38 28 20 39 9,25 38 28 20 39 9 42 48 49 4,25 38 28 20 39 9 42 48 49 4 12 1,1,1,1,0.10582533949996271,0.3644950720152531,5.999999999999999,2007-01-02,2025-02-21,1993,"{""C_proxy"": 0.2, ""features"": [""long_z"", ""recent20_z"", ""recent50_z"", ""recent100_z"", ""ewma_z"", ""gap_z"", ""transition_z"", ""in_last_draw""], ""include_number"": true, ""retrain_interval"": 1, ""seed"": 20260728, ""shrink_strength"": 0.1}",audited-1.0.0-online-SGD-r1,FullFeatureLogistic
1994,114000031,2025-02-28,7 19 25 26 38 39,25 49 28 38 20 39,25 49 28 38 20 39 9 42 48 4,25 49 28 38 20 39 9 42 48 4 12 1,3,3,3,0.10237477255875363,0.3512077769178495,6.0,2007-01-02,2025-02-25,1994,"{""C_proxy"": 0.2, ""features"": [""long_z"", ""recent20_z"", ""recent50_z"", ""recent100_z"", ""ewma_z"", ""gap_z"", ""transition_z"", ""in_last_draw""], ""include_number"": true, ""retrain_interval"": 1, ""seed"": 20260728, ""shrink_strength"": 0.1}",audited-1.0.0-online-SGD-r1,FullFeatureLogistic
1995,114000032,2025-03-04,7 21 31 36 46 47,25 49 28 20 9 42,25 49 28 20 9 42 38 48 39 4,25 49 28 20 9 42 38 48 39 4 1 12,0,0,0,0.11132295824777193,0.38782478471915177,6.000000000000001,2007-01-02,2025-02-28,1995,"{""C_proxy"": 0.2, ""features"": [""long_z"", ""recent20_z"", ""recent50_z"", ""recent100_z"", ""ewma_z"", ""gap_z"", ""transition_z"", ""in_last_draw""], ""include_number"": true, ""retrain_interval"": 1, ""seed"": 20260728, ""shrink_strength"": 0.1}",audited-1.0.0-online-SGD-r1,FullFeatureLogistic
1996,114000033,2025-03-07,5 7 26 30 40 48,25 49 38 28 20 9,25 49 38 28 20 9 39 42 48 1,25 49 38 28 20 9 39 42 48 1 4 12,0,1,1,0.10936351606073436,0.3849276257881369,6.0,2007-01-02,2025-03-04,1996,"{""C_proxy"": 0.2, ""features"": [""long_z"", ""recent20_z"", ""recent50_z"", ""recent100_z"", ""ewma_z"", ""gap_z"", ""transition_z"", ""in_last_draw""], ""include_number"": true, ""retrain_interval"": 1, ""seed"": 20260728, ""shrink_strength"": 0.1}",audited-1.0.0-online-SGD-r1,FullFeatureLogistic
1997,114000034,2025-03-11,2 18 25 37 38 47,25 49 38 28 20 39,25 49 38 28 20 39 9 42 48 1,25 49 38 28 20 39 9 42 48 1 4 12,2,2,2,0.1033147012616776,0.3554465710815661,6.0,2007-01-02,2025-03-07,1997,"{""C_proxy"": 0.2, ""features"": [""long_z"", ""recent20_z"", ""recent50_z"", ""recent100_z"", ""ewma_z"", ""gap_z"", ""transition_z"", ""in_last_draw""], ""include_number"": true, ""retrain_interval"": 1, ""seed"": 20260728, ""shrink_strength"": 0.1}",audited-1.0.0-online-SGD-r1,FullFeatureLogistic
1998,114000035,2025-03-14,6 7 13 17 21 23,25 49 28 20 39 9,25 49 28 20 39 9 42 48 38 1,25 49 28 20 39 9 42 48 38 1 12 13,0,0,1,0.11081123332349688,0.38652122407817296,6.000000000000003,2007-01-02,2025-03-11,1998,"{""C_proxy"": 0.2, ""features"": [""long_z"", ""recent20_z"", ""recent50_z"", ""recent100_z"", ""ewma_z"", ""gap_z"", ""transition_z"", ""in_last_draw""], ""include_number"": true, ""retrain_interval"": 1, ""seed"": 20260728, ""shrink_strength"": 0.1}",audited-1.0.0-online-SGD-r1,FullFeatureLogistic
1999,114000036,2025-03-18,7 8 13 17 29 36,25 49 38 28 20 39,25 49 38 28 20 39 9 48 42 12,25 49 38 28 20 39 9 48 42 12 4 1,0,0,0,0.11324547096112604,0.39827661463860287,6.0,2007-01-02,2025-03-14,1999,"{""C_proxy"": 0.2, ""features"": [""long_z"", ""recent20_z"", ""recent50_z"", ""recent100_z"", ""ewma_z"", ""gap_z"", ""transition_z"", ""in_last_draw""], ""include_number"": true, ""retrain_interval"": 1, ""seed"": 20260728, ""shrink_strength"": 0.1}",audited-1.0.0-online-SGD-r1,FullFeatureLogistic
2000,114000037,2025-03-21,13 25 29 40 46 47,25 49 38 28 20 39,25 49 38 28 20 39 9 48 42 12,25 49 38 28 20 39 9 48 42 12 4 24,1,1,1,0.10582894173602685,0.3645141768000409,5.999999999999999,2007-01-02,2025-03-18,2000,"{""C_proxy"": 0.2, ""features"": [""long_z"", ""recent20_z"", ""recent50_z"", ""recent100_z"", ""ewma_z"", ""gap_z"", ""transition_z"", ""in_last_draw""], ""include_number"": true, ""retrain_interval"": 1, ""seed"": 20260728, ""shrink_strength"": 0.1}",audited-1.0.0-online-SGD-r1,FullFeatureLogistic
2001,114000038,2025-03-25,17 24 40 41 46 48,25 49 38 20 39 28,25 49 38 20 39 28 9 48 42 12,25 49 38 20 39 28 9 48 42 12 6 1,0,1,1,0.11080768614292619,0.3887024481463278,6.000000000000001,2007-01-02,2025-03-21,2001,"{""C_proxy"": 0.2, ""features"": [""long_z"", ""recent20_z"", ""recent50_z"", ""recent100_z"", ""ewma_z"", ""gap_z"", ""transition_z"", ""in_last_draw""], ""include_number"": true, ""retrain_interval"": 1, ""seed"": 20260728, ""shrink_strength"": 0.1}",audited-1.0.0-online-SGD-r1,FullFeatureLogistic
2002,114000039,2025-03-28,1 7 11 15 27 30,25 49 38 39 20 28,25 49 38 39 20 28 9 42 6 48,25 49 38 39 20 28 9 42 6 48 12 4,0,0,0,0.11345265158408016,0.4049814355456535,5.999999999999999,2007-01-02,2025-03-25,2002,"{""C_proxy"": 0.2, ""features"": [""long_z"", ""recent20_z"", ""recent50_z"", ""recent100_z"", ""ewma_z"", ""gap_z"", ""transition_z"", ""in_last_draw""], ""include_number"": true, ""retrain_interval"": 1, ""seed"": 20260728, ""shrink_strength"": 0.1}",audited-1.0.0-online-SGD-r1,FullFeatureLogistic
2003,114000040,2025-04-01,4 16 18 29 35 37,25 49 38 20 39 28,25 49 38 20 39 28 9 42 48 12,25 49 38 20 39 28 9 42 48 12 6 4,0,0,1,0.11098073299777966,0.38778271297389943,6.0,2007-01-02,2025-03-28,2003,"{""C_proxy"": 0.2, ""features"": [""long_z"", ""recent20_z"", ""recent50_z"", ""recent100_z"", ""ewma_z"", ""gap_z"", ""transition_z"", ""in_last_draw""], ""include_number"": true, ""retrain_interval"": 1, ""seed"": 20260728, ""shrink_strength"": 0.1}",audited-1.0.0-online-SGD-r1,FullFeatureLogistic
2004,114000041,2025-04-04,7 20 29 40 43 47,25 49 38 39 20 28,25 49 38 39 20 28 9 42 48 6,25 49 38 39 20 28 9 42 48 6 12 1,1,1,1,0.10783512196053922,0.3711317551494814,6.0,2007-01-02,2025-04-01,2004,"{""C_proxy"": 0.2, ""features"": [""long_z"", ""recent20_z"", ""recent50_z"", ""recent100_z"", ""ewma_z"", ""gap_z"", ""transition_z"", ""in_last_draw""], ""include_number"": true, ""retrain_interval"": 1, ""seed"": 20260728, ""shrink_strength"": 0.1}",audited-1.0.0-online-SGD-r1,FullFeatureLogistic
2005,114000042,2025-04-08,10 26 33 39 45 46,25 49 38 39 9 28,25 49 38 39 9 28 48 42 20 6,25 49 38 39 9 28 48 42 20 6 12 1,1,1,1,0.10718537305796952,0.3693466670325567,6.0,2007-01-02,2025-04-04,2005,"{""C_proxy"": 0.2, ""features"": [""long_z"", ""recent20_z"", ""recent50_z"", ""recent100_z"", ""ewma_z"", ""gap_z"", ""transition_z"", ""in_last_draw""], ""include_number"": true, ""retrain_interval"": 1, ""seed"": 20260728, ""shrink_strength"": 0.1}",audited-1.0.0-online-SGD-r1,FullFeatureLogistic
2006,114000043,2025-04-11,6 10 11 17 23 32,25 49 38 20 9 28,25 49 38 20 9 28 48 42 39 6,25 49 38 20 9 28 48 42 39 6 1 4,0,1,1,0.11239269717991086,0.3944962465430526,5.999999999999999,2007-01-02,2025-04-08,2006,"{""C_proxy"": 0.2, ""features"": [""long_z"", ""recent20_z"", ""recent50_z"", ""recent100_z"", ""ewma_z"", ""gap_z"", ""transition_z"", ""in_last_draw""], ""include_number"": true, ""retrain_interval"": 1, ""seed"": 20260728, ""shrink_strength"": 0.1}",audited-1.0.0-online-SGD-r1,FullFeatureLogistic
2007,114000044,2025-04-15,18 28 37 41 43 46,25 49 38 20 39 28,25 49 38 20 39 28 9 48 42 4,25 49 38 20 39 28 9 48 42 4 1 12,1,1,1,0.11152218721971661,0.3916002654441347,6.0,2007-01-02,2025-04-11,2007,"{""C_proxy"": 0.2, ""features"": [""long_z"", ""recent20_z"", ""recent50_z"", ""recent100_z"", ""ewma_z"", ""gap_z"", ""transition_z"", ""in_last_draw""], ""include_number"": true, ""retrain_interval"": 1, ""seed"": 20260728, ""shrink_strength"": 0.1}",audited-1.0.0-online-SGD-r1,FullFeatureLogistic
2008,114000045,2025-04-18,2 8 15 22 29 45,25 38 49 20 39 9,25 38 49 20 39 9 48 42 28 4,25 38 49 20 39 9 48 42 28 4 12 26,0,0,0,0.10955808916959431,0.3786217835727759,6.0,2007-01-02,2025-04-15,2008,"{""C_proxy"": 0.2, ""features"": [""long_z"", ""recent20_z"", ""recent50_z"", ""recent100_z"", ""ewma_z"", ""gap_z"", ""transition_z"", ""in_last_draw""], ""include_number"": true, ""retrain_interval"": 1, ""seed"": 20260728, ""shrink_strength"": 0.1}",audited-1.0.0-online-SGD-r1,FullFeatureLogistic
2009,114000046,2025-04-22,1 6 14 19 35 49,25 38 49 20 39 28,25 38 49 20 39 28 9 48 42 4,25 38 49 20 39 28 9 48 42 4 26 12,1,1,1,0.10963379765510832,0.3841792932173596,6.0,2007-01-02,2025-04-18,2009,"{""C_proxy"": 0.2, ""features"": [""long_z"", ""recent20_z"", ""recent50_z"", ""recent100_z"", ""ewma_z"", ""gap_z"", ""transition_z"", ""in_last_draw""], ""include_number"": true, ""retrain_interval"": 1, ""seed"": 20260728, ""shrink_strength"": 0.1}",audited-1.0.0-online-SGD-r1,FullFeatureLogistic
2010,114000047,2025-04-25,20 21 24 25 31 35,25 38 20 39 28 9,25 38 20 39 28 9 49 48 42 4,25 38 20 39 28 9 49 48 42 4 26 13,2,2,2,0.10564761202573832,0.3673592214180337,6.0,2007-01-02,2025-04-22,2010,"{""C_proxy"": 0.2, ""features"": [""long_z"", ""recent20_z"", ""recent50_z"", ""recent100_z"", ""ewma_z"", ""gap_z"", ""transition_z"", ""in_last_draw""], ""include_number"": true, ""retrain_interval"": 1, ""seed"": 20260728, ""shrink_strength"": 0.1}",audited-1.0.0-online-SGD-r1,FullFeatureLogistic
2011,114000048,2025-04-29,7 11 24 26 30 42,25 38 49 39 28 9,25 38 49 39 28 9 48 42 4 20,25 38 49 39 28 9 48 42 4 20 26 13,0,1,2,0.11155431406924572,0.39607598598208,6.000000000000001,2007-01-02,2025-04-25,2011,"{""C_proxy"": 0.2, ""features"": [""long_z"", ""recent20_z"", ""recent50_z"", ""recent100_z"", ""ewma_z"", ""gap_z"", ""transition_z"", ""in_last_draw""], ""include_number"": true, ""retrain_interval"": 1, ""seed"": 20260728, ""shrink_strength"": 0.1}",audited-1.0.0-online-SGD-r1,FullFeatureLogistic
2012,114000049,2025-05-02,2 5 39 43 45 47,25 49 38 28 39 20,25 49 38 28 39 20 9 48 42 4,25 49 38 28 39 20 9 48 42 4 13 12,1,1,1,0.10499081078150106,0.3571995860469045,6.0,2007-01-02,2025-04-29,2012,"{""C_proxy"": 0.2, ""features"": [""long_z"", ""recent20_z"", ""recent50_z"", ""recent100_z"", ""ewma_z"", ""gap_z"", ""transition_z"", ""in_last_draw""], ""include_number"": true, ""retrain_interval"": 1, ""seed"": 20260728, ""shrink_strength"": 0.1}",audited-1.0.0-online-SGD-r1,FullFeatureLogistic
2013,114000050,2025-05-06,5 8 9 25 30 45,25 38 49 28 20 9,25 38 49 28 20 9 42 48 39 4,25 38 49 28 20 9 42 48 39 4 13 12,2,2,2,0.10831187509329172,0.3842017304951555,5.999999999999999,2007-01-02,2025-05-02,2013,"{""C_proxy"": 0.2, ""features"": [""long_z"", ""recent20_z"", ""recent50_z"", ""recent100_z"", ""ewma_z"", ""gap_z"", ""transition_z"", ""in_last_draw""], ""include_number"": true, ""retrain_interval"": 1, ""seed"": 20260728, ""shrink_strength"": 0.1}",audited-1.0.0-online-SGD-r1,FullFeatureLogistic
2014,114000051,2025-05-09,15 27 33 42 48 49,38 25 49 28 20 39,38 25 49 28 20 39 42 48 9 4,38 25 49 28 20 39 42 48 9 4 13 26,1,3,3,0.10404803691894464,0.35568734181434564,6.0,2007-01-02,2025-05-06,2014,"{""C_proxy"": 0.2, ""features"": [""long_z"", ""recent20_z"", ""recent50_z"", ""recent100_z"", ""ewma_z"", ""gap_z"", ""transition_z"", ""in_last_draw""], ""include_number"": true, ""retrain_interval"": 1, ""seed"": 20260728, ""shrink_strength"": 0.1}",audited-1.0.0-online-SGD-r1,FullFeatureLogistic
2015,114000052,2025-05-13,1 23 29 41 45 49,25 38 28 20 39 9,25 38 28 20 39 9 49 4 13 42,25 38 28 20 39 9 49 4 13 42 26 12,0,1,1,0.10974019131412416,0.3811301443406116,6.000000000000002,2007-01-02,2025-05-09,2015,"{""C_proxy"": 0.2, ""features"": [""long_z"", ""recent20_z"", ""recent50_z"", ""recent100_z"", ""ewma_z"", ""gap_z"", ""transition_z"", ""in_last_draw""], ""include_number"": true, ""retrain_interval"": 1, ""seed"": 20260728, ""shrink_strength"": 0.1}",audited-1.0.0-online-SGD-r1,FullFeatureLogistic
2016,114000053,2025-05-16,13 16 22 23 34 39,25 38 28 20 39 9,25 38 28 20 39 9 48 42 13 4,25 38 28 20 39 9 48 42 13 4 49 26,1,2,2,0.10514288974033285,0.3589165950826872,6.0,2007-01-02,2025-05-13,2016,"{""C_proxy"": 0.2, ""features"": [""long_z"", ""recent20_z"", ""recent50_z"", ""recent100_z"", ""ewma_z"", ""gap_z"", ""transition_z"", ""in_last_draw""], ""include_number"": true, ""retrain_interval"": 1, ""seed"": 20260728, ""shrink_strength"": 0.1}",audited-1.0.0-online-SGD-r1,FullFeatureLogistic
2017,114000054,2025-05-20,2 11 15 26 29 48,25 38 20 28 9 49,25 38 20 28 9 49 48 42 4 39,25 38 20 28 9 49 48 42 4 39 26 6,0,1,2,0.10799253249458224,0.3734232054500791,6.000000000000001,2007-01-02,2025-05-16,2017,"{""C_proxy"": 0.2, ""features"": [""long_z"", ""recent20_z"", ""recent50_z"", ""recent100_z"", ""ewma_z"", ""gap_z"", ""transition_z"", ""in_last_draw""], ""include_number"": true, ""retrain_interval"": 1, ""seed"": 20260728, ""shrink_strength"": 0.1}",audited-1.0.0-online-SGD-r1,FullFeatureLogistic
2018,114000055,2025-05-23,1 7 11 24 44 48,25 38 20 28 49 9,25 38 20 28 49 9 39 42 4 13,25 38 20 28 49 9 39 42 4 13 12 6,0,0,0,0.10975361088831623,0.38136973564048793,6.000000000000001,2007-01-02,2025-05-20,2018,"{""C_proxy"": 0.2, ""features"": [""long_z"", ""recent20_z"", ""recent50_z"", ""recent100_z"", ""ewma_z"", ""gap_z"", ""transition_z"", ""in_last_draw""], ""include_number"": true, ""retrain_interval"": 1, ""seed"": 20260728, ""shrink_strength"": 0.1}",audited-1.0.0-online-SGD-r1,FullFeatureLogistic
2019,114000056,2025-05-27,16 17 26 29 32 40,25 38 20 28 49 9,25 38 20 28 49 9 39 42 13 4,25 38 20 28 49 9 39 42 13 4 26 16,0,0,2,0.10954808601572619,0.37994171651387165,6.0,2007-01-02,2025-05-23,2019,"{""C_proxy"": 0.2, ""features"": [""long_z"", ""recent20_z"", ""recent50_z"", ""recent100_z"", ""ewma_z"", ""gap_z"", ""transition_z"", ""in_last_draw""], ""include_number"": true, ""retrain_interval"": 1, ""seed"": 20260728, ""shrink_strength"": 0.1}",audited-1.0.0-online-SGD-r1,FullFeatureLogistic
2020,114000057,2025-05-30,3 4 13 21 38 46,25 38 20 49 28 9,25 38 20 49 28 9 39 42 13 4,25 38 20 49 28 9 39 42 13 4 12 48,1,3,3,0.10673835210142084,0.3686944629934977,6.000000000000001,2007-01-02,2025-05-27,2020,"{""C_proxy"": 0.2, ""features"": [""long_z"", ""recent20_z"", ""recent50_z"", ""recent100_z"", ""ewma_z"", ""gap_z"", ""transition_z"", ""in_last_draw""], ""include_number"": true, ""retrain_interval"": 1, ""seed"": 20260728, ""shrink_strength"": 0.1}",audited-1.0.0-online-SGD-r1,FullFeatureLogistic
2021,114000058,2025-06-03,9 24 32 40 41 49,25 38 49 20 28 9,25 38 49 20 28 9 39 42 48 12,25 38 49 20 28 9 39 42 48 12 10 40,2,2,3,0.10628211829543031,0.3664106921443245,6.000000000000001,2007-01-02,2025-05-30,2021,"{""C_proxy"": 0.2, ""features"": [""long_z"", ""recent20_z"", ""recent50_z"", ""recent100_z"", ""ewma_z"", ""gap_z"", ""transition_z"", ""in_last_draw""], ""include_number"": true, ""retrain_interval"": 1, ""seed"": 20260728, ""shrink_strength"": 0.1}",audited-1.0.0-online-SGD-r1,FullFeatureLogistic
2022,114000059,2025-06-06,11 13 15 39 42 46,25 38 28 20 39 42,25 38 28 20 39 42 9 49 4 13,25 38 28 20 39 42 9 49 4 13 48 26,2,3,3,0.10776361617236326,0.37444820347814245,6.0,2007-01-02,2025-06-03,2022,"{""C_proxy"": 0.2, ""features"": [""long_z"", ""recent20_z"", ""recent50_z"", ""recent100_z"", ""ewma_z"", ""gap_z"", ""transition_z"", ""in_last_draw""], ""include_number"": true, ""retrain_interval"": 1, ""seed"": 20260728, ""shrink_strength"": 0.1}",audited-1.0.0-online-SGD-r1,FullFeatureLogistic
2023,114000060,2025-06-10,3 5 12 16 22 48,25 38 28 49 20 9,25 38 28 49 20 9 39 4 48 42,25 38 28 49 20 9 39 4 48 42 26 6,0,1,1,0.1055260275166947,0.3593124225153713,6.0,2007-01-02,2025-06-06,2023,"{""C_proxy"": 0.2, ""features"": [""long_z"", ""recent20_z"", ""recent50_z"", ""recent100_z"", ""ewma_z"", ""gap_z"", ""transition_z"", ""in_last_draw""], ""include_number"": true, ""retrain_interval"": 1, ""seed"": 20260728, ""shrink_strength"": 0.1}",audited-1.0.0-online-SGD-r1,FullFeatureLogistic
2024,114000061,2025-06-13,1 2 10 13 20 27,25 38 49 28 20 9,25 38 49 28 20 9 39 42 4 26,25 38 49 28 20 9 39 42 4 26 6 13,1,1,2,0.10482624548963278,0.3570990032164511,6.0,2007-01-02,2025-06-10,2024,"{""C_proxy"": 0.2, ""features"": [""long_z"", ""recent20_z"", ""recent50_z"", ""recent100_z"", ""ewma_z"", ""gap_z"", ""transition_z"", ""in_last_draw""], ""include_number"": true, ""retrain_interval"": 1, ""seed"": 20260728, ""shrink_strength"": 0.1}",audited-1.0.0-online-SGD-r1,FullFeatureLogistic
2025,114000062,2025-06-17,13 20 21 26 31 44,25 38 49 28 9 39,25 38 49 28 9 39 42 12 26 4,25 38 49 28 9 39 42 12 26 4 20 48,0,1,2,0.10839561119282362,0.3730952200818784,6.000000000000003,2007-01-02,2025-06-13,2025,"{""C_proxy"": 0.2, ""features"": [""long_z"", ""recent20_z"", ""recent50_z"", ""recent100_z"", ""ewma_z"", ""gap_z"", ""transition_z"", ""in_last_draw""], ""include_number"": true, ""retrain_interval"": 1, ""seed"": 20260728, ""shrink_strength"": 0.1}",audited-1.0.0-online-SGD-r1,FullFeatureLogistic
2026,114000063,2025-06-20,4 20 31 40 42 48,25 38 49 28 9 39,25 38 49 28 9 39 42 4 12 48,25 38 49 28 9 39 42 4 12 48 10 6,0,3,3,0.10512446533556072,0.3582997530610671,5.999999999999999,2007-01-02,2025-06-17,2026,"{""C_proxy"": 0.2, ""features"": [""long_z"", ""recent20_z"", ""recent50_z"", ""recent100_z"", ""ewma_z"", ""gap_z"", ""transition_z"", ""in_last_draw""], ""include_number"": true, ""retrain_interval"": 1, ""seed"": 20260728, ""shrink_strength"": 0.1}",audited-1.0.0-online-SGD-r1,FullFeatureLogistic
2027,114000064,2025-06-24,3 8 20 37 45 49,25 38 49 9 28 39,25 38 49 9 28 39 12 26 42 10,25 38 49 9 28 39 12 26 42 10 6 47,1,1,1,0.10940677723674704,0.38053572901473076,6.000000000000001,2007-01-02,2025-06-20,2027,"{""C_proxy"": 0.2, ""features"": [""long_z"", ""recent20_z"", ""recent50_z"", ""recent100_z"", ""ewma_z"", ""gap_z"", ""transition_z"", ""in_last_draw""], ""include_number"": true, ""retrain_interval"": 1, ""seed"": 20260728, ""shrink_strength"": 0.1}",audited-1.0.0-online-SGD-r1,FullFeatureLogistic
2028,114000065,2025-06-27,4 8 9 14 21 39,25 38 9 28 39 49,25 38 9 28 39 49 42 26 12 10,25 38 9 28 39 49 42 26 12 10 1 6,2,2,2,0.10836338183319494,0.37720303393179455,5.999999999999999,2007-01-02,2025-06-24,2028,"{""C_proxy"": 0.2, ""features"": [""long_z"", ""recent20_z"", ""recent50_z"", ""recent100_z"", ""ewma_z"", ""gap_z"", ""transition_z"", ""in_last_draw""], ""include_number"": true, ""retrain_interval"": 1, ""seed"": 20260728, ""shrink_strength"": 0.1}",audited-1.0.0-online-SGD-r1,FullFeatureLogistic
2029,114000066,2025-07-01,8 9 21 25 33 34,25 38 49 28 42 9,25 38 49 28 42 9 39 26 6 12,25 38 49 28 42 9 39 26 6 12 47 1,2,2,2,0.10698660208388401,0.3742116887018478,6.000000000000001,2007-01-02,2025-06-27,2029,"{""C_proxy"": 0.2, ""features"": [""long_z"", ""recent20_z"", ""recent50_z"", ""recent100_z"", ""ewma_z"", ""gap_z"", ""transition_z"", ""in_last_draw""], ""include_number"": true, ""retrain_interval"": 1, ""seed"": 20260728, ""shrink_strength"": 0.1}",audited-1.0.0-online-SGD-r1,FullFeatureLogistic
2030,114000067,2025-07-04,5 13 15 18 33 37,25 38 49 28 39 42,25 38 49 28 39 42 26 12 6 47,25 38 49 28 39 42 26 12 6 47 48 9,0,0,0,0.10923617434781252,0.378963364611883,6.000000000000001,2007-01-02,2025-07-01,2030,"{""C_proxy"": 0.2, ""features"": [""long_z"", ""recent20_z"", ""recent50_z"", ""recent100_z"", ""ewma_z"", ""gap_z"", ""transition_z"", ""in_last_draw""], ""include_number"": true, ""retrain_interval"": 1, ""seed"": 20260728, ""shrink_strength"": 0.1}",audited-1.0.0-online-SGD-r1,FullFeatureLogistic
2031,114000068,2025-07-08,6 8 12 14 25 35,25 38 49 28 39 42,25 38 49 28 39 42 26 9 48 1,25 38 49 28 39 42 26 9 48 1 12 47,1,1,2,0.10777741315623046,0.37805681948871905,6.000000000000002,2007-01-02,2025-07-04,2031,"{""C_proxy"": 0.2, ""features"": [""long_z"", ""recent20_z"", ""recent50_z"", ""recent100_z"", ""ewma_z"", ""gap_z"", ""transition_z"", ""in_last_draw""], ""include_number"": true, ""retrain_interval"": 1, ""seed"": 20260728, ""shrink_strength"": 0.1}",audited-1.0.0-online-SGD-r1,FullFeatureLogistic
2032,114000069,2025-07-11,15 16 26 34 48 49,25 38 49 28 39 42,25 38 49 28 39 42 9 26 48 1,25 38 49 28 39 42 9 26 48 1 20 47,1,3,3,0.10298942723332895,0.34954341848887205,6.000000000000001,2007-01-02,2025-07-08,2032,"{""C_proxy"": 0.2, ""features"": [""long_z"", ""recent20_z"", ""recent50_z"", ""recent100_z"", ""ewma_z"", ""gap_z"", ""transition_z"", ""in_last_draw""], ""include_number"": true, ""retrain_interval"": 1, ""seed"": 20260728, ""shrink_strength"": 0.1}",audited-1.0.0-online-SGD-r1,FullFeatureLogistic
2033,114000070,2025-07-15,32 33 41 45 46 49,25 38 28 39 42 9,25 38 28 39 42 9 49 20 1 10,25 38 28 39 42 9 49 20 1 10 47 6,0,1,1,0.11228183496299873,0.39460750796953264,6.0,2007-01-02,2025-07-11,2033,"{""C_proxy"": 0.2, ""features"": [""long_z"", ""recent20_z"", ""recent50_z"", ""recent100_z"", ""ewma_z"", ""gap_z"", ""transition_z"", ""in_last_draw""], ""include_number"": true, ""retrain_interval"": 1, ""seed"": 20260728, ""shrink_strength"": 0.1}",audited-1.0.0-online-SGD-r1,FullFeatureLogistic
2034,114000071,2025-07-18,2 25 36 37 38 46,25 38 28 39 9 42,25 38 28 39 9 42 20 1 49 10,25 38 28 39 9 42 20 1 49 10 47 48,2,2,2,0.10583997845365502,0.36900082197877615,6.0,2007-01-02,2025-07-15,2034,"{""C_proxy"": 0.2, ""features"": [""long_z"", ""recent20_z"", ""recent50_z"", ""recent100_z"", ""ewma_z"", ""gap_z"", ""transition_z"", ""in_last_draw""], ""include_number"": true, ""retrain_interval"": 1, ""seed"": 20260728, ""shrink_strength"": 0.1}",audited-1.0.0-online-SGD-r1,FullFeatureLogistic
2035,114000072,2025-07-22,5 17 19 26 27 39,25 38 28 39 9 49,25 38 28 39 9 49 42 20 1 26,25 38 28 39 9 49 42 20 1 26 10 48,1,2,2,0.10902986281954165,0.3796891376725606,5.999999999999999,2007-01-02,2025-07-18,2035,"{""C_proxy"": 0.2, ""features"": [""long_z"", ""recent20_z"", ""recent50_z"", ""recent100_z"", ""ewma_z"", ""gap_z"", ""transition_z"", ""in_last_draw""], ""include_number"": true, ""retrain_interval"": 1, ""seed"": 20260728, ""shrink_strength"": 0.1}",audited-1.0.0-online-SGD-r1,FullFeatureLogistic
2036,114000073,2025-07-25,2 4 23 35 41 47,25 38 28 9 49 42,25 38 28 9 49 42 20 1 39 10,25 38 28 9 49 42 20 1 39 10 47 48,0,0,1,0.11034893930873894,0.3853682903326704,5.999999999999999,2007-01-02,2025-07-22,2036,"{""C_proxy"": 0.2, ""features"": [""long_z"", ""recent20_z"", ""recent50_z"", ""recent100_z"", ""ewma_z"", ""gap_z"", ""transition_z"", ""in_last_draw""], ""include_number"": true, ""retrain_interval"": 1, ""seed"": 20260728, ""shrink_strength"": 0.1}",audited-1.0.0-online-SGD-r1,FullFeatureLogistic
2037,114000074,2025-07-29,2 5 14 19 36 45,25 38 28 9 42 49,25 38 28 9 42 49 39 20 1 10,25 38 28 9 42 49 39 20 1 10 48 12,0,0,0,0.11213888182234412,0.39232432784355026,6.0,2007-01-02,2025-07-25,2037,"{""C_proxy"": 0.2, ""features"": [""long_z"", ""recent20_z"", ""recent50_z"", ""recent100_z"", ""ewma_z"", ""gap_z"", ""transition_z"", ""in_last_draw""], ""include_number"": true, ""retrain_interval"": 1, ""seed"": 20260728, ""shrink_strength"": 0.1}",audited-1.0.0-online-SGD-r1,FullFeatureLogistic
2038,114000075,2025-08-01,4 14 19 28 40 41,25 38 28 9 49 42,25 38 28 9 49 42 39 20 1 47,25 38 28 9 49 42 39 20 1 47 48 10,1,1,1,0.11155320336012996,0.394569998400446,6.0,2007-01-02,2025-07-29,2038,"{""C_proxy"": 0.2, ""features"": [""long_z"", ""recent20_z"", ""recent50_z"", ""recent100_z"", ""ewma_z"", ""gap_z"", ""transition_z"", ""in_last_draw""], ""include_number"": true, ""retrain_interval"": 1, ""seed"": 20260728, ""shrink_strength"": 0.1}",audited-1.0.0-online-SGD-r1,FullFeatureLogistic
2039,114000076,2025-08-05,1 20 34 36 37 40,25 38 49 9 39 20,25 38 49 9 39 20 42 28 1 47,25 38 49 9 39 20 42 28 1 47 48 10,1,2,2,0.10761925913399183,0.371085524476463,6.0,2007-01-02,2025-08-01,2039,"{""C_proxy"": 0.2, ""features"": [""long_z"", ""recent20_z"", ""recent50_z"", ""recent100_z"", ""ewma_z"", ""gap_z"", ""transition_z"", ""in_last_draw""], ""include_number"": true, ""retrain_interval"": 1, ""seed"": 20260728, ""shrink_strength"": 0.1}",audited-1.0.0-online-SGD-r1,FullFeatureLogistic
2040,114000077,2025-08-08,11 16 17 21 24 29,25 38 28 49 9 39,25 38 28 49 9 39 42 48 47 10,25 38 28 49 9 39 42 48 47 10 26 6,0,0,0,0.11153063070025439,0.38970603552587707,6.000000000000001,2007-01-02,2025-08-05,2040,"{""C_proxy"": 0.2, ""features"": [""long_z"", ""recent20_z"", ""recent50_z"", ""recent100_z"", ""ewma_z"", ""gap_z"", ""transition_z"", ""in_last_draw""], ""include_number"": true, ""retrain_interval"": 1, ""seed"": 20260728, ""shrink_strength"": 0.1}",audited-1.0.0-online-SGD-r1,FullFeatureLogistic
2041,114000078,2025-08-12,6 7 15 22 37 42,25 38 28 49 39 9,25 38 28 49 39 9 42 20 48 47,25 38 28 49 39 9 42 20 48 47 1 10,0,1,1,0.10708041469819313,0.3686232945920861,6.000000000000001,2007-01-02,2025-08-08,2041,"{""C_proxy"": 0.2, ""features"": [""long_z"", ""recent20_z"", ""recent50_z"", ""recent100_z"", ""ewma_z"", ""gap_z"", ""transition_z"", ""in_last_draw""], ""include_number"": true, ""retrain_interval"": 1, ""seed"": 20260728, ""shrink_strength"": 0.1}",audited-1.0.0-online-SGD-r1,FullFeatureLogistic
2042,114000079,2025-08-15,3 5 7 15 17 47,25 38 28 49 39 9,25 38 28 49 39 9 20 48 42 1,25 38 28 49 39 9 20 48 42 1 47 26,0,0,1,0.10958526248981844,0.37933261513502026,6.000000000000001,2007-01-02,2025-08-12,2042,"{""C_proxy"": 0.2, ""features"": [""long_z"", ""recent20_z"", ""recent50_z"", ""recent100_z"", ""ewma_z"", ""gap_z"", ""transition_z"", ""in_last_draw""], ""include_number"": true, ""retrain_interval"": 1, ""seed"": 20260728, ""shrink_strength"": 0.1}",audited-1.0.0-online-SGD-r1,FullFeatureLogistic
2043,114000080,2025-08-19,2 23 25 33 41 46,25 38 28 49 39 9,25 38 28 49 39 9 20 42 48 1,25 38 28 49 39 9 20 42 48 1 26 24,1,1,1,0.10973600693717199,0.38551979641498396,6.0,2007-01-02,2025-08-15,2043,"{""C_proxy"": 0.2, ""features"": [""long_z"", ""recent20_z"", ""recent50_z"", ""recent100_z"", ""ewma_z"", ""gap_z"", ""transition_z"", ""in_last_draw""], ""include_number"": true, ""retrain_interval"": 1, ""seed"": 20260728, ""shrink_strength"": 0.1}",audited-1.0.0-online-SGD-r1,FullFeatureLogistic
2044,114000081,2025-08-22,23 33 38 43 45 47,25 38 28 39 49 9,25 38 28 39 49 9 20 42 48 1,25 38 28 39 49 9 20 42 48 1 26 47,1,1,2,0.10762376276487616,0.37207927044126665,6.000000000000001,2007-01-02,2025-08-19,2044,"{""C_proxy"": 0.2, ""features"": [""long_z"", ""recent20_z"", ""recent50_z"", ""recent100_z"", ""ewma_z"", ""gap_z"", ""transition_z"", ""in_last_draw""], ""include_number"": true, ""retrain_interval"": 1, ""seed"": 20260728, ""shrink_strength"": 0.1}",audited-1.0.0-online-SGD-r1,FullFeatureLogistic
2045,114000082,2025-08-26,3 6 22 32 35 39,25 28 49 39 9 20,25 28 49 39 9 20 42 48 38 1,25 28 49 39 9 20 42 48 38 1 26 13,1,1,1,0.10862489644068904,0.37667339634384434,6.000000000000001,2007-01-02,2025-08-22,2045,"{""C_proxy"": 0.2, ""features"": [""long_z"", ""recent20_z"", ""recent50_z"", ""recent100_z"", ""ewma_z"", ""gap_z"", ""transition_z"", ""in_last_draw""], ""include_number"": true, ""retrain_interval"": 1, ""seed"": 20260728, ""shrink_strength"": 0.1}",audited-1.0.0-online-SGD-r1,FullFeatureLogistic
2046,114000083,2025-08-29,13 20 25 27 28 32,25 28 9 38 49 42,25 28 9 38 49 42 20 48 1 39,25 28 9 38 49 42 20 48 1 39 13 26,2,3,4,0.10239124750485568,0.3505930196200855,6.0,2007-01-02,2025-08-26,2046,"{""C_proxy"": 0.2, ""features"": [""long_z"", ""recent20_z"", ""recent50_z"", ""recent100_z"", ""ewma_z"", ""gap_z"", ""transition_z"", ""in_last_draw""], ""include_number"": true, ""retrain_interval"": 1, ""seed"": 20260728, ""shrink_strength"": 0.1}",audited-1.0.0-online-SGD-r1,FullFeatureLogistic
2047,114000084,2025-09-02,2 6 9 19 20 30,25 38 9 49 42 39,25 38 9 49 42 39 48 1 28 26,25 38 9 49 42 39 48 1 28 26 18 24,1,1,1,0.11031229141948264,0.39131825755818095,6.0,2007-01-02,2025-08-29,2047,"{""C_proxy"": 0.2, ""features"": [""long_z"", ""recent20_z"", ""recent50_z"", ""recent100_z"", ""ewma_z"", ""gap_z"", ""transition_z"", ""in_last_draw""], ""include_number"": true, ""retrain_interval"": 1, ""seed"": 20260728, ""shrink_strength"": 0.1}",audited-1.0.0-online-SGD-r1,FullFeatureLogistic
2048,114000085,2025-09-05,10 13 14 17 19 29,25 38 28 42 49 39,25 38 28 42 49 39 48 1 9 26,25 38 28 42 49 39 48 1 9 26 13 24,0,0,1,0.11260753502710848,0.398747332614559,6.0,2007-01-02,2025-09-02,2048,"{""C_proxy"": 0.2, ""features"": [""long_z"", ""recent20_z"", ""recent50_z"", ""recent100_z"", ""ewma_z"", ""gap_z"", ""transition_z"", ""in_last_draw""], ""include_number"": true, ""retrain_interval"": 1, ""seed"": 20260728, ""shrink_strength"": 0.1}",audited-1.0.0-online-SGD-r1,FullFeatureLogistic
2049,114000086,2025-09-09,12 20 25 26 40 45,25 38 9 28 39 49,25 38 9 28 39 49 42 48 1 20,25 38 9 28 39 49 42 48 1 20 26 24,1,2,3,0.10166686526127743,0.34475735465716095,5.999999999999999,2007-01-02,2025-09-05,2049,"{""C_proxy"": 0.2, ""features"": [""long_z"", ""recent20_z"", ""recent50_z"", ""recent100_z"", ""ewma_z"", ""gap_z"", ""transition_z"", ""in_last_draw""], ""include_number"": true, ""retrain_interval"": 1, ""seed"": 20260728, ""shrink_strength"": 0.1}",audited-1.0.0-online-SGD-r1,FullFeatureLogistic
2050,114000087,2025-09-12,2 3 4 11 15 41,25 38 9 28 39 49,25 38 9 28 39 49 42 48 1 24,25 38 9 28 39 49 42 48 1 24 16 4,0,0,1,0.11043947843651461,0.3850087011109444,6.0,2007-01-02,2025-09-09,2050,"{""C_proxy"": 0.2, ""features"": [""long_z"", ""recent20_z"", ""recent50_z"", ""recent100_z"", ""ewma_z"", ""gap_z"", ""transition_z"", ""in_last_draw""], ""include_number"": true, ""retrain_interval"": 1, ""seed"": 20260728, ""shrink_strength"": 0.1}",audited-1.0.0-online-SGD-r1,FullFeatureLogistic
2051,114000088,2025-09-16,7 17 18 22 25 47,25 38 9 28 39 49,25 38 9 28 39 49 42 48 1 20,25 38 9 28 39 49 42 48 1 20 26 16,1,1,1,0.1059524963223579,0.3649095262779715,6.0,2007-01-02,2025-09-12,2051,"{""C_proxy"": 0.2, ""features"": [""long_z"", ""recent20_z"", ""recent50_z"", ""recent100_z"", ""ewma_z"", ""gap_z"", ""transition_z"", ""in_last_draw""], ""include_number"": true, ""retrain_interval"": 1, ""seed"": 20260728, ""shrink_strength"": 0.1}",audited-1.0.0-online-SGD-r1,FullFeatureLogistic
2052,114000089,2025-09-19,14 17 26 36 38 41,38 9 28 39 49 42,38 9 28 39 49 42 25 48 1 20,38 9 28 39 49 42 25 48 1 20 26 16,1,1,2,0.11178037822561117,0.3960404221733971,6.0,2007-01-02,2025-09-16,2052,"{""C_proxy"": 0.2, ""features"": [""long_z"", ""recent20_z"", ""recent50_z"", ""recent100_z"", ""ewma_z"", ""gap_z"", ""transition_z"", ""in_last_draw""], ""include_number"": true, ""retrain_interval"": 1, ""seed"": 20260728, ""shrink_strength"": 0.1}",audited-1.0.0-online-SGD-r1,FullFeatureLogistic
2053,114000090,2025-09-23,5 14 22 25 27 45,25 9 28 39 49 42,25 9 28 39 49 42 48 20 38 1,25 9 28 39 49 42 48 20 38 1 4 10,1,1,1,0.10855889599669356,0.3772568096418115,6.0,2007-01-02,2025-09-19,2053,"{""C_proxy"": 0.2, ""features"": [""long_z"", ""recent20_z"", ""recent50_z"", ""recent100_z"", ""ewma_z"", ""gap_z"", ""transition_z"", ""in_last_draw""], ""include_number"": true, ""retrain_interval"": 1, ""seed"": 20260728, ""shrink_strength"": 0.1}",audited-1.0.0-online-SGD-r1,FullFeatureLogistic
2054,114000091,2025-09-26,1 2 25 29 41 49,9 39 28 38 25 49,9 39 28 38 25 49 42 20 48 1,9 39 28 38 25 49 42 20 48 1 4 13,2,3,3,0.10585178875578373,0.3650906476547971,6.000000000000001,2007-01-02,2025-09-23,2054,"{""C_proxy"": 0.2, ""features"": [""long_z"", ""recent20_z"", ""recent50_z"", ""recent100_z"", ""ewma_z"", ""gap_z"", ""transition_z"", ""in_last_draw""], ""include_number"": true, ""retrain_interval"": 1, ""seed"": 20260728, ""shrink_strength"": 0.1}",audited-1.0.0-online-SGD-r1,FullFeatureLogistic
2055,114000092,2025-09-30,19 20 22 32 36 42,9 39 28 38 42 25,9 39 28 38 42 25 48 20 4 1,9 39 28 38 42 25 48 20 4 1 49 10,1,2,2,0.10900784650070369,0.3794759522066966,6.0,2007-01-02,2025-09-26,2055,"{""C_proxy"": 0.2, ""features"": [""long_z"", ""recent20_z"", ""recent50_z"", ""recent100_z"", ""ewma_z"", ""gap_z"", ""transition_z"", ""in_last_draw""], ""include_number"": true, ""retrain_interval"": 1, ""seed"": 20260728, ""shrink_strength"": 0.1}",audited-1.0.0-online-SGD-r1,FullFeatureLogistic
2056,114000093,2025-10-03,4 18 36 40 41 43,25 9 39 28 38 49,25 9 39 28 38 49 48 1 42 4,25 9 39 28 38 49 48 1 42 4 13 26,0,1,1,0.10873406316309643,0.3774923602018945,6.0,2007-01-02,2025-09-30,2056,"{""C_proxy"": 0.2, ""features"": [""long_z"", ""recent20_z"", ""recent50_z"", ""recent100_z"", ""ewma_z"", ""gap_z"", ""transition_z"", ""in_last_draw""], ""include_number"": true, ""retrain_interval"": 1, ""seed"": 20260728, ""shrink_strength"": 0.1}",audited-1.0.0-online-SGD-r1,FullFeatureLogistic
2057,114000094,2025-10-07,2 9 16 34 42 43,25 9 39 28 38 49,25 9 39 28 38 49 42 48 20 1,25 9 39 28 38 49 42 48 20 1 13 26,1,2,2,0.1032623431433395,0.3506803586817993,6.000000000000001,2007-01-02,2025-10-03,2057,"{""C_proxy"": 0.2, ""features"": [""long_z"", ""recent20_z"", ""recent50_z"", ""recent100_z"", ""ewma_z"", ""gap_z"", ""transition_z"", ""in_last_draw""], ""include_number"": true, ""retrain_interval"": 1, ""seed"": 20260728, ""shrink_strength"": 0.1}",audited-1.0.0-online-SGD-r1,FullFeatureLogistic
2058,114000095,2025-10-10,13 16 18 22 39 42,25 39 38 28 49 48,25 39 38 28 49 48 20 9 1 42,25 39 38 28 49 48 20 9 1 42 13 26,1,2,3,0.10354581644474965,0.35202400772515596,6.0,2007-01-02,2025-10-07,2058,"{""C_proxy"": 0.2, ""features"": [""long_z"", ""recent20_z"", ""recent50_z"", ""recent100_z"", ""ewma_z"", ""gap_z"", ""transition_z"", ""in_last_draw""], ""include_number"": true, ""retrain_interval"": 1, ""seed"": 20260728, ""shrink_strength"": 0.1}",audited-1.0.0-online-SGD-r1,FullFeatureLogistic
2059,114000096,2025-10-14,11 16 20 31 39 41,25 9 38 49 28 48,25 9 38 49 28 48 20 39 1 26,25 9 38 49 28 48 20 39 1 26 4 24,0,2,2,0.10893838326449654,0.3802054651111395,6.0,2007-01-02,2025-10-10,2059,"{""C_proxy"": 0.2, ""features"": [""long_z"", ""recent20_z"", ""recent50_z"", ""recent100_z"", ""ewma_z"", ""gap_z"", ""transition_z"", ""in_last_draw""], ""include_number"": true, ""retrain_interval"": 1, ""seed"": 20260728, ""shrink_strength"": 0.1}",audited-1.0.0-online-SGD-r1,FullFeatureLogistic
2060,114000097,2025-10-17,3 15 16 31 32 45,25 9 38 28 49 48,25 9 38 28 49 48 1 42 39 13,25 9 38 28 49 48 1 42 39 13 26 4,0,0,0,0.10890065465222534,0.37519954083757195,6.000000000000001,2007-01-02,2025-10-14,2060,"{""C_proxy"": 0.2, ""features"": [""long_z"", ""recent20_z"", ""recent50_z"", ""recent100_z"", ""ewma_z"", ""gap_z"", ""transition_z"", ""in_last_draw""], ""include_number"": true, ""retrain_interval"": 1, ""seed"": 20260728, ""shrink_strength"": 0.1}",audited-1.0.0-online-SGD-r1,FullFeatureLogistic
2061,114000098,2025-10-21,14 20 25 42 44 49,25 9 38 28 49 48,25 9 38 28 49 48 39 20 1 42,25 9 38 28 49 48 39 20 1 42 13 4,2,4,4,0.10339069919654106,0.35510726797979253,6.0,2007-01-02,2025-10-17,2061,"{""C_proxy"": 0.2, ""features"": [""long_z"", ""recent20_z"", ""recent50_z"", ""recent100_z"", ""ewma_z"", ""gap_z"", ""transition_z"", ""in_last_draw""], ""include_number"": true, ""retrain_interval"": 1, ""seed"": 20260728, ""shrink_strength"": 0.1}",audited-1.0.0-online-SGD-r1,FullFeatureLogistic
2062,114000099,2025-10-24,13 22 23 33 39 40,25 38 9 28 39 48,25 38 9 28 39 48 1 13 4 49,25 38 9 28 39 48 1 13 4 49 26 12,1,2,2,0.10648998638022075,0.36599641588450005,6.000000000000001,2007-01-02,2025-10-21,2062,"{""C_proxy"": 0.2, ""features"": [""long_z"", ""recent20_z"", ""recent50_z"", ""recent100_z"", ""ewma_z"", ""gap_z"", ""transition_z"", ""in_last_draw""], ""include_number"": true, ""retrain_interval"": 1, ""seed"": 20260728, ""shrink_strength"": 0.1}",audited-1.0.0-online-SGD-r1,FullFeatureLogistic
2063,114000100,2025-10-28,5 8 11 12 18 39,25 38 9 28 49 48,25 38 9 28 49 48 1 20 4 42,25 38 9 28 49 48 1 20 4 42 39 12,0,0,2,0.10886764704553163,0.3776759738733529,6.000000000000001,2007-01-02,2025-10-24,2063,"{""C_proxy"": 0.2, ""features"": [""long_z"", ""recent20_z"", ""recent50_z"", ""recent100_z"", ""ewma_z"", ""gap_z"", ""transition_z"", ""in_last_draw""], ""include_number"": true, ""retrain_interval"": 1, ""seed"": 20260728, ""shrink_strength"": 0.1}",audited-1.0.0-online-SGD-r1,FullFeatureLogistic
2064,114000101,2025-10-31,3 4 7 10 18 21,25 38 9 28 49 1,25 38 9 28 49 1 20 48 4 42,25 38 9 28 49 1 20 48 4 42 13 26,0,1,1,0.10785288085921725,0.37088386600001355,5.999999999999999,2007-01-02,2025-10-28,2064,"{""C_proxy"": 0.2, ""features"": [""long_z"", ""recent20_z"", ""recent50_z"", ""recent100_z"", ""ewma_z"", ""gap_z"", ""transition_z"", ""in_last_draw""], ""include_number"": true, ""retrain_interval"": 1, ""seed"": 20260728, ""shrink_strength"": 0.1}",audited-1.0.0-online-SGD-r1,FullFeatureLogistic
2065,114000102,2025-11-04,16 25 27 35 47 48,25 38 9 28 49 20,25 38 9 28 49 20 1 48 39 13,25 38 9 28 49 20 1 48 39 13 42 26,1,2,2,0.1059218888940114,0.36637607237997066,6.000000000000001,2007-01-02,2025-10-31,2065,"{""C_proxy"": 0.2, ""features"": [""long_z"", ""recent20_z"", ""recent50_z"", ""recent100_z"", ""ewma_z"", ""gap_z"", ""transition_z"", ""in_last_draw""], ""include_number"": true, ""retrain_interval"": 1, ""seed"": 20260728, ""shrink_strength"": 0.1}",audited-1.0.0-online-SGD-r1,FullFeatureLogistic
2066,114000103,2025-11-07,4 11 22 32 33 41,38 25 9 28 49 20,38 25 9 28 49 20 1 39 13 42,38 25 9 28 49 20 1 39 13 42 4 48,0,0,1,0.11308219003660083,0.39929494226009105,6.000000000000002,2007-01-02,2025-11-04,2066,"{""C_proxy"": 0.2, ""features"": [""long_z"", ""recent20_z"", ""recent50_z"", ""recent100_z"", ""ewma_z"", ""gap_z"", ""transition_z"", ""in_last_draw""], ""include_number"": true, ""retrain_interval"": 1, ""seed"": 20260728, ""shrink_strength"": 0.1}",audited-1.0.0-online-SGD-r1,FullFeatureLogistic
2067,114000104,2025-11-11,11 16 24 42 44 47,25 38 9 28 20 49,25 38 9 28 20 49 48 39 1 42,25 38 9 28 20 49 48 39 1 42 13 12,0,1,1,0.10811944932732931,0.37429726632352905,6.000000000000002,2007-01-02,2025-11-07,2067,"{""C_proxy"": 0.2, ""features"": [""long_z"", ""recent20_z"", ""recent50_z"", ""recent100_z"", ""ewma_z"", ""gap_z"", ""transition_z"", ""in_last_draw""], ""include_number"": true, ""retrain_interval"": 1, ""seed"": 20260728, ""shrink_strength"": 0.1}",audited-1.0.0-online-SGD-r1,FullFeatureLogistic
2068,114000105,2025-11-14,21 25 26 38 41 46,25 38 9 28 20 49,25 38 9 28 20 49 39 48 1 13,25 38 9 28 20 49 39 48 1 13 4 12,2,2,2,0.10667539812772114,0.37158951002702467,6.0,2007-01-02,2025-11-11,2068,"{""C_proxy"": 0.2, ""features"": [""long_z"", ""recent20_z"", ""recent50_z"", ""recent100_z"", ""ewma_z"", ""gap_z"", ""transition_z"", ""in_last_draw""], ""include_number"": true, ""retrain_interval"": 1, ""seed"": 20260728, ""shrink_strength"": 0.1}",audited-1.0.0-online-SGD-r1,FullFeatureLogistic
2069,114000106,2025-11-18,8 9 10 23 24 43,25 9 28 20 38 49,25 9 28 20 38 49 39 48 42 1,25 9 28 20 38 49 39 48 42 1 13 4,1,1,1,0.10595261215829743,0.3636761262784869,5.999999999999999,2007-01-02,2025-11-14,2069,"{""C_proxy"": 0.2, ""features"": [""long_z"", ""recent20_z"", ""recent50_z"", ""recent100_z"", ""ewma_z"", ""gap_z"", ""transition_z"", ""in_last_draw""], ""include_number"": true, ""retrain_interval"": 1, ""seed"": 20260728, ""shrink_strength"": 0.1}",audited-1.0.0-online-SGD-r1,FullFeatureLogistic
2070,114000107,2025-11-21,14 20 21 28 31 46,25 38 28 20 49 39,25 38 28 20 49 39 9 48 1 13,25 38 28 20 49 39 9 48 1 13 42 4,2,2,2,0.10870725039111391,0.3781416426211013,6.000000000000001,2007-01-02,2025-11-18,2070,"{""C_proxy"": 0.2, ""features"": [""long_z"", ""recent20_z"", ""recent50_z"", ""recent100_z"", ""ewma_z"", ""gap_z"", ""transition_z"", ""in_last_draw""], ""include_number"": true, ""retrain_interval"": 1, ""seed"": 20260728, ""shrink_strength"": 0.1}",audited-1.0.0-online-SGD-r1,FullFeatureLogistic
2071,114000108,2025-11-25,2 10 12 20 23 24,25 38 9 49 39 48,25 38 9 49 39 48 28 1 42 13,25 38 9 49 39 48 28 1 42 13 4 12,0,0,1,0.10528347896110746,0.3588519783983297,6.000000000000001,2007-01-02,2025-11-21,2071,"{""C_proxy"": 0.2, ""features"": [""long_z"", ""recent20_z"", ""recent50_z"", ""recent100_z"", ""ewma_z"", ""gap_z"", ""transition_z"", ""in_last_draw""], ""include_number"": true, ""retrain_interval"": 1, ""seed"": 20260728, ""shrink_strength"": 0.1}",audited-1.0.0-online-SGD-r1,FullFeatureLogistic
2072,114000109,2025-11-28,8 12 18 28 37 46,25 38 28 9 39 49,25 38 28 9 39 49 48 42 1 13,25 38 28 9 39 49 48 42 1 13 4 26,1,1,1,0.11025744622772618,0.38553381607327725,6.000000000000002,2007-01-02,2025-11-25,2072,"{""C_proxy"": 0.2, ""features"": [""long_z"", ""recent20_z"", ""recent50_z"", ""recent100_z"", ""ewma_z"", ""gap_z"", ""transition_z"", ""in_last_draw""], ""include_number"": true, ""retrain_interval"": 1, ""seed"": 20260728, ""shrink_strength"": 0.1}",audited-1.0.0-online-SGD-r1,FullFeatureLogistic
2073,114000110,2025-12-02,14 20 32 35 42 48,25 38 9 39 49 48,25 38 9 39 49 48 20 42 1 13,25 38 9 39 49 48 20 42 1 13 4 28,1,3,3,0.10878198417155599,0.3797418351279014,6.0,2007-01-02,2025-11-28,2073,"{""C_proxy"": 0.2, ""features"": [""long_z"", ""recent20_z"", ""recent50_z"", ""recent100_z"", ""ewma_z"", ""gap_z"", ""transition_z"", ""in_last_draw""], ""include_number"": true, ""retrain_interval"": 1, ""seed"": 20260728, ""shrink_strength"": 0.1}",audited-1.0.0-online-SGD-r1,FullFeatureLogistic
2074,114000111,2025-12-05,8 15 23 24 41 47,25 9 38 39 28 49,25 9 38 39 28 49 1 4 13 26,25 9 38 39 28 49 1 4 13 26 2 42,0,0,0,0.11054887132854271,0.3855583855577905,6.000000000000001,2007-01-02,2025-12-02,2074,"{""C_proxy"": 0.2, ""features"": [""long_z"", ""recent20_z"", ""recent50_z"", ""recent100_z"", ""ewma_z"", ""gap_z"", ""transition_z"", ""in_last_draw""], ""include_number"": true, ""retrain_interval"": 1, ""seed"": 20260728, ""shrink_strength"": 0.1}",audited-1.0.0-online-SGD-r1,FullFeatureLogistic
2075,114000112,2025-12-09,5 10 18 26 28 44,25 9 38 39 28 49,25 9 38 39 28 49 48 42 20 4,25 9 38 39 28 49 48 42 20 4 13 1,1,1,1,0.10519385051972274,0.3585933781739348,6.000000000000001,2007-01-02,2025-12-05,2075,"{""C_proxy"": 0.2, ""features"": [""long_z"", ""recent20_z"", ""recent50_z"", ""recent100_z"", ""ewma_z"", ""gap_z"", ""transition_z"", ""in_last_draw""], ""include_number"": true, ""retrain_interval"": 1, ""seed"": 20260728, ""shrink_strength"": 0.1}",audited-1.0.0-online-SGD-r1,FullFeatureLogistic
2076,114000113,2025-12-12,15 17 24 26 40 47,25 9 38 39 49 48,25 9 38 39 49 48 4 20 1 13,25 9 38 39 49 48 4 20 1 13 42 28,0,0,0,0.10780573886838964,0.3711397096202633,6.0,2007-01-02,2025-12-09,2076,"{""C_proxy"": 0.2, ""features"": [""long_z"", ""recent20_z"", ""recent50_z"", ""recent100_z"", ""ewma_z"", ""gap_z"", ""transition_z"", ""in_last_draw""], ""include_number"": true, ""retrain_interval"": 1, ""seed"": 20260728, ""shrink_strength"": 0.1}",audited-1.0.0-online-SGD-r1,FullFeatureLogistic
2077,114000114,2025-12-16,6 7 15 19 24 33,25 9 38 39 49 28,25 9 38 39 49 28 20 4 13 1,25 9 38 39 49 28 20 4 13 1 42 48,0,0,0,0.11039269819802881,0.38337295704551533,6.0,2007-01-02,2025-12-12,2077,"{""C_proxy"": 0.2, ""features"": [""long_z"", ""recent20_z"", ""recent50_z"", ""recent100_z"", ""ewma_z"", ""gap_z"", ""transition_z"", ""in_last_draw""], ""include_number"": true, ""retrain_interval"": 1, ""seed"": 20260728, ""shrink_strength"": 0.1}",audited-1.0.0-online-SGD-r1,FullFeatureLogistic
2078,114000115,2025-12-19,6 8 11 12 18 46,25 9 38 39 49 28,25 9 38 39 49 28 20 4 1 48,25 9 38 39 49 28 20 4 1 48 13 42,0,0,0,0.1121420228777081,0.3940082251083224,6.000000000000001,2007-01-02,2025-12-16,2078,"{""C_proxy"": 0.2, ""features"": [""long_z"", ""recent20_z"", ""recent50_z"", ""recent100_z"", ""ewma_z"", ""gap_z"", ""transition_z"", ""in_last_draw""], ""include_number"": true, ""retrain_interval"": 1, ""seed"": 20260728, ""shrink_strength"": 0.1}",audited-1.0.0-online-SGD-r1,FullFeatureLogistic
2079,114000116,2025-12-23,1 3 12 33 39 41,25 38 9 28 49 39,25 38 9 28 49 39 20 4 1 48,25 38 9 28 49 39 20 4 1 48 42 13,1,2,2,0.10842723439210436,0.37533015990936297,6.000000000000001,2007-01-02,2025-12-19,2079,"{""C_proxy"": 0.2, ""features"": [""long_z"", ""recent20_z"", ""recent50_z"", ""recent100_z"", ""ewma_z"", ""gap_z"", ""transition_z"", ""in_last_draw""], ""include_number"": true, ""retrain_interval"": 1, ""seed"": 20260728, ""shrink_strength"": 0.1}",audited-1.0.0-online-SGD-r1,FullFeatureLogistic
2080,114000117,2025-12-26,5 7 9 14 17 30,25 38 9 49 28 20,25 38 9 49 28 20 4 39 48 42,25 38 9 49 28 20 4 39 48 42 13 1,1,1,1,0.11204634422877997,0.3997851013307892,6.0,2007-01-02,2025-12-23,2080,"{""C_proxy"": 0.2, ""features"": [""long_z"", ""recent20_z"", ""recent50_z"", ""recent100_z"", ""ewma_z"", ""gap_z"", ""transition_z"", ""in_last_draw""], ""include_number"": true, ""retrain_interval"": 1, ""seed"": 20260728, ""shrink_strength"": 0.1}",audited-1.0.0-online-SGD-r1,FullFeatureLogistic
2081,114000118,2025-12-30,5 10 15 20 24 29,25 38 49 28 39 20,25 38 49 28 39 20 4 1 9 48,25 38 49 28 39 20 4 1 9 48 42 13,1,1,1,0.10743396306373063,0.3684447975264315,6.000000000000002,2007-01-02,2025-12-26,2081,"{""C_proxy"": 0.2, ""features"": [""long_z"", ""recent20_z"", ""recent50_z"", ""recent100_z"", ""ewma_z"", ""gap_z"", ""transition_z"", ""in_last_draw""], ""include_number"": true, ""retrain_interval"": 1, ""seed"": 20260728, ""shrink_strength"": 0.1}",audited-1.0.0-online-SGD-r1,FullFeatureLogistic
2082,115000001,2026-01-02,3 7 16 19 40 42,25 38 9 28 49 39,25 38 9 28 49 39 1 4 42 48,25 38 9 28 49 39 1 4 42 48 13 2,0,1,1,0.10727469322598897,0.36908771262794515,6.0,2007-01-02,2025-12-30,2082,"{""C_proxy"": 0.2, ""features"": [""long_z"", ""recent20_z"", ""recent50_z"", ""recent100_z"", ""ewma_z"", ""gap_z"", ""transition_z"", ""in_last_draw""], ""include_number"": true, ""retrain_interval"": 1, ""seed"": 20260728, ""shrink_strength"": 0.1}",audited-1.0.0-online-SGD-r1,FullFeatureLogistic
2083,115000002,2026-01-06,2 23 33 38 39 45,25 38 9 28 39 49,25 38 9 28 39 49 20 4 1 48,25 38 9 28 39 49 20 4 1 48 2 13,2,2,3,0.10495934104283927,0.3597669146439131,6.000000000000001,2007-01-02,2026-01-02,2083,"{""C_proxy"": 0.2, ""features"": [""long_z"", ""recent20_z"", ""recent50_z"", ""recent100_z"", ""ewma_z"", ""gap_z"", ""transition_z"", ""in_last_draw""], ""include_number"": true, ""retrain_interval"": 1, ""seed"": 20260728, ""shrink_strength"": 0.1}",audited-1.0.0-online-SGD-r1,FullFeatureLogistic
2084,115000003,2026-01-09,1 7 13 14 34 45,25 9 28 38 49 20,25 9 28 38 49 20 4 1 48 42,25 9 28 38 49 20 4 1 48 42 13 39,0,1,2,0.1073879908192545,0.3696225959439561,6.0,2007-01-02,2026-01-06,2084,"{""C_proxy"": 0.2, ""features"": [""long_z"", ""recent20_z"", ""recent50_z"", ""recent100_z"", ""ewma_z"", ""gap_z"", ""transition_z"", ""in_last_draw""], ""include_number"": true, ""retrain_interval"": 1, ""seed"": 20260728, ""shrink_strength"": 0.1}",audited-1.0.0-online-SGD-r1,FullFeatureLogistic
2085,115000004,2026-01-13,2 10 18 19 39 49,25 38 9 28 20 49,25 38 9 28 20 49 4 39 48 42,25 38 9 28 20 49 4 39 48 42 16 1,1,2,2,0.10614977879632381,0.36462990905478415,5.999999999999999,2007-01-02,2026-01-09,2085,"{""C_proxy"": 0.2, ""features"": [""long_z"", ""recent20_z"", ""recent50_z"", ""recent100_z"", ""ewma_z"", ""gap_z"", ""transition_z"", ""in_last_draw""], ""include_number"": true, ""retrain_interval"": 1, ""seed"": 20260728, ""shrink_strength"": 0.1}",audited-1.0.0-online-SGD-r1,FullFeatureLogistic
2086,115000005,2026-01-16,9 10 21 22 25 36,25 38 9 28 20 4,25 38 9 28 20 4 48 42 1 13,25 38 9 28 20 4 48 42 1 13 49 16,2,2,2,0.10453754444963417,0.3595972438123186,5.999999999999999,2007-01-02,2026-01-13,2086,"{""C_proxy"": 0.2, ""features"": [""long_z"", ""recent20_z"", ""recent50_z"", ""recent100_z"", ""ewma_z"", ""gap_z"", ""transition_z"", ""in_last_draw""], ""include_number"": true, ""retrain_interval"": 1, ""seed"": 20260728, ""shrink_strength"": 0.1}",audited-1.0.0-online-SGD-r1,FullFeatureLogistic
2087,115000006,2026-01-20,2 7 26 41 44 45,25 38 28 20 49 9,25 38 28 20 49 9 42 48 1 4,25 38 28 20 49 9 42 48 1 4 39 13,0,0,0,0.10966144793289315,0.3799642109492571,6.000000000000001,2007-01-02,2026-01-16,2087,"{""C_proxy"": 0.2, ""features"": [""long_z"", ""recent20_z"", ""recent50_z"", ""recent100_z"", ""ewma_z"", ""gap_z"", ""transition_z"", ""in_last_draw""], ""include_number"": true, ""retrain_interval"": 1, ""seed"": 20260728, ""shrink_strength"": 0.1}",audited-1.0.0-online-SGD-r1,FullFeatureLogistic
2088,115000007,2026-01-23,21 23 32 36 39 43,25 38 28 20 9 49,25 38 28 20 9 49 42 48 39 1,25 38 28 20 9 49 42 48 39 1 4 13,0,1,1,0.10913990229910223,0.37697272021287104,6.000000000000001,2007-01-02,2026-01-20,2088,"{""C_proxy"": 0.2, ""features"": [""long_z"", ""recent20_z"", ""recent50_z"", ""recent100_z"", ""ewma_z"", ""gap_z"", ""transition_z"", ""in_last_draw""], ""include_number"": true, ""retrain_interval"": 1, ""seed"": 20260728, ""shrink_strength"": 0.1}",audited-1.0.0-online-SGD-r1,FullFeatureLogistic
2089,115000008,2026-01-27,4 11 24 25 29 30,25 38 20 9 28 49,25 38 20 9 28 49 42 48 1 13,25 38 20 9 28 49 42 48 1 13 4 16,1,1,2,0.10841877695353802,0.38418289823276025,6.000000000000002,2007-01-02,2026-01-23,2089,"{""C_proxy"": 0.2, ""features"": [""long_z"", ""recent20_z"", ""recent50_z"", ""recent100_z"", ""ewma_z"", ""gap_z"", ""transition_z"", ""in_last_draw""], ""include_number"": true, ""retrain_interval"": 1, ""seed"": 20260728, ""shrink_strength"": 0.1}",audited-1.0.0-online-SGD-r1,FullFeatureLogistic
2090,115000009,2026-01-30,9 13 27 31 32 39,25 38 28 9 20 49,25 38 28 9 20 49 42 48 1 13,25 38 28 9 20 49 42 48 1 13 16 39,1,2,3,0.1059295426040692,0.36322533104876314,6.0,2007-01-02,2026-01-27,2090,"{""C_proxy"": 0.2, ""features"": [""long_z"", ""recent20_z"", ""recent50_z"", ""recent100_z"", ""ewma_z"", ""gap_z"", ""transition_z"", ""in_last_draw""], ""include_number"": true, ""retrain_interval"": 1, ""seed"": 20260728, ""shrink_strength"": 0.1}",audited-1.0.0-online-SGD-r1,FullFeatureLogistic
2091,115000010,2026-02-03,6 14 32 33 39 43,25 38 20 28 49 42,25 38 20 28 49 42 48 4 1 9,25 38 20 28 49 42 48 4 1 9 16 47,0,0,0,0.11089259406757054,0.38740240400118414,6.0,2007-01-02,2026-01-30,2091,"{""C_proxy"": 0.2, ""features"": [""long_z"", ""recent20_z"", ""recent50_z"", ""recent100_z"", ""ewma_z"", ""gap_z"", ""transition_z"", ""in_last_draw""], ""include_number"": true, ""retrain_interval"": 1, ""seed"": 20260728, ""shrink_strength"": 0.1}",audited-1.0.0-online-SGD-r1,FullFeatureLogistic
2092,115000011,2026-02-06,4 12 24 25 39 48,25 38 20 28 49 9,25 38 20 28 49 9 42 4 48 1,25 38 20 28 49 9 42 4 48 1 16 13,1,3,3,0.1009784550447065,0.3420395020415291,6.0,2007-01-02,2026-02-03,2092,"{""C_proxy"": 0.2, ""features"": [""long_z"", ""recent20_z"", ""recent50_z"", ""recent100_z"", ""ewma_z"", ""gap_z"", ""transition_z"", ""in_last_draw""], ""include_number"": true, ""retrain_interval"": 1, ""seed"": 20260728, ""shrink_strength"": 0.1}",audited-1.0.0-online-SGD-r1,FullFeatureLogistic
2093,115000012,2026-02-10,6 16 20 21 24 35,25 38 20 28 9 42,25 38 20 28 9 42 49 1 16 48,25 38 20 28 9 42 49 1 16 48 13 4,1,2,2,0.10774859064103634,0.3746353682186204,6.000000000000001,2007-01-02,2026-02-06,2093,"{""C_proxy"": 0.2, ""features"": [""long_z"", ""recent20_z"", ""recent50_z"", ""recent100_z"", ""ewma_z"", ""gap_z"", ""transition_z"", ""in_last_draw""], ""include_number"": true, ""retrain_interval"": 1, ""seed"": 20260728, ""shrink_strength"": 0.1}",audited-1.0.0-online-SGD-r1,FullFeatureLogistic
2094,115000013,2026-02-12,1 3 8 15 20 48,25 38 28 9 42 49,25 38 28 9 42 49 48 1 4 20,25 38 28 9 42 49 48 1 4 20 13 47,0,3,3,0.10572391562076297,0.3628223572985242,6.000000000000002,2007-01-02,2026-02-10,2094,"{""C_proxy"": 0.2, ""features"": [""long_z"", ""recent20_z"", ""recent50_z"", ""recent100_z"", ""ewma_z"", ""gap_z"", ""transition_z"", ""in_last_draw""], ""include_number"": true, ""retrain_interval"": 1, ""seed"": 20260728, ""shrink_strength"": 0.1}",audited-1.0.0-online-SGD-r1,FullFeatureLogistic
2095,115000014,2026-02-13,9 20 25 35 39 48,25 38 28 9 42 49,25 38 28 9 42 49 4 16 13 1,25 38 28 9 42 49 4 16 13 1 20 40,2,2,3,0.1035941398875196,0.35690425574187595,6.0,2007-01-02,2026-02-12,2095,"{""C_proxy"": 0.2, ""features"": [""long_z"", ""recent20_z"", ""recent50_z"", ""recent100_z"", ""ewma_z"", ""gap_z"", ""transition_z"", ""in_last_draw""], ""include_number"": true, ""retrain_interval"": 1, ""seed"": 20260728, ""shrink_strength"": 0.1}",audited-1.0.0-online-SGD-r1,FullFeatureLogistic
2096,115000015,2026-02-14,1 11 22 35 36 40,25 38 28 42 49 4,25 38 28 42 49 4 1 9 16 13,25 38 28 42 49 4 1 9 16 13 12 40,0,1,2,0.11052181939953341,0.3886940804163251,5.999999999999999,2007-01-02,2026-02-13,2096,"{""C_proxy"": 0.2, ""features"": [""long_z"", ""recent20_z"", ""recent50_z"", ""recent100_z"", ""ewma_z"", ""gap_z"", ""transition_z"", ""in_last_draw""], ""include_number"": true, ""retrain_interval"": 1, ""seed"": 20260728, ""shrink_strength"": 0.1}",audited-1.0.0-online-SGD-r1,FullFeatureLogistic
2097,115000016,2026-02-15,3 6 11 18 25 28,25 38 28 9 42 49,25 38 28 9 42 49 20 4 16 13,25 38 28 9 42 49 20 4 16 13 12 48,2,2,2,0.10468314226254839,0.3609619934418288,6.0,2007-01-02,2026-02-14,2097,"{""C_proxy"": 0.2, ""features"": [""long_z"", ""recent20_z"", ""recent50_z"", ""recent100_z"", ""ewma_z"", ""gap_z"", ""transition_z"", ""in_last_draw""], ""include_number"": true, ""retrain_interval"": 1, ""seed"": 20260728, ""shrink_strength"": 0.1}",audited-1.0.0-online-SGD-r1,FullFeatureLogistic
2098,115000017,2026-02-16,11 16 18 27 38 46,38 25 9 42 49 28,38 25 9 42 49 28 20 4 16 1,38 25 9 42 49 28 20 4 16 1 13 12,1,2,2,0.10911892089987994,0.38131505077508043,6.000000000000001,2007-01-02,2026-02-15,2098,"{""C_proxy"": 0.2, ""features"": [""long_z"", ""recent20_z"", ""recent50_z"", ""recent100_z"", ""ewma_z"", ""gap_z"", ""transition_z"", ""in_last_draw""], ""include_number"": true, ""retrain_interval"": 1, ""seed"": 20260728, ""shrink_strength"": 0.1}",audited-1.0.0-online-SGD-r1,FullFeatureLogistic
2099,115000018,2026-02-17,6 12 24 26 37 46,25 28 9 42 49 20,25 28 9 42 49 20 4 38 1 48,25 28 9 42 49 20 4 38 1 48 12 13,0,0,1,0.10959063680460233,0.3815876234461955,6.0,2007-01-02,2026-02-16,2099,"{""C_proxy"": 0.2, ""features"": [""long_z"", ""recent20_z"", ""recent50_z"", ""recent100_z"", ""ewma_z"", ""gap_z"", ""transition_z"", ""in_last_draw""], ""include_number"": true, ""retrain_interval"": 1, ""seed"": 20260728, ""shrink_strength"": 0.1}",audited-1.0.0-online-SGD-r1,FullFeatureLogistic
2100,115000019,2026-02-18,16 35 36 37 39 49,25 28 38 9 42 49,25 28 38 9 42 49 20 4 1 16,25 28 38 9 42 49 20 4 1 16 48 39,1,2,3,0.10944922726837412,0.3841410744764617,6.000000000000001,2007-01-02,2026-02-17,2100,"{""C_proxy"": 0.2, ""features"": [""long_z"", ""recent20_z"", ""recent50_z"", ""recent100_z"", ""ewma_z"", ""gap_z"", ""transition_z"", ""in_last_draw""], ""include_number"": true, ""retrain_interval"": 1, ""seed"": 20260728, ""shrink_strength"": 0.1}",audited-1.0.0-online-SGD-r1,FullFeatureLogistic
2101,115000020,2026-02-19,20 28 29 31 35 41,25 28 38 9 42 20,25 28 38 9 42 20 4 1 48 49,25 28 38 9 42 20 4 1 48 49 12 13,2,2,2,0.10938490307937349,0.38492929598877773,5.999999999999999,2007-01-02,2026-02-18,2101,"{""C_proxy"": 0.2, ""features"": [""long_z"", ""recent20_z"", ""recent50_z"", ""recent100_z"", ""ewma_z"", ""gap_z"", ""transition_z"", ""in_last_draw""], ""include_number"": true, ""retrain_interval"": 1, ""seed"": 20260728, ""shrink_strength"": 0.1}",audited-1.0.0-online-SGD-r1,FullFeatureLogistic
2102,115000021,2026-02-20,13 15 18 24 33 49,25 38 9 42 49 4,25 38 9 42 49 4 28 1 48 39,25 38 9 42 49 4 28 1 48 39 16 12,1,1,1,0.1056597659741838,0.3615421013501459,6.000000000000001,2007-01-02,2026-02-19,2102,"{""C_proxy"": 0.2, ""features"": [""long_z"", ""recent20_z"", ""recent50_z"", ""recent100_z"", ""ewma_z"", ""gap_z"", ""transition_z"", ""in_last_draw""], ""include_number"": true, ""retrain_interval"": 1, ""seed"": 20260728, ""shrink_strength"": 0.1}",audited-1.0.0-online-SGD-r1,FullFeatureLogistic
2103,115000022,2026-02-21,12 13 17 27 41 48,25 9 28 38 42 20,25 9 28 38 42 20 4 1 48 39,25 9 28 38 42 20 4 1 48 39 16 12,0,1,2,0.10992951511628361,0.3828712551666372,6.0,2007-01-02,2026-02-20,2103,"{""C_proxy"": 0.2, ""features"": [""long_z"", ""recent20_z"", ""recent50_z"", ""recent100_z"", ""ewma_z"", ""gap_z"", ""transition_z"", ""in_last_draw""], ""include_number"": true, ""retrain_interval"": 1, ""seed"": 20260728, ""shrink_strength"": 0.1}",audited-1.0.0-online-SGD-r1,FullFeatureLogistic
2104,115000023,2026-02-22,5 7 17 22 24 47,25 9 28 38 42 20,25 9 28 38 42 20 4 49 1 39,25 9 28 38 42 20 4 49 1 39 16 43,0,0,0,0.10949235143536569,0.37958085446126777,5.999999999999998,2007-01-02,2026-02-21,2104,"{""C_proxy"": 0.2, ""features"": [""long_z"", ""recent20_z"", ""recent50_z"", ""recent100_z"", ""ewma_z"", ""gap_z"", ""transition_z"", ""in_last_draw""], ""include_number"": true, ""retrain_interval"": 1, ""seed"": 20260728, ""shrink_strength"": 0.1}",audited-1.0.0-online-SGD-r1,FullFeatureLogistic
2105,115000024,2026-02-23,6 10 23 27 47 48,25 9 28 38 42 20,25 9 28 38 42 20 4 49 39 1,25 9 28 38 42 20 4 49 39 1 48 16,0,0,1,0.1072471911810989,0.3676059845592772,6.0,2007-01-02,2026-02-22,2105,"{""C_proxy"": 0.2, ""features"": [""long_z"", ""recent20_z"", ""recent50_z"", ""recent100_z"", ""ewma_z"", ""gap_z"", ""transition_z"", ""in_last_draw""], ""include_number"": true, ""retrain_interval"": 1, ""seed"": 20260728, ""shrink_strength"": 0.1}",audited-1.0.0-online-SGD-r1,FullFeatureLogistic
2106,115000025,2026-02-24,12 19 22 27 28 31,25 9 28 38 42 20,25 9 28 38 42 20 4 49 39 1,25 9 28 38 42 20 4 49 39 1 16 12,1,1,2,0.10856002365246806,0.3768617296307317,6.000000000000001,2007-01-02,2026-02-23,2106,"{""C_proxy"": 0.2, ""features"": [""long_z"", ""recent20_z"", ""recent50_z"", ""recent100_z"", ""ewma_z"", ""gap_z"", ""transition_z"", ""in_last_draw""], ""include_number"": true, ""retrain_interval"": 1, ""seed"": 20260728, ""shrink_strength"": 0.1}",audited-1.0.0-online-SGD-r1,FullFeatureLogistic
2107,115000026,2026-02-25,7 15 22 38 45 49,25 9 38 42 20 4,25 9 38 42 20 4 49 39 28 1,25 9 38 42 20 4 49 39 28 1 16 48,1,2,2,0.10538963213802653,0.3604977980029651,6.000000000000001,2007-01-02,2026-02-24,2107,"{""C_proxy"": 0.2, ""features"": [""long_z"", ""recent20_z"", ""recent50_z"", ""recent100_z"", ""ewma_z"", ""gap_z"", ""transition_z"", ""in_last_draw""], ""include_number"": true, ""retrain_interval"": 1, ""seed"": 20260728, ""shrink_strength"": 0.1}",audited-1.0.0-online-SGD-r1,FullFeatureLogistic
2108,115000027,2026-02-26,1 16 22 24 47 48,25 9 20 42 28 4,25 9 20 42 28 4 39 1 38 16,25 9 20 42 28 4 39 1 38 16 48 12,0,2,3,0.10487888838044171,0.35769533549175164,6.0,2007-01-02,2026-02-25,2108,"{""C_proxy"": 0.2, ""features"": [""long_z"", ""recent20_z"", ""recent50_z"", ""recent100_z"", ""ewma_z"", ""gap_z"", ""transition_z"", ""in_last_draw""], ""include_number"": true, ""retrain_interval"": 1, ""seed"": 20260728, ""shrink_strength"": 0.1}",audited-1.0.0-online-SGD-r1,FullFeatureLogistic
2109,115000028,2026-02-27,14 18 19 34 45 47,25 9 20 28 38 42,25 9 20 28 38 42 4 39 49 1,25 9 20 28 38 42 4 39 49 1 12 16,0,0,0,0.11054645105476874,0.3845350824722097,5.999999999999999,2007-01-02,2026-02-26,2109,"{""C_proxy"": 0.2, ""features"": [""long_z"", ""recent20_z"", ""recent50_z"", ""recent100_z"", ""ewma_z"", ""gap_z"", ""transition_z"", ""in_last_draw""], ""include_number"": true, ""retrain_interval"": 1, ""seed"": 20260728, ""shrink_strength"": 0.1}",audited-1.0.0-online-SGD-r1,FullFeatureLogistic
2110,115000029,2026-02-28,17 23 30 37 39 49,25 9 20 28 38 42,25 9 20 28 38 42 4 39 49 1,25 9 20 28 38 42 4 39 49 1 16 12,0,2,2,0.11260783540288245,0.4036643004630911,6.0,2007-01-02,2026-02-27,2110,"{""C_proxy"": 0.2, ""features"": [""long_z"", ""recent20_z"", ""recent50_z"", ""recent100_z"", ""ewma_z"", ""gap_z"", ""transition_z"", ""in_last_draw""], ""include_number"": true, ""retrain_interval"": 1, ""seed"": 20260728, ""shrink_strength"": 0.1}",audited-1.0.0-online-SGD-r1,FullFeatureLogistic
2111,115000030,2026-03-01,4 7 34 40 44 49,25 9 28 38 20 42,25 9 28 38 20 42 4 1 39 16,25 9 28 38 20 42 4 1 39 16 48 12,0,1,1,0.1060941018123455,0.36264182061265354,6.0,2007-01-02,2026-02-28,2111,"{""C_proxy"": 0.2, ""features"": [""long_z"", ""recent20_z"", ""recent50_z"", ""recent100_z"", ""ewma_z"", ""gap_z"", ""transition_z"", ""in_last_draw""], ""include_number"": true, ""retrain_interval"": 1, ""seed"": 20260728, ""shrink_strength"": 0.1}",audited-1.0.0-online-SGD-r1,FullFeatureLogistic
2112,115000031,2026-03-02,19 25 27 28 33 39,25 9 28 38 20 42,25 9 28 38 20 42 39 1 4 16,25 9 28 38 20 42 39 1 4 16 48 12,2,3,3,0.10557767174677128,0.3660847487853568,6.0,2007-01-02,2026-03-01,2112,"{""C_proxy"": 0.2, ""features"": [""long_z"", ""recent20_z"", ""recent50_z"", ""recent100_z"", ""ewma_z"", ""gap_z"", ""transition_z"", ""in_last_draw""], ""include_number"": true, ""retrain_interval"": 1, ""seed"": 20260728, ""shrink_strength"": 0.1}",audited-1.0.0-online-SGD-r1,FullFeatureLogistic
2113,115000032,2026-03-03,5 26 27 35 45 46,9 25 38 20 4 42,9 25 38 20 4 42 1 28 48 16,9 25 38 20 4 42 1 28 48 16 12 10,0,0,0,0.11227693045019707,0.3955712559322066,6.0,2007-01-02,2026-03-02,2113,"{""C_proxy"": 0.2, ""features"": [""long_z"", ""recent20_z"", ""recent50_z"", ""recent100_z"", ""ewma_z"", ""gap_z"", ""transition_z"", ""in_last_draw""], ""include_number"": true, ""retrain_interval"": 1, ""seed"": 20260728, ""shrink_strength"": 0.1}",audited-1.0.0-online-SGD-r1,FullFeatureLogistic
2114,115000033,2026-03-06,9 11 12 14 23 25,25 9 38 20 28 4,25 9 38 20 28 4 42 1 48 16,25 9 38 20 28 4 42 1 48 16 39 12,2,2,3,0.10569707337047371,0.36607535854681483,6.000000000000001,2007-01-02,2026-03-03,2114,"{""C_proxy"": 0.2, ""features"": [""long_z"", ""recent20_z"", ""recent50_z"", ""recent100_z"", ""ewma_z"", ""gap_z"", ""transition_z"", ""in_last_draw""], ""include_number"": true, ""retrain_interval"": 1, ""seed"": 20260728, ""shrink_strength"": 0.1}",audited-1.0.0-online-SGD-r1,FullFeatureLogistic
2115,115000034,2026-03-10,5 11 29 37 43 47,38 20 28 25 9 4,38 20 28 25 9 4 42 1 16 39,38 20 28 25 9 4 42 1 16 39 48 10,0,0,0,0.11212357421046364,0.394258906103805,6.000000000000001,2007-01-02,2026-03-06,2115,"{""C_proxy"": 0.2, ""features"": [""long_z"", ""recent20_z"", ""recent50_z"", ""recent100_z"", ""ewma_z"", ""gap_z"", ""transition_z"", ""in_last_draw""], ""include_number"": true, ""retrain_interval"": 1, ""seed"": 20260728, ""shrink_strength"": 0.1}",audited-1.0.0-online-SGD-r1,FullFeatureLogistic
2116,115000035,2026-03-13,5 12 13 38 47 48,25 9 38 20 28 4,25 9 38 20 28 4 42 1 39 16,25 9 38 20 28 4 42 1 39 16 48 24,1,1,2,0.10443302938825053,0.3559531077596124,6.0,2007-01-02,2026-03-10,2116,"{""C_proxy"": 0.2, ""features"": [""long_z"", ""recent20_z"", ""recent50_z"", ""recent100_z"", ""ewma_z"", ""gap_z"", ""transition_z"", ""in_last_draw""], ""include_number"": true, ""retrain_interval"": 1, ""seed"": 20260728, ""shrink_strength"": 0.1}",audited-1.0.0-online-SGD-r1,FullFeatureLogistic
2117,115000036,2026-03-17,2 6 10 22 40 45,25 9 20 28 4 42,25 9 20 28 4 42 38 1 39 16,25 9 20 28 4 42 38 1 39 16 24 10,0,0,1,0.10622331194191208,0.3628396978404621,6.0,2007-01-02,2026-03-13,2117,"{""C_proxy"": 0.2, ""features"": [""long_z"", ""recent20_z"", ""recent50_z"", ""recent100_z"", ""ewma_z"", ""gap_z"", ""transition_z"", ""in_last_draw""], ""include_number"": true, ""retrain_interval"": 1, ""seed"": 20260728, ""shrink_strength"": 0.1}",audited-1.0.0-online-SGD-r1,FullFeatureLogistic
2118,115000037,2026-03-20,11 15 33 38 41 43,25 9 20 28 38 4,25 9 20 28 38 4 42 39 1 16,25 9 20 28 38 4 42 39 1 16 24 49,1,1,1,0.1101024479692374,0.3853069230904807,6.0,2007-01-02,2026-03-17,2118,"{""C_proxy"": 0.2, ""features"": [""long_z"", ""recent20_z"", ""recent50_z"", ""recent100_z"", ""ewma_z"", ""gap_z"", ""transition_z"", ""in_last_draw""], ""include_number"": true, ""retrain_interval"": 1, ""seed"": 20260728, ""shrink_strength"": 0.1}",audited-1.0.0-online-SGD-r1,FullFeatureLogistic
2119,115000038,2026-03-24,14 33 41 42 44 48,25 9 20 28 4 42,25 9 20 28 4 42 39 1 16 38,25 9 20 28 4 42 39 1 16 38 24 49,1,1,1,0.11090851888512834,0.388624754621974,6.000000000000001,2007-01-02,2026-03-20,2119,"{""C_proxy"": 0.2, ""features"": [""long_z"", ""recent20_z"", ""recent50_z"", ""recent100_z"", ""ewma_z"", ""gap_z"", ""transition_z"", ""in_last_draw""], ""include_number"": true, ""retrain_interval"": 1, ""seed"": 20260728, ""shrink_strength"": 0.1}",audited-1.0.0-online-SGD-r1,FullFeatureLogistic
2120,115000039,2026-03-27,4 8 23 26 29 36,25 9 20 28 4 38,25 9 20 28 4 38 39 42 1 49,25 9 20 28 4 38 39 42 1 49 16 24,1,1,1,0.10943725900984679,0.3791881794539487,6.0,2007-01-02,2026-03-24,2120,"{""C_proxy"": 0.2, ""features"": [""long_z"", ""recent20_z"", ""recent50_z"", ""recent100_z"", ""ewma_z"", ""gap_z"", ""transition_z"", ""in_last_draw""], ""include_number"": true, ""retrain_interval"": 1, ""seed"": 20260728, ""shrink_strength"": 0.1}",audited-1.0.0-online-SGD-r1,FullFeatureLogistic
2121,115000040,2026-03-31,5 11 25 40 45 47,25 9 20 28 42 39,25 9 20 28 42 39 38 1 49 16,25 9 20 28 42 39 38 1 49 16 24 4,1,1,1,0.10765641415343491,0.37336409831841927,6.0,2007-01-02,2026-03-27,2121,"{""C_proxy"": 0.2, ""features"": [""long_z"", ""recent20_z"", ""recent50_z"", ""recent100_z"", ""ewma_z"", ""gap_z"", ""transition_z"", ""in_last_draw""], ""include_number"": true, ""retrain_interval"": 1, ""seed"": 20260728, ""shrink_strength"": 0.1}",audited-1.0.0-online-SGD-r1,FullFeatureLogistic
2122,115000041,2026-04-03,5 12 13 25 36 48,9 28 20 25 42 39,9 28 20 25 42 39 38 4 1 49,9 28 20 25 42 39 38 4 1 49 16 12,1,1,2,0.10465351254192871,0.35674473581098565,6.0,2007-01-02,2026-03-31,2122,"{""C_proxy"": 0.2, ""features"": [""long_z"", ""recent20_z"", ""recent50_z"", ""recent100_z"", ""ewma_z"", ""gap_z"", ""transition_z"", ""in_last_draw""], ""include_number"": true, ""retrain_interval"": 1, ""seed"": 20260728, ""shrink_strength"": 0.1}",audited-1.0.0-online-SGD-r1,FullFeatureLogistic
2123,115000042,2026-04-07,1 2 6 16 18 26,9 28 20 38 25 42,9 28 20 38 25 42 39 4 1 49,9 28 20 38 25 42 39 4 1 49 16 24,0,1,2,0.10339619951769297,0.3506264217618146,6.000000000000001,2007-01-02,2026-04-03,2123,"{""C_proxy"": 0.2, ""features"": [""long_z"", ""recent20_z"", ""recent50_z"", ""recent100_z"", ""ewma_z"", ""gap_z"", ""transition_z"", ""in_last_draw""], ""include_number"": true, ""retrain_interval"": 1, ""seed"": 20260728, ""shrink_strength"": 0.1}",audited-1.0.0-online-SGD-r1,FullFeatureLogistic
2124,115000043,2026-04-10,4 10 15 17 21 40,9 25 28 20 38 39,9 25 28 20 38 39 42 4 49 24,9 25 28 20 38 39 42 4 49 24 1 10,0,1,2,0.10760709215277156,0.37121495934448395,6.000000000000001,2007-01-02,2026-04-07,2124,"{""C_proxy"": 0.2, ""features"": [""long_z"", ""recent20_z"", ""recent50_z"", ""recent100_z"", ""ewma_z"", ""gap_z"", ""transition_z"", ""in_last_draw""], ""include_number"": true, ""retrain_interval"": 1, ""seed"": 20260728, ""shrink_strength"": 0.1}",audited-1.0.0-online-SGD-r1,FullFeatureLogistic
2125,115000044,2026-04-14,4 8 21 23 24 43,9 25 28 20 38 39,9 25 28 20 38 39 42 49 1 24,9 25 28 20 38 39 42 49 1 24 16 4,0,1,2,0.10886875571284124,0.3765076546051724,6.000000000000001,2007-01-02,2026-04-10,2125,"{""C_proxy"": 0.2, ""features"": [""long_z"", ""recent20_z"", ""recent50_z"", ""recent100_z"", ""ewma_z"", ""gap_z"", ""transition_z"", ""in_last_draw""], ""include_number"": true, ""retrain_interval"": 1, ""seed"": 20260728, ""shrink_strength"": 0.1}",audited-1.0.0-online-SGD-r1,FullFeatureLogistic
2126,115000045,2026-04-17,7 10 11 22 40 45,25 9 28 20 38 39,25 9 28 20 38 39 42 49 1 16,25 9 28 20 38 39 42 49 1 16 12 6,0,0,0,0.11047698286506775,0.3842687961800368,6.0,2007-01-02,2026-04-14,2126,"{""C_proxy"": 0.2, ""features"": [""long_z"", ""recent20_z"", ""recent50_z"", ""recent100_z"", ""ewma_z"", ""gap_z"", ""transition_z"", ""in_last_draw""], ""include_number"": true, ""retrain_interval"": 1, ""seed"": 20260728, ""shrink_strength"": 0.1}",audited-1.0.0-online-SGD-r1,FullFeatureLogistic
2127,115000046,2026-04-21,1 6 17 19 20 40,25 9 28 38 39 20,25 9 28 38 39 20 42 49 1 16,25 9 28 38 39 20 42 49 1 16 12 4,1,2,2,0.10813083297396478,0.3751041862997212,6.0,2007-01-02,2026-04-17,2127,"{""C_proxy"": 0.2, ""features"": [""long_z"", ""recent20_z"", ""recent50_z"", ""recent100_z"", ""ewma_z"", ""gap_z"", ""transition_z"", ""in_last_draw""], ""include_number"": true, ""retrain_interval"": 1, ""seed"": 20260728, ""shrink_strength"": 0.1}",audited-1.0.0-online-SGD-r1,FullFeatureLogistic
2128,115000047,2026-04-24,7 14 16 37 39 47,25 9 28 38 39 42,25 9 28 38 39 42 49 16 12 4,25 9 28 38 39 42 49 16 12 4 20 24,1,2,2,0.10850929789002534,0.37673053965775993,6.0,2007-01-02,2026-04-21,2128,"{""C_proxy"": 0.2, ""features"": [""long_z"", ""recent20_z"", ""recent50_z"", ""recent100_z"", ""ewma_z"", ""gap_z"", ""transition_z"", ""in_last_draw""], ""include_number"": true, ""retrain_interval"": 1, ""seed"": 20260728, ""shrink_strength"": 0.1}",audited-1.0.0-online-SGD-r1,FullFeatureLogistic
2129,115000048,2026-04-28,6 10 14 25 26 32,25 9 28 38 20 42,25 9 28 38 20 42 39 49 1 12,25 9 28 38 20 42 39 49 1 12 4 24,1,1,1,0.10701688545316028,0.36999740390304753,6.000000000000001,2007-01-02,2026-04-24,2129,"{""C_proxy"": 0.2, ""features"": [""long_z"", ""recent20_z"", ""recent50_z"", ""recent100_z"", ""ewma_z"", ""gap_z"", ""transition_z"", ""in_last_draw""], ""include_number"": true, ""retrain_interval"": 1, ""seed"": 20260728, ""shrink_strength"": 0.1}",audited-1.0.0-online-SGD-r1,FullFeatureLogistic
2130,115000049,2026-05-01,7 22 27 35 43 48,28 9 38 25 20 42,28 9 38 25 20 42 39 49 4 1,28 9 38 25 20 42 39 49 4 1 24 12,0,0,0,0.11038409063517964,0.3846173765336016,6.0,2007-01-02,2026-04-28,2130,"{""C_proxy"": 0.2, ""features"": [""long_z"", ""recent20_z"", ""recent50_z"", ""recent100_z"", ""ewma_z"", ""gap_z"", ""transition_z"", ""in_last_draw""], ""include_number"": true, ""retrain_interval"": 1, ""seed"": 20260728, ""shrink_strength"": 0.1}",audited-1.0.0-online-SGD-r1,FullFeatureLogistic
2131,115000050,2026-05-05,4 17 23 28 33 37,25 28 9 38 20 39,25 28 9 38 20 39 42 49 4 1,25 28 9 38 20 39 42 49 4 1 12 24,1,2,2,0.1098796764803429,0.3850466392420303,6.000000000000001,2007-01-02,2026-05-01,2131,"{""C_proxy"": 0.2, ""features"": [""long_z"", ""recent20_z"", ""recent50_z"", ""recent100_z"", ""ewma_z"", ""gap_z"", ""transition_z"", ""in_last_draw""], ""include_number"": true, ""retrain_interval"": 1, ""seed"": 20260728, ""shrink_strength"": 0.1}",audited-1.0.0-online-SGD-r1,FullFeatureLogistic
2132,115000051,2026-05-08,10 18 25 28 39 43,25 9 38 20 28 39,25 9 38 20 28 39 42 49 1 24,25 9 38 20 28 39 42 49 1 24 16 12,3,3,3,0.10074507278345302,0.3409249469735914,5.999999999999999,2007-01-02,2026-05-05,2132,"{""C_proxy"": 0.2, ""features"": [""long_z"", ""recent20_z"", ""recent50_z"", ""recent100_z"", ""ewma_z"", ""gap_z"", ""transition_z"", ""in_last_draw""], ""include_number"": true, ""retrain_interval"": 1, ""seed"": 20260728, ""shrink_strength"": 0.1}",audited-1.0.0-online-SGD-r1,FullFeatureLogistic
2133,115000052,2026-05-12,6 12 18 19 32 36,9 38 20 25 42 28,9 38 20 25 42 28 49 1 39 4,9 38 20 25 42 28 49 1 39 4 12 24,0,0,1,0.10873308926542097,0.3757774979124716,6.0,2007-01-02,2026-05-08,2133,"{""C_proxy"": 0.2, ""features"": [""long_z"", ""recent20_z"", ""recent50_z"", ""recent100_z"", ""ewma_z"", ""gap_z"", ""transition_z"", ""in_last_draw""], ""include_number"": true, ""retrain_interval"": 1, ""seed"": 20260728, ""shrink_strength"": 0.1}",audited-1.0.0-online-SGD-r1,FullFeatureLogistic
2134,115000053,2026-05-15,16 29 30 35 42 43,25 9 38 28 20 42,25 9 38 28 20 42 39 1 49 4,25 9 38 28 20 42 39 1 49 4 24 16,1,1,2,0.11145762862561791,0.39743517221143365,6.000000000000001,2007-01-02,2026-05-12,2134,"{""C_proxy"": 0.2, ""features"": [""long_z"", ""recent20_z"", ""recent50_z"", ""recent100_z"", ""ewma_z"", ""gap_z"", ""transition_z"", ""in_last_draw""], ""include_number"": true, ""retrain_interval"": 1, ""seed"": 20260728, ""shrink_strength"": 0.1}",audited-1.0.0-online-SGD-r1,FullFeatureLogistic
2135,115000054,2026-05-19,4 20 22 26 38 47,9 25 28 38 20 39,9 25 28 38 20 39 42 1 49 4,9 25 28 38 20 39 42 1 49 4 24 12,2,3,3,0.10235704796419179,0.34737022555553376,6.000000000000002,2007-01-02,2026-05-15,2135,"{""C_proxy"": 0.2, ""features"": [""long_z"", ""recent20_z"", ""recent50_z"", ""recent100_z"", ""ewma_z"", ""gap_z"", ""transition_z"", ""in_last_draw""], ""include_number"": true, ""retrain_interval"": 1, ""seed"": 20260728, ""shrink_strength"": 0.1}",audited-1.0.0-online-SGD-r1,FullFeatureLogistic
2136,115000055,2026-05-22,12 13 16 21 28 48,25 9 28 42 38 39,25 9 28 42 38 39 1 24 49 12,25 9 28 42 38 39 1 24 49 12 48 20,1,2,3,0.10325869985548028,0.3516755804734637,5.999999999999999,2007-01-02,2026-05-19,2136,"{""C_proxy"": 0.2, ""features"": [""long_z"", ""recent20_z"", ""recent50_z"", ""recent100_z"", ""ewma_z"", ""gap_z"", ""transition_z"", ""in_last_draw""], ""include_number"": true, ""retrain_interval"": 1, ""seed"": 20260728, ""shrink_strength"": 0.1}",audited-1.0.0-online-SGD-r1,FullFeatureLogistic
2137,115000056,2026-05-26,3 27 29 37 47 48,25 9 38 20 42 39,25 9 38 20 42 39 28 1 24 49,25 9 38 20 42 39 28 1 24 49 4 34,0,0,0,0.11053134164240913,0.3847112743664594,6.0,2007-01-02,2026-05-22,2137,"{""C_proxy"": 0.2, ""features"": [""long_z"", ""recent20_z"", ""recent50_z"", ""recent100_z"", ""ewma_z"", ""gap_z"", ""transition_z"", ""in_last_draw""], ""include_number"": true, ""retrain_interval"": 1, ""seed"": 20260728, ""shrink_strength"": 0.1}",audited-1.0.0-online-SGD-r1,FullFeatureLogistic
2138,115000057,2026-05-29,20 26 29 31 37 49,25 9 38 28 20 42,25 9 38 28 20 42 39 1 24 49,25 9 38 28 20 42 39 1 24 49 4 12,1,2,2,0.10873771106960657,0.37871477711008433,6.000000000000001,2007-01-02,2026-05-26,2138,"{""C_proxy"": 0.2, ""features"": [""long_z"", ""recent20_z"", ""recent50_z"", ""recent100_z"", ""ewma_z"", ""gap_z"", ""transition_z"", ""in_last_draw""], ""include_number"": true, ""retrain_interval"": 1, ""seed"": 20260728, ""shrink_strength"": 0.1}",audited-1.0.0-online-SGD-r1,FullFeatureLogistic
2139,115000058,2026-06-02,8 9 16 20 37 49,25 9 38 28 42 39,25 9 38 28 42 39 1 24 4 12,25 9 38 28 42 39 1 24 4 12 20 16,1,1,3,0.10757384600391812,0.37482443428238804,6.000000000000001,2007-01-02,2026-05-29,2139,"{""C_proxy"": 0.2, ""features"": [""long_z"", ""recent20_z"", ""recent50_z"", ""recent100_z"", ""ewma_z"", ""gap_z"", ""transition_z"", ""in_last_draw""], ""include_number"": true, ""retrain_interval"": 1, ""seed"": 20260728, ""shrink_strength"": 0.1}",audited-1.0.0-online-SGD-r1,FullFeatureLogistic
2140,115000059,2026-06-05,12 14 25 30 32 44,25 38 28 9 42 39,25 38 28 9 42 39 1 24 4 12,25 38 28 9 42 39 1 24 4 12 48 6,1,2,2,0.10967397765107025,0.38892157982756603,6.000000000000001,2007-01-02,2026-06-02,2140,"{""C_proxy"": 0.2, ""features"": [""long_z"", ""recent20_z"", ""recent50_z"", ""recent100_z"", ""ewma_z"", ""gap_z"", ""transition_z"", ""in_last_draw""], ""include_number"": true, ""retrain_interval"": 1, ""seed"": 20260728, ""shrink_strength"": 0.1}",audited-1.0.0-online-SGD-r1,FullFeatureLogistic
2141,115000060,2026-06-09,13 18 25 39 40 46,9 38 28 25 42 39,9 38 28 25 42 39 1 24 20 4,9 38 28 25 42 39 1 24 20 4 49 6,2,2,2,0.10482623849923829,0.3589440741844302,6.000000000000001,2007-01-02,2026-06-05,2141,"{""C_proxy"": 0.2, ""features"": [""long_z"", ""recent20_z"", ""recent50_z"", ""recent100_z"", ""ewma_z"", ""gap_z"", ""transition_z"", ""in_last_draw""], ""include_number"": true, ""retrain_interval"": 1, ""seed"": 20260728, ""shrink_strength"": 0.1}",audited-1.0.0-online-SGD-r1,FullFeatureLogistic
2142,115000061,2026-06-12,1 6 16 20 34 49,9 38 28 42 25 1,9 38 28 42 25 1 20 24 4 49,9 38 28 42 25 1 20 24 4 49 39 48,1,3,3,0.10272662975030614,0.3480656967876136,6.000000000000001,2007-01-02,2026-06-09,2142,"{""C_proxy"": 0.2, ""features"": [""long_z"", ""recent20_z"", ""recent50_z"", ""recent100_z"", ""ewma_z"", ""gap_z"", ""transition_z"", ""in_last_draw""], ""include_number"": true, ""retrain_interval"": 1, ""seed"": 20260728, ""shrink_strength"": 0.1}",audited-1.0.0-online-SGD-r1,FullFeatureLogistic
2143,115000062,2026-06-16,1 2 9 11 28 36,9 38 28 25 42 39,9 38 28 25 42 39 4 24 1 48,9 38 28 25 42 39 4 24 1 48 12 10,2,3,3,0.1040714142235523,0.35794889680576647,6.000000000000001,2007-01-02,2026-06-12,2143,"{""C_proxy"": 0.2, ""features"": [""long_z"", ""recent20_z"", ""recent50_z"", ""recent100_z"", ""ewma_z"", ""gap_z"", ""transition_z"", ""in_last_draw""], ""include_number"": true, ""retrain_interval"": 1, ""seed"": 20260728, ""shrink_strength"": 0.1}",audited-1.0.0-online-SGD-r1,FullFeatureLogistic
2144,115000063,2026-06-19,4 12 28 29 35 48,38 25 42 9 28 39,38 25 42 9 28 39 4 24 20 48,38 25 42 9 28 39 4 24 20 48 12 49,1,3,4,0.10673627942791572,0.3698467472980459,6.000000000000001,2007-01-02,2026-06-16,2144,"{""C_proxy"": 0.2, ""features"": [""long_z"", ""recent20_z"", ""recent50_z"", ""recent100_z"", ""ewma_z"", ""gap_z"", ""transition_z"", ""in_last_draw""], ""include_number"": true, ""retrain_interval"": 1, ""seed"": 20260728, ""shrink_strength"": 0.1}",audited-1.0.0-online-SGD-r1,FullFeatureLogistic
2145,115000064,2026-06-23,12 18 29 33 34 39,25 38 9 42 39 28,25 38 9 42 39 28 24 20 49 1,25 38 9 42 39 28 24 20 49 1 10 4,1,1,1,0.10770373552883791,0.37230554192184256,6.0,2007-01-02,2026-06-19,2145,"{""C_proxy"": 0.2, ""features"": [""long_z"", ""recent20_z"", ""recent50_z"", ""recent100_z"", ""ewma_z"", ""gap_z"", ""transition_z"", ""in_last_draw""], ""include_number"": true, ""retrain_interval"": 1, ""seed"": 20260728, ""shrink_strength"": 0.1}",audited-1.0.0-online-SGD-r1,FullFeatureLogistic
2146,115000065,2026-06-26,11 19 23 24 29 41,25 38 9 28 42 20,25 38 9 28 42 20 4 24 49 1,25 38 9 28 42 20 4 24 49 1 48 10,0,1,1,0.11412493423774209,0.40513717386343495,6.0,2007-01-02,2026-06-23,2146,"{""C_proxy"": 0.2, ""features"": [""long_z"", ""recent20_z"", ""recent50_z"", ""recent100_z"", ""ewma_z"", ""gap_z"", ""transition_z"", ""in_last_draw""], ""include_number"": true, ""retrain_interval"": 1, ""seed"": 20260728, ""shrink_strength"": 0.1}",audited-1.0.0-online-SGD-r1,FullFeatureLogistic
2147,115000066,2026-06-30,4 10 16 29 36 45,25 38 9 28 42 4,25 38 9 28 42 4 49 39 20 1,25 38 9 28 42 4 49 39 20 1 48 24,1,1,1,0.10786812292202032,0.3724619129712888,6.000000000000001,2007-01-02,2026-06-26,2147,"{""C_proxy"": 0.2, ""features"": [""long_z"", ""recent20_z"", ""recent50_z"", ""recent100_z"", ""ewma_z"", ""gap_z"", ""transition_z"", ""in_last_draw""], ""include_number"": true, ""retrain_interval"": 1, ""seed"": 20260728, ""shrink_strength"": 0.1}",audited-1.0.0-online-SGD-r1,FullFeatureLogistic
