test_periods,total_hits,probability,cdf,survival_ge
1648,0,0.0,0.0,0.9999999999999999
1648,1,0.0,0.0,0.9999999999999999
1648,2,0.0,0.0,0.9999999999999999
1648,3,0.0,0.0,0.9999999999999999
1648,4,0.0,0.0,0.9999999999999999
1648,5,0.0,0.0,0.9999999999999999
1648,6,0.0,0.0,0.9999999999999999
1648,7,0.0,0.0,0.9999999999999999
1648,8,0.0,0.0,0.9999999999999999
1648,9,0.0,0.0,0.9999999999999999
1648,10,0.0,0.0,0.9999999999999999
1648,11,0.0,0.0,0.9999999999999999
1648,12,0.0,0.0,0.9999999999999999
1648,13,0.0,0.0,0.9999999999999999
1648,14,0.0,0.0,0.9999999999999999
1648,15,0.0,0.0,0.9999999999999999
1648,16,0.0,0.0,0.9999999999999999
1648,17,0.0,0.0,0.9999999999999999
1648,18,0.0,0.0,0.9999999999999999
1648,19,0.0,0.0,0.9999999999999999
1648,20,0.0,0.0,0.9999999999999999
1648,21,0.0,0.0,0.9999999999999999
1648,22,0.0,0.0,0.9999999999999999
1648,23,0.0,0.0,0.9999999999999999
1648,24,0.0,0.0,0.9999999999999999
1648,25,0.0,0.0,0.9999999999999999
1648,26,0.0,0.0,0.9999999999999999
1648,27,0.0,0.0,0.9999999999999999
1648,28,0.0,0.0,0.9999999999999999
1648,29,0.0,0.0,0.9999999999999999
1648,30,0.0,0.0,0.9999999999999999
1648,31,0.0,0.0,0.9999999999999999
1648,32,0.0,0.0,0.9999999999999999
1648,33,0.0,0.0,0.9999999999999999
1648,34,0.0,0.0,0.9999999999999999
1648,35,0.0,0.0,0.9999999999999999
1648,36,0.0,0.0,0.9999999999999999
1648,37,0.0,0.0,0.9999999999999999
1648,38,0.0,0.0,0.9999999999999999
1648,39,0.0,0.0,0.9999999999999999
1648,40,0.0,0.0,0.9999999999999999
1648,41,0.0,0.0,0.9999999999999999
1648,42,0.0,0.0,0.9999999999999999
1648,43,0.0,0.0,0.9999999999999999
1648,44,0.0,0.0,0.9999999999999999
1648,45,0.0,0.0,0.9999999999999999
1648,46,0.0,0.0,0.9999999999999999
1648,47,0.0,0.0,0.9999999999999999
1648,48,0.0,0.0,0.9999999999999999
1648,49,0.0,0.0,0.9999999999999999
1648,50,0.0,0.0,0.9999999999999999
1648,51,0.0,0.0,0.9999999999999999
1648,52,0.0,0.0,0.9999999999999999
1648,53,0.0,0.0,0.9999999999999999
1648,54,0.0,0.0,0.9999999999999999
1648,55,0.0,0.0,0.9999999999999999
1648,56,0.0,0.0,0.9999999999999999
1648,57,0.0,0.0,0.9999999999999999
1648,58,0.0,0.0,0.9999999999999999
1648,59,0.0,0.0,0.9999999999999999
1648,60,0.0,0.0,0.9999999999999999
1648,61,0.0,0.0,0.9999999999999999
1648,62,0.0,0.0,0.9999999999999999
1648,63,0.0,0.0,0.9999999999999999
1648,64,0.0,0.0,0.9999999999999999
1648,65,0.0,0.0,0.9999999999999999
1648,66,0.0,0.0,0.9999999999999999
1648,67,0.0,0.0,0.9999999999999999
1648,68,0.0,0.0,0.9999999999999999
1648,69,0.0,0.0,0.9999999999999999
1648,70,0.0,0.0,0.9999999999999999
1648,71,0.0,0.0,0.9999999999999999
1648,72,0.0,0.0,0.9999999999999999
1648,73,0.0,0.0,0.9999999999999999
1648,74,0.0,0.0,0.9999999999999999
1648,75,0.0,0.0,0.9999999999999999
1648,76,0.0,0.0,0.9999999999999999
1648,77,0.0,0.0,0.9999999999999999
1648,78,0.0,0.0,0.9999999999999999
1648,79,0.0,0.0,0.9999999999999999
1648,80,0.0,0.0,0.9999999999999999
1648,81,0.0,0.0,0.9999999999999999
1648,82,0.0,0.0,0.9999999999999999
1648,83,0.0,0.0,0.9999999999999999
1648,84,0.0,0.0,0.9999999999999999
1648,85,0.0,0.0,0.9999999999999999
1648,86,0.0,0.0,0.9999999999999999
1648,87,0.0,0.0,0.9999999999999999
1648,88,0.0,0.0,0.9999999999999999
1648,89,0.0,0.0,0.9999999999999999
1648,90,0.0,0.0,0.9999999999999999
1648,91,0.0,0.0,0.9999999999999999
1648,92,0.0,0.0,0.9999999999999999
1648,93,0.0,0.0,0.9999999999999999
1648,94,0.0,0.0,0.9999999999999999
1648,95,0.0,0.0,0.9999999999999999
1648,96,0.0,0.0,0.9999999999999999
1648,97,0.0,0.0,0.9999999999999999
1648,98,0.0,0.0,0.9999999999999999
1648,99,0.0,0.0,0.9999999999999999
1648,100,0.0,0.0,0.9999999999999999
1648,101,0.0,0.0,0.9999999999999999
1648,102,0.0,0.0,0.9999999999999999
1648,103,0.0,0.0,0.9999999999999999
1648,104,0.0,0.0,0.9999999999999999
1648,105,0.0,0.0,0.9999999999999999
1648,106,0.0,0.0,0.9999999999999999
1648,107,0.0,0.0,0.9999999999999999
1648,108,0.0,0.0,0.9999999999999999
1648,109,0.0,0.0,0.9999999999999999
1648,110,0.0,0.0,0.9999999999999999
1648,111,0.0,0.0,0.9999999999999999
1648,112,0.0,0.0,0.9999999999999999
1648,113,0.0,0.0,0.9999999999999999
1648,114,0.0,0.0,0.9999999999999999
1648,115,0.0,0.0,0.9999999999999999
1648,116,0.0,0.0,0.9999999999999999
1648,117,0.0,0.0,0.9999999999999999
1648,118,0.0,0.0,0.9999999999999999
1648,119,0.0,0.0,0.9999999999999999
1648,120,0.0,0.0,0.9999999999999999
1648,121,0.0,0.0,0.9999999999999999
1648,122,0.0,0.0,0.9999999999999999
1648,123,0.0,0.0,0.9999999999999999
1648,124,0.0,0.0,0.9999999999999999
1648,125,0.0,0.0,0.9999999999999999
1648,126,0.0,0.0,0.9999999999999999
1648,127,0.0,0.0,0.9999999999999999
1648,128,0.0,0.0,0.9999999999999999
1648,129,0.0,0.0,0.9999999999999999
1648,130,0.0,0.0,0.9999999999999999
1648,131,0.0,0.0,0.9999999999999999
1648,132,0.0,0.0,0.9999999999999999
1648,133,0.0,0.0,0.9999999999999999
1648,134,0.0,0.0,0.9999999999999999
1648,135,0.0,0.0,0.9999999999999999
1648,136,0.0,0.0,0.9999999999999999
1648,137,0.0,0.0,0.9999999999999999
1648,138,0.0,0.0,0.9999999999999999
1648,139,0.0,0.0,0.9999999999999999
1648,140,0.0,0.0,0.9999999999999999
1648,141,0.0,0.0,0.9999999999999999
1648,142,0.0,0.0,0.9999999999999999
1648,143,0.0,0.0,0.9999999999999999
1648,144,0.0,0.0,0.9999999999999999
1648,145,0.0,0.0,0.9999999999999999
1648,146,0.0,0.0,0.9999999999999999
1648,147,0.0,0.0,0.9999999999999999
1648,148,0.0,0.0,0.9999999999999999
1648,149,0.0,0.0,0.9999999999999999
1648,150,0.0,0.0,0.9999999999999999
1648,151,0.0,0.0,0.9999999999999999
1648,152,0.0,0.0,0.9999999999999999
1648,153,0.0,0.0,0.9999999999999999
1648,154,0.0,0.0,0.9999999999999999
1648,155,0.0,0.0,0.9999999999999999
1648,156,0.0,0.0,0.9999999999999999
1648,157,0.0,0.0,0.9999999999999999
1648,158,0.0,0.0,0.9999999999999999
1648,159,0.0,0.0,0.9999999999999999
1648,160,0.0,0.0,0.9999999999999999
1648,161,0.0,0.0,0.9999999999999999
1648,162,0.0,0.0,0.9999999999999999
1648,163,0.0,0.0,0.9999999999999999
1648,164,0.0,0.0,0.9999999999999999
1648,165,0.0,0.0,0.9999999999999999
1648,166,0.0,0.0,0.9999999999999999
1648,167,0.0,0.0,0.9999999999999999
1648,168,0.0,0.0,0.9999999999999999
1648,169,0.0,0.0,0.9999999999999999
1648,170,0.0,0.0,0.9999999999999999
1648,171,0.0,0.0,0.9999999999999999
1648,172,0.0,0.0,0.9999999999999999
1648,173,0.0,0.0,0.9999999999999999
1648,174,0.0,0.0,0.9999999999999999
1648,175,0.0,0.0,0.9999999999999999
1648,176,0.0,0.0,0.9999999999999999
1648,177,0.0,0.0,0.9999999999999999
1648,178,0.0,0.0,0.9999999999999999
1648,179,0.0,0.0,0.9999999999999999
1648,180,0.0,0.0,0.9999999999999999
1648,181,0.0,0.0,0.9999999999999999
1648,182,0.0,0.0,0.9999999999999999
1648,183,0.0,0.0,0.9999999999999999
1648,184,0.0,0.0,0.9999999999999999
1648,185,0.0,0.0,0.9999999999999999
1648,186,0.0,0.0,0.9999999999999999
1648,187,0.0,0.0,0.9999999999999999
1648,188,0.0,0.0,0.9999999999999999
1648,189,0.0,0.0,0.9999999999999999
1648,190,0.0,0.0,0.9999999999999999
1648,191,0.0,0.0,0.9999999999999999
1648,192,0.0,0.0,0.9999999999999999
1648,193,0.0,0.0,0.9999999999999999
1648,194,0.0,0.0,0.9999999999999999
1648,195,0.0,0.0,0.9999999999999999
1648,196,0.0,0.0,0.9999999999999999
1648,197,0.0,0.0,0.9999999999999999
1648,198,0.0,0.0,0.9999999999999999
1648,199,0.0,0.0,0.9999999999999999
1648,200,0.0,0.0,0.9999999999999999
1648,201,0.0,0.0,0.9999999999999999
1648,202,0.0,0.0,0.9999999999999999
1648,203,0.0,0.0,0.9999999999999999
1648,204,0.0,0.0,0.9999999999999999
1648,205,0.0,0.0,0.9999999999999999
1648,206,0.0,0.0,0.9999999999999999
1648,207,0.0,0.0,0.9999999999999999
1648,208,0.0,0.0,0.9999999999999999
1648,209,0.0,0.0,0.9999999999999999
1648,210,0.0,0.0,0.9999999999999999
1648,211,2e-323,2e-323,0.9999999999999999
1648,212,1.7e-322,1.9e-322,0.9999999999999999
1648,213,1.206e-321,1.393e-321,0.9999999999999999
1648,214,8.483e-321,9.876e-321,0.9999999999999999
1648,215,5.906e-320,6.8937e-320,0.9999999999999999
1648,216,4.091e-319,4.7804e-319,0.9999999999999999
1648,217,2.81987e-318,3.29791e-318,0.9999999999999999
1648,218,1.934361e-317,2.2641517e-317,0.9999999999999999
1648,219,1.32059493e-316,1.5470101e-316,0.9999999999999999
1648,220,8.9729589e-316,1.0519969e-315,0.9999999999999999
1648,221,6.067989313e-315,7.119986213e-315,0.9999999999999999
1648,222,4.0841899815e-314,4.796188603e-314,0.9999999999999999
1648,223,2.73607419626e-313,3.21569305655e-313,0.9999999999999999
1648,224,1.82439694162e-312,2.145966247276e-312,0.9999999999999999
1648,225,1.2108461835615e-311,1.425442808289e-311,0.9999999999999999
1648,226,7.9991780693724e-311,9.4246208776614e-311,0.9999999999999999
1648,227,5.2601362220835e-310,6.2025983098496e-310,0.9999999999999999
1648,228,3.44312092368542e-309,4.063380754670384e-309,0.9999999999999999
1648,229,2.2434663635265353e-308,2.6498044389935737e-308,0.9999999999999999
1648,230,1.4551478574044109e-307,1.7201283013037681e-307,0.9999999999999999
1648,231,9.395570611212027e-307,1.1115698912515795e-306,0.9999999999999999
1648,232,6.039149789957726e-306,7.150719681209305e-306,0.9999999999999999
1648,233,3.8643202070791775e-305,4.579392175200108e-305,0.9999999999999999
1648,234,2.4616316318011667e-304,2.9195708493211774e-304,0.9999999999999999
1648,235,1.5611103300127112e-303,1.853067414944829e-303,0.9999999999999999
1648,236,9.85626930333877e-303,1.17093367182836e-302,0.9999999999999999
1648,237,6.19537705778781e-302,7.36631072961617e-302,0.9999999999999999
1648,238,3.877098777483504e-301,4.613729850445121e-301,0.9999999999999999
1648,239,2.4156698920813658e-300,2.877042877125878e-300,0.9999999999999999
1648,240,1.4985370980989763e-299,1.786241385811564e-299,0.9999999999999999
1648,241,9.255590535752908e-299,1.1041831921564473e-298,0.9999999999999999
1648,242,5.6918698058350995e-298,6.796052997991547e-298,0.9999999999999999
1648,243,3.485197372208935e-297,4.1648026720080895e-297,0.9999999999999999
1648,244,2.124852261875425e-296,2.541332529076234e-296,0.9999999999999999
1648,245,1.2899305472739802e-295,1.5440638001816036e-295,0.9999999999999999
1648,246,7.797356083007915e-295,9.341419883189518e-295,0.9999999999999999
1648,247,4.6933076861951825e-294,5.6274496745141345e-294,0.9999999999999999
1648,248,2.812991462374294e-293,3.375736429825707e-293,0.9999999999999999
1648,249,1.678891309217054e-292,2.016464952199625e-292,0.9999999999999999
1648,250,9.978115407864017e-292,1.1994580360063642e-291,0.9999999999999999
1648,251,5.905452469564884e-291,7.104910505571249e-291,0.9999999999999999
1648,252,3.480514376143535e-290,4.19100542670066e-290,0.9999999999999999
1648,253,2.0428012390084853e-289,2.4619017816785512e-289,0.9999999999999999
1648,254,1.1940100869330024e-288,1.4402002651008576e-288,0.9999999999999999
1648,255,6.950176013908621e-288,8.390376279009478e-288,0.9999999999999999
1648,256,4.0289901407058164e-287,4.8680277686067643e-287,0.9999999999999999
1648,257,2.3260327060437636e-286,2.81283548290444e-286,0.9999999999999999
1648,258,1.3373996528203143e-285,1.6186832011107582e-285,0.9999999999999999
1648,259,7.658414830381812e-285,9.27709803149257e-285,0.9999999999999999
1648,260,4.3677253758314213e-284,5.295435178980678e-284,0.9999999999999999
1648,261,2.480943832425862e-283,3.01048735032393e-283,0.9999999999999999
1648,262,1.4035570733709298e-282,1.7046058084033228e-282,0.9999999999999999
1648,263,7.90862669529999e-282,9.613232503703313e-282,0.9999999999999999
1648,264,4.438499739677069e-281,5.3998229900474e-281,0.9999999999999999
1648,265,2.4810851309302604e-280,3.0210674299350003e-280,0.9999999999999999
1648,266,1.3814133634614702e-279,1.6835201064549702e-279,0.9999999999999999
1648,267,7.661049842116522e-279,9.344569948571493e-279,0.9999999999999999
1648,268,4.231960964213573e-278,5.166417959070722e-278,0.9999999999999999
1648,269,2.328572615669202e-277,2.845214411576274e-277,0.9999999999999999
1648,270,1.2762585897655557e-276,1.560780030923183e-276,0.9999999999999999
1648,271,6.967777560476971e-276,8.528557591400154e-276,0.9999999999999999
1648,272,3.7893305290219693e-275,4.642186288161985e-275,0.9999999999999999
1648,273,2.052811970919321e-274,2.5170305997355194e-274,0.9999999999999999
1648,274,1.1077968956964355e-273,1.3594999556699874e-273,0.9999999999999999
1648,275,5.9552662183622696e-273,7.314766174032257e-273,0.9999999999999999
1648,276,3.1891725316521e-272,3.9206491490553253e-272,0.9999999999999999
1648,277,1.7013604714056507e-271,2.0934253863111833e-271,0.9999999999999999
1648,278,9.041943763958454e-271,1.1135369150269637e-270,0.9999999999999999
1648,279,4.787182832306395e-270,5.900719747333359e-270,0.9999999999999999
1648,280,2.524971882736716e-269,3.115043857470052e-269,0.9999999999999999
1648,281,1.3267739234143263e-268,1.6382783091613315e-268,0.9999999999999999
1648,282,6.945550089414412e-268,8.583828398575743e-268,0.9999999999999999
1648,283,3.6223562436583168e-267,4.480739083515891e-267,0.9999999999999999
1648,284,1.8821571187318492e-266,2.3302310270834385e-266,0.9999999999999999
1648,285,9.74330211446034e-266,1.2073533141543779e-265,0.9999999999999999
1648,286,5.025130905417192e-265,6.23248421957157e-265,0.9999999999999999
1648,287,2.5821698518901683e-264,3.2054182738473253e-264,0.9999999999999999
1648,288,1.3219764287891399e-263,1.6425182561738725e-263,0.9999999999999999
1648,289,6.743250950333431e-263,8.385769206507304e-263,0.9999999999999999
1648,290,3.427100405050081e-262,4.265677325700811e-262,0.9999999999999999
1648,291,1.7354071567505646e-261,2.1619748893206455e-261,0.9999999999999999
1648,292,8.755845883239222e-261,1.0917820772559867e-260,0.9999999999999999
1648,293,4.401716684602208e-260,5.4934987618581946e-260,0.9999999999999999
1648,294,2.2048465266660693e-259,2.7541964028518885e-259,0.9999999999999999
1648,295,1.1004541697193136e-258,1.3758738100045026e-258,0.9999999999999999
1648,296,5.472778272843152e-258,6.848652082847654e-258,0.9999999999999999
1648,297,2.7120081523463637e-257,3.396873360631129e-257,0.9999999999999999
1648,298,1.3391409370613393e-256,1.678828273124452e-256,0.9999999999999999
1648,299,6.588986555755094e-256,8.267814828879546e-256,0.9999999999999999
1648,300,3.2305230467279762e-255,4.057304529615931e-255,0.9999999999999999
1648,301,1.5783153092393129e-254,1.984045762200906e-254,0.9999999999999999
1648,302,7.683979215436662e-254,9.668024977637567e-254,0.9999999999999999
1648,303,3.7278191322876876e-253,4.6946216300514447e-253,0.9999999999999999
1648,304,1.8022060539865915e-252,2.271668216991736e-252,0.9999999999999999
1648,305,8.682398301822756e-252,1.0954066518814492e-251,0.9999999999999999
1648,306,4.168360523822015e-251,5.2637671757034645e-251,0.9999999999999999
1648,307,1.994278376691188e-250,2.5206550942615343e-250,0.9999999999999999
1648,308,9.508364492449979e-250,1.2029019586711512e-249,0.9999999999999999
1648,309,4.517830845935109e-249,5.72073280460626e-249,0.9999999999999999
1648,310,2.1392559733378287e-248,2.7113292537984547e-248,0.9999999999999999
1648,311,1.0095055064735206e-247,1.280638431853366e-247,0.9999999999999999
1648,312,4.747579691440369e-247,6.028218123293735e-247,0.9999999999999999
1648,313,2.2251429606340712e-246,2.8279647729634447e-246,0.9999999999999999
1648,314,1.0393697702776145e-245,1.322166247573959e-245,0.9999999999999999
1648,315,4.838526750979579e-245,6.160692998553538e-245,0.9999999999999999
1648,316,2.2448714737912467e-244,2.8609407736466003e-244,0.9999999999999999
1648,317,1.038028852777865e-243,1.324122930142525e-243,0.9999999999999999
1648,318,4.783781009471009e-243,6.107903939613534e-243,0.9999999999999999
1648,319,2.1972595558717252e-242,2.8080499498330785e-242,0.9999999999999999
1648,320,1.0058747298516831e-241,1.2866797248349909e-241,0.9999999999999999
1648,321,4.589476276622392e-241,5.876156001457383e-241,0.9999999999999999
1648,322,2.0871000177037882e-240,2.6747156178495263e-240,0.9999999999999999
1648,323,9.459942007069034e-240,1.213465762491856e-239,0.9999999999999999
1648,324,4.273689040563952e-239,5.487154803055808e-239,0.9999999999999999
1648,325,1.92437951157184e-238,2.473094991877421e-238,0.9999999999999999
1648,326,8.63686222668847e-238,1.110995721856589e-237,0.9999999999999999
1648,327,3.8636946652564413e-237,4.974690387113031e-237,0.9999999999999999
1648,328,1.7228013182280784e-236,2.2202703569393814e-236,0.9999999999999999
1648,329,7.656974668740961e-236,9.877245025680343e-236,0.9999999999999999
1648,330,3.392132795130189e-235,4.379857297698223e-235,0.9999999999999999
1648,331,1.4979112401430965e-234,1.9358969699129189e-234,0.9999999999999999
1648,332,6.593270087620852e-234,8.52916705753377e-234,0.9999999999999999
1648,333,2.8928181713029624e-233,3.7457348770563394e-233,0.9999999999999999
1648,334,1.2651755695181802e-232,1.6397490572238143e-232,0.9999999999999999
1648,335,5.51561229208872e-232,7.155361349312533e-232,0.9999999999999999
1648,336,2.3969214283610003e-231,3.112457563292254e-231,0.9999999999999999
1648,337,1.038328646230452e-230,1.3495744025596773e-230,0.9999999999999999
1648,338,4.483742452727345e-230,5.833316855287023e-230,0.9999999999999999
1648,339,1.9300788787529274e-229,2.5134105642816296e-229,0.9999999999999999
1648,340,8.282125435527487e-229,1.0795535999809117e-228,0.9999999999999999
1648,341,3.5427837377825397e-228,4.6223373377634515e-228,0.9999999999999999
1648,342,1.5107315516589482e-227,1.9729652854352934e-227,0.9999999999999999
1648,343,6.422046979327144e-227,8.395012264762437e-227,0.9999999999999999
1648,344,2.7214907357601164e-226,3.56099196223636e-226,0.9999999999999999
1648,345,1.1497174047966677e-225,1.5058166010203037e-225,0.9999999999999999
1648,346,4.8420565157947834e-225,6.347873116815087e-225,0.9999999999999999
1648,347,2.0329501199225142e-224,2.667737431604023e-224,0.9999999999999999
1648,348,8.509132954228716e-224,1.1176870385832739e-223,0.9999999999999999
1648,349,3.550660837540541e-223,4.668347876123815e-223,0.9999999999999999
1648,350,1.477072867180195e-222,1.9439076547925764e-222,0.9999999999999999
1648,351,6.125859564687637e-222,8.069767219480214e-222,0.9999999999999999
1648,352,2.5328417309787097e-221,3.339818452926731e-221,0.9999999999999999
1648,353,1.0440672320245837e-220,1.378049077317257e-220,0.9999999999999999
1648,354,4.290735563395247e-220,5.668784640712504e-220,0.9999999999999999
1648,355,1.7580100829073206e-219,2.3248885469785712e-219,0.9999999999999999
1648,356,7.181261425742226e-219,9.506149972720798e-219,0.9999999999999999
1648,357,2.924645910515026e-218,3.8752609077871056e-218,0.9999999999999999
1648,358,1.1875240885820718e-217,1.5750501793607823e-217,0.9999999999999999
1648,359,4.8074139578501915e-217,6.382464137210974e-217,0.9999999999999999
1648,360,1.940367221746294e-216,2.5786136354673913e-216,0.9999999999999999
1648,361,7.808416988999878e-216,1.0387030624467269e-215,0.9999999999999999
1648,362,3.1329397802097725e-215,4.1716428426564996e-215,0.9999999999999999
1648,363,1.2532981030855658e-214,1.6704623873512158e-214,0.9999999999999999
1648,364,4.99888665121714e-214,6.669349038568355e-214,0.9999999999999999
1648,365,1.9879801154798493e-213,2.6549150193366847e-213,0.9999999999999999
1648,366,7.882679567887962e-213,1.0537594587224647e-212,0.9999999999999999
1648,367,3.116463405570778e-212,4.1702228642932423e-212,0.9999999999999999
1648,368,1.2285129174747876e-211,1.6455352039041118e-211,0.9999999999999999
1648,369,4.828699252948096e-211,6.474234456852208e-211,0.9999999999999999
1648,370,1.892415516761265e-210,2.5398389624464857e-210,0.9999999999999999
1648,371,7.39506371305911e-210,9.934902675505595e-210,0.9999999999999999
1648,372,2.881439872759142e-209,3.8749301403097015e-209,0.9999999999999999
1648,373,1.119496018564248e-208,1.5069890325952183e-208,0.9999999999999999
1648,374,4.336945925427846e-208,5.843934958023064e-208,0.9999999999999999
1648,375,1.6753170879317295e-207,2.2597105837340358e-207,0.9999999999999999
1648,376,6.453044572531446e-207,8.712755156265482e-207,0.9999999999999999
1648,377,2.4785061979576842e-206,3.3497817135842325e-206,0.9999999999999999
1648,378,9.492401455882954e-206,1.2842183169467187e-205,0.9999999999999999
1648,379,3.625149809651629e-205,4.909368126598348e-205,0.9999999999999999
1648,380,1.3805196948146132e-204,1.8714565074744477e-204,0.9999999999999999
1648,381,5.242386538070283e-204,7.11384304554473e-204,0.9999999999999999
1648,382,1.9851267399882168e-203,2.69651104454269e-203,0.9999999999999999
1648,383,7.495889437996871e-203,1.019240048253956e-202,0.9999999999999999
1648,384,2.8225184467144623e-202,3.841758494968418e-202,0.9999999999999999
1648,385,1.0598197906113419e-201,1.4439956401081837e-201,0.9999999999999999
1648,386,3.968366737277203e-201,5.4123623773853866e-201,0.9999999999999999
1648,387,1.481763937519255e-200,2.0230001752577936e-200,0.9999999999999999
1648,388,5.51742674302378e-200,7.540426918281574e-200,0.9999999999999999
1648,389,2.0487423255027125e-199,2.80278501733087e-199,0.9999999999999999
1648,390,7.586372680200611e-199,1.038915769753148e-198,0.9999999999999999
1648,391,2.801430951586729e-198,3.840346721339877e-198,0.9999999999999999
1648,392,1.0316382065967532e-197,1.4156728787307408e-197,0.9999999999999999
1648,393,3.788606286201587e-197,5.2042791649323275e-197,0.9999999999999999
1648,394,1.387518869075086e-196,1.9079467855683188e-196,0.9999999999999999
1648,395,5.067671706003967e-196,6.975618491572286e-196,0.9999999999999999
1648,396,1.8458269113988657e-195,2.5433887605560944e-195,0.9999999999999999
1648,397,6.704851448461744e-195,9.248240209017839e-195,0.9999999999999999
1648,398,2.4288784304418824e-194,3.3537024513436663e-194,0.9999999999999999
1648,399,8.774927954911075e-194,1.212863040625474e-193,0.9999999999999999
1648,400,3.1615876186612213e-193,4.3744506592866956e-193,0.9999999999999999
1648,401,1.1360396012440028e-192,1.5734846671726722e-192,0.9999999999999999
1648,402,4.07109274397039e-192,5.644577411143063e-192,0.9999999999999999
1648,403,1.454991566722491e-191,2.0194493078367975e-191,0.9999999999999999
1648,404,5.186144040172812e-191,7.205593348009609e-191,0.9999999999999999
1648,405,1.8435967888624242e-190,2.564156123663385e-190,0.9999999999999999
1648,406,6.536228388618636e-190,9.10038451228202e-190,0.9999999999999999
1648,407,2.3111654003632512e-189,3.2212038515914533e-189,0.9999999999999999
1648,408,8.150419829868896e-189,1.137162368146035e-188,0.9999999999999999
1648,409,2.86666323137729e-188,4.003825599523325e-188,0.9999999999999999
1648,410,1.0055963817988903e-187,1.4059789417512229e-187,0.9999999999999999
1648,411,3.518225171978201e-187,4.924204113729424e-187,0.9999999999999999
1648,412,1.227662600420179e-186,1.7200830117931216e-186,0.9999999999999999
1648,413,4.272601937737244e-186,5.992684949530366e-186,0.9999999999999999
1648,414,1.483086187452751e-185,2.0823546824057875e-185,0.9999999999999999
1648,415,5.134562218653721e-185,7.216916901059508e-185,0.9999999999999999
1648,416,1.77298898276658e-184,2.494680672872531e-184,0.9999999999999999
1648,417,6.106280329054825e-184,8.600961001927356e-184,0.9999999999999999
1648,418,2.0975774822316827e-183,2.957673582424418e-183,0.9999999999999999
1648,419,7.18674664178981e-183,1.0144420224214228e-182,0.9999999999999999
1648,420,2.4559649791090452e-182,3.470407001530468e-182,0.9999999999999999
1648,421,8.371243393204854e-182,1.1841650394735323e-181,0.9999999999999999
1648,422,2.8460214808083286e-181,4.030186520281861e-181,0.9999999999999999
1648,423,9.650931029807087e-181,1.3681117550088949e-180,0.9999999999999999
1648,424,3.264265698246871e-180,4.632377453255766e-180,0.9999999999999999
1648,425,1.101258941886439e-179,1.5644966872120153e-179,0.9999999999999999
1648,426,3.7058125325223675e-179,5.270309219734383e-179,0.9999999999999999
1648,427,1.2438553498100432e-178,1.7708862717834814e-178,0.9999999999999999
1648,428,4.164387343698582e-178,5.935273615482063e-178,0.9999999999999999
1648,429,1.3906874170235369e-177,1.9842147785717433e-177,0.9999999999999999
1648,430,4.632414902218757e-177,6.616629680790501e-177,0.9999999999999999
1648,431,1.5391722736841064e-176,2.2008352417631564e-176,0.9999999999999999
1648,432,5.101186450842429e-176,7.302021692605585e-176,0.9999999999999999
1648,433,1.6864041618410793e-175,2.4166063311016378e-175,0.9999999999999999
1648,434,5.561103031944811e-175,7.977709363046449e-175,0.9999999999999999
1648,435,1.8292426624975548e-174,2.6270135988022e-174,0.9999999999999999
1648,436,6.001987563674814e-174,8.629001162477015e-174,0.9999999999999999
1648,437,1.9644208039546597e-173,2.8273209202023612e-173,0.9999999999999999
1648,438,6.413452561746291e-173,9.240773481948652e-173,0.9999999999999999
1648,439,2.0886680856759904e-172,3.0127454338708555e-172,0.9999999999999999
1648,440,6.785305418676857e-172,9.798050852547713e-172,0.9999999999999999
1648,441,2.1988420306910945e-171,3.178647115945866e-171,0.9999999999999999
1648,442,7.107969265879343e-171,1.028661638182521e-170,0.9999999999999999
1648,443,2.2920608762762122e-170,3.320722514458733e-170,0.9999999999999999
1648,444,7.372895076452616e-170,1.069361759091135e-169,0.9999999999999999
1648,445,2.3658295419325179e-169,3.435191301023653e-169,0.9999999999999999
1648,446,7.572940111080438e-169,1.1008131412104092e-168,0.9999999999999999
1648,447,2.418151143340542e-168,3.518964284550951e-168,0.9999999999999999
1648,448,7.702689194238889e-168,1.122165347878984e-167,0.9999999999999999
1648,449,2.4476170625929936e-167,3.569782410471978e-167,0.9999999999999999
1648,450,7.758698575584817e-167,1.1328480986056795e-166,0.9999999999999999
1648,451,2.4534698907930945e-166,3.586317989398774e-166,0.9999999999999999
1648,452,7.739647039876619e-166,1.1325965029275392e-165,0.9999999999999999
1648,453,2.435635325522e-165,3.5682318284495394e-165,0.9999999999999999
1648,454,7.646385073465006e-165,1.1214616901914546e-164,0.9999999999999999
1648,455,2.394721183649474e-164,3.5161828738409284e-164,0.9999999999999999
1648,456,7.481879750377087e-164,1.0998062624218016e-163,0.9999999999999999
1648,457,2.3319839003500307e-163,3.4317901627718323e-163,0.9999999999999999
1648,458,7.251059974298886e-163,1.0682850137070719e-162,0.9999999999999999
1648,459,2.2492650376817137e-162,3.3175500513887857e-162,0.9999999999999999
1648,460,6.960573208593138e-162,1.0278123259981922e-161,0.9999999999999999
1648,461,2.1489022391330552e-161,3.1767145651312475e-161,0.9999999999999999
1648,462,6.61847030712771e-161,9.795184872258958e-161,0.9999999999999999
1648,463,2.0336205858730603e-160,3.013139073098956e-160,0.9999999999999999
1648,464,6.233839098042372e-160,9.246978171141327e-160,0.9999999999999999
1648,465,1.9064113239661103e-159,2.831109141080243e-159,0.9999999999999999
1648,466,5.816409695525528e-159,8.64751883660577e-159,0.9999999999999999
1648,467,1.770405379276582e-158,2.635157262937159e-158,0.9999999999999999
1648,468,5.376155017924576e-158,8.011312280861735e-158,0.9999999999999999
1648,469,1.6287489531880473e-157,2.4298801812742207e-157,0.9999999999999999
1648,470,4.922908743479121e-157,7.352788924753342e-157,0.9999999999999999
1648,471,1.4844878450474691e-156,2.2197667375228033e-156,0.9999999999999999
1648,472,4.4660201616627123e-156,6.685786899185515e-156,0.9999999999999999
1648,473,1.3404660679661874e-155,2.009044757884739e-155,0.9999999999999999
1648,474,4.014061423575716e-155,6.023106181460455e-155,0.9999999999999999
1648,475,1.1992429364242364e-154,1.8015535545702817e-154,0.9999999999999999
1648,476,3.574597981097191e-154,5.3761515356674724e-154,0.9999999999999999
1648,477,1.0630312469450019e-153,1.6006464005117492e-153,0.9999999999999999
1648,478,3.154027982243587e-153,4.7546743827553357e-153,0.9999999999999999
1648,479,9.336575883215399e-153,1.4091250265970735e-152,0.9999999999999999
1648,480,2.7574914918817967e-152,4.1666165184788704e-152,0.9999999999999999
1648,481,8.125443344426281e-152,1.2292059862905152e-151,0.9999999999999999
1648,482,2.3888460069123885e-151,3.6180519932029036e-151,0.9999999999999999
1648,483,7.007115961278903e-151,1.0625167954481807e-150,0.9999999999999999
1648,484,2.0507011200285686e-150,3.1132179154767495e-150,0.9999999999999999
1648,485,5.98796413132913e-150,9.101182046805879e-150,0.9999999999999999
1648,486,1.744502538676279e-149,2.654620743356867e-149,0.9999999999999999
1648,487,5.070857941727929e-149,7.725478685084796e-149,0.9999999999999999
1648,488,1.470654060436516e-148,2.2432019289449954e-148,0.9999999999999999
1648,489,4.255598686769375e-148,6.49880061571437e-148,0.9999999999999999
1648,490,1.2286655172348663e-147,1.8785455788063033e-147,0.9999999999999999
1648,491,3.539413770324889e-147,5.417959349131193e-147,0.9999999999999999
1648,492,1.0173150200807207e-146,1.55911095499384e-146,0.9999999999999999
1648,493,2.9174795151873145e-146,4.476590470181154e-146,0.9999999999999999
1648,494,8.348148949046114e-146,1.2824739419227268e-145,0.9999999999999999
1648,495,2.383440681827902e-145,3.665914623750629e-145,0.9999999999999999
1648,496,6.789722952318208e-145,1.0455637576068837e-144,0.9999999999999999
1648,497,1.9299011375817856e-144,2.975464895188669e-144,0.9999999999999999
1648,498,5.473373955361411e-144,8.44883885055008e-144,0.9999999999999999
1648,499,1.5488664493197943e-143,2.393750334374802e-143,0.9999999999999999
1648,500,4.373341080289991e-143,6.767091414664794e-143,0.9999999999999999
1648,501,1.2321255973210696e-142,1.908834738787549e-142,0.9999999999999999
1648,502,3.463702508134059e-142,5.372537246921608e-142,0.9999999999999999
1648,503,9.715650306728178e-142,1.5088187553649786e-141,0.9999999999999999
1648,504,2.719258903532063e-141,4.2280776588970414e-141,0.9999999999999999
1648,505,7.594135406837816e-141,1.1822213065734858e-140,0.9999999999999999
1648,506,2.116200925165359e-140,3.298422231738845e-140,0.9999999999999999
1648,507,5.884206908083926e-140,9.182629139822772e-140,0.9999999999999999
1648,508,1.6325749293152745e-139,2.5508378432975517e-139,0.9999999999999999
1648,509,4.5197471026403334e-139,7.070584945937885e-139,0.9999999999999999
1648,510,1.2485692592091878e-138,1.9556277538029764e-138,0.9999999999999999
1648,511,3.4416784435362987e-138,5.397306197339275e-138,0.9999999999999999
1648,512,9.466484958443903e-138,1.4863791155783177e-137,0.9999999999999999
1648,513,2.5981825231901473e-137,4.084561638768465e-137,0.9999999999999999
1648,514,7.115651273113618e-137,1.1200212911882082e-136,0.9999999999999999
1648,515,1.9445780494248386e-136,3.064599340613047e-136,0.9999999999999999
1648,516,5.302778103549074e-136,8.36737744416212e-136,0.9999999999999999
1648,517,1.4429474086993335e-135,2.2796851531155456e-135,0.9999999999999999
1648,518,3.918033443571883e-135,6.197718596687428e-135,0.9999999999999999
1648,519,1.0615928167771893e-134,1.681364676445932e-134,0.9999999999999999
1648,520,2.870262403583519e-134,4.55162708002945e-134,0.9999999999999999
1648,521,7.743915908006507e-134,1.2295542988035957e-133,0.9999999999999999
1648,522,2.0848587603038948e-133,3.3144130591074907e-133,0.9999999999999999
1648,523,5.601072805095978e-133,8.91548586420347e-133,0.9999999999999999
1648,524,1.501571245191644e-132,2.393119831611991e-132,0.9999999999999999
1648,525,4.0170051271242887e-132,6.41012495873628e-132,0.9999999999999999
1648,526,1.0723637197992932e-131,1.713376215672921e-131,0.9999999999999999
1648,527,2.8567134666835537e-131,4.570089682356475e-131,0.9999999999999999
1648,528,7.594123374542752e-131,1.2164213056899227e-130,0.9999999999999999
1648,529,2.014543081652038e-130,3.2309643873419607e-130,0.9999999999999999
1648,530,5.332918623564137e-130,8.563883010906098e-130,0.9999999999999999
1648,531,1.4087838896994703e-129,2.26517219079008e-129,0.9999999999999999
1648,532,3.713781505408783e-129,5.978953696198863e-129,0.9999999999999999
1648,533,9.769726338257666e-129,1.574868003445653e-128,0.9999999999999999
1648,534,2.5647441284603433e-128,4.1396121319059964e-128,0.9999999999999999
1648,535,6.718971492644094e-128,1.085858362455009e-127,0.9999999999999999
1648,536,1.7565485934508807e-127,2.8424069559058897e-127,0.9999999999999999
1648,537,4.582660206579854e-127,7.425067162485744e-127,0.9999999999999999
1648,538,1.1930997589500844e-126,1.935606475198659e-126,0.9999999999999999
1648,539,3.099837753872205e-126,5.035444229070864e-126,0.9999999999999999
1648,540,8.037218173188596e-126,1.307266240225946e-125,0.9999999999999999
1648,541,2.079594306933878e-125,3.386860547159824e-125,0.9999999999999999
1648,542,5.369811293980169e-125,8.756671841139993e-125,0.9999999999999999
1648,543,1.3837207012792003e-124,2.2593878853931996e-124,0.9999999999999999
1648,544,3.558347234710869e-124,5.817735120104068e-124,0.9999999999999999
1648,545,9.131878898011833e-124,1.4949614018115901e-123,0.9999999999999999
1648,546,2.3387583114158376e-123,3.833719713227428e-123,0.9999999999999999
1648,547,5.977579676051937e-123,9.811299389279364e-123,0.9999999999999999
1648,548,1.5246904286814464e-122,2.5058203676093826e-122,0.9999999999999999
1648,549,3.8811075811590557e-122,6.386927948768439e-122,0.9999999999999999
1648,550,9.85936230434449e-122,1.6246290253112928e-121,0.9999999999999999
1648,551,2.4995540602986355e-121,4.124183085609928e-121,0.9999999999999999
1648,552,6.32409267831734e-121,1.0448275763927267e-120,0.9999999999999999
1648,553,1.596824974329517e-120,2.6416525507222436e-120,0.9999999999999999
1648,554,4.023844746473153e-120,6.665497297195397e-120,0.9999999999999999
1648,555,1.0119319987330414e-119,1.678481728452581e-119,0.9999999999999999
1648,556,2.5397388136856854e-119,4.2182205421382663e-119,0.9999999999999999
1648,557,6.36144521863285e-119,1.0579665760771118e-118,0.9999999999999999
1648,558,1.5902043066447772e-118,2.6481708827218887e-118,0.9999999999999999
1648,559,3.967179415695117e-118,6.615350298417006e-118,0.9999999999999999
1648,560,9.87742910274997e-118,1.6492779401166975e-117,0.9999999999999999
1648,561,2.4543728477899875e-117,4.103650787906685e-117,0.9999999999999999
1648,562,6.086576175139343e-117,1.0190226963046027e-116,0.9999999999999999
1648,563,1.506408847709395e-116,2.5254315440139978e-116,0.9999999999999999
1648,564,3.7209281680182717e-116,6.24635971203227e-116,0.9999999999999999
1648,565,9.172753056505024e-116,1.5419112768537294e-115,0.9999999999999999
1648,566,2.25678120028341e-115,3.7986924771371393e-115,0.9999999999999999
1648,567,5.541430518506926e-115,9.340122995644065e-115,0.9999999999999999
1648,568,1.357995569720415e-114,2.2920078692848216e-114,0.9999999999999999
1648,569,3.321392297513485e-114,5.613400166798307e-114,0.9999999999999999
1648,570,8.107532283130053e-114,1.372093244992836e-113,0.9999999999999999
1648,571,1.9751733494418894e-113,3.3472665944347255e-113,0.9999999999999999
1648,572,4.80254106998539e-113,8.149807664420115e-113,0.9999999999999999
1648,573,1.1654338152552997e-112,1.9804145816973112e-112,0.9999999999999999
1648,574,2.8226440342445455e-112,4.803058615941857e-112,0.9999999999999999
1648,575,6.823039531792611e-112,1.1626098147734467e-111,0.9999999999999999
1648,576,1.6460925293088351e-111,2.8087023440822817e-111,0.9999999999999999
1648,577,3.9635695233537044e-111,6.772271867435986e-111,0.9999999999999999
1648,578,9.525239215703044e-111,1.629751108313903e-110,0.9999999999999999
1648,579,2.2846715124085333e-110,3.9144226207224363e-110,0.9999999999999999
1648,580,5.469295536044493e-110,9.383718156766929e-110,0.9999999999999999
1648,581,1.3067726808891607e-109,2.2451444965658536e-109,0.9999999999999999
1648,582,3.116240796454139e-109,5.361385293019993e-109,0.9999999999999999
1648,583,7.416953393900052e-109,1.2778338686920045e-108,0.9999999999999999
1648,584,1.7619149384560797e-108,3.0397488071480844e-108,0.9999999999999999
1648,585,4.177442062162662e-108,7.217190869310747e-108,0.9999999999999999
1648,586,9.885606096541179e-108,1.7102796965851924e-107,0.9999999999999999
1648,587,2.334881214216469e-107,4.0451609108016616e-107,0.9999999999999999
1648,588,5.504224688380375e-107,9.549385599182036e-107,0.9999999999999999
1648,589,1.2950860828619435e-106,2.250024642780147e-106,0.9999999999999999
1648,590,3.041399569134036e-106,5.291424211914183e-106,0.9999999999999999
1648,591,7.128890145598823e-106,1.2420314357513006e-105,0.9999999999999999
1648,592,1.6678047124268736e-105,2.9098361481781742e-105,0.9999999999999999
1648,593,3.8944356467995086e-105,6.804271794977683e-105,0.9999999999999999
1648,594,9.076557280868321e-105,1.5880829075846004e-104,0.9999999999999999
1648,595,2.111428018375151e-104,3.699510925959752e-104,0.9999999999999999
1648,596,4.902426948415872e-104,8.601937874375624e-104,0.9999999999999999
1648,597,1.1361270946374459e-103,1.9963208820750084e-103,0.9999999999999999
1648,598,2.6279968920210823e-103,4.624317774096091e-103,0.9999999999999999
1648,599,6.067448875745068e-103,1.0691766649841158e-102,0.9999999999999999
1648,600,1.3982085468667128e-102,2.4673852118508286e-102,0.9999999999999999
1648,601,3.2160554203657205e-102,5.683440632216549e-102,0.9999999999999999
1648,602,7.383495805850859e-102,1.3066936438067408e-101,0.9999999999999999
1648,603,1.6919544463201252e-101,2.998648090126866e-101,0.9999999999999999
1648,604,3.869943360915902e-101,6.868591451042768e-101,0.9999999999999999
1648,605,8.835091290918875e-101,1.5703682741961643e-100,0.9999999999999999
1648,606,2.0133029955115427e-100,3.583671269707707e-100,0.9999999999999999
1648,607,4.579310337609284e-100,8.162981607316991e-100,0.9999999999999999
1648,608,1.0396448823423404e-99,1.8559430430740394e-99,0.9999999999999999
1648,609,2.355944933534664e-99,4.211887976608704e-99,0.9999999999999999
1648,610,5.3289492324766445e-99,9.540837209085348e-99,0.9999999999999999
1648,611,1.2031382103487896e-98,2.1572219312573242e-98,0.9999999999999999
1648,612,2.7113657084024977e-98,4.868587639659822e-98,0.9999999999999999
1648,613,6.099025796095346e-98,1.0967613435755168e-97,0.9999999999999999
1648,614,1.3694108949178925e-97,2.4661722384934096e-97,0.9999999999999999
1648,615,3.069086765499025e-97,5.535259003992435e-97,0.9999999999999999
1648,616,6.865746613707622e-97,1.2401005617700056e-96,0.9999999999999999
1648,617,1.5331008620640303e-96,2.7732014238340356e-96,0.9999999999999999
1648,618,3.4171116296280647e-96,6.1903130534621e-96,0.9999999999999999
1648,619,7.602461232890804e-96,1.3792774286352905e-95,0.9999999999999999
1648,620,1.6883286657711697e-95,3.0676060944064605e-95,0.9999999999999999
1648,621,3.742558748534993e-95,6.810164842941454e-95,0.9999999999999999
1648,622,8.281141897290969e-95,1.5091306740232423e-94,0.9999999999999999
1648,623,1.8290387501183365e-94,3.3381694241415786e-94,0.9999999999999999
1648,624,4.0324387157445087e-94,7.370608139886087e-94,0.9999999999999999
1648,625,8.874133118435995e-94,1.6244741258322081e-93,0.9999999999999999
1648,626,1.9493889424553142e-93,3.5738630682875223e-93,0.9999999999999999
1648,627,4.27451210382485e-93,7.848375172112371e-93,0.9999999999999999
1648,628,9.356021095356628e-93,1.7204396267469e-92,0.9999999999999999
1648,629,2.0441535375759715e-92,3.764593164322872e-92,0.9999999999999999
1648,630,4.4581492119320764e-92,8.222742376254949e-92,0.9999999999999999
1648,631,9.705446902301578e-92,1.792818927855653e-91,0.9999999999999999
1648,632,2.1091011436398958e-91,3.901920071495549e-91,0.9999999999999999
1648,633,4.5751073079301256e-91,8.477027379425675e-91,0.9999999999999999
1648,634,9.906682498350421e-91,1.8383709877776095e-90,0.9999999999999999
1648,635,2.141309068644637e-90,3.9796800564222465e-90,0.9999999999999999
1648,636,4.620145866341656e-90,8.599825922763903e-90,0.9999999999999999
1648,637,9.950806947457278e-90,1.855063287022118e-89,0.9999999999999999
1648,638,2.1393816024254776e-89,3.994444889447596e-89,0.9999999999999999
1648,639,4.5914156707325526e-89,8.585860560180148e-89,0.9999999999999999
1648,640,9.836360117222698e-89,1.8422220677402846e-88,0.9999999999999999
1648,641,2.1035494754029696e-88,3.9457715431432544e-88,0.9999999999999999
1648,642,4.4905815883173343e-88,8.436353131460589e-88,0.9999999999999999
1648,643,9.569407409029961e-88,1.800576054049055e-87,0.9999999999999999
1648,644,2.0356407265364677e-87,3.836216780585523e-87,0.9999999999999999
1648,645,4.3226680648317885e-87,8.158884845417312e-87,0.9999999999999999
1648,646,9.163013951459889e-87,1.73218987968772e-86,0.9999999999999999
1648,647,1.938927374489685e-86,3.671117254177405e-86,0.9999999999999999
1648,648,4.0956468102014096e-86,7.766764064378814e-86,0.9999999999999999
1648,649,8.63619101043272e-86,1.6402955074811535e-85,0.9999999999999999
1648,650,1.8178656640856092e-85,3.4581611715667626e-85,0.9999999999999999
1648,651,3.8198134904345404e-85,7.277974662001302e-85,0.9999999999999999
1648,652,8.012432208453493e-85,1.5290406870454797e-84,0.9999999999999999
1648,653,1.677758422754312e-84,3.206799109799792e-84,0.9999999999999999
1648,654,3.5070208309054065e-84,6.713819940705199e-84,0.9999999999999999
1648,655,7.3179953032478495e-84,1.4031815243953048e-83,0.9999999999999999
1648,656,1.524374841615872e-83,2.927556366011177e-83,0.9999999999999999
1648,657,3.1698468707783985e-83,6.0974032367895754e-83,0.9999999999999999
1648,658,6.580102413166082e-83,1.2677505649955657e-82,0.9999999999999999
1648,659,1.3635650970594289e-82,2.6313156620549946e-82,0.9999999999999999
1648,660,2.820778220932952e-82,5.452093882987947e-82,0.9999999999999999
1648,661,5.825226771825243e-82,1.127732065481319e-81,0.9999999999999999
1648,662,1.200904700808376e-81,2.3286367662896947e-81,0.9999999999999999
1648,663,2.4714796941536124e-81,4.800116460443307e-81,0.9999999999999999
1648,664,5.077609757772141e-81,9.877726218215448e-81,0.9999999999999999
1648,665,1.0413970411964079e-80,2.0291696630179527e-80,0.9999999999999999
1648,666,2.1322055870057395e-80,4.161375250023692e-80,0.9999999999999999
1648,667,4.3581131476551975e-80,8.51948839767889e-80,0.9999999999999999
1648,668,8.892534907492666e-80,1.7412023305171556e-79,0.9999999999999999
1648,669,1.8113871047845564e-79,3.5525894353017117e-79,0.9999999999999999
1648,670,3.683464940389985e-79,7.236054375691696e-79,0.9999999999999999
1648,671,7.477601941534508e-79,1.4713656317226203e-78,0.9999999999999999
1648,672,1.515408195627115e-78,2.9867738273497355e-78,0.9999999999999999
1648,673,3.0659097013258765e-78,6.0526835286756115e-78,0.9999999999999999
1648,674,6.192306935214022e-78,1.2244990463889633e-77,0.9999999999999999
1648,675,1.2485614545861804e-77,2.4730605009751435e-77,0.9999999999999999
1648,676,2.513232386848167e-77,4.986292887823311e-77,0.9999999999999999
1648,677,5.050351293810651e-77,1.0036644181633961e-76,0.9999999999999999
1648,678,1.0131591747081009e-76,2.016823592871497e-76,0.9999999999999999
1648,679,2.0290925808214346e-76,4.045916173692932e-76,0.9999999999999999
1648,680,4.0569071084015754e-76,8.102823282094507e-76,0.9999999999999999
1648,681,8.097635294117833e-76,1.620045857621234e-75,0.9999999999999999
1648,682,1.6135864436581832e-75,3.233632301279417e-75,0.9999999999999999
1648,683,3.209948451700322e-75,6.443580752979738e-75,0.9999999999999999
1648,684,6.3749472921125e-75,1.2818528045092237e-74,0.9999999999999999
1648,685,1.263946743163931e-74,2.5457995476731546e-74,0.9999999999999999
1648,686,2.501816795772082e-74,5.047616343445236e-74,0.9999999999999999
1648,687,4.943763613936977e-74,9.991379957382213e-74,0.9999999999999999
1648,688,9.752955979460744e-74,1.974433593684296e-73,0.9999999999999999
1648,689,1.920844076419746e-73,3.895277670104042e-73,0.9999999999999999
1648,690,3.776818782701257e-73,7.672096452805299e-73,0.9999999999999999
1648,691,7.413772748835486e-73,1.5085869201640786e-72,0.9999999999999999
1648,692,1.4528888108086794e-72,2.9614757309727577e-72,0.9999999999999999
1648,693,2.8425386091766485e-72,5.804014340149406e-72,0.9999999999999999
1648,694,5.552162174549727e-72,1.1356176514699133e-71,0.9999999999999999
1648,695,1.082681168212246e-71,2.2182988196821593e-71,0.9999999999999999
1648,696,2.107766901812373e-71,4.3260657214945325e-71,0.9999999999999999
1648,697,4.096651517633797e-71,8.422717239128329e-71,0.9999999999999999
1648,698,7.949151818395432e-71,1.637186905752376e-70,0.9999999999999999
1648,699,1.53992216322069e-70,3.177109068973066e-70,0.9999999999999999
1648,700,2.9782684090079834e-70,6.15537747798105e-70,0.9999999999999999
1648,701,5.7506490380293683e-70,1.1906026516010418e-69,0.9999999999999999
1648,702,1.1085587867397879e-69,2.2991614383408297e-69,0.9999999999999999
1648,703,2.1334884765648757e-69,4.4326499149057054e-69,0.9999999999999999
1648,704,4.0993259366484507e-69,8.531975851554156e-69,0.9999999999999999
1648,705,7.863683783605641e-69,1.6395659635159797e-68,0.9999999999999999
1648,706,1.5060241548518347e-68,3.145590118367814e-68,0.9999999999999999
1648,707,2.879592277188235e-68,6.0251823955560495e-68,0.9999999999999999
1648,708,5.496979124891595e-68,1.1522161520447643e-67,0.9999999999999999
1648,709,1.0476399621685306e-67,2.199856114213295e-67,0.9999999999999999
1648,710,1.9934059914464878e-67,4.193262105659783e-67,0.9999999999999999
1648,711,3.7868320839911874e-67,7.98009418965097e-67,0.9999999999999999
1648,712,7.182138425345064e-67,1.5162232614996034e-66,0.9999999999999999
1648,713,1.3599714000078687e-66,2.876194661507472e-66,0.9999999999999999
1648,714,2.571016738502058e-66,5.44721140000953e-66,0.9999999999999999
1648,715,4.852661513976999e-66,1.029987291398653e-65,0.9999999999999999
1648,716,9.14441441698686e-66,1.944428733097339e-65,0.9999999999999999
1648,717,1.7204158793333444e-65,3.6648446124306835e-65,0.9999999999999999
1648,718,3.231569211535918e-65,6.896413823966602e-65,0.9999999999999999
1648,719,6.060337209343077e-65,1.295675103330968e-64,0.9999999999999999
1648,720,1.1347083647350272e-64,2.430383468065995e-64,0.9999999999999999
1648,721,2.121175922037709e-64,4.551559390103704e-64,0.9999999999999999
1648,722,3.958903464931703e-64,8.510462855035408e-64,0.9999999999999999
1648,723,7.376999410903973e-64,1.588746226593938e-63,0.9999999999999999
1648,724,1.3724357419118173e-63,2.9611819685057554e-63,0.9999999999999999
1648,725,2.5492506746760855e-63,5.510432643181841e-63,0.9999999999999999
1648,726,4.727615351369177e-63,1.0238047994551017e-62,0.9999999999999999
1648,727,8.753497402234498e-63,1.8991545396785515e-62,0.9999999999999999
1648,728,1.6181984215217072e-62,3.5173529612002585e-62,0.9999999999999999
1648,729,2.986712649410528e-62,6.504065610610786e-62,0.9999999999999999
1648,730,5.5038605060360165e-62,1.2007926116646804e-61,0.9999999999999999
1648,731,1.0126386719156391e-61,2.2134312835803195e-61,0.9999999999999999
1648,732,1.8601823316181437e-61,4.0736136151984635e-61,0.9999999999999999
1648,733,3.411703156445509e-61,7.485316771643972e-61,0.9999999999999999
1648,734,6.247445459478487e-61,1.373276223112246e-60,0.9999999999999999
1648,735,1.1422206806774756e-60,2.5154969037897216e-60,0.9999999999999999
1648,736,2.085041329242347e-60,4.600538233032069e-60,0.9999999999999999
1648,737,3.800119126296656e-60,8.400657359328725e-60,0.9999999999999999
1648,738,6.915099571017004e-60,1.5315756930345728e-59,0.9999999999999999
1648,739,1.2563745641230283e-59,2.787950257157601e-59,0.9999999999999999
1648,740,2.2790827190570347e-59,5.067032976214635e-59,0.9999999999999999
1648,741,4.127832623144802e-59,9.194865599359438e-59,0.9999999999999999
1648,742,7.464588795694352e-59,1.665945439505379e-58,0.9999999999999999
1648,743,1.3477591693510336e-58,3.0137046088564125e-58,0.9999999999999999
1648,744,2.4296408179998276e-58,5.4433454268562405e-58,0.9999999999999999
1648,745,4.373166398983779e-58,9.816511825840019e-58,0.9999999999999999
1648,746,7.85913682158453e-58,1.7675648647424547e-57,0.9999999999999999
1648,747,1.4101957001322862e-57,3.1777605648747406e-57,0.9999999999999999
1648,748,2.526448094123508e-57,5.704208658998249e-57,0.9999999999999999
1648,749,4.5192732112012534e-57,1.0223481870199501e-56,0.9999999999999999
1648,750,8.071510226734963e-57,1.8294992096934464e-56,0.9999999999999999
1648,751,1.439361075917094e-56,3.2688602856105404e-56,0.9999999999999999
1648,752,2.562797047202568e-56,5.831657332813109e-56,0.9999999999999999
1648,753,4.556054825704036e-56,1.0387712158517145e-55,0.9999999999999999
1648,754,8.08713493509464e-56,1.8474847093611785e-55,0.9999999999999999
1648,755,1.4332838655640328e-55,3.280768574925211e-55,0.9999999999999999
1648,756,2.5363095728138406e-55,5.817078147739052e-55,0.9999999999999999
1648,757,4.481316165485043e-55,1.0298394313224096e-54,0.9999999999999999
1648,758,7.905747380260663e-55,1.820414169348476e-54,0.9999999999999999
1648,759,1.3925636313587717e-54,3.212977800707247e-54,0.9999999999999999
1648,760,2.449191123388657e-54,5.662168924095905e-54,0.9999999999999999
1648,761,4.300971433972075e-54,9.96314035806798e-54,0.9999999999999999
1648,762,7.541321089406459e-54,1.750446144747444e-53,0.9999999999999999
1648,763,1.3202799767850856e-53,3.0707261215325293e-53,0.9999999999999999
1648,764,2.3079325239756787e-53,5.3786586455082085e-53,0.9999999999999999
1648,765,4.0282774707084074e-53,9.406936116216616e-53,0.9999999999999999
1648,766,7.020298502022389e-53,1.6427234618239006e-52,0.9999999999999999
1648,767,1.2216096107247189e-52,2.8643330725486193e-52,0.9999999999999999
1648,768,2.122514625792377e-52,4.986847698340996e-52,0.9999999999999999
1648,769,3.682231228474654e-52,8.66907892681565e-52,0.9999999999999999
1648,770,6.378436857785499e-52,1.504751578460115e-51,0.9999999999999999
1648,771,1.1032172019250223e-51,2.6079687803851373e-51,0.9999999999999999
1648,772,1.9052504369699637e-51,4.5132192173551006e-51,0.9999999999999999
1648,773,3.285398947923785e-51,7.798618165278885e-51,0.9999999999999999
1648,774,5.656787607307896e-51,1.345540577258678e-50,0.9999999999999999
1648,775,9.725189255182964e-51,2.3180595027769746e-50,0.9999999999999999
1648,776,1.6694499085842532e-50,3.987509411361228e-50,0.9999999999999999
1648,777,2.861518624210428e-50,6.849028035571656e-50,0.9999999999999999
1648,778,4.897430966767163e-50,1.174645900233882e-49,0.9999999999999999
1648,779,8.369303902945986e-50,2.0115762905284806e-49,0.9999999999999999
1648,780,1.4281056171162204e-49,3.439681907644701e-49,0.9999999999999999
1648,781,2.433223454846493e-49,5.872905362491194e-49,0.9999999999999999
1648,782,4.1395681805640014e-49,1.0012473543055194e-48,0.9999999999999999
1648,783,7.032021090982235e-49,1.7044494634037428e-48,0.9999999999999999
1648,784,1.1927737310799726e-48,2.897223194483715e-48,0.9999999999999999
1648,785,2.0201770820178026e-48,4.9174002765015177e-48,0.9999999999999999
1648,786,3.416449306075889e-48,8.333849582577406e-48,0.9999999999999999
1648,787,5.769197166036494e-48,1.4103046748613901e-47,0.9999999999999999
1648,788,9.727726064815802e-48,2.3830772813429706e-47,0.9999999999999999
1648,789,1.6378100138895795e-47,4.0208872952325503e-47,0.9999999999999999
1648,790,2.7534211135630685e-47,6.774308408795619e-47,0.9999999999999999
1648,791,4.622100307079962e-47,1.1396408715875582e-46,0.9999999999999999
1648,792,7.747550027536611e-47,1.9143958743412194e-46,0.9999999999999999
1648,793,1.296726509846914e-46,3.2111223841881333e-46,0.9999999999999999
1648,794,2.1671653436553826e-46,5.3782877278435156e-46,0.9999999999999999
1648,795,3.616563044708283e-46,8.994850772551799e-46,0.9999999999999999
1648,796,6.026442895457959e-46,1.5021293668009758e-45,0.9999999999999999
1648,797,1.0027386118501426e-45,2.5048679786511185e-45,0.9999999999999999
1648,798,1.6660068835710672e-45,4.1708748622221853e-45,0.9999999999999999
1648,799,2.763941689107718e-45,6.934816551329903e-45,0.9999999999999999
1648,800,4.578726083261677e-45,1.151354263459158e-44,0.9999999999999999
1648,801,7.57399160810742e-45,1.9087534242699e-44,0.9999999999999999
1648,802,1.251036590393347e-44,3.1597900146632473e-44,0.9999999999999999
1648,803,2.0633880239165157e-44,5.223178038579763e-44,0.9999999999999999
1648,804,3.3982722002398314e-44,8.621450238819594e-44,0.9999999999999999
1648,805,5.588592519677852e-44,1.4210042758497445e-43,0.9999999999999999
1648,806,9.177289087047234e-44,2.338733184554468e-43,0.9999999999999999
1648,807,1.5048552312787273e-43,3.8435884158331956e-43,0.9999999999999999
1648,808,2.4640188818893524e-43,6.307607297722548e-43,0.9999999999999999
1648,809,4.028682059643045e-43,1.0336289357365593e-42,0.9999999999999999
1648,810,6.577369869579814e-43,1.6913659226945407e-42,0.9999999999999999
1648,811,1.0722905849576097e-42,2.7636565076521506e-42,0.9999999999999999
1648,812,1.745598375568536e-42,4.5092548832206865e-42,0.9999999999999999
1648,813,2.837582007138048e-42,7.346836890358734e-42,0.9999999999999999
1648,814,4.606015731698691e-42,1.1952852622057426e-41,0.9999999999999999
1648,815,7.465793268125198e-42,1.9418645890182624e-41,0.9999999999999999
1648,816,1.20837211249319e-41,3.1502367015114526e-41,0.9999999999999999
1648,817,1.9529910830006053e-41,5.103227784512058e-41,0.9999999999999999
1648,818,3.151920825353626e-41,8.255148609865684e-41,0.9999999999999999
1648,819,5.079564160000786e-41,1.333471276986647e-40,0.9999999999999999
1648,820,8.174371083122711e-41,2.150908385298918e-40,0.9999999999999999
1648,821,1.3135893880226574e-40,3.4644977733215756e-40,0.9999999999999999
1648,822,2.107865670656373e-40,5.572363443977949e-40,0.9999999999999999
1648,823,3.377574054795925e-40,8.949937498773873e-40,0.9999999999999999
1648,824,5.404382873859839e-40,1.4354320372633713e-39,0.9999999999999999
1648,825,8.635097536180073e-40,2.2989417908813786e-39,0.9999999999999999
1648,826,1.3777452503739486e-39,3.676687041255327e-39,0.9999999999999999
1648,827,2.195087114155602e-39,5.8717741554109294e-39,0.9999999999999999
1648,828,3.4923389307426465e-39,9.364113086153576e-39,0.9999999999999999
1648,829,5.548344518243044e-39,1.491245760439662e-38,0.9999999999999999
1648,830,8.802245693957206e-39,2.3714703298353825e-38,0.9999999999999999
1648,831,1.394463671159774e-38,3.765934000995157e-38,0.9999999999999999
1648,832,2.2059983931627678e-38,5.971932394157925e-38,0.9999999999999999
1648,833,3.484881906247381e-38,9.456814300405305e-38,0.9999999999999999
1648,834,5.497388645444216e-38,1.4954202945849523e-37,0.9999999999999999
1648,835,8.659861219921206e-38,2.361406416577073e-37,0.9999999999999999
1648,836,1.3622353662703613e-37,3.7236417828474346e-37,0.9999999999999999
1648,837,2.139837080271776e-37,5.86347886311921e-37,0.9999999999999999
1648,838,3.3565816400134432e-37,9.220060503132654e-37,0.9999999999999999
1648,839,5.257778381852958e-37,1.4477838884985611e-36,0.9999999999999999
1648,840,8.22425372892945e-37,2.270209261391506e-36,0.9999999999999999
1648,841,1.2846371930039606e-36,3.554846454395467e-36,0.9999999999999999
1648,842,2.003802220325939e-36,5.5586486747214056e-36,0.9999999999999999
1648,843,3.121189865010349e-36,8.679838539731754e-36,0.9999999999999999
1648,844,4.854864305032824e-36,1.3534702844764578e-35,0.9999999999999999
1648,845,7.540951988625166e-36,2.1075654833389745e-35,0.9999999999999999
1648,846,1.1696825898026692e-35,3.277248073141644e-35,0.9999999999999999
1648,847,1.8117707407799683e-35,5.089018813921613e-35,0.9999999999999999
1648,848,2.802414805107836e-35,7.891433619029449e-35,0.9999999999999999
1648,849,4.3286866613774847e-35,1.2220120280406934e-34,0.9999999999999999
1648,850,6.676902388849304e-35,1.8897022669256238e-34,0.9999999999999999
1648,851,1.0284652949815643e-34,2.918167561907188e-34,0.9999999999999999
1648,852,1.5819785149505117e-34,4.5001460768577e-34,0.9999999999999999
1648,853,2.4300120890293425e-34,6.930158165887043e-34,0.9999999999999999
1648,854,3.7274668265477585e-34,1.0657624992434802e-33,0.9999999999999999
1648,855,5.709751726121015e-34,1.636737671855582e-33,0.9999999999999999
1648,856,8.734123528927534e-34,2.5101500247483353e-33,0.9999999999999999
1648,857,1.3341992297604639e-33,3.844349254508799e-33,0.9999999999999999
1648,858,2.0352692546584913e-33,5.879618509167291e-33,0.9999999999999999
1648,859,3.10044098143507e-33,8.98005949060236e-33,0.9999999999999999
1648,860,4.7165674934905215e-33,1.3696626984092883e-32,0.9999999999999999
1648,861,7.165231112745161e-33,2.0861858096838044e-32,0.9999999999999999
1648,862,1.0870173912756192e-32,3.173203200959424e-32,0.9999999999999999
1648,863,1.6468175844550346e-32,4.8200207854144587e-32,0.9999999999999999
1648,864,2.491482179492101e-32,7.31150296490656e-32,0.9999999999999999
1648,865,3.7642107631416996e-32,1.107571372804826e-31,0.9999999999999999
1648,866,5.679296026768549e-32,1.6755009754816809e-31,0.9999999999999999
1648,867,8.556971318349608e-32,2.5311981073166416e-31,0.9999999999999999
1648,868,1.2875117734700895e-31,3.818709880786731e-31,0.9999999999999999
1648,869,1.9345879149769746e-31,5.753297795763706e-31,0.9999999999999999
1648,870,2.9029023369403844e-31,8.65620013270409e-31,0.9999999999999999
1648,871,4.349943697147095e-31,1.3006143829851185e-30,0.9999999999999999
1648,872,6.509425555654867e-31,1.9515569385506052e-30,0.9999999999999999
1648,873,9.727697836972989e-31,2.924326722247904e-30,0.9999999999999999
1648,874,1.451731890719401e-30,4.376058612967305e-30,0.9999999999999999
1648,875,2.1635765124007773e-30,6.539635125368082e-30,0.9999999999999999
1648,876,3.220091046311434e-30,9.759726171679516e-30,0.9999999999999999
1648,877,4.786021575198721e-30,1.4545747746878238e-29,0.9999999999999999
1648,878,7.103825984453658e-30,2.1649573731331897e-29,0.9999999999999999
1648,879,1.0529838033547457e-29,3.2179411764879355e-29,0.9999999999999999
1648,880,1.5587028642743807e-29,4.776644040762316e-29,0.9999999999999999
1648,881,2.304187369946023e-29,7.080831410708339e-29,0.9999999999999999
1648,882,3.401618578946465e-29,1.0482449989654804e-28,0.9999999999999999
1648,883,5.014958579764273e-29,1.5497408569419076e-28,0.9999999999999999
1648,884,7.383521513892935e-29,2.288093008331201e-28,0.9999999999999999
1648,885,1.0856122688107857e-28,3.3737052771419865e-28,0.9999999999999999
1648,886,1.5940483443314804e-28,4.967753621473466e-28,0.9999999999999999
1648,887,2.337460736775766e-28,7.3052143582492325e-28,0.9999999999999999
1648,888,3.422975512162361e-28,1.0728189870411593e-27,0.9999999999999999
1648,889,5.005879964822906e-28,1.57340698352345e-27,0.9999999999999999
1648,890,7.310966288412777e-28,2.3045036123647276e-27,0.9999999999999999
1648,891,1.06631956865475e-27,3.370823181019478e-27,0.9999999999999999
1648,892,1.5531691713770472e-27,4.923992352396525e-27,0.9999999999999999
1648,893,2.259276909938166e-27,7.183269262334691e-27,0.9999999999999999
1648,894,3.282010903069064e-27,1.0465280165403754e-26,0.9999999999999999
1648,895,4.761359367361091e-27,1.5226639532764846e-26,0.9999999999999999
1648,896,6.898311812835307e-27,2.212495134560015e-26,0.9999999999999999
1648,897,9.981047650244204e-27,3.210599899584436e-26,0.9999999999999999
1648,898,1.442219667950903e-26,4.652819567535339e-26,0.9999999999999999
1648,899,2.081177891799275e-26,6.733997459334614e-26,0.9999999999999999
1648,900,2.999231753093714e-26,9.733229212428327e-26,0.9999999999999999
1648,901,4.316526426348079e-26,1.4049755638776407e-25,0.9999999999999999
1648,902,6.204158211937457e-26,2.0253913850713862e-25,0.9999999999999999
1648,903,8.905451214778764e-26,2.9159365065492625e-25,0.9999999999999999
1648,904,1.2765978831823353e-25,4.192534389731598e-25,0.9999999999999999
1648,905,1.8275865709712368e-25,6.020120960702834e-25,0.9999999999999999
1648,906,2.6129311310906516e-25,8.633052091793486e-25,0.9999999999999999
1648,907,3.730823067190532e-25,1.2363875158984019e-24,0.9999999999999999
1648,908,5.319962190069985e-25,1.7683837349054003e-24,0.9999999999999999
1648,909,7.576003323009045e-25,2.5259840672063047e-24,0.9999999999999999
1648,910,1.0774571328159899e-24,3.6034412000222946e-24,0.9999999999999999
1648,911,1.5303423314361177e-24,5.1337835314584125e-24,0.9999999999999999
1648,912,2.1707331685889707e-24,7.304516700047382e-24,0.9999999999999999
1648,913,3.0750633271793715e-24,1.0379580027226755e-23,0.9999999999999999
1648,914,4.350427815086937e-24,1.4730007842313693e-23,0.9999999999999999
1648,915,6.1466807980234215e-24,2.0876688640337115e-23,0.9999999999999999
1648,916,8.673225787694637e-24,2.954991442803175e-23,0.9999999999999999
1648,917,1.2222286218842457e-23,4.177220064687421e-23,0.9999999999999999
1648,918,1.720111336598427e-23,5.897331401285848e-23,0.9999999999999999
1648,919,2.417650297468197e-23,8.314981698754045e-23,0.9999999999999999
1648,920,3.3936240241046817e-23,1.1708605722858726e-22,0.9999999999999999
1648,921,4.7573794318637584e-23,1.6465985154722483e-22,0.9999999999999999
1648,922,6.660489966940774e-23,2.3126475121663256e-22,0.9999999999999999
1648,923,9.312780980963748e-23,3.2439256102627004e-22,0.9999999999999999
1648,924,1.300432821867796e-22,4.5443584321304965e-22,0.9999999999999999
1648,925,1.8135614478647754e-22,6.357919879995271e-22,0.9999999999999999
1648,926,2.525881341812562e-22,8.883801221807833e-22,0.9999999999999999
1648,927,3.513422896461232e-22,1.2397224118269065e-21,0.9999999999999999
1648,928,4.880734871064426e-22,1.727795898933349e-21,0.9999999999999999
1648,929,6.771389676880255e-22,2.4049348666213744e-21,0.9999999999999999
1648,930,9.382286503075424e-22,3.343163516928917e-21,0.9999999999999999
1648,931,1.2983098706403336e-21,4.6414733875692506e-21,0.9999999999999999
1648,932,1.7942679600492748e-21,6.435741347618525e-21,0.9999999999999999
1648,933,2.476486753983476e-21,8.912228101602001e-21,0.9999999999999999
1648,934,3.413696988896729e-21,1.2325925090498731e-20,0.9999999999999999
1648,935,4.699532616746004e-21,1.7025457707244735e-20,0.9999999999999999
1648,936,6.461384605692455e-21,2.348684231293719e-20,0.9999999999999999
1648,937,8.872341048343607e-21,3.23591833612808e-20,0.9999999999999999
1648,938,1.2167267513536122e-20,4.452645087481692e-20,0.9999999999999999
1648,939,1.6664433822362895e-20,6.119088469717982e-20,0.9999999999999999
1648,940,2.2794560772757865e-20,8.398544546993768e-20,0.9999999999999999
1648,941,3.11397795058262e-20,1.151252249757639e-19,0.9999999999999999
1648,942,4.248581535581009e-20,1.5761104033157399e-19,0.9999999999999999
1648,943,5.789179019945204e-20,2.1550283053102602e-19,0.9999999999999999
1648,944,7.878346493792562e-20,2.9428629546895165e-19,0.9999999999999999
1648,945,1.0707762438999727e-19,4.013639198589489e-19,0.9999999999999999
1648,946,1.4534778077518257e-19,5.467117006341315e-19,0.9999999999999999
1648,947,1.9704462162090436e-19,7.437563222550358e-19,0.9999999999999999
1648,948,2.6678889050342433e-19,1.0105452127584602e-18,0.9999999999999999
1648,949,3.6075997227354972e-19,1.37130518503201e-18,0.9999999999999999
1648,950,4.872107570580365e-19,1.8585159420900465e-18,0.9999999999999999
1648,951,6.571488952181801e-19,2.5156648373082264e-18,0.9999999999999999
1648,952,8.852369949625834e-19,3.4009018322708096e-18,0.9999999999999999
1648,953,1.1909805149816172e-18,4.5918823472524264e-18,0.9999999999999999
1648,954,1.6002931733102295e-18,6.192175520562656e-18,0.9999999999999999
1648,955,2.1475570542499836e-18,8.33973257481264e-18,0.9999999999999999
1648,956,2.8783300756084755e-18,1.1218062650421115e-17,0.9999999999999999
1648,957,3.852899422511735e-18,1.507096207293285e-17,0.9999999999999999
1648,958,5.150938962116539e-18,2.022190103504939e-17,0.9999999999999999
1648,959,6.8776053611652816e-18,2.709950639621467e-17,0.9999999999999999
1648,960,9.171506530873004e-18,3.627101292708768e-17,0.9999999999999999
1648,961,1.2215103359874423e-17,4.84861162869621e-17,0.9999999999999999
1648,962,1.6248269404626302e-17,6.473438569158841e-17,0.9999999999999999
1648,963,2.1585943374374925e-17,8.632032906596333e-17,0.9999999999999999
1648,964,2.864107867071396e-17,1.149614077366773e-16,0.9999999999999999
1648,965,3.7954439128721645e-17,1.5291584686539893e-16,0.9999999999999999
1648,966,5.023323095808033e-17,2.0314907782347927e-16,0.9999999999999999
1648,967,6.640112358707615e-17,2.695502014105554e-16,0.9999999999999999
1648,968,8.766292931302206e-17,3.5721313072357746e-16,0.9999999999999998
1648,969,1.1558812445613618e-16,4.728012551797136e-16,0.9999999999999997
1648,970,1.522185547603638e-16,6.250198099400774e-16,0.9999999999999996
1648,971,2.002071399229117e-16,8.252269498629891e-16,0.9999999999999994
1648,972,2.6299625761845005e-16,1.0882232074814393e-15,0.9999999999999992
1648,973,3.450468478818685e-16,1.4332700553633078e-15,0.999999999999999
1648,974,4.521322612383862e-16,1.885402316601694e-15,0.9999999999999987
1648,975,5.917146369526287e-16,2.4771169535543225e-15,0.9999999999999982
1648,976,7.734263385215836e-16,3.250543292075906e-15,0.9999999999999977
1648,977,1.0096849374134558e-15,4.260228229489361e-15,0.9999999999999969
1648,978,1.3164777276692407e-15,5.576705957158602e-15,0.9999999999999959
1648,979,1.7143611509313817e-15,7.291067108089983e-15,0.9999999999999946
1648,980,2.229732281070112e-15,9.520799389160095e-15,0.9999999999999929
1648,981,2.8964442373120462e-15,1.2417243626472141e-14,0.9999999999999907
1648,982,3.7578557770811624e-15,1.6175099403553303e-14,0.9999999999999878
1648,983,4.869428242213708e-15,2.1044527645767012e-14,0.999999999999984
1648,984,6.3020115740658946e-15,2.7346539219832906e-14,0.9999999999999791
1648,985,8.145996599478208e-15,3.549253581931111e-14,0.9999999999999728
1648,986,1.0516554845128496e-14,4.600909066443961e-14,0.9999999999999647
1648,987,1.3560241750815517e-14,5.956933241525513e-14,0.9999999999999541
1648,988,1.746330675230564e-14,7.703263916756077e-14,0.9999999999999406
1648,989,2.2462137255669242e-14,9.949477642323001e-14,0.9999999999999232
1648,990,2.8856366637841784e-14,1.283511430610718e-13,0.9999999999999007
1648,991,3.702530347268212e-14,1.653764465337539e-13,0.9999999999998719
1648,992,4.744849552793261e-14,2.1282494206168653e-13,0.9999999999998349
1648,993,6.073143416622426e-14,2.7355637622791077e-13,0.9999999999997875
1648,994,7.763764042950348e-14,3.5119401665741424e-13,0.9999999999997268
1648,995,9.912866273409709e-14,4.5032267939151134e-13,0.9999999999996492
1648,996,1.264138691417561e-13,5.767365485332675e-13,0.99999999999955
1648,997,1.6101234831258155e-13,7.37748896845849e-13,0.9999999999994236
1648,998,2.048297589706645e-13,9.425786558165134e-13,0.9999999999992626
1648,999,2.6025360780034674e-13,1.2028322636168602e-12,0.9999999999990578
1648,1000,3.302712138326549e-13,1.533103477449515e-12,0.9999999999987975
1648,1001,4.1861556191121457e-13,1.9517190393607294e-12,0.9999999999984672
1648,1002,5.29945392570521e-13,2.4816644319312504e-12,0.9999999999980486
1648,1003,6.700672609296633e-13,3.1517316928609136e-12,0.9999999999975187
1648,1004,8.462089709622504e-13,3.997940663823164e-12,0.9999999999968486
1648,1005,1.0673558107084048e-12,5.0652964745315684e-12,0.9999999999960024
1648,1006,1.3446634461763742e-12,6.409959920707943e-12,0.999999999994935
1648,1007,1.691964256757303e-12,8.101924177465247e-12,0.9999999999935903
1648,1008,2.126387407357713e-12,1.0228311584822959e-11,0.9999999999918984
1648,1009,2.6691171634723405e-12,1.28974287482953e-11,0.999999999989772
1648,1010,3.346318996124126e-12,1.6243747744419426e-11,0.9999999999871029
1648,1011,4.190269047965324e-12,2.043401679238475e-11,0.9999999999837565
1648,1012,5.240729720448159e-12,2.567474651283291e-11,0.9999999999795662
1648,1013,6.54662270623265e-12,3.222136921906556e-11,0.9999999999743255
1648,1014,8.168060977909031e-12,4.038943019697459e-11,0.9999999999677789
1648,1015,1.017881334174173e-11,5.056824353871632e-11,0.9999999999596109
1648,1016,1.2669289508810036e-11,6.323753304752636e-11,0.999999999949432
1648,1017,1.5750150615197127e-11,7.898768366272349e-11,0.9999999999367627
1648,1018,1.9556670189482158e-11,9.854435385220565e-11,0.9999999999210125
1648,1019,2.425399424247404e-11,1.227983480946797e-10,0.9999999999014558
1648,1020,3.00434770446499e-11,1.528418251393296e-10,0.9999999998772018
1648,1021,3.7170301957044394e-11,1.90012127096374e-10,0.9999999998471583
1648,1022,4.5932635191889435e-11,2.3594476228826346e-10,0.999999999809988
1648,1023,5.669260551905685e-11,2.926373678073203e-10,0.9999999997640554
1648,1024,6.988945575596974e-11,3.6252682356329e-10,0.9999999997073628
1648,1025,8.605527358542127e-11,4.485820971487113e-10,0.9999999996374733
1648,1026,1.0583378121021168e-10,5.54415878358923e-10,0.999999999551418
1648,1027,1.3000274713784464e-10,6.844186254967676e-10,0.9999999994455843
1648,1028,1.5950068076674623e-10,8.439193062635139e-10,0.9999999993155815
1648,1029,1.9545858342766394e-10,1.0393778896911778e-09,0.9999999991560808
1648,1030,2.392376603923779e-10,1.2786155500835557e-09,0.9999999989606223
1648,1031,2.924740496593128e-10,1.5710895997428685e-09,0.9999999987213847
1648,1032,3.571317979453701e-10,1.9282213976882384e-09,0.9999999984289106
1648,1033,4.3556551549135713e-10,2.3637869131795957e-09,0.9999999980717789
1648,1034,5.305943726476327e-10,2.8943812858272285e-09,0.9999999976362134
1648,1035,6.455893667925308e-10,3.539970652619759e-09,0.999999997105619
1648,1036,7.845760924543391e-10,4.324546745074098e-09,0.9999999964600297
1648,1037,9.523555955624596e-10,5.276902340636558e-09,0.9999999956754536
1648,1038,1.1546462900877853e-09,6.4315486307243435e-09,0.999999994723098
1648,1039,1.3982503680680303e-09,7.829798998792374e-09,0.9999999935684517
1648,1040,1.6912486488917334e-09,9.521047647684109e-09,0.9999999921702013
1648,1041,2.043228398134895e-09,1.1564276045819004e-08,0.9999999904789526
1648,1042,2.465549308304127e-09,1.4029825354123132e-08,0.9999999884357242
1648,1043,2.971653582371017e-09,1.700147893649415e-08,0.9999999859701749
1648,1044,3.5774269055819e-09,2.057890584207605e-08,0.9999999829985213
1648,1045,4.301618042088651e-09,2.48805238841647e-08,0.9999999794210944
1648,1046,5.166325861680453e-09,3.004684974584515e-08,0.9999999751194764
1648,1047,6.197563800348418e-09,3.624441354619357e-08,0.9999999699531505
1648,1048,7.425913099468596e-09,4.3670326645662165e-08,0.9999999637555868
1648,1049,8.887277665763843e-09,5.255760431142601e-08,0.9999999563296736
1648,1050,1.0623755062437858e-08,6.318135937386387e-08,0.999999947442396
1648,1051,1.2684639996286563e-08,7.586599937015043e-08,0.9999999368186409
1648,1052,1.512757872223727e-08,9.09935780923877e-08,0.9999999241340009
1648,1053,1.801989506236077e-08,1.0901347315474847e-07,0.9999999090064221
1648,1054,2.1440111248228522e-08,1.30453584402977e-07,0.9999998909865271
1648,1055,2.5479689561275024e-08,1.5593327396425202e-07,0.9999998695464158
1648,1056,3.024502378359708e-08,1.861782977478491e-07,0.9999998440667263
1648,1057,3.585971279951165e-08,2.2203801054736077e-07,0.9999998138217024
1648,1058,4.246715232422758e-08,2.6450516287158833e-07,0.9999997779619897
1648,1059,5.02334846978234e-08,3.1473864756941174e-07,0.9999997354948373
1648,1060,5.935095098735275e-08,3.740895985567645e-07,0.9999996852613526
1648,1061,7.004169430329827e-08,4.4413129286006277e-07,0.9999996259104016
1648,1062,8.256206827332742e-08,5.266933611333902e-07,0.9999995558687073
1648,1063,9.720751003908116e-08,6.239008711724714e-07,0.999999473306639
1648,1064,1.143180429609017e-07,7.382189141333732e-07,0.9999993760991289
1648,1065,1.3428448043842484e-07,8.72503394571798e-07,0.999999261781086
1648,1066,1.575554088857505e-07,1.0300588034575484e-06,0.9999991274966056
1648,1067,1.846450349382049e-07,1.2147038383957532e-06,0.9999989699411967
1648,1068,2.1614198940834976e-07,1.430845827804103e-06,0.9999987852961618
1648,1069,2.5271918834103285e-07,1.683565016145136e-06,0.9999985691541724
1648,1070,2.951448597235457e-07,1.9787098758686816e-06,0.999998316434984
1648,1071,3.442948529626196e-07,2.3230047288313013e-06,0.9999980212901243
1648,1072,4.0116635711200005e-07,2.7241710859433014e-06,0.9999976769952713
1648,1073,4.6689316298040035e-07,3.191064248923702e-06,0.9999972758289142
1648,1074,5.427626136172183e-07,3.7338268625409203e-06,0.9999968089357512
1648,1075,6.302343971987719e-07,4.364061259739692e-06,0.9999962661731375
1648,1076,7.309613459450052e-07,5.0950226056846975e-06,0.9999956359387403
1648,1077,8.468124142965035e-07,5.941835019981201e-06,0.9999949049773944
1648,1078,9.798980190709395e-07,6.92173303905214e-06,0.9999940581649801
1648,1079,1.1325979335784415e-06,8.054330972630582e-06,0.999993078266961
1648,1080,1.3075919365726277e-06,9.36192290920321e-06,0.9999919456690275
1648,1081,1.5078934252973865e-06,1.0869816334500596e-05,0.9999906380770909
1648,1082,1.736886209590947e-06,1.2606702544091544e-05,0.9999891301836655
1648,1083,1.9983647108426003e-06,1.4605067254934144e-05,0.9999873932974559
1648,1084,2.2965777953600735e-06,1.690164505029422e-05,0.9999853949327451
1648,1085,2.636276476175266e-06,1.9537921526469485e-05,0.9999830983549497
1648,1086,3.022765720253313e-06,2.2560687246722798e-05,0.9999804620784736
1648,1087,3.461960599217831e-06,2.602264784594063e-05,0.9999774393127533
1648,1088,3.960447020790025e-06,2.9983094866730656e-05,0.9999739773521541
1648,1089,4.525547274871995e-06,3.450864214160265e-05,0.9999700169051333
1648,1090,5.165390622281708e-06,3.967403276388436e-05,0.9999654913578584
1648,1091,5.8889891452533134e-06,4.556302190913767e-05,0.9999603259672362
1648,1092,6.706319066626395e-06,5.2269340975764066e-05,0.9999544369780909
1648,1093,7.628407728828782e-06,5.989774870459285e-05,0.9999477306590243
1648,1094,8.667426403973728e-06,6.856517510856658e-05,0.9999401022512955
1648,1095,9.836789082306936e-06,7.840196419087352e-05,0.9999314348248916
1648,1096,1.1151257357520268e-05,8.955322154839378e-05,0.9999215980358093
1648,1097,1.2627051493773908e-05,0.00010218027304216769,0.9999104467784518
1648,1098,1.428196772032871e-05,0.0001164622407624964,0.999897819726958
1648,1099,1.613550175519706e-05,0.00013259774251769347,0.9998835377592377
1648,1100,1.8208978508912144e-05,0.0001508067210266056,0.9998674022574825
1648,1101,2.0525687863163406e-05,0.000171332408889769,0.9998491932789736
1648,1102,2.3111026356462737e-05,0.00019444343524623172,0.9998286675911104
1648,1103,2.599264454005111e-05,0.00022043607978628285,0.999805556564754
1648,1104,2.9200599691845768e-05,0.0002496366794781286,0.9997795639202139
1648,1105,3.2767513494343644e-05,0.00028240419297247225,0.9997503633205221
1648,1106,3.6728734194088986e-05,0.0003191329271665612,0.9997175958070278
1648,1107,4.1122502665715845e-05,0.00036025542983227706,0.9996808670728337
1648,1108,4.599012170290893e-05,0.00040624555153518597,0.9996397445701679
1648,1109,5.137612775220678e-05,0.00045762167928739273,0.999593754448465
1648,1110,5.73284641938194e-05,0.0005149501434812122,0.9995423783207128
1648,1111,6.389865515707905e-05,0.0005788487986382912,0.999485049856519
1648,1112,7.114197873743512e-05,0.0006499907773757263,0.9994211512013619
1648,1113,7.911763835781007e-05,0.0007291084157335364,0.9993500092226244
1648,1114,8.788893089054798e-05,0.0008169973466240843,0.9992708915842666
1648,1115,9.752341002813315e-05,0.0009145207566522175,0.9991830026533761
1648,1116,0.00010809304326248697,0.0010226137999147045,0.999085479243348
1648,1117,0.0001196743607052476,0.001142288160619952,0.9989773862000855
1648,1118,0.00013234859385641311,0.001274636754476365,0.9988577118393802
1648,1119,0.00014620180230761508,0.0014208385567839803,0.9987253632455237
1648,1120,0.00016132498625074214,0.0015821635430347224,0.9985791614432161
1648,1121,0.00017781418255440948,0.0017599777255891318,0.9984178364569654
1648,1122,0.00019577054207173684,0.0019557482676608685,0.998240022274411
1648,1123,0.0002153003857549936,0.0021710486534158623,0.9980442517323392
1648,1124,0.0002365152370779192,0.0024075638904937813,0.9978289513465842
1648,1125,0.0002595318282069916,0.002667095718700773,0.9975924361095063
1648,1126,0.00028447207732070325,0.002951567796021476,0.9973329042812993
1648,1127,0.0003114630344531137,0.00326303083047459,0.9970484322039785
1648,1128,0.0003406367932366794,0.0036036676237112693,0.9967369691695255
1648,1129,0.0003721303659416584,0.003975797989652928,0.9963963323762888
1648,1130,0.0004060855192572189,0.004381883508910147,0.9960242020103471
1648,1131,0.00044264856833462526,0.0048245320772447725,0.9956181164910899
1648,1132,0.00048197012671724756,0.00530650220396202,0.9951754679227552
1648,1133,0.0005242048099172151,0.0058307070138792355,0.994693497796038
1648,1134,0.0005695108905656434,0.006400217904444879,0.9941692929861208
1648,1135,0.0006180499032636403,0.007018267807708519,0.9935997820955551
1648,1136,0.0006699861974955442,0.007688254005204063,0.9929817321922915
1648,1137,0.0007254864372346314,0.008413740442438694,0.9923117459947959
1648,1138,0.000784719046174984,0.009198459488613678,0.9915862595575613
1648,1139,0.0008478535978611885,0.010046313086474867,0.9908015405113864
1648,1140,0.0009150601503594197,0.010961373236834287,0.9899536869135251
1648,1141,0.0009865085255182462,0.011947881762352532,0.9890386267631657
1648,1142,0.00106236753330371,0.013010249295656242,0.9880521182376474
1648,1143,0.0011428041421589503,0.014153053437815193,0.9869897507043437
1648,1144,0.001227982596831456,0.015381036034646649,0.9858469465621847
1648,1145,0.0013180634856280685,0.016699099520274718,0.9846189639653533
1648,1146,0.0014132027595956979,0.018112302279870415,0.9833009004797253
1648,1147,0.0015135507066805943,0.01962585298655101,0.9818876977201296
1648,1148,0.0016192508844865053,0.021245103871037514,0.980374147013449
1648,1149,0.0017304390158274971,0.02297554288686501,0.9787548961289625
1648,1150,0.0018472418518493512,0.02482278473871436,0.977024457113135
1648,1151,0.00196977600806875,0.02679256074678311,0.9751772152612856
1648,1152,0.0020981467792460097,0.02889070752602912,0.9732074392532168
1648,1153,0.002232446939558683,0.031123154465587805,0.9711092924739708
1648,1154,0.0023727555350735157,0.03349591000066132,0.9688768455344121
1648,1155,0.0025191366760163613,0.03601504667667768,0.9665040899993386
1648,1156,0.0026716383368070003,0.038686685013484684,0.9639849533233222
1648,1157,0.002830291172251639,0.041516976185736326,0.9613133149865153
1648,1158,0.002995107358663428,0.044512083544399755,0.9584830238142636
1648,1159,0.0031660794690040787,0.047678163013403836,0.9554879164556003
1648,1160,0.0033431793914012156,0.051021342404805055,0.9523218369865962
1648,1161,0.0035263573005903906,0.05454769970539545,0.9489786575951951
1648,1162,0.0037155406919520554,0.0582632403973475,0.9454523002946047
1648,1163,0.003910633487857137,0.062173873885204636,0.9417367596026527
1648,1164,0.004111515225995423,0.06628538911120006,0.9378261261147955
1648,1165,0.004318040339235073,0.07060342945043513,0.9337146108888001
1648,1166,0.004530037536345709,0.07513346698678083,0.929396570549565
1648,1167,0.004747309292609706,0.07988077627939054,0.9248665330132193
1648,1168,0.004969631458944639,0.08485040773833517,0.9201192237206096
1648,1169,0.005196752997664182,0.09004716073599936,0.9151495922616649
1648,1170,0.005428395852415238,0.0954755565884146,0.9099528392640007
1648,1171,0.005664254959147476,0.10113981154756208,0.9045244434115854
1648,1172,0.005903998404200172,0.10704380995176224,0.898860188452438
1648,1173,0.0061472677347340085,0.11319107768649625,0.8929561900482378
1648,1174,0.006393678425797079,0.11958475611229333,0.8868089223135037
1648,1175,0.006642820507300496,0.12622757661959383,0.8804152438877066
1648,1176,0.006894259353096649,0.13312183597269048,0.8737724233804062
1648,1177,0.0071475366332101956,0.14026937260590067,0.8668781640273096
1648,1178,0.0074021714290770525,0.14767154403497773,0.8597306273940993
1648,1179,0.007657661510409808,0.15532920554538754,0.8523284559650223
1648,1180,0.007913484771039477,0.16324269031642702,0.8446707944546125
1648,1181,0.008169100819794784,0.1714117911362218,0.836757309683573
1648,1182,0.008423952721182737,0.17983574385740453,0.8285882088637782
1648,1183,0.008677468879340755,0.1885132127367453,0.8201642561425954
1648,1184,0.008929065057453299,0.1974422777941986,0.8114867872632546
1648,1185,0.009178146523578012,0.2066204243177766,0.8025577222058013
1648,1186,0.009424110312620452,0.21604453463039705,0.7933795756822234
1648,1187,0.009666347593045469,0.22571088222344252,0.7839554653696029
1648,1188,0.009904246125829814,0.23561512834927234,0.7742891177765574
1648,1189,0.010137192802156452,0.24575232115142878,0.7643848716507275
1648,1190,0.010364576245438599,0.2561168973968674,0.7542476788485711
1648,1191,0.010585789462450604,0.266702686859318,0.7438831026031325
1648,1192,0.010800232527644602,0.2775029193869626,0.7332973131406819
1648,1193,0.011007315284154542,0.28851023467111714,0.7224970806130373
1648,1194,0.011206460044541237,0.29971669471565837,0.7114897653288828
1648,1195,0.011397104274020114,0.3111137989896785,0.7002833052843415
1648,1196,0.011578703238742665,0.32269250222842116,0.6888862010103214
1648,1197,0.011750732601677295,0.33444323483009847,0.6773074977715787
1648,1198,0.011912690948757958,0.34635592577885643,0.6655567651699015
1648,1199,0.012064102228240505,0.35842002800709694,0.6536440742211436
1648,1200,0.012204518086626526,0.3706245460937235,0.6415799719929031
1648,1201,0.012333520085080546,0.382958066178804,0.6293754539062766
1648,1202,0.012450721780974951,0.39540878795977896,0.617041933821196
1648,1203,0.012555770660042802,0.4079645586198218,0.604591212040221
1648,1204,0.012648349905594764,0.42061290852541655,0.5920354413801783
1648,1205,0.012728179992354838,0.43334108851777137,0.5793870914745836
1648,1206,0.012795020093680644,0.44613610861145203,0.5666589114822287
1648,1207,0.012848669292246928,0.45898477790369896,0.5538638913885481
1648,1208,0.012888967585673896,0.47187374548937283,0.5410152220963012
1648,1209,0.012915796680061879,0.4847895421694347,0.5281262545106272
1648,1210,0.012929080565937053,0.49771862273537176,0.5152104578305653
1648,1211,0.01292878587270482,0.5106474086080766,0.5022813772646283
1648,1212,0.012914921999333289,0.5235623306074099,0.48935259139192344
1648,1213,0.012887541020633362,0.5364498716280433,0.47643766939259014
1648,1214,0.012846737370149047,0.5492966089981923,0.46355012837195675
1648,1215,0.012792647302306085,0.5620892563004984,0.4507033910018077
1648,1216,0.012725448138073348,0.5748147044385717,0.4379107436995016
1648,1217,0.012645357299955057,0.5874600617385268,0.42518529556142826
1648,1218,0.012552631143637898,0.6000126928821647,0.4125399382614732
1648,1219,0.012447563595052,0.6124602564772167,0.3999873071178353
1648,1220,0.012330484602955464,0.6247907410801722,0.3875397435227833
1648,1221,0.012201758418406835,0.6369924994985791,0.37520925891982787
1648,1222,0.012061781713637644,0.6490542812122168,0.36300750050142105
1648,1223,0.011910981553868372,0.6609652627660851,0.3509457187877834
1648,1224,0.011749813236517645,0.6727150760026028,0.33903473723391503
1648,1225,0.01157875801302919,0.684293834015632,0.3272849239973974
1648,1226,0.011398320709178662,0.6956921547248107,0.3157061659843682
1648,1227,0.011209027260218999,0.7069011819850297,0.3043078452751895
1648,1228,0.011011422177576063,0.7179126041626058,0.2930988180149705
1648,1229,0.010806065964014976,0.7287186701266208,0.28208739583739445
1648,1230,0.010593532494262647,0.7393122026208835,0.2712813298733795
1648,1231,0.010374406377995226,0.7496866089988787,0.26068779737911685
1648,1232,0.010149280321884592,0.7598358893207633,0.2503133910011216
1648,1233,0.009918752507049912,0.7697546418278132,0.240164110679237
1648,1234,0.009683423997785235,0.7794380658255984,0.23024535817218708
1648,1235,0.009443896196839264,0.7888819620224377,0.22056193417440184
1648,1236,0.009200768361817026,0.7980827303842547,0.21111803797756257
1648,1237,0.008954635196464857,0.8070373655807196,0.20191726961574555
1648,1238,0.008706084529699662,0.8157434501104193,0.1929626344192807
1648,1239,0.008455695094261731,0.824199145204681,0.18425654988958104
1648,1240,0.008204034415818993,0.8324031796204999,0.17580085479531932
1648,1241,0.007951656822240794,0.8403548364427407,0.16759682037950033
1648,1242,0.007699101581603591,0.8480539380243443,0.15964516355725952
1648,1243,0.0074468911763007385,0.855500829200645,0.15194606197565594
1648,1244,0.007195529719416684,0.8626963589200617,0.1444991707993552
1648,1245,0.006945501518303424,0.8696418604383651,0.13730364107993853
1648,1246,0.0066972697890761755,0.8763391302274413,0.1303581395616351
1648,1247,0.00645127552453679,0.8827904057519781,0.12366086977255894
1648,1248,0.006207936516848078,0.8889983422688261,0.11720959424802214
1648,1249,0.005967646535130128,0.8949659888039563,0.11100165773117407
1648,1250,0.005730774657039924,0.9006967634609963,0.10503401119604394
1648,1251,0.005497664752336884,0.9061944282133332,0.09930323653900401
1648,1252,0.0052686351154367025,0.9114630633287699,0.09380557178666712
1648,1253,0.005043978243021124,0.9165070415717911,0.08853693667123042
1648,1254,0.004823960751907572,0.9213310023236987,0.0834929584282093
1648,1255,0.00460882343159485,0.9259398257552935,0.07866899767630173
1648,1256,0.004398781425193281,0.9303386071804868,0.07406017424470687
1648,1257,0.004194024531822485,0.9345326317123093,0.06966139281951358
1648,1258,0.003994717623019435,0.9385273493353287,0.0654673682876911
1648,1259,0.0038010011652444874,0.9423283505005732,0.06147265066467167
1648,1260,0.00361299184020372,0.9459413423407769,0.05767164949942718
1648,1261,0.0034307832544214207,0.9493721255951982,0.05405865765922346
1648,1262,0.0032544467292952694,0.9526265723244935,0.050627874404802035
1648,1263,0.003084032162746246,0.9557106044872398,0.047373427675506764
1648,1264,0.002919568953532565,0.9586301734407723,0.04428939551276052
1648,1265,0.002761066979328264,0.9613912404201006,0.041369826559227954
1648,1266,0.0026085176197681854,0.9639997580398688,0.03860875957989969
1648,1267,0.002461894815827344,0.9664616528556962,0.036000241960131504
1648,1268,0.0023211561571288932,0.9687828090128251,0.03353834714430416
1648,1269,0.002186243989055749,0.9709690530018809,0.031217190987175267
1648,1270,0.002057086531870656,0.9730261395337515,0.02903094699811952
1648,1271,0.0019335990044223753,0.9749597385381739,0.026973860466248865
1648,1272,0.001815684745425708,0.9767754232835996,0.025040261461826488
1648,1273,0.0017032363257444526,0.978478659609344,0.02322457671640078
1648,1274,0.0015961366455731483,0.9800747962549171,0.021521340390656327
1648,1275,0.0014942600108998729,0.981569056265817,0.019925203745083178
1648,1276,0.0013974731841328162,0.9829665294499499,0.018430943734183306
1648,1277,0.0013056364042824905,0.9842721658542324,0.01703347055005049
1648,1278,0.0012186043726041022,0.9854907702268365,0.015727834145767998
1648,1279,0.0011362272001160171,0.9866269974269525,0.014509229773163894
1648,1280,0.0010583513139158919,0.9876853487408683,0.013373002573047877
1648,1281,0.0009848203197118052,0.9886701690605801,0.012314651259131984
1648,1282,0.0009154758184678509,0.989585644879048,0.01132983093942018
1648,1283,0.0008501581755288062,0.9904358030545768,0.010414355120952328
1648,1284,0.0007887072410337039,0.9912245102956105,0.009564196945423521
1648,1285,0.000730963020850893,0.9919554733164614,0.008775489704389818
1648,1286,0.0006767662976653212,0.9926322396141267,0.008044526683538925
1648,1287,0.0006259592022205771,0.9932581988163472,0.007367760385873603
1648,1288,0.00057838573506236,0.9938365845514097,0.006741801183653026
1648,1289,0.0005338922394454988,0.9943704767908551,0.0061634154485906666
1648,1290,0.0004923278263528346,0.994862804617208,0.005629523209145167
1648,1291,0.0004535447528308997,0.9953163493700389,0.005137195382792332
1648,1292,0.00041739875507442977,0.9957337481251133,0.004683650629961433
1648,1293,0.0003837493378896279,0.9961174974630029,0.0042662518748870035
1648,1294,0.0003524600223353639,0.9964699574853383,0.0038825025369973753
1648,1295,0.00032339855348293404,0.9967933560388212,0.0035300425146620115
1648,1296,0.00029643707034966027,0.9970897931091709,0.0032066439611790776
1648,1297,0.0002714522401506644,0.9973612453493216,0.0029102068908294174
1648,1298,0.00024832535907796954,0.9976095707083995,0.002638754650678753
1648,1299,0.00022694242185812688,0.9978365131302577,0.002390429291600784
1648,1300,0.00020719416236041207,0.998043707292618,0.002163486869742657
1648,1301,0.00018897606752893035,0.9982326833601469,0.001956292707382245
1648,1302,0.00017218836689539548,0.9984048717270423,0.0017673166398533148
1648,1303,0.0001567359998966329,0.9985616077269389,0.0015951282729579192
1648,1304,0.00014252856317371185,0.9987041362901127,0.0014383922730612864
1648,1305,0.00012948023996975477,0.9988336165300824,0.0012958637098875745
1648,1306,0.00011750971367257281,0.9989511262437549,0.0011663834699178197
1648,1307,0.0001065400674679719,0.999057666311223,0.0010488737562452468
1648,1308,9.649867198143305e-05,0.9991541649832044,0.0009423336887772749
1648,1309,8.731706269139703e-05,0.9992414820458958,0.0008458350167958418
1648,1310,7.893080879799776e-05,0.9993204128546938,0.0007585179541044448
1648,1311,7.127937512812726e-05,0.9993916922298218,0.000679587145306447
1648,1312,6.430597855241626e-05,0.9994559982083743,0.0006083077701783198
1648,1313,5.79574402832244e-05,0.9995139556486575,0.0005440017916259035
1648,1314,5.2184035316095304e-05,0.9995661396839737,0.00048604435134267916
1648,1315,4.6939340171285575e-05,0.999613079024145,0.00043386031602658386
1648,1316,4.2180079987765176e-05,0.9996552591041328,0.0003869209758552983
1648,1317,3.7865975920249694e-05,0.999693125080053,0.0003447408958675331
1648,1318,3.395959369100499e-05,0.999727084673744,0.0003068749199472834
1648,1319,3.0426194052910442e-05,0.999757510867797,0.0002729153262562784
1648,1320,2.723358582903497e-05,0.999784744453626,0.0002424891322033679
1648,1321,2.435198210714206e-05,0.9998090964357331,0.00021525554637433296
1648,1322,2.17538600853855e-05,0.9998308502958185,0.00019090356426719089
1648,1323,1.9413824988201064e-05,0.9998502641208067,0.0001691497041818054
1648,1324,1.730847839918541e-05,0.9998675725992059,0.00014973587919360433
1648,1325,1.541629129066311e-05,0.9998829888904965,0.0001324274007944189
1648,1326,1.3717481967697685e-05,0.9998967063724642,0.00011701110950375579
1648,1327,1.2193899087475392e-05,0.9999089002715517,0.0001032936275360581
1648,1328,1.0828909863205143e-05,0.9999197291814149,9.109972844858271e-05
1648,1329,9.607293514820916e-06,0.9999293364749298,8.027081858537757e-05
1648,1330,8.515139986694593e-06,0.9999378516149164,7.066352507055665e-05
1648,1331,7.539753915089978e-06,0.9999453913688315,6.214838508386206e-05
1648,1332,6.669563795011577e-06,0.9999520609326266,5.460863116877208e-05
1648,1333,5.894036267203735e-06,0.9999579549688937,4.7939067373760504e-05
1648,1334,5.203595421102617e-06,0.9999631585643148,4.204503110655677e-05
1648,1335,4.589546988290063e-06,0.9999677481113032,3.6841435685454154e-05
1648,1336,4.0440072831930185e-06,0.9999717921185863,3.225188869716409e-05
1648,1337,3.559836733160459e-06,0.9999753519553195,2.820788141397107e-05
1648,1338,3.1305778283765576e-06,0.9999784825331479,2.464804468081061e-05
1648,1339,2.750397313082374e-06,0.999981232930461,2.1517466852434055e-05
1648,1340,2.4140324330309196e-06,0.9999836469628941,1.8767069539351682e-05
1648,1341,2.1167410497520443e-06,0.9999857637039439,1.6353037106320763e-05
1648,1342,1.8542554298219946e-06,0.9999876179593737,1.423629605656872e-05
1648,1343,1.6227395166960044e-06,0.9999892406988904,1.2382040626746726e-05
1648,1344,1.418749493559752e-06,0.999990659448384,1.0759301110050722e-05
1648,1345,1.2391974478878916e-06,0.9999918986458318,9.34055161649097e-06
1648,1346,1.0813179517783485e-06,0.9999929799637836,8.101354168603078e-06
1648,1347,9.426373764856731e-07,0.99999392260116,7.0200362168247295e-06
1648,1348,8.209457647444638e-07,0.9999947435469247,6.077398840339057e-06
1648,1349,7.14271090306596e-07,0.999995457818015,5.256453075594593e-06
1648,1350,6.208557404785527e-07,0.9999960786737555,4.542181985287997e-06
1648,1351,5.391350642147935e-07,0.9999966178088198,3.921326244809444e-06
1648,1352,4.67717835389432e-07,0.9999970855266551,3.3821911805946503e-06
1648,1353,4.053684881326994e-07,0.9999974908951432,2.9144733452052183e-06
1648,1354,3.509909884932677e-07,0.9999978418861317,2.5091048570725187e-06
1648,1355,3.036142140955475e-07,0.9999981455003458,2.158113868579251e-06
1648,1356,2.623787208356295e-07,0.9999984078790667,1.8544996544837037e-06
1648,1357,2.265247829430212e-07,0.9999986344038496,1.5921209336480742e-06
1648,1358,1.9538159987879319e-07,0.9999988297854495,1.365596150705053e-06
1648,1359,1.6835757050325457e-07,0.9999989981430201,1.1702145508262598e-06
1648,1360,1.449315416941779e-07,0.9999991430745617,1.0018569803230051e-06
1648,1361,1.2464494510290675e-07,0.9999992677195069,8.569254386288273e-07
1648,1362,1.07094741979413e-07,0.9999993748142488,7.322804935259205e-07
1648,1363,9.192710196291998e-08,0.9999994667413508,6.251857515465075e-07
1648,1364,7.883174741124654e-08,0.9999995455730982,5.332586495835876e-07
1648,1365,6.753690022295592e-08,0.9999996131099984,4.54426902172341e-07
1648,1366,5.78047731887896e-08,0.9999996709147716,3.8689000194938507e-07
1648,1367,4.942755269300997e-08,0.9999997203423243,3.2908522876059545e-07
1648,1368,4.2223824074165065e-08,0.9999997625661484,2.796576760675855e-07
1648,1369,3.6035395153733656e-08,0.9999997986015435,2.3743385199342043e-07
1648,1370,3.072447735733134e-08,0.9999998293260209,2.013984568396868e-07
1648,1371,2.6171187495439937e-08,0.9999998554972085,1.7067397948235545e-07
1648,1372,2.2271336648993765e-08,0.9999998777685452,1.445027919869155e-07
1648,1373,1.893447573059599e-08,0.9999998967030209,1.2223145533792174e-07
1648,1374,1.6082170176337095e-08,0.9999999127851911,1.0329697960732576e-07
1648,1375,1.3646478878308625e-08,0.9999999264316699,8.721480943098867e-08
1648,1376,1.1568614906399725e-08,0.9999999380002849,7.356833055268004e-08
1648,1377,9.797767802396246e-09,0.9999999477980527,6.199971564628031e-08
1648,1378,8.29006927230582e-09,0.999999956088122,5.220194784388406e-08
1648,1379,7.007685966590219e-09,0.999999963095808,4.391187857157824e-08
1648,1380,5.91802473472545e-09,0.9999999690138327,3.690419260498802e-08
1648,1381,4.993037282020509e-09,0.99999997400687,3.098616787026257e-08
1648,1382,4.208612554292851e-09,0.9999999782154826,2.5993130588242063e-08
1648,1383,3.5440464407511663e-09,0.999999981759529,2.178451803394921e-08
1648,1384,2.981579527707751e-09,0.9999999847411085,1.8240471593198046e-08
1648,1385,2.5059946654449263e-09,0.9999999872471032,1.5258892065490294e-08
1648,1386,2.104267037064141e-09,0.9999999893513701,1.275289740004537e-08
1648,1387,1.76526025027631e-09,0.9999999911166304,1.0648630362981229e-08
1648,1388,1.479462719121844e-09,0.9999999925960932,8.883370112704918e-09
1648,1389,1.2387592702688831e-09,0.9999999938348525,7.4039073935830735e-09
1648,1390,1.0362335050247154e-09,0.999999994871086,6.16514812331419e-09
1648,1391,8.65996980184854e-10,0.999999995737083,5.1289146182894746e-09
1648,1392,7.230417445116032e-10,0.9999999964601247,4.262917638104621e-09
1648,1393,6.031131886725823e-10,0.9999999970632379,3.539875893593018e-09
1648,1394,5.026005401136939e-10,0.9999999975658385,2.9367627049204356e-09
1648,1395,4.1844266538893835e-10,0.9999999979842811,2.434162164806742e-09
1648,1396,3.480471353085581e-10,0.9999999983323282,2.0157194994178034e-09
1648,1397,2.8922076689813353e-10,0.999999998621549,1.6676723641092454e-09
1648,1398,2.401100842238048e-10,0.999999998861659,1.3784515972111118e-09
1648,1399,1.991503409352688e-10,0.9999999990608094,1.138341512987307e-09
1648,1400,1.6502192389830656e-10,0.9999999992258313,9.391911720520382e-10
1648,1401,1.3661311223273248e-10,0.9999999993624444,7.741692481537316e-10
1648,1402,1.1298830187344022e-10,0.9999999994754327,6.375561359209991e-10
1648,1403,9.336092462009658e-11,0.9999999995687936,5.245678340475589e-10
1648,1404,7.707039449879814e-11,0.999999999645864,4.312069094274623e-10
1648,1405,6.356250488522749e-11,0.9999999997094264,3.5413651492866417e-10
1648,1406,5.2372778805115554e-11,0.9999999997617992,2.905740100434367e-10
1648,1407,4.311234353585252e-11,0.9999999998049115,2.3820123123832113e-10
1648,1408,3.5455960330664274e-11,0.9999999998403675,1.9508888770246861e-10
1648,1409,2.9131891882506284e-11,0.9999999998694994,1.5963292737180433e-10
1648,1410,2.3913335021861793e-11,0.9999999998934127,1.3050103548929804e-10
1648,1411,1.9611184971232623e-11,0.9999999999130239,1.0658770046743624e-10
1648,1412,1.6067931028230447e-11,0.9999999999290918,8.697651549620362e-11
1648,1413,1.3152512497041203e-11,0.9999999999422443,7.090858446797317e-11
1648,1414,1.0755988631803698e-11,0.9999999999530003,5.775607197093196e-11
1648,1415,8.787897819986909e-12,0.9999999999617881,4.700008333912826e-11
1648,1416,7.17319967971952e-12,0.9999999999689613,3.821218551914135e-11
1648,1417,5.849709575653929e-12,0.9999999999748109,3.103898583942183e-11
1648,1418,4.765948626150311e-12,0.9999999999795769,2.51892762637679e-11
1648,1419,3.879343888387251e-12,0.9999999999834562,2.042332763761759e-11
1648,1420,3.1547233359620495e-12,0.9999999999866109,1.654398374923034e-11
1648,1421,2.5630587193264133e-12,0.999999999989174,1.3389260413268292e-11
1648,1422,2.0804166260714095e-12,0.9999999999912544,1.0826201693941879e-11
1648,1423,1.6870842117969093e-12,0.9999999999929415,8.745785067870469e-12
1648,1424,1.366841305676635e-12,0.9999999999943083,7.05870085607356e-12
1648,1425,1.1063550398456222e-12,0.9999999999954147,5.691859550396925e-12
1648,1426,8.94676922374037e-13,0.9999999999963094,4.585504510551303e-12
1648,1427,7.228254681360716e-13,0.9999999999970323,3.690827588177266e-12
1648,1428,5.83440204961175e-13,0.9999999999976157,2.9680021200411943e-12
1648,1429,4.704951568245084e-13,0.9999999999980862,2.3845619150800195e-12
1648,1430,3.7906183395601924e-13,0.9999999999984652,1.914066758255511e-12
1648,1431,3.0511338516847193e-13,0.9999999999987703,1.5350049242994918e-12
1648,1432,2.453629362603667e-13,0.9999999999990157,1.2298915391310198e-12
1648,1433,1.9713028922084572e-13,0.9999999999992129,9.845286028706532e-13
1648,1434,1.5823212359516021e-13,0.9999999999993711,7.873983136498074e-13
1648,1435,1.2689165226926335e-13,0.999999999999498,6.291661900546472e-13
1648,1436,1.0166436336717936e-13,0.9999999999995997,5.022745377853838e-13
1648,1437,8.137704855242696e-14,0.999999999999681,4.006101744182045e-13
1648,1438,6.507779329496947e-14,0.9999999999997461,3.192331258657775e-13
1648,1439,5.199500145137113e-14,0.999999999999798,2.5415533257080804e-13
1648,1440,4.150385737400014e-14,0.9999999999998396,2.0216033111943691e-13
1648,1441,3.309890433878279e-14,0.9999999999998727,1.6065647374543677e-13
1648,1442,2.6371647329589004e-14,0.9999999999998991,1.2755756940665398e-13
1648,1443,2.0992278703567018e-14,0.9999999999999201,1.0118592207706498e-13
1648,1444,1.6694783353921296e-14,0.9999999999999367,8.019364337349796e-14
1648,1445,1.3264811040153945e-14,0.9999999999999499,6.349886001957666e-14
1648,1446,1.0529812068428876e-14,0.9999999999999605,5.023404897942272e-14
1648,1447,8.35102224901954e-15,0.9999999999999688,3.9704236910993845e-14
1648,1448,6.616957193952876e-15,0.9999999999999755,3.1353214661974303e-14
1648,1449,5.238137189780388e-15,0.9999999999999807,2.4736257468021427e-14
1648,1450,4.142814296886936e-15,0.9999999999999848,1.949812027824104e-14
1648,1451,3.273514831226505e-15,0.999999999999988,1.5355305981354102e-14
1648,1452,2.5842445131128324e-15,0.9999999999999906,1.2081791150127598e-14
1648,1453,2.0382315994181095e-15,0.9999999999999926,9.497546637014766e-15
1648,1454,1.6061063132742516e-15,0.9999999999999941,7.459315037596657e-15
1648,1455,1.2644337317424469e-15,0.9999999999999953,5.853208724322405e-15
1648,1456,9.945327188246116e-16,0.9999999999999963,4.588774992579958e-15
1648,1457,7.81526104818077e-16,0.9999999999999971,3.5942422737553465e-15
1648,1458,6.135776147989399e-16,0.9999999999999978,2.8127161689372694e-15
1648,1459,4.812794532416962e-16,0.9999999999999982,2.1991385541383295e-15
1648,1460,3.771613002999161e-16,0.9999999999999986,1.7178591008966331e-15
1648,1461,2.952970498352634e-16,0.9999999999999989,1.340697800596717e-15
1648,1462,2.309901518207441e-16,0.9999999999999991,1.0454007507614536e-15
1648,1463,1.805221029485224e-16,0.9999999999999993,8.144105989407094e-16
1648,1464,1.4095161573665149e-16,0.9999999999999994,6.33888495992187e-16
1648,1465,1.0995441659278839e-16,0.9999999999999996,4.929368802555356e-16
1648,1466,8.569558237890897e-17,0.9999999999999997,3.8298246366274717e-16
1648,1467,6.672790912860332e-17,0.9999999999999998,2.972868812838382e-16
1648,1468,5.191108606595688e-17,0.9999999999999998,2.305589721552349e-16
1648,1469,4.0347480405728983e-17,0.9999999999999998,1.7864788608927799e-16
1648,1470,3.133117041593951e-17,0.9999999999999998,1.38300405683549e-16
1648,1471,2.4307534040913682e-17,0.9999999999999998,1.069692352676095e-16
1648,1472,1.8841239044560915e-17,0.9999999999999998,8.266170122669583e-17
1648,1473,1.459091335177947e-17,0.9999999999999998,6.38204621821349e-17
1648,1474,1.1289121501311554e-17,0.9999999999999998,4.922954883035544e-17
1648,1475,8.726551462335808e-18,0.9999999999999998,3.7940427329043886e-17
1648,1476,6.739538939327189e-18,0.9999999999999998,2.921387586670808e-17
1648,1477,5.200234556715478e-18,0.9999999999999998,2.247433692738089e-17
1648,1478,4.0088617509157906e-18,0.9999999999999998,1.7274102370665413e-17
1648,1479,3.0876268824591708e-18,0.9999999999999998,1.3265240619749623e-17
1648,1480,2.3759337216985083e-18,0.9999999999999998,1.0177613737290453e-17
1648,1481,1.826626652054602e-18,0.9999999999999998,7.801680015591945e-18
1648,1482,1.4030443694466672e-18,0.9999999999999998,5.975053363537342e-18
1648,1483,1.0767115030031846e-18,0.9999999999999998,4.572008994090675e-18
1648,1484,8.255318214107e-19,0.9999999999999998,3.49529749108749e-18
1648,1485,6.323754296068718e-19,0.9999999999999998,2.6697656696767906e-18
1648,1486,4.839751296293293e-19,0.9999999999999998,2.037390240069919e-18
1648,1487,3.700651389009576e-19,0.9999999999999998,1.5534151104405895e-18
1648,1488,2.8270960483900006e-19,0.9999999999999998,1.1833499715396318e-18
1648,1489,2.1577960496442822e-19,0.9999999999999998,9.006403667006319e-19
1648,1490,1.645461971506586e-19,0.9999999999999998,6.848607617362036e-19
1648,1491,1.2536407926409127e-19,0.9999999999999998,5.20314564585545e-19
1648,1492,9.542592403752707e-20,0.9999999999999998,3.949504853214538e-19
1648,1493,7.25717856221062e-20,0.9999999999999998,2.9952456128392674e-19
1648,1494,5.514137648190357e-20,0.9999999999999998,2.2695277566182054e-19
1648,1495,4.185968337613035e-20,0.9999999999999998,1.7181139917991697e-19
1648,1496,3.1748484495277575e-20,0.9999999999999998,1.2995171580378662e-19
1648,1497,2.4057969264840602e-20,0.9999999999999998,9.820323130850905e-20
1648,1498,1.8213944985105495e-20,0.9999999999999998,7.414526204366844e-20
1648,1499,1.377711695075579e-20,0.9999999999999998,5.593131705856295e-20
1648,1500,1.0411711384059908e-20,0.9999999999999998,4.215420010780716e-20
1648,1501,7.861320977722291e-21,0.9999999999999998,3.174248872374725e-20
1648,1502,5.930328487035883e-21,0.9999999999999998,2.3881167746024958e-20
1648,1503,4.469634030002918e-21,0.9999999999999998,1.7950839258989075e-20
1648,1504,3.3656996204553692e-21,0.9999999999999998,1.3481205228986158e-20
1648,1505,2.5321480628386636e-21,0.9999999999999998,1.0115505608530789e-20
1648,1506,1.903326846802009e-21,0.9999999999999998,7.583357545692125e-21
1648,1507,1.4293821804718907e-21,0.9999999999999998,5.680030698890116e-21
1648,1508,1.0724924571785493e-21,0.9999999999999998,4.2506485184182255e-21
1648,1509,8.03991025615884e-22,0.9999999999999998,3.1781560612396765e-21
1648,1510,6.021704033059346e-22,0.9999999999999998,2.3741650356237924e-21
1648,1511,4.506081477029522e-22,0.9999999999999998,1.7719946323178578e-21
1648,1512,3.368916768299032e-22,0.9999999999999998,1.3213864846149058e-21
1648,1513,2.5164789861051255e-22,0.9999999999999998,9.844948077850026e-22
1648,1514,1.8780549617182904e-22,0.9999999999999998,7.328469091744901e-22
1648,1515,1.4003462349987208e-22,0.9999999999999998,5.450414130026611e-22
1648,1516,1.0432175296986675e-22,0.9999999999999998,4.05006789502789e-22
1648,1517,7.764738227639188e-23,0.9999999999999998,3.0068503653292224e-22
1648,1518,5.774194827542167e-23,0.9999999999999998,2.2303765425653037e-22
1648,1519,4.2901146231755096e-23,0.9999999999999998,1.6529570598110867e-22
1648,1520,3.184632937692011e-23,0.9999999999999998,1.2239455974935357e-22
1648,1521,2.3619085028934177e-23,0.9999999999999998,9.054823037243345e-23
1648,1522,1.7501695869294605e-23,0.9999999999999998,6.692914534349927e-23
1648,1523,1.2957187620484166e-23,0.9999999999999998,4.942744947420466e-23
1648,1524,9.584182809277782e-24,0.9999999999999998,3.64702618537205e-23
1648,1525,7.082936237263816e-24,0.9999999999999998,2.688607904444272e-23
1648,1526,5.229806879441424e-24,0.9999999999999998,1.98031428071789e-23
1648,1527,3.858088831477577e-24,0.9999999999999998,1.4573335927737476e-23
1648,1528,2.84363086338554e-24,0.9999999999999998,1.07152470962599e-23
1648,1529,2.094058523052379e-24,0.9999999999999998,7.871616232874359e-24
1648,1530,1.5407039059180676e-24,0.9999999999999998,5.7775577098219795e-24
1648,1531,1.1325685534588394e-24,0.9999999999999998,4.236853803903912e-24
1648,1532,8.318115268425262e-25,0.9999999999999998,3.1042852504450725e-24
1648,1533,6.1038051685005745e-25,0.9999999999999998,2.2724737236025464e-24
1648,1534,4.474987810904498e-25,0.9999999999999998,1.6620932067524888e-24
1648,1535,3.2779225588053325e-25,0.9999999999999998,1.214594425662039e-24
1648,1536,2.3989507503605295e-25,0.9999999999999998,8.868021697815059e-25
1648,1537,1.754122655944692e-25,0.9999999999999998,6.46907094745453e-25
1648,1538,1.281488573478365e-25,0.9999999999999998,4.714948291509838e-25
1648,1539,9.353751856959055e-26,0.9999999999999998,3.4334597180314727e-25
1648,1540,6.821398922006807e-26,0.9999999999999998,2.498084532335567e-25
1648,1541,4.9702441242371304e-26,0.9999999999999998,1.815944640134886e-25
1648,1542,3.618252178829707e-26,0.9999999999999998,1.318920227711173e-25
1648,1543,2.631703475838208e-26,0.9999999999999998,9.570950098282023e-26
1648,1544,1.912459541132585e-26,0.9999999999999998,6.939246622443816e-26
1648,1545,1.3885608265653142e-26,0.9999999999999998,5.026787081311231e-26
1648,1546,1.0072912981937372e-26,0.9999999999999998,3.638226254745917e-26
1648,1547,7.300673821175473e-27,0.9999999999999998,2.6309349565521797e-26
1648,1548,5.286748715001541e-27,0.9999999999999998,1.9008675744346324e-26
1648,1549,3.825008636213818e-27,0.9999999999999998,1.3721927029344783e-26
1648,1550,2.764995121777534e-27,0.9999999999999998,9.896918393130966e-27
1648,1551,1.9969844596207e-27,0.9999999999999998,7.131923271353432e-27
1648,1552,1.4410317046274971e-27,0.9999999999999998,5.1349388117327326e-27
1648,1553,1.0389414894996657e-27,0.9999999999999998,3.693907107105235e-27
1648,1554,7.4838920595189545e-28,0.9999999999999998,2.6549656176055696e-27
1648,1555,5.386206245328284e-28,0.9999999999999998,1.906576411653674e-27
1648,1556,3.8730905427464294e-28,0.9999999999999998,1.3679557871208457e-27
1648,1557,2.782605852811572e-28,0.9999999999999998,9.806467328462028e-28
1648,1558,1.9974010769579189e-28,0.9999999999999998,7.023861475650456e-28
1648,1559,1.4325130035039901e-28,0.9999999999999998,5.026460398692537e-28
1648,1560,1.0264829511177902e-28,0.9999999999999998,3.5939473951885466e-28
1648,1561,7.34894418587882e-29,0.9999999999999998,2.567464444070756e-28
1648,1562,5.256762600491813e-29,0.9999999999999998,1.8325700254828743e-28
1648,1563,3.7569217766947776e-29,0.9999999999999998,1.306893765433693e-28
1648,1564,2.6826652245242766e-29,0.9999999999999998,9.312015877642152e-29
1648,1565,1.9139099949386066e-29,0.9999999999999998,6.629350653117875e-29
1648,1566,1.3642608318647966e-29,0.9999999999999998,4.7154406581792683e-29
1648,1567,9.716153003395354e-30,0.9999999999999998,3.351179826314472e-29
1648,1568,6.91373101255037e-30,0.9999999999999998,2.3795645259749367e-29
1648,1569,4.915322028360365e-30,0.9999999999999998,1.6881914247198997e-29
1648,1570,3.491507676259766e-30,0.9999999999999998,1.196659221883863e-29
1648,1571,2.477968141408125e-30,0.9999999999999998,8.475084542578865e-30
1648,1572,1.757115426671116e-30,0.9999999999999998,5.99711640117074e-30
1648,1573,1.244878265113848e-30,0.9999999999999998,4.240000974499624e-30
1648,1574,8.812023776015943e-31,0.9999999999999998,2.9951227093857763e-30
1648,1575,6.232277495190601e-31,0.9999999999999998,2.113920331784182e-30
1648,1576,4.403930062428404e-31,0.9999999999999998,1.4906925822651219e-30
1648,1577,3.109257685853531e-31,0.9999999999999998,1.0502995760222814e-30
1648,1578,2.193288967551103e-31,0.9999999999999998,7.393738074369282e-31
1648,1579,1.5458166770409287e-31,0.9999999999999998,5.200449106818179e-31
1648,1580,1.088537215373862e-31,0.9999999999999998,3.6546324297772506e-31
1648,1581,7.658644224867837e-32,0.9999999999999998,2.5660952144033886e-31
1648,1582,5.38373892438194e-32,0.9999999999999998,1.800230791916605e-31
1648,1583,3.7812877793448936e-32,0.9999999999999998,1.261856899478411e-31
1648,1584,2.653501123182438e-32,0.9999999999999998,8.837281215439216e-32
1648,1585,1.860470492251892e-32,0.9999999999999998,6.183780092256778e-32
1648,1586,1.3033180906217256e-32,0.9999999999999998,4.323309600004886e-32
1648,1587,9.122257932467069e-33,0.9999999999999998,3.01999150938316e-32
1648,1588,6.379383628300869e-33,0.9999999999999998,2.1077657161364533e-32
1648,1589,4.4573803969770845e-33,0.9999999999999998,1.4698273533063664e-32
1648,1590,3.1117553536126194e-33,0.9999999999999998,1.0240893136086579e-32
1648,1591,2.170481652828822e-33,0.9999999999999998,7.12913778247396e-33
1648,1592,1.51262710815988e-33,0.9999999999999998,4.958656129645137e-33
1648,1593,1.053253437126811e-33,0.9999999999999998,3.446029021485257e-33
1648,1594,7.327558520444566e-34,0.9999999999999998,2.3927755843584458e-33
1648,1595,5.093440878485127e-34,0.9999999999999998,1.6600197323139893e-33
1648,1596,3.5374390479668146e-34,0.9999999999999998,1.1506756444654766e-33
1648,1597,2.4546667608669174e-34,0.9999999999999998,7.969317396687952e-34
1648,1598,1.7018534389717013e-34,0.9999999999999998,5.514650635821033e-34
1648,1599,1.1789027147305854e-34,0.9999999999999998,3.8127971968493324e-34
1648,1600,8.159435864062897e-35,0.9999999999999998,2.633894482118747e-34
1648,1601,5.642464169703655e-35,0.9999999999999998,1.8179508957124575e-34
1648,1602,3.8985593996938233e-35,0.9999999999999998,1.2537044787420919e-34
1648,1603,2.6913261257194474e-35,0.9999999999999998,8.638485387727095e-35
1648,1604,1.856331275102652e-35,0.9999999999999998,5.947159262007648e-35
1648,1605,1.2792981603889468e-35,0.9999999999999998,4.090827986904996e-35
1648,1606,8.808771913658828e-36,0.9999999999999998,2.811529826516049e-35
1648,1607,6.060192316069713e-36,0.9999999999999998,1.9306526351501665e-35
1648,1608,4.165671854156622e-36,0.9999999999999998,1.324633403543195e-35
1648,1609,2.860957914101381e-36,0.9999999999999998,9.080662181275329e-36
1648,1610,1.963205679561725e-36,0.9999999999999998,6.219704267173948e-36
1648,1611,1.3460097603130097e-36,0.9999999999999998,4.256498587612223e-36
1648,1612,9.22059286601293e-37,0.9999999999999998,2.9104888272992135e-36
1648,1613,6.310995465779995e-37,0.9999999999999998,1.9884295406979204e-36
1648,1614,4.315840931651795e-37,0.9999999999999998,1.3573299941199208e-36
1648,1615,2.948911132809679e-37,0.9999999999999998,9.257459009547413e-37
1648,1616,2.013199383894889e-37,0.9999999999999998,6.308547876737735e-37
1648,1617,1.3732224506722635e-37,0.9999999999999998,4.295348492842845e-37
1648,1618,9.35888600901194e-38,0.9999999999999998,2.922126042170582e-37
1648,1619,6.372894517358344e-38,0.9999999999999998,1.9862374412693876e-37
1648,1620,4.335895096862965e-38,0.9999999999999998,1.3489479895335532e-37
1648,1621,2.947476961255741e-38,0.9999999999999998,9.153584798472566e-38
1648,1622,2.001943617272356e-38,0.9999999999999998,6.206107837216825e-38
1648,1623,1.3585736506281496e-38,0.9999999999999998,4.2041642199444696e-38
1648,1624,9.211802284319293e-39,0.9999999999999998,2.84559056931632e-38
1648,1625,6.240742400519366e-39,0.9999999999999998,1.9244103408843905e-38
1648,1626,4.2243343546724945e-39,0.9999999999999998,1.300336100832454e-38
1648,1627,2.8570039829562072e-39,0.9999999999999998,8.779026653652044e-39
1648,1628,1.930607950925373e-39,0.9999999999999998,5.922022670695837e-39
1648,1629,1.303491401209529e-39,0.9999999999999998,3.991414719770463e-39
1648,1630,8.793327283912966e-40,0.9999999999999998,2.6879233185609337e-39
1648,1631,5.9269251553584205e-40,0.9999999999999998,1.808590590169637e-39
1648,1632,3.991507389284918e-40,0.9999999999999998,1.2158980746337948e-39
1648,1633,2.6858136221459196e-40,0.9999999999999998,8.16747335705303e-40
1648,1634,1.8057033237113858e-40,0.9999999999999998,5.48165973490711e-40
1648,1635,1.2129661011119828e-40,0.9999999999999998,3.675956411195724e-40
1648,1636,8.141094976318604e-41,0.9999999999999998,2.4629903100837408e-40
1648,1637,5.459451601485167e-41,0.9999999999999998,1.6488808124518803e-40
1648,1638,3.658031241918049e-41,0.9999999999999998,1.1029356523033635e-40
1648,1639,2.448939978494577e-41,0.9999999999999998,7.371325281115586e-41
1648,1640,1.6381035893758315e-41,0.9999999999999998,4.922385302621008e-41
1648,1641,1.0948061343789799e-41,0.9999999999999998,3.2842817132451775e-41
1648,1642,7.310816288285624e-42,0.9999999999999998,2.1894755788661976e-41
1648,1643,4.8778389418563536e-42,0.9999999999999998,1.458393950037635e-41
1648,1644,3.2517872814657e-42,0.9999999999999998,9.706100558519997e-42
1648,1645,2.1659580143792163e-42,0.9999999999999998,6.454313277054296e-42
1648,1646,1.441488964938744e-42,0.9999999999999998,4.28835526267508e-42
1648,1647,9.585309507944149e-43,0.9999999999999998,2.8468662977363357e-42
1648,1648,6.368463113155152e-43,0.9999999999999998,1.8883353469419206e-42
1648,1649,4.227629897312313e-43,0.9999999999999998,1.2514890356264053e-42
1648,1650,2.8040984458912026e-43,0.9999999999999998,8.28726045895174e-43
1648,1651,1.858333575015521e-43,0.9999999999999998,5.483162013060538e-43
1648,1652,1.2305190963292957e-43,0.9999999999999998,3.624828438045017e-43
1648,1653,8.141181869153691e-44,0.9999999999999998,2.394309341715722e-43
1648,1654,5.381720224969133e-44,0.9999999999999998,1.5801911548003532e-43
1648,1655,3.554589750276067e-44,0.9999999999999998,1.0420191323034398e-43
1648,1656,2.345809310400764e-44,0.9999999999999998,6.865601572758331e-44
1648,1657,1.5467884729332218e-44,0.9999999999999998,4.519792262357567e-44
1648,1658,1.0190706505857553e-44,0.9999999999999998,2.9730037894243456e-44
1648,1659,6.708307355877479e-45,0.9999999999999998,1.9539331388385903e-44
1648,1660,4.412218873756796e-45,0.9999999999999998,1.2831024032508425e-44
1648,1661,2.8995908844195764e-45,0.9999999999999998,8.418805158751628e-45
1648,1662,1.9039350582698976e-45,0.9999999999999998,5.5192142743320515e-45
1648,1663,1.2491178318842043e-45,0.9999999999999998,3.615279216062154e-45
1648,1664,8.188242621758086e-46,0.9999999999999998,2.3661613841779495e-45
1648,1665,5.3630785564322804e-46,0.9999999999999998,1.547337122002141e-45
1648,1666,3.509731714817236e-46,0.9999999999999998,1.0110292663589127e-45
1648,1667,2.29493363874206e-46,0.9999999999999998,6.600560948771891e-46
1648,1668,1.499349701344784e-46,0.9999999999999998,4.305627310029831e-46
1648,1669,9.78751590679877e-47,0.9999999999999998,2.8062776086850467e-46
1648,1670,6.383794608117187e-47,0.9999999999999998,1.8275260180051696e-46
1648,1671,4.1602780267157656e-47,0.9999999999999998,1.189146557193451e-46
1648,1672,2.7089623700000627e-47,0.9999999999999998,7.731187545218744e-47
1648,1673,1.7624666202786968e-47,0.9999999999999998,5.022225175218681e-47
1648,1674,1.1457141650023204e-47,0.9999999999999998,3.259758554939984e-47
1648,1675,7.441650354313656e-48,0.9999999999999998,2.114044389937664e-47
1648,1676,4.829475620020848e-48,0.9999999999999998,1.3698793545062984e-47
1648,1677,3.1316165262836533e-48,0.9999999999999998,8.869317925042135e-48
1648,1678,2.0289680005024248e-48,0.9999999999999998,5.737701398758482e-48
1648,1679,1.3134694747461436e-48,0.9999999999999998,3.708733398256056e-48
1648,1680,8.495776471976241e-49,0.9999999999999998,2.3952639235099127e-48
1648,1681,5.490660850977595e-49,0.9999999999999998,1.5456862763122887e-48
1648,1682,3.5455592720894224e-49,0.9999999999999998,9.966201912145293e-49
1648,1683,2.2876185622261828e-49,0.9999999999999998,6.4206426400558706e-49
1648,1684,1.4747599854542659e-49,0.9999999999999998,4.133024077829688e-49
1648,1685,9.499441912998995e-50,0.9999999999999998,2.658264092375422e-49
1648,1686,6.113838896652487e-50,0.9999999999999998,1.7083199010755224e-49
1648,1687,3.9315987041698464e-50,0.9999999999999998,1.0969360114102737e-49
1648,1688,2.5261771913442357e-50,0.9999999999999998,7.03776140993289e-50
1648,1689,1.6218026649826913e-50,0.9999999999999998,4.511584218588655e-50
1648,1690,1.0403319188561015e-50,0.9999999999999998,2.889781553605964e-50
1648,1691,6.667847990585367e-51,0.9999999999999998,1.8494496347498622e-50
1648,1692,4.2701138102805146e-51,0.9999999999999998,1.1826648356913257e-50
1648,1693,2.732331206116343e-51,0.9999999999999998,7.556534546632741e-51
1648,1694,1.746897830299645e-51,0.9999999999999998,4.824203340516398e-51
1648,1695,1.115943170739442e-51,0.9999999999999998,3.077305510216753e-51
1648,1696,7.122905803596099e-52,0.9999999999999998,1.961362339477311e-51
1648,1697,4.542689058797223e-52,0.9999999999999998,1.2490717591177012e-51
1648,1698,2.8947405626980722e-52,0.9999999999999998,7.94802853237979e-52
1648,1699,1.8430929873970217e-52,0.9999999999999998,5.053287969681719e-52
1648,1700,1.1725353610229951e-52,0.9999999999999998,3.2101949822846972e-52
1648,1701,7.453253474740704e-53,0.9999999999999998,2.037659621261702e-52
1648,1702,4.733770635543996e-53,0.9999999999999998,1.2923342737876316e-52
1648,1703,3.004069989223815e-53,0.9999999999999998,8.18957210233232e-53
1648,1704,1.9048225979999291e-53,0.9999999999999998,5.185502113108505e-53
1648,1705,1.2068153138417726e-53,0.9999999999999998,3.280679515108576e-53
1648,1706,7.639571801999062e-54,0.9999999999999998,2.0738642012668032e-53
1648,1707,4.8321375153702264e-54,0.9999999999999998,1.309907021066897e-53
1648,1708,3.053878492872618e-54,0.9999999999999998,8.266932695298744e-54
1648,1709,1.928441897094886e-54,0.9999999999999998,5.213054202426126e-54
1648,1710,1.2167569515796043e-54,0.9999999999999998,3.28461230533124e-54
1648,1711,7.670854106791581e-55,0.9999999999999998,2.0678553537516356e-54
1648,1712,4.831993646594059e-55,0.9999999999999998,1.3007699430724775e-54
1648,1713,3.041248213883523e-55,0.9999999999999998,8.175705784130716e-55
1648,1714,1.912583458670871e-55,0.9999999999999998,5.1344575702471924e-55
1648,1715,1.2017996562894224e-55,0.9999999999999998,3.2218741115763215e-55
1648,1716,7.545482954584207e-56,0.9999999999999998,2.020074455286899e-55
1648,1717,4.733533239029209e-56,0.9999999999999998,1.2655261598284783e-55
1648,1718,2.967067158540145e-56,0.9999999999999998,7.921728359255574e-56
1648,1719,1.8582879612661625e-56,0.9999999999999998,4.954661200715429e-56
1648,1720,1.1629002827729863e-56,0.9999999999999998,3.0963732394492672e-56
1648,1721,7.271364224908711e-57,0.9999999999999998,1.9334729566762812e-56
1648,1722,4.542902505372025e-57,0.9999999999999998,1.20633653418541e-56
1648,1723,2.8359277511561336e-57,0.9999999999999998,7.520462836482075e-57
1648,1724,1.7688918076851848e-57,0.9999999999999998,4.6845350853259415e-57
1648,1725,1.1024321617509384e-57,0.9999999999999998,2.915643277640757e-57
1648,1726,6.865103798655706e-58,0.9999999999999998,1.8132111158898184e-57
1648,1727,4.2715658341662566e-58,0.9999999999999998,1.1267007360242478e-57
1648,1728,2.655657088944278e-58,0.9999999999999998,6.995441526076222e-58
1648,1729,1.6496883860135345e-58,0.9999999999999998,4.339784437131944e-58
1648,1730,1.0239458715799035e-58,0.9999999999999998,2.6900960511184095e-58
1648,1731,6.350345815394056e-59,0.9999999999999998,1.666150179538506e-58
1648,1732,3.9351671055391097e-59,0.9999999999999998,1.0311155979991006e-58
1648,1733,2.436545588342036e-59,0.9999999999999998,6.375988874451895e-59
1648,1734,1.5074107043300267e-59,0.9999999999999998,3.93944328610986e-59
1648,1735,9.318252432572312e-60,0.9999999999999998,2.432032581779833e-59
1648,1736,5.75550323838411e-60,0.9999999999999998,1.5002073385226017e-59
1648,1737,3.5520430467737143e-60,0.9999999999999998,9.246570146841905e-60
1648,1738,2.1903794478630528e-60,0.9999999999999998,5.694527100068192e-60
1648,1739,1.3496055034956673e-60,0.9999999999999998,3.504147652205139e-60
1648,1740,8.308847835030967e-61,0.9999999999999998,2.1545421487094718e-60
1648,1741,5.1111824240511045e-61,0.9999999999999998,1.3236573652063751e-60
1648,1742,3.141584169415293e-61,0.9999999999999998,8.125391228012648e-61
1648,1743,1.9294027382131496e-61,0.9999999999999998,4.9838070585973544e-61
1648,1744,1.18397923115954e-61,0.9999999999999998,3.054404320384205e-61
1648,1745,7.259595307421542e-62,0.9999999999999998,1.870425089224665e-61
1648,1746,4.447623350136808e-62,0.9999999999999998,1.1444655584825107e-61
1648,1747,2.722644793401812e-62,0.9999999999999998,6.997032234688298e-62
1648,1748,1.665334549451435e-62,0.9999999999999998,4.274387441286486e-62
1648,1749,1.0177934499778738e-62,0.9999999999999998,2.609052891835051e-62
1648,1750,6.215350050940828e-63,0.9999999999999998,1.5912594418571772e-62
1648,1751,3.792446355734928e-63,0.9999999999999998,9.697244367630944e-63
1648,1752,2.3121784014465425e-63,0.9999999999999998,5.904798011896016e-63
1648,1753,1.40854719519709e-63,0.9999999999999998,3.592619610449474e-63
1648,1754,8.573729245717854e-64,0.9999999999999998,2.184072415252384e-63
1648,1755,5.214546599948308e-64,0.9999999999999998,1.3266994906805985e-63
1648,1756,3.168924531973083e-64,0.9999999999999998,8.052448306857678e-64
1648,1757,1.924225315070202e-64,0.9999999999999998,4.8835237748845956e-64
1648,1758,1.1674781548413436e-64,0.9999999999999998,2.9592984598143935e-64
1648,1759,7.077673787105556e-65,0.9999999999999998,1.7918203049730497e-64
1648,1760,4.2872754633186885e-65,0.9999999999999998,1.0840529262624941e-64
1648,1761,2.5949048042942467e-65,0.9999999999999998,6.553253799306252e-65
1648,1762,1.5693174160384919e-65,0.9999999999999998,3.958348995012005e-65
1648,1763,9.483084249438279e-66,0.9999999999999998,2.3890315789735134e-65
1648,1764,5.725824078613411e-66,0.9999999999999998,1.4407231540296856e-65
1648,1765,3.454427611404582e-66,0.9999999999999998,8.681407461683443e-66
1648,1766,2.082399367424395e-66,0.9999999999999998,5.226979850278861e-66
1648,1767,1.2543014020460062e-66,0.9999999999999998,3.144580482854466e-66
1648,1768,7.549007841596625e-67,0.9999999999999998,1.8902790808084598e-66
1648,1769,4.539709426922763e-67,0.9999999999999998,1.1353782966487975e-66
1648,1770,2.7278254192172867e-67,0.9999999999999998,6.814073539565213e-67
1648,1771,1.6377799535261588e-67,0.9999999999999998,4.086248120347926e-67
1648,1772,9.825284140970352e-68,0.9999999999999998,2.448468166821767e-67
1648,1773,5.889594586381313e-68,0.9999999999999998,1.4659397527247317e-67
1648,1774,3.5275771685709394e-68,0.9999999999999998,8.769802940866003e-68
1648,1775,2.1111476620227623e-68,0.9999999999999998,5.242225772295063e-68
1648,1776,1.2624430298965464e-68,0.9999999999999998,3.131078110272301e-68
1648,1777,7.543209729039805e-69,0.9999999999999998,1.8686350803757545e-68
1648,1778,4.503518151844633e-69,0.9999999999999998,1.114314107471774e-68
1648,1779,2.686575919203536e-69,0.9999999999999998,6.639622922873107e-69
1648,1780,1.601392934054646e-69,0.9999999999999998,3.953047003669571e-69
1648,1781,9.537804420498473e-70,0.9999999999999998,2.351654069614925e-69
1648,1782,5.6761093860122585e-70,0.9999999999999998,1.3978736275650778e-69
1648,1783,3.3752431372355794e-70,0.9999999999999998,8.30262688963852e-70
1648,1784,2.0054482356507807e-70,0.9999999999999998,4.9273837524029404e-70
1648,1785,1.1906114668700238e-70,0.9999999999999998,2.9219355167521597e-70
1648,1786,7.062866540415679e-71,0.9999999999999998,1.731324049882136e-70
1648,1787,4.186435427358537e-71,0.9999999999999998,1.0250373958405679e-70
1648,1788,2.4794786630173334e-71,0.9999999999999998,6.063938531047142e-71
1648,1789,1.4673342621763839e-71,0.9999999999999998,3.5844598680298087e-71
1648,1790,8.676619832233593e-72,0.9999999999999998,2.117125605853425e-71
1648,1791,5.126548029548015e-72,0.9999999999999998,1.2494636226300655e-71
1648,1792,3.026582839154761e-72,0.9999999999999998,7.36808819675264e-72
1648,1793,1.785390814097354e-72,0.9999999999999998,4.3415053575978785e-72
1648,1794,1.0523673005475671e-72,0.9999999999999998,2.556114543500524e-72
1648,1795,6.198046568306798e-73,0.9999999999999998,1.5037472429529571e-72
1648,1796,3.647504930540167e-73,0.9999999999999998,8.839425861222773e-73
1648,1797,2.1448188861549745e-73,0.9999999999999998,5.1919209306826063e-73
1648,1798,1.260199112372067e-73,0.9999999999999998,3.047102044527632e-73
1648,1799,7.398465312524885e-74,0.9999999999999998,1.7869029321555646e-73
1648,1800,4.34008429313602e-74,0.9999999999999998,1.0470564009030763e-73
1648,1801,2.5439516812195707e-74,0.9999999999999998,6.130479715894743e-74
1648,1802,1.4899573761383393e-74,0.9999999999999998,3.5865280346751725e-74
1648,1803,8.719533377076737e-75,0.9999999999999998,2.096570658536833e-74
1648,1804,5.098790627748159e-75,0.9999999999999998,1.2246173208291595e-74
1648,1805,2.9791733102270924e-75,0.9999999999999998,7.147382580543436e-75
1648,1806,1.7393185718039091e-75,0.9999999999999998,4.168209270316343e-75
1648,1807,1.0146526554044263e-75,0.9999999999999998,2.428890698512434e-75
1648,1808,5.91439975334591e-76,0.9999999999999998,1.4142380431080075e-75
1648,1809,3.4447609616459753e-76,0.9999999999999998,8.227980677734164e-76
1648,1810,2.0047617309296932e-76,0.9999999999999998,4.783219716088189e-76
1648,1811,1.1657939922658001e-76,0.9999999999999998,2.778457985158496e-76
1648,1812,6.773862221250942e-77,0.9999999999999998,1.612663992892696e-76
1648,1813,3.932842198541851e-77,0.9999999999999998,9.352777707676017e-77
1648,1814,2.2815627559960114e-77,0.9999999999999998,5.419935509134166e-77
1648,1815,1.3225563085871935e-77,0.9999999999999998,3.138372753138155e-77
1648,1816,7.660407944623604e-78,0.9999999999999998,1.8158164445509614e-77
1648,1817,4.433489840153332e-78,0.9999999999999998,1.049775650088601e-77
1648,1818,2.56386851387894e-78,0.9999999999999998,6.064266660732678e-78
1648,1819,1.4815015521984962e-78,0.9999999999999998,3.5003981468537375e-78
1648,1820,8.553914831002374e-79,0.9999999999999998,2.018896594655241e-78
1648,1821,4.934967537600501e-79,0.9999999999999998,1.1635051115550038e-78
1648,1822,2.8448564980835826e-79,0.9999999999999998,6.700083577949537e-79
1648,1823,1.638676525292401e-79,0.9999999999999998,3.855227079865954e-79
1648,1824,9.431548927727264e-80,0.9999999999999998,2.2165505545735532e-79
1648,1825,5.42412702382164e-80,0.9999999999999998,1.273395661800827e-79
1648,1826,3.1169787253039313e-80,0.9999999999999998,7.30982959418663e-80
1648,1827,1.7897612438329496e-80,0.9999999999999998,4.192850868882699e-80
1648,1828,1.0268659495612092e-80,0.9999999999999998,2.4030896250497487e-80
1648,1829,5.886944156174945e-81,0.9999999999999998,1.3762236754885393e-80
1648,1830,3.372280611474084e-81,0.9999999999999998,7.875292598710448e-81
1648,1831,1.9302574555948931e-81,0.9999999999999998,4.503011987236365e-81
1648,1832,1.1039887093082918e-81,0.9999999999999998,2.5727545316414715e-81
1648,1833,6.309166692821895e-82,0.9999999999999998,1.4687658223331797e-81
1648,1834,3.602777696239474e-82,0.9999999999999998,8.378491530509902e-82
1648,1835,2.0557066407600381e-82,0.9999999999999998,4.775713834270428e-82
1648,1836,1.1720419010492564e-82,0.9999999999999998,2.72000719351039e-82
1648,1837,6.677033876287725e-83,0.9999999999999998,1.5479652924611335e-82
1648,1838,3.800866178492947e-83,0.9999999999999998,8.802619048323612e-83
1648,1839,2.161923152534449e-83,0.9999999999999998,5.001752869830666e-83
1648,1840,1.2287307170968103e-83,0.9999999999999998,2.8398297172962162e-83
1648,1841,6.978017965082302e-84,0.9999999999999998,1.611099000199406e-83
1648,1842,3.959738183324918e-84,0.9999999999999998,9.132972036911758e-84
1648,1843,2.2452256512942403e-84,0.9999999999999998,5.173233853586841e-84
1648,1844,1.2720751532617655e-84,0.9999999999999998,2.9280082022926004e-84
1648,1845,7.201532253007957e-85,0.9999999999999998,1.6559330490308347e-84
1648,1846,4.073770235511185e-85,0.9999999999999998,9.357798237300389e-85
1648,1847,2.3026490232125663e-85,0.9999999999999998,5.284028001789204e-85
1648,1848,1.300524900852438e-85,0.9999999999999998,2.981378978576638e-85
1648,1849,7.339549797071514e-86,0.9999999999999998,1.6808540777242e-85
1648,1850,4.138854022996926e-86,0.9999999999999998,9.468990980170487e-86
1648,1851,2.3321197628243253e-86,0.9999999999999998,5.33013695717356e-86
1648,1852,1.3130514865909e-86,0.9999999999999998,2.9980171943492346e-86
1648,1853,7.3870823815753785e-87,0.9999999999999998,1.6849657077583344e-86
1648,1854,4.152642293691166e-87,0.9999999999999998,9.462574696007966e-87
1648,1855,2.3325803391442307e-87,0.9999999999999998,5.309932402316801e-87
1648,1856,1.3092100167284478e-87,0.9999999999999998,2.977352063172571e-87
1648,1857,7.342479830454351e-88,0.9999999999999998,1.668142046444123e-87
1648,1858,4.114689347058995e-88,0.9999999999999998,9.33894063398688e-88
1648,1859,2.3040521377732667e-88,0.9999999999999998,5.224251286927885e-88
1648,1860,1.2891653546312744e-88,0.9999999999999998,2.9201991491546183e-88
1648,1861,7.207524622166766e-89,0.9999999999999998,1.631033794523344e-88
1648,1862,4.026474398648492e-89,0.9999999999999998,9.102813323066673e-89
1648,1863,2.247631760217953e-89,0.9999999999999998,5.0763389244181814e-89
1648,1864,1.2536805888031721e-89,0.9999999999999998,2.8287071642002285e-89
1648,1865,6.987314287596738e-90,0.9999999999999998,1.5750265753970562e-89
1648,1866,3.891306164287286e-90,0.9999999999999998,8.762951466373824e-90
1648,1867,2.1654212039666975e-90,0.9999999999999998,4.871645302086538e-90
1648,1868,1.2040689001137743e-90,0.9999999999999998,2.7062240981198398e-90
1648,1869,6.689942357517866e-91,0.9999999999999998,1.5021551980060657e-90
1648,1870,3.714117221998401e-91,0.9999999999999998,8.331609622542791e-91
1648,1871,2.0603981088924171e-91,0.9999999999999998,4.6174924005443894e-91
1648,1872,1.1421130538578114e-91,0.9999999999999998,2.557094291651972e-91
1648,1873,6.326005655532357e-92,0.9999999999999998,1.4149812377941606e-91
1648,1874,3.501165940644722e-92,0.9999999999999998,7.82380672240925e-92
1648,1875,1.9362372172557362e-92,0.9999999999999998,4.3226407817645274e-92
1648,1876,1.0699593849352127e-92,0.9999999999999998,2.3864035645087912e-92
1648,1877,5.907979666225059e-93,0.9999999999999998,1.3164441795735785e-92
1648,1878,3.2596710282128384e-93,0.9999999999999998,7.256462129510727e-93
1648,1879,1.7970979322735775e-93,0.9999999999999998,3.996791101297888e-93
1648,1880,9.899950383278337e-94,0.9999999999999998,2.1996931690243104e-93
1648,1881,5.449513126675565e-94,0.9999999999999998,1.2096981306964767e-93
1648,1882,2.9974083270891e-94,0.9999999999999998,6.647468180289202e-94
1648,1883,1.6473950134919045e-94,0.9999999999999998,3.650059853200101e-94
1648,1884,9.047181967307921e-95,0.9999999999999998,2.0026648397081965e-94
1648,1885,4.964697065934738e-95,0.9999999999999998,1.0979466429774044e-94
1648,1886,2.722300996773454e-95,0.9999999999999998,6.014769363839306e-95
1648,1887,1.4915698603208638e-95,0.9999999999999998,3.292468367065852e-95
1648,1888,8.1661101548504e-96,0.9999999999999998,1.800898506744988e-95
1648,1889,4.467362101327292e-96,0.9999999999999998,9.842874912599479e-96
1648,1890,2.44203268743088e-96,0.9999999999999998,5.375512811272187e-96
1648,1891,1.3338785673366788e-96,0.9999999999999998,2.9334801238413076e-96
1648,1892,7.280240542380612e-97,0.9999999999999998,1.5996015565046289e-96
1648,1893,3.970451401056997e-97,0.9999999999999998,8.715775022665676e-97
1648,1894,2.163709091283011e-97,0.9999999999999998,4.745323621608679e-97
1648,1895,1.1782102399239803e-97,0.9999999999999998,2.5816145303256677e-97
1648,1896,6.410793113278029e-98,0.9999999999999998,1.4034042904016876e-97
1648,1897,3.48550639751895e-98,0.9999999999999998,7.623249790738846e-98
1648,1898,1.8935870207099234e-98,0.9999999999999998,4.137743393219895e-98
1648,1899,1.0279453377495901e-98,0.9999999999999998,2.244156372509972e-98
1648,1900,5.575967717655174e-99,0.9999999999999998,1.216211034760382e-98
1648,1901,3.0222895136668577e-99,0.9999999999999998,6.586142629948645e-99
1648,1902,1.6368827390458584e-99,0.9999999999999998,3.5638531162817876e-99
1648,1903,8.858595515838247e-100,0.9999999999999998,1.926970377235929e-99
1648,1904,4.790469513805266e-100,0.9999999999999998,1.0411108256521047e-99
1648,1905,2.588554429826934e-100,0.9999999999999998,5.620638742715781e-100
1648,1906,1.3976635556298e-100,0.9999999999999998,3.0320843128888463e-100
1648,1907,7.540744155455766e-101,0.9999999999999998,1.6344207572590463e-100
1648,1908,4.065295351239729e-101,0.9999999999999998,8.803463417134698e-101
1648,1909,2.189961293503796e-101,0.9999999999999998,4.7381680658949687e-101
1648,1910,1.1788195212805542e-101,0.9999999999999998,2.5482067723911724e-101
1648,1911,6.340519609949192e-102,0.9999999999999998,1.369387251110618e-101
1648,1912,3.4077610730937006e-102,0.9999999999999998,7.353352901156987e-102
1648,1913,1.830123036786908e-102,0.9999999999999998,3.9455918280632864e-102
1648,1914,9.821060945573934e-103,0.9999999999999998,2.1154687912763784e-102
1648,1915,5.266275781692068e-103,0.9999999999999998,1.1333626967189848e-102
1648,1916,2.821733341109582e-103,0.9999999999999998,6.06735118549778e-103
1648,1917,1.5107605156503717e-103,0.9999999999999998,3.2456178443881974e-103
1648,1918,8.082443395683443e-104,0.9999999999999998,1.7348573287378257e-103
1648,1919,4.3207308385673775e-104,0.9999999999999998,9.266129891694814e-104
1648,1920,2.308018860155848e-104,0.9999999999999998,4.945399053127437e-104
1648,1921,1.2319389851080576e-104,0.9999999999999998,2.6373801929715886e-104
1648,1922,6.57062760162568e-105,0.9999999999999998,1.405441207863531e-104
1648,1923,3.501808742352797e-105,0.9999999999999998,7.483784477009632e-105
1648,1924,1.8648590392278128e-105,0.9999999999999998,3.981975734656835e-105
1648,1925,9.923565033178575e-106,0.9999999999999998,2.1171166954290217e-105
1648,1926,5.276642332581702e-106,0.9999999999999998,1.1247601921111641e-105
1648,1927,2.8035991885048215e-106,0.9999999999999998,5.97095958852994e-106
1648,1928,1.4884787158683125e-106,0.9999999999999998,3.167360400025119e-106
1648,1929,7.896558755840664e-107,0.9999999999999998,1.678881684156806e-106
1648,1930,4.186024405097009e-107,0.9999999999999998,8.892258085727395e-107
1648,1931,2.2173506986204196e-107,0.9999999999999998,4.706233680630387e-107
1648,1932,1.1736426078810257e-107,0.9999999999999998,2.4888829820099676e-107
1648,1933,6.207350968523509e-108,0.9999999999999998,1.315240374128942e-107
1648,1934,3.280543428088611e-108,0.9999999999999998,6.945052772765912e-108
1648,1935,1.7324249934143838e-108,0.9999999999999998,3.6645093446773014e-108
1648,1936,9.141813395459047e-109,0.9999999999999998,1.9320843512629176e-108
1648,1937,4.820361718849817e-109,0.9999999999999998,1.017903011717013e-108
1648,1938,2.539781604980351e-109,0.9999999999999998,5.358668398320311e-109
1648,1939,1.3371578812530915e-109,0.9999999999999998,2.81888679333996e-109
1648,1940,7.034588154906037e-110,0.9999999999999998,1.4817289120868687e-109
1648,1941,3.6979789931599125e-110,0.9999999999999998,7.78270096596265e-110
1648,1942,1.9424957651885422e-110,0.9999999999999998,4.084721972802737e-110
1648,1943,1.0195903144906419e-110,0.9999999999999998,2.1422262076141953e-110
1648,1944,5.34763064726896e-111,0.9999999999999998,1.1226358931235534e-110
1648,1945,2.8026398279948005e-111,0.9999999999999998,5.878728283966574e-111
1648,1946,1.467720839446921e-111,0.9999999999999998,3.0760884559717738e-111
1648,1947,7.6805092893148615e-112,0.9999999999999998,1.6083676165248527e-111
1648,1948,4.0161235557486075e-112,0.9999999999999998,8.403166875933666e-112
1648,1949,2.0984310407859433e-112,0.9999999999999998,4.387043320185059e-112
1648,1950,1.0956025377057217e-112,0.9999999999999998,2.288612279399116e-112
1648,1951,5.715867455975887e-113,0.9999999999999998,1.193009741693394e-112
1648,1952,2.979766016087699e-113,0.9999999999999998,6.214229960958054e-113
1648,1953,1.5522196261018317e-113,0.9999999999999998,3.2344639448703544e-113
1648,1954,8.079700692555392e-114,0.9999999999999998,1.6822443187685227e-113
1648,1955,4.202508216624068e-114,0.9999999999999998,8.742742495129833e-114
1648,1956,2.184203837756892e-114,0.9999999999999998,4.540234278505765e-114
1648,1957,1.1343554375594777e-114,0.9999999999999998,2.356030440748873e-114
1648,1958,5.886764274550088e-115,0.9999999999999998,1.2216750031893952e-114
1648,1959,3.05264098795068e-115,0.9999999999999998,6.329985757343864e-115
1648,1960,1.5817815812959834e-115,0.9999999999999998,3.277344769393184e-115
1648,1961,8.190097925418815e-116,0.9999999999999998,1.6955631880972006e-115
1648,1962,4.2374400977047527e-116,0.9999999999999998,8.765533955553191e-116
1648,1963,2.190736005944843e-116,0.9999999999999998,4.528093857848438e-116
1648,1964,1.1317450846387543e-116,0.9999999999999998,2.3373578519035948e-116
1648,1965,5.842239863368766e-117,0.9999999999999998,1.2056127672648406e-116
1648,1966,3.013578063273764e-117,0.9999999999999998,6.2138878092796406e-117
1648,1967,1.5533091573843302e-117,0.9999999999999998,3.2003097460058766e-117
1648,1968,8.00029226993713e-118,0.9999999999999998,1.6470005886215462e-117
1648,1969,4.117431629690426e-118,0.9999999999999998,8.469713616278332e-118
1648,1970,2.1174815327889885e-118,0.9999999999999998,4.352281986587907e-118
1648,1971,1.0881422089971879e-118,0.9999999999999998,2.2348004537989185e-118
1648,1972,5.587590516232898e-119,0.9999999999999998,1.1466582448017306e-118
1648,1973,2.867057968458396e-119,0.9999999999999998,5.878991931784407e-119
1648,1974,1.470013971726098e-119,0.9999999999999998,3.011933963326012e-119
1648,1975,7.53146800690666e-120,0.9999999999999998,1.5419199915999137e-119
1648,1976,3.855769746173992e-120,0.9999999999999998,7.887731909092477e-120
1648,1977,1.9724950770877435e-120,0.9999999999999998,4.0319621629184856e-120
1648,1978,1.0083103924207724e-120,0.9999999999999998,2.0594670858307425e-120
1648,1979,5.150461385122011e-121,0.9999999999999998,1.05115669340997e-120
1648,1980,2.6288856873027213e-121,0.9999999999999998,5.361105548977689e-121
1648,1981,1.3408217323753614e-121,0.9999999999999998,2.7322198616749674e-121
1648,1982,6.833516519473868e-122,0.9999999999999998,1.391398129299606e-121
1648,1983,3.4800975980867143e-122,0.9999999999999998,7.080464773522192e-122
1648,1984,1.770975948704444e-122,0.9999999999999998,3.600367175435477e-122
1648,1985,9.005504841229811e-123,0.9999999999999998,1.829391226731033e-122
1648,1986,4.575912627450024e-123,0.9999999999999998,9.28840742608052e-123
1648,1987,2.3233879806340526e-123,0.9999999999999998,4.712494798630497e-123
1648,1988,1.1788002127289445e-123,0.9999999999999998,2.3891068179964442e-123
1648,1989,5.97631144404605e-124,0.9999999999999998,1.2103066052674997e-123
1648,1990,3.02761664192097e-124,0.9999999999999998,6.1267546086289475e-124
1648,1991,1.5326510527935458e-124,0.9999999999999998,3.099137966707977e-124
1648,1992,7.752834809687563e-125,0.9999999999999998,1.5664869139144311e-124
1648,1993,3.918796468459972e-125,0.9999999999999998,7.912034329456748e-125
1648,1994,1.979337790328503e-125,0.9999999999999998,3.993237860996776e-125
1648,1995,9.989925557363428e-126,0.9999999999999998,2.0139000706682724e-125
1648,1996,5.038251124034591e-126,0.9999999999999998,1.0149075149319298e-125
1648,1997,2.539058386494913e-126,0.9999999999999998,5.110824025284707e-126
1648,1998,1.2786184873075606e-126,0.9999999999999998,2.571765638789794e-126
1648,1999,6.4340551834924964e-127,0.9999999999999998,1.2931471514822333e-126
1648,2000,3.2352227579695e-127,0.9999999999999998,6.497416331329837e-127
1648,2001,1.6255461260465685e-127,0.9999999999999998,3.2621935733603374e-127
1648,2002,8.161504081765885e-128,0.9999999999999998,1.636647447313769e-127
1648,2003,4.0946520080224307e-128,0.9999999999999998,8.204970391371805e-128
1648,2004,2.052767583560062e-128,0.9999999999999998,4.1103183833493747e-128
1648,2005,1.0283445360712133e-128,0.9999999999999998,2.057550799789313e-128
1648,2006,5.1477054058787077e-129,0.9999999999999998,1.0292062637180998e-128
1648,2007,2.5749274444558124e-129,0.9999999999999998,5.14435723130229e-129
1648,2008,1.2870418615712077e-129,0.9999999999999998,2.5694297868464775e-129
1648,2009,6.428309959698315e-130,0.9999999999999998,1.2823879252752696e-129
1648,2010,3.208318683535962e-130,0.9999999999999998,6.395569293054382e-130
1648,2011,1.600054737728762e-130,0.9999999999999998,3.18725060951842e-130
1648,2012,7.973865807112879e-131,0.9999999999999998,1.587195871789658e-130
1648,2013,3.9708167210148244e-131,0.9999999999999998,7.8980929107837e-131
1648,2014,1.975912425304175e-131,0.9999999999999998,3.9272761897688763e-131
1648,2015,9.825000183287956e-132,0.9999999999999998,1.951363764464701e-131
1648,2016,4.881739046042275e-132,0.9999999999999998,9.688637461359052e-132
1648,2017,2.423783171051977e-132,0.9999999999999998,4.8068984153167775e-132
1648,2018,1.2025143745924346e-132,0.9999999999999998,2.383115244264801e-132
1648,2019,5.96161857336159e-133,0.9999999999999998,1.1806008696723662e-132
1648,2020,2.9533545572585084e-133,0.9999999999999998,5.8443901233620725e-133
1648,2021,1.4619905838425549e-133,0.9999999999999998,2.891035566103564e-133
1648,2022,7.231880500831601e-134,0.9999999999999998,1.4290449822610092e-133
1648,2023,3.57466771926077e-134,0.9999999999999998,7.058569321778492e-134
1648,2024,1.7656230097939434e-134,0.9999999999999998,3.4839016025177225e-134
1648,2025,8.714415006498496e-135,0.9999999999999998,1.7182785927237788e-134
1648,2026,4.2979023774861775e-135,0.9999999999999998,8.468370920739291e-135
1648,2027,2.11813188147998e-135,0.9999999999999998,4.1704685432531146e-135
1648,2028,1.0431041715401827e-135,0.9999999999999998,2.0523366617731347e-135
1648,2029,5.133111456095997e-136,0.9999999999999998,1.009232490232952e-135
1648,2030,2.524132365133412e-136,0.9999999999999998,4.9592134462335245e-136
1648,2031,1.240286646876185e-136,0.9999999999999998,2.4350810811001124e-136
1648,2032,6.089906346153708e-137,0.9999999999999998,1.1947944342239274e-136
1648,2033,2.987981160555791e-137,0.9999999999999998,5.858037996085567e-137
1648,2034,1.4649536457189551e-137,0.9999999999999998,2.870056835529776e-137
1648,2035,7.177096565560724e-138,0.9999999999999998,1.4051031898108206e-137
1648,2036,3.5136028158047574e-138,0.9999999999999998,6.873935332547482e-138
1648,2037,1.7188406066743874e-138,0.9999999999999998,3.360332516742725e-138
1648,2038,8.402290579158775e-139,0.9999999999999998,1.6414919100683378e-138
1648,2039,4.104299387977196e-139,0.9999999999999998,8.012628521524603e-139
1648,2040,2.0033632576058124e-139,0.9999999999999998,3.908329133547407e-139
1648,2041,9.771467738162346e-140,0.9999999999999998,1.9049658759415944e-139
1648,2042,4.762548573015825e-140,0.9999999999999998,9.278191021253598e-140
1648,2043,2.3195227793802274e-140,0.9999999999999998,4.515642448237775e-140
1648,2044,1.1288534508218922e-140,0.9999999999999998,2.196119668857547e-140
1648,2045,5.489796899480118e-141,0.9999999999999998,1.067266218035655e-140
1648,2046,2.667809842409944e-141,0.9999999999999998,5.1828652808764306e-141
1648,2047,1.2954881177942058e-141,0.9999999999999998,2.515055438466486e-141
1648,2048,6.286255932407605e-142,0.9999999999999998,1.2195673206722802e-141
1648,2049,3.048111392410591e-142,0.9999999999999998,5.909417274315197e-142
1648,2050,1.476895785114586e-142,0.9999999999999998,2.861305881904606e-142
1648,2051,7.150710557962891e-143,0.9999999999999998,1.3844100967900198e-142
1648,2052,3.4596245375986907e-143,0.9999999999999998,6.693390409937307e-143
1648,2053,1.6725890494692986e-143,0.9999999999999998,3.2337658723386163e-143
1648,2054,8.080349210482454e-144,0.9999999999999998,1.5611768228693177e-143
1648,2055,3.9007821944236767e-144,0.9999999999999998,7.531419018210721e-144
1648,2056,1.8817158916920857e-144,0.9999999999999998,3.6306368237870445e-144
1648,2057,9.070626260504209e-145,0.9999999999999998,1.7489209320949588e-144
1648,2058,4.36919523826921e-145,0.9999999999999998,8.418583060445378e-145
1648,2059,2.1030358593132323e-145,0.9999999999999998,4.049387822176168e-145
1648,2060,1.0115166620636358e-145,0.9999999999999998,1.9463519628629356e-145
1648,2061,4.861615743315546e-146,0.9999999999999998,9.348353007993e-146
1648,2062,2.3349067084670343e-146,0.9999999999999998,4.486737264677453e-146
1648,2063,1.1205721885054853e-146,0.9999999999999998,2.151830556210419e-146
1648,2064,5.373925458374781e-147,0.9999999999999998,1.0312583677049337e-146
1648,2065,2.57528333303749e-147,0.9999999999999998,4.9386582186745555e-147
1648,2066,1.2332185969457176e-147,0.9999999999999998,2.3633748856370654e-147
1648,2067,5.901152945387862e-148,0.9999999999999998,1.1301562886913478e-147
1648,2068,2.821730431601642e-148,0.9999999999999998,5.4004099415256165e-148
1648,2069,1.3482676271189173e-148,0.9999999999999998,2.5786795099239748e-148
1648,2070,6.4375218153215905e-149,0.9999999999999998,1.2304118828050573e-148
1648,2071,3.071449862965688e-149,0.9999999999999998,5.866597012728983e-149
1648,2072,1.4643683875936558e-149,0.9999999999999998,2.795147149763294e-149
1648,2073,6.976531263223936e-150,0.9999999999999998,1.3307787621696383e-149
1648,2074,3.321323036276996e-150,0.9999999999999998,6.331256358472446e-150
1648,2075,1.5800293392820592e-150,0.9999999999999998,3.0099333221954496e-150
1648,2076,7.51106868075414e-151,0.9999999999999998,1.4299039829133904e-150
1648,2077,3.56796799822392e-151,0.9999999999999998,6.787971148379762e-151
1648,2078,1.6936469739431814e-151,0.9999999999999998,3.220003150155841e-151
1648,2079,8.033552579194119e-152,0.9999999999999998,1.5263561762126601e-151
1648,2080,3.8078101520198203e-152,0.9999999999999998,7.230009182932483e-152
1648,2081,1.803540579211075e-152,0.9999999999999998,3.4221990309126627e-152
1648,2082,8.53610247200808e-153,0.9999999999999998,1.6186584517015877e-152
1648,2083,4.0371648111372383e-153,0.9999999999999998,7.650482045007796e-153
1648,2084,1.9079921459338853e-153,0.9999999999999998,3.6133172338705587e-153
1648,2085,9.010730836449241e-154,0.9999999999999998,1.7053250879366734e-153
1648,2086,4.252329099185155e-154,0.9999999999999998,8.042520042917491e-154
1648,2087,2.0052901634665206e-154,0.9999999999999998,3.7901909437323365e-154
1648,2088,9.449550895194649e-155,0.9999999999999998,1.7849007802658163e-154
1648,2089,4.449680100653688e-155,0.9999999999999998,8.399456907463514e-155
1648,2090,2.0937757845585663e-155,0.9999999999999998,3.9497768068098255e-155
1648,2091,9.844992825022306e-156,0.9999999999999998,1.8560010222512595e-155
1648,2092,4.6257756876604147e-156,0.9999999999999998,8.715017397490288e-156
1648,2093,2.1718896424583702e-156,0.9999999999999998,4.089241709829874e-156
1648,2094,1.0190020193364888e-156,0.9999999999999998,1.917352067371504e-156
1648,2095,4.7774541316576224e-157,0.9999999999999998,8.983500480350152e-157
1648,2096,2.2382174844575052e-157,0.9999999999999998,4.206046348692529e-157
1648,2097,1.0478338011433564e-157,0.9999999999999998,1.967828864235024e-157
1648,2098,4.901928483801e-158,0.9999999999999998,9.199950630916677e-158
1648,2099,2.291532759455045e-158,0.9999999999999998,4.298022147115676e-158
1648,2100,1.0704583818021438e-158,0.9999999999999998,2.0064893876606312e-158
1648,2101,4.996871789540965e-159,0.9999999999999998,9.360310058584874e-159
1648,2102,2.3308343678072133e-159,0.9999999999999998,4.363438269043908e-159
1648,2103,1.0864493687616074e-159,0.9999999999999998,2.0326039012366948e-159
1648,2104,5.060489495201047e-160,0.9999999999999998,9.461545324750873e-160
1648,2105,2.355377949133864e-160,0.9999999999999998,4.401055829549827e-160
1648,2106,1.095503597736504e-160,0.9999999999999998,2.0456778804159628e-160
1648,2107,5.091575896367375e-161,0.9999999999999998,9.501742826794588e-161
1648,2108,2.3646993408996013e-161,0.9999999999999998,4.410166930427212e-161
1648,2109,1.0974506947712007e-161,0.9999999999999998,2.0454675895276113e-161
1648,2110,5.089552145959558e-162,0.9999999999999998,9.480168947564106e-162
1648,2111,2.358629174443189e-162,0.9999999999999998,4.3906168016045475e-162
1648,2112,1.0922584042024945e-162,0.9999999999999998,2.0319876271613584e-162
1648,2113,5.054484148015223e-163,0.9999999999999998,9.39729222958864e-163
1648,2114,2.3372979674097788e-163,0.9999999999999998,4.3428080815734176e-163
1648,2115,1.0800334499450282e-163,0.9999999999999998,2.0055101141636385e-163
1648,2116,4.987079565974523e-164,0.9999999999999998,9.254766642186103e-164
1648,2117,2.301131499931161e-164,0.9999999999999998,4.2676870762115794e-164
1648,2118,1.0610178994273887e-164,0.9999999999999998,1.966555576280418e-164
1648,2119,4.888664119554673e-165,0.9999999999999998,9.055376768530292e-165
1648,2120,2.2508367016047114e-165,0.9999999999999998,4.16671264897562e-165
1648,2121,1.035581202710534e-165,0.9999999999999998,1.9158759473709083e-165
1648,2122,4.7611382772593175e-166,0.9999999999999998,8.802947446603742e-166
1648,2123,2.1873787018186685e-166,0.9999999999999998,4.0418091693444243e-166
1648,2124,1.004208272050293e-166,0.9999999999999998,1.8544304675257558e-166
1648,2125,4.6069163183074765e-167,0.9999999999999998,8.50222195475463e-167
1648,2126,2.1119500828146973e-167,0.9999999999999998,3.895305636447152e-167
1648,2127,9.67484138423128e-168,0.9999999999999998,1.783355553632455e-167
1648,2128,4.428850489247684e-168,0.9999999999999998,8.158714152093269e-168
1648,2129,2.0259337014117626e-168,0.9999999999999998,3.729863662845585e-168
1648,2130,9.260758618577576e-169,0.9999999999999998,1.7039299614338223e-168
1648,2131,4.230143575898519e-169,0.9999999999999998,7.778540995760648e-169
1648,2132,1.9308606941434304e-169,0.9999999999999998,3.54839741986213e-169
1648,2133,8.807124745147742e-170,0.9999999999999998,1.6175367257187e-169
1648,2134,4.0142536205670506e-170,0.9999999999999998,7.368242512039257e-170
1648,2135,1.828365439669956e-170,0.9999999999999998,3.353988891472206e-170
1648,2136,8.32163794669318e-171,0.9999999999999998,1.5256234518022501e-170
1648,2137,3.7847947204647286e-171,0.9999999999999998,6.934596571329321e-171
1648,2138,1.7201393157640444e-171,0.9999999999999998,3.149801850864593e-171
1648,2139,7.812189642845395e-172,0.9999999999999998,1.4296625351005482e-171
1648,2140,3.5454378420489325e-172,0.9999999999999998,6.484435708160088e-172
1648,2141,1.6078850562421278e-172,0.9999999999999998,2.938997866111156e-172
1648,2142,7.286655338087673e-173,0.9999999999999998,1.3311128098690287e-172
1648,2143,3.2998153870457134e-173,0.9999999999999998,6.0244727606026135e-173
1648,2144,1.4932733922074761e-173,0.9999999999999998,2.7246573735569e-173
1648,2145,6.752698489647446e-174,0.9999999999999998,1.231383981349424e-173
1648,2146,3.051432870477045e-174,0.9999999999999998,5.561141323846795e-174
1648,2147,1.3779034634339747e-174,0.9999999999999998,2.5097084533697505e-174
1648,2148,6.217593916942979e-175,0.9999999999999998,1.131804989935776e-174
1648,2149,2.803590550307601e-175,0.9999999999999998,5.10045598241478e-175
1648,2150,1.2632682253814463e-175,0.9999999999999998,2.296865432107179e-175
1648,2151,5.688075988929841e-176,0.9999999999999998,1.0335972067257328e-175
1648,2152,2.5593172206789942e-176,0.9999999999999998,4.6478960783274866e-176
1648,2153,1.1507257737843212e-176,0.9999999999999998,2.0885788576484924e-176
1648,2154,5.170215370384208e-177,0.9999999999999998,9.378530838641712e-177
1648,2155,2.3213176885322445e-177,0.9999999999999998,4.208315468257504e-177
1648,2156,1.0414771819872738e-177,0.9999999999999998,1.8869977797252593e-177
1648,2157,4.6693265762749416e-178,0.9999999999999998,8.455205977379854e-178
1648,2158,2.0919347400608586e-178,0.9999999999999998,3.785879401104913e-178
1648,2159,9.365511161494958e-179,0.9999999999999998,1.6939446610440542e-178
1648,2160,4.189907065932029e-179,0.9999999999999998,7.573935448945586e-179
1648,2161,1.873125710121915e-179,0.9999999999999998,3.3840283830135565e-179
1648,2162,8.367951786377586e-180,0.9999999999999998,1.5109026728916417e-179
1648,2163,3.7356071883464473e-180,0.9999999999999998,6.741074942538832e-180
1648,2164,1.6664531309870313e-180,0.9999999999999998,3.0054677541923843e-180
1648,2165,7.428736463769589e-181,0.9999999999999998,1.3390146232053532e-180
1648,2166,3.3092290360316086e-181,0.9999999999999998,5.961409768283943e-181
1648,2167,1.47308838641179e-181,0.9999999999999998,2.652180732252334e-181
1648,2168,6.552710312424531e-182,0.9999999999999998,1.1790923458405441e-181
1648,2169,2.9127512301516558e-182,0.9999999999999998,5.23821314598091e-182
1648,2170,1.2938268545943791e-182,0.9999999999999998,2.325461915829254e-182
1648,2171,5.74300702472816e-183,0.9999999999999998,1.0316350612348747e-182
1648,2172,2.547375878202916e-183,0.9999999999999998,4.5733435876205864e-183
1648,2173,1.1291127020746774e-183,0.9999999999999998,2.025967709417671e-183
1648,2174,5.001176811745586e-184,0.9999999999999998,8.968550073429933e-184
1648,2175,2.2135934326004433e-184,0.9999999999999998,3.9673732616843474e-184
1648,2176,9.790712941866076e-185,0.9999999999999998,1.7537798290839038e-184
1648,2177,4.3273464493967725e-185,0.9999999999999998,7.747085348972962e-185
1648,2178,1.9112609313560336e-185,0.9999999999999998,3.4197388995761896e-185
1648,2179,8.435471124967024e-186,0.9999999999999998,1.5084779682201557e-185
1648,2180,3.720401635009242e-186,0.9999999999999998,6.6493085572345326e-186
1648,2181,1.6396891022534053e-186,0.9999999999999998,2.928906922225291e-186
1648,2182,7.221451050870547e-187,0.9999999999999998,1.2892178199718853e-186
1648,2183,3.178182183590936e-187,0.9999999999999998,5.670727148848306e-187
1648,2184,1.3977340285725402e-187,0.9999999999999998,2.492544965257369e-187
1648,2185,6.142735256218932e-188,0.9999999999999998,1.0948109366848289e-187
1648,2186,2.6976813238451606e-188,0.9999999999999998,4.8053741106293566e-188
1648,2187,1.1838894675705195e-188,0.9999999999999998,2.1076927867841964e-188
1648,2188,5.191865223507701e-189,0.9999999999999998,9.238033192136769e-189
1648,2189,2.275241400886628e-189,0.9999999999999998,4.046167968629067e-189
1648,2190,9.963764375035697e-190,0.9999999999999998,1.7709265677424388e-189
1648,2191,4.360249972038912e-190,0.9999999999999998,7.745501302388691e-190
1648,2192,1.9067395556626304e-190,0.9999999999999998,3.385251330349779e-190
1648,2193,8.332272983673935e-191,0.9999999999999998,1.4785117746871487e-190
1648,2194,3.6385454640536275e-191,0.9999999999999998,6.452844763197553e-191
1648,2195,1.587758331601465e-191,0.9999999999999998,2.8142992991439265e-191
1648,2196,6.92362200861566e-192,0.9999999999999998,1.226540967542462e-191
1648,2197,3.0169959729388208e-192,0.9999999999999998,5.341787666808958e-192
1648,2198,1.3137375660629887e-192,0.9999999999999998,2.324791693870138e-192
1648,2199,5.716564268521982e-193,0.9999999999999998,1.011054127807149e-192
1648,2200,2.4857315339660326e-193,0.9999999999999998,4.393977009549509e-193
1648,2201,1.0801052792287822e-193,0.9999999999999998,1.9082454755834763e-193
1648,2202,4.689977586466919e-194,0.9999999999999998,8.281401963546942e-194
1648,2203,2.0350183651054137e-194,0.9999999999999998,3.591424377080024e-194
1648,2204,8.823865131483024e-195,0.9999999999999998,1.5564060119746104e-194
1648,2205,3.8233356706197725e-195,0.9999999999999998,6.740194988263079e-195
1648,2206,1.6554615946944422e-195,0.9999999999999998,2.9168593176433066e-195
1648,2207,7.162901528213992e-196,0.9999999999999998,1.2613977229488642e-195
1648,2208,3.0970778092297585e-196,0.9999999999999998,5.451075701274649e-196
1648,2209,1.3381616899537383e-196,0.9999999999999998,2.3539978920448903e-196
1648,2210,5.77774650664975e-197,0.9999999999999998,1.015836202091152e-196
1648,2211,2.492882824734632e-197,0.9999999999999998,4.38061551426177e-197
1648,2212,1.0748276069491678e-197,0.9999999999999998,1.8877326895271382e-197
1648,2213,4.6309426272835974e-198,0.9999999999999998,8.129050825779703e-198
1648,2214,1.9938556058360185e-198,0.9999999999999998,3.498108198496105e-198
1648,2215,8.57850871798033e-199,0.9999999999999998,1.5042525926600868e-198
1648,2216,3.688278908246781e-199,0.9999999999999998,6.464017208620538e-199
1648,2217,1.5846364907326984e-199,0.9999999999999998,2.775738300373757e-199
1648,2218,6.803455743621116e-200,0.9999999999999998,1.1911018096410586e-199
1648,2219,2.9189292192440286e-200,0.9999999999999998,5.107562352789471e-200
1648,2220,1.251444882391584e-200,0.9999999999999998,2.1886331335454424e-200
1648,2221,5.361596493009087e-201,0.9999999999999998,9.371882511538583e-201
1648,2222,2.2954658572681303e-201,0.9999999999999998,4.010286018529496e-201
1648,2223,9.820688452687423e-202,0.9999999999999998,1.714820161261366e-201
1648,2224,4.198628890001033e-202,0.9999999999999998,7.327513159926237e-202
1648,2225,1.7937733977459148e-202,0.9999999999999998,3.128884269925204e-202
1648,2226,7.658121907894918e-203,0.9999999999999998,1.3351108721792888e-202
1648,2227,3.2671694014611827e-203,0.9999999999999998,5.69298681389797e-203
1648,2228,1.392886680244151e-203,0.9999999999999998,2.425817412436787e-203
1648,2229,5.934098434422901e-204,0.9999999999999998,1.0329307321926363e-203
1648,2230,2.526321445475816e-204,0.9999999999999998,4.395208887503462e-204
1648,2231,1.0747747299844575e-204,0.9999999999999998,1.868887442027646e-204
1648,2232,4.569212262200829e-205,0.9999999999999998,7.941127120431885e-205
1648,2233,1.9411555704910645e-205,0.9999999999999998,3.371914858231056e-205
1648,2234,8.240898151876283e-206,0.9999999999999998,1.4307592877399918e-205
1648,2235,3.496101393337478e-206,0.9999999999999998,6.066694725523635e-206
1648,2236,1.4821386537016e-206,0.9999999999999998,2.5705933321861573e-206
1648,2237,6.278979459977094e-207,0.9999999999999998,1.0884546784845573e-206
1648,2238,2.6581824017312065e-207,0.9999999999999998,4.6055673248684784e-207
1648,2239,1.1245429695184015e-207,0.9999999999999998,1.9473849231372722e-207
1648,2240,4.754041450290915e-208,0.9999999999999998,8.228419536188707e-208
1648,2241,2.0083785707989377e-208,0.9999999999999998,3.4743780858977937e-208
1648,2242,8.478596585357635e-209,0.9999999999999998,1.465999515098856e-208
1648,2243,3.5768293092415505e-209,0.9999999999999998,6.181398565630924e-209
1648,2244,1.5078855602559433e-209,0.9999999999999998,2.604569256389374e-209
1648,2245,6.352351840990934e-210,0.9999999999999998,1.0966836961334306e-209
1648,2246,2.6742177955175023e-210,0.9999999999999998,4.614485120343372e-210
1648,2247,1.125006791551177e-210,0.9999999999999998,1.9402673248258697e-210
1648,2248,4.72944006321888e-211,0.9999999999999998,8.152605332746927e-211
1648,2249,1.986829463364793e-211,0.9999999999999998,3.423165269528047e-211
1648,2250,8.340802030035875e-212,0.9999999999999998,1.4363358061632537e-211
1648,2251,3.499060588760808e-212,0.9999999999999998,6.022556031596662e-212
1648,2252,1.466869949362095e-212,0.9999999999999998,2.5234954428358545e-212
1648,2253,6.14509118747106e-213,0.9999999999999998,1.0566254934737592e-212
1648,2254,2.5725373853814123e-213,0.9999999999999998,4.421163747266532e-213
1648,2255,1.076196988264515e-213,0.9999999999999998,1.84862636188512e-213
1648,2256,4.499027374927489e-214,0.9999999999999998,7.724293736206051e-214
1648,2257,1.8795001136654038e-214,0.9999999999999998,3.2252663612785627e-214
1648,2258,7.846265606759662e-215,0.9999999999999998,1.345766247613159e-214
1648,2259,3.2732611391087904e-215,0.9999999999999998,5.611396869371927e-215
1648,2260,1.364568602740726e-215,0.9999999999999998,2.3381357302631375e-215
1648,2261,5.684695887858843e-216,0.9999999999999998,9.735671275224112e-216
1648,2262,2.3665534150371284e-216,0.9999999999999998,4.050975387365269e-216
1648,2263,9.845157543350705e-217,0.9999999999999998,1.6844219723281407e-216
1648,2264,4.092855234393854e-217,0.9999999999999998,6.999062179930701e-217
1648,2265,1.7003077052821827e-217,0.9999999999999998,2.906206945536847e-217
1648,2266,7.058723303847969e-218,0.9999999999999998,1.2058992402546643e-217
1648,2267,2.9283458023842906e-218,0.9999999999999998,5.000269098698675e-218
1648,2268,1.213993048198229e-218,0.9999999999999998,2.0719232963143837e-218
1648,2269,5.029302371175597e-219,0.9999999999999998,8.579302481161547e-219
1648,2270,2.082078369559295e-219,0.9999999999999998,3.5500001099859496e-219
1648,2271,8.613590997097837e-220,0.9999999999999998,1.4679217404266543e-219
1648,2272,3.560978393193275e-220,0.9999999999999998,6.065626407168706e-220
1648,2273,1.4711346333000774e-220,0.9999999999999998,2.504648013975431e-220
1648,2274,6.073423418875356e-221,0.9999999999999998,1.0335133806753536e-220
1648,2275,2.505606278303797e-221,0.9999999999999998,4.2617103878781795e-221
1648,2276,1.0329761542684495e-221,0.9999999999999998,1.7561041095743827e-221
1648,2277,4.255651268848432e-222,0.9999999999999998,7.231279553059331e-222
1648,2278,1.752024224744807e-222,0.9999999999999998,2.9756282842108984e-222
1648,2279,7.207963672456656e-223,0.9999999999999998,1.2236040594660914e-222
1648,2280,2.9633540963109013e-223,0.9999999999999998,5.028076922204258e-223
1648,2281,1.2174553887114591e-223,0.9999999999999998,2.0647228258933573e-223
1648,2282,4.998286889764431e-224,0.9999999999999998,8.472674371818984e-224
1648,2283,2.050633224549357e-224,0.9999999999999998,3.4743874820545524e-224
1648,2284,8.407242111430735e-225,0.9999999999999998,1.4237542575051952e-224
1648,2285,3.444434603941692e-225,0.9999999999999998,5.830300463621217e-225
1648,2286,1.4102016759702604e-225,0.9999999999999998,2.3858658596795253e-225
1648,2287,5.7695703336451085e-226,0.9999999999999998,9.756641837092649e-226
1648,2288,2.3588740301601385e-226,0.9999999999999998,3.987071503447541e-226
1648,2289,9.637516325823045e-227,0.9999999999999998,1.6281974732874026e-226
1648,2290,3.9348182209384204e-227,0.9999999999999998,6.644458407050981e-227
1648,2291,1.6054007407086878e-227,0.9999999999999998,2.7096401861125603e-227
1648,2292,6.545480766822865e-228,0.9999999999999998,1.1042394454038722e-227
1648,2293,2.6668526379552917e-228,0.9999999999999998,4.496913687215856e-228
1648,2294,1.0858152329075055e-228,0.9999999999999998,1.8300610492605638e-228
1648,2295,4.417864118669325e-229,0.9999999999999998,7.442458163530584e-229
1648,2296,1.796256525394109e-229,0.9999999999999998,3.024594044861259e-229
1648,2297,7.2983386771010375e-230,0.9999999999999998,1.22833751946715e-229
1648,2298,2.9633256768401265e-230,0.9999999999999998,4.985036517570463e-230
1648,2299,1.202360058964554e-230,0.9999999999999998,2.0217108407303368e-230
1648,2300,4.8751676112246485e-231,0.9999999999999998,8.193507817657827e-231
1648,2301,1.975351942561647e-231,0.9999999999999998,3.318340206433178e-231
1648,2302,7.998331603372303e-232,0.9999999999999998,1.3429882638715312e-231
1648,2303,3.2363418174956704e-232,0.9999999999999998,5.43155103534301e-232
1648,2304,1.3086077542330486e-232,0.9999999999999998,2.1952092178473394e-232
1648,2305,5.287675401087506e-233,0.9999999999999998,8.866014636142908e-233
1648,2306,2.1351104443950255e-233,0.9999999999999998,3.578339235055402e-233
1648,2307,8.615415580578527e-234,0.9999999999999998,1.4432287906603767e-233
1648,2308,3.4740215909702534e-234,0.9999999999999998,5.81687232602524e-234
1648,2309,1.3998750020994775e-234,0.9999999999999998,2.342850735054986e-234
1648,2310,5.636980517311099e-235,0.9999999999999998,9.429757329555085e-235
1648,2311,2.2683204439440847e-235,0.9999999999999998,3.792776812243986e-235
1648,2312,9.121430326312813e-236,0.9999999999999998,1.524456368299901e-235
1648,2313,3.6654070877493315e-236,0.9999999999999998,6.123133356686198e-236
1648,2314,1.471913486494495e-236,0.9999999999999998,2.4577262689368666e-236
1648,2315,5.906676963219541e-237,0.9999999999999998,9.858127824423717e-237
1648,2316,2.368672883059792e-237,0.9999999999999998,3.9514508612041753e-237
1648,2317,9.492223520589069e-238,0.9999999999999998,1.5827779781443833e-237
1648,2318,3.801297771384418e-238,0.9999999999999998,6.335556260854764e-238
1648,2319,1.5212372769163803e-238,0.9999999999999998,2.5342584894703458e-238
1648,2320,6.08363607871551e-239,0.9999999999999998,1.0130212125539657e-238
1648,2321,2.4312563951155106e-239,0.9999999999999998,4.046576046824147e-239
1648,2322,9.709561751731437e-240,0.9999999999999998,1.6153196517086363e-239
1648,2323,3.8749838297675775e-240,0.9999999999999998,6.443634765354926e-240
1648,2324,1.5454025571974676e-240,0.9999999999999998,2.5686509355873484e-240
1648,2325,6.15906645974372e-241,0.9999999999999998,1.0232483783898807e-240
1648,2326,2.4529559671078313e-241,0.9999999999999998,4.0734173241550875e-241
1648,2327,9.762617597596244e-242,0.9999999999999998,1.6204613570472558e-241
1648,2328,3.8827956508370664e-242,0.9999999999999998,6.4419959728763136e-242
1648,2329,1.543208429237431e-242,0.9999999999999998,2.559200322039247e-242
1648,2330,6.129238221944939e-243,0.9999999999999998,1.015991892801816e-242
1648,2331,2.432710016855447e-243,0.9999999999999998,4.0306807060732214e-243
1648,2332,9.64886386831316e-244,0.9999999999999998,1.5979706892177743e-243
1648,2333,3.8244067340109204e-244,0.9999999999999998,6.330843023864582e-244
1648,2334,1.514795806451102e-244,0.9999999999999998,2.506436289853662e-244
1648,2335,5.995788495401359e-245,0.9999999999999998,9.916404834025599e-245
1648,2336,2.371596335771104e-245,0.9999999999999998,3.92061633862424e-245
1648,2337,9.37427216038151e-246,0.9999999999999998,1.549020002853136e-245
1648,2338,3.702855223866134e-246,0.9999999999999998,6.11592786814985e-246
1648,2339,1.461633061255334e-246,0.9999999999999998,2.4130726442837166e-246
1648,2340,5.765573338218946e-247,0.9999999999999998,9.514395830283827e-247
1648,2341,2.272737226911483e-247,0.9999999999999998,3.7488224920648803e-247
1648,2342,8.952794123851607e-248,0.9999999999999998,1.476085265153397e-247
1648,2343,3.524282243773464e-248,0.9999999999999998,5.808058527682362e-248
1648,2344,1.3863904014364589e-248,0.9999999999999998,2.2837762839088984e-248
1648,2345,5.450084626007397e-249,0.9999999999999998,8.973858824724397e-249
1648,2346,2.1410354358985524e-249,0.9999999999999998,3.523774198717001e-249
1648,2347,8.4051880807645e-250,0.9999999999999998,1.3827387628184485e-249
1648,2348,3.297418365806595e-250,0.9999999999999998,5.422199547419987e-250
1648,2349,1.2927179208619146e-250,0.9999999999999998,2.1247811816133917e-250
1648,2350,5.064500883359192e-251,0.9999999999999998,8.320632607514771e-251
1648,2351,1.982771931154451e-251,0.9999999999999998,3.2561317241555793e-251
1648,2352,7.757328212857817e-252,0.9999999999999998,1.2733597930011283e-251
1648,2353,3.032877919555019e-252,0.9999999999999998,4.976269717153465e-252
1648,2354,1.1849529698183697e-252,0.9999999999999998,1.943391797598447e-252
1648,2355,4.626481015190014e-253,0.9999999999999998,7.584388277800773e-253
1648,2356,1.8051113842966798e-253,0.9999999999999998,2.957907262610759e-253
1648,2357,7.038187625519126e-254,0.9999999999999998,1.1527958783140791e-253
1648,2358,2.742340346499141e-254,0.9999999999999998,4.489771157621665e-254
1648,2359,1.0677894072554033e-254,0.9999999999999998,1.7474308111225236e-254
1648,2360,4.154833923662928e-255,0.9999999999999998,6.796414038671202e-255
1648,2361,1.6155693265951326e-255,0.9999999999999998,2.6415801150082734e-255
1648,2362,6.277713073275157e-256,0.9999999999999998,1.0260107884131409e-255
1648,2363,2.4377059750780994e-256,0.9999999999999998,3.9823948108562515e-256
1648,2364,9.459435965064817e-257,0.9999999999999998,1.544688835778152e-256
1648,2365,3.668202351505551e-257,0.9999999999999998,5.987452392716704e-257
1648,2366,1.4214955848472648e-257,0.9999999999999998,2.319250041211153e-257
1648,2367,5.504805711588095e-258,0.9999999999999998,8.97754456363888e-258
1648,2368,2.130309917282172e-258,0.9999999999999998,3.472738852050786e-258
1648,2369,8.238496459233271e-259,0.9999999999999998,1.3424289347686136e-258
1648,2370,3.1838864393220476e-259,0.9999999999999998,5.185792888452866e-259
1648,2371,1.2296221609948768e-259,0.9999999999999998,2.0019064491308185e-259
1648,2372,4.7455915899378265e-260,0.9999999999999998,7.72284288135942e-260
1648,2373,1.830263699207958e-260,0.9999999999999998,2.9772512914215936e-260
1648,2374,7.054100842361367e-261,0.9999999999999998,1.1469875922136356e-260
1648,2375,2.7169047655329326e-261,0.9999999999999998,4.41577507977499e-261
1648,2376,1.0457117402745732e-261,0.9999999999999998,1.6988703142420578e-261
1648,2377,4.0221145161461257e-262,0.9999999999999998,6.531585739674847e-262
1648,2378,1.5459727013352622e-262,0.9999999999999998,2.5094712235287212e-262
1648,2379,5.938191713108218e-263,0.9999999999999998,9.63498522193459e-263
1648,2380,2.2793534512819483e-263,0.9999999999999998,3.696793508826372e-263
1648,2381,8.743277534292703e-264,0.9999999999999998,1.4174400575444238e-263
1648,2382,3.3515217708007046e-264,0.9999999999999998,5.431123041151534e-264
1648,2383,1.283852345545264e-264,0.9999999999999998,2.0796012703508293e-264
1648,2384,4.914659435582769e-265,0.9999999999999998,7.957489248055656e-265
1648,2385,1.8800835770629143e-265,0.9999999999999998,3.0428298124728874e-265
1648,2386,7.187309100297609e-266,0.9999999999999998,1.1627462354099729e-265
1648,2387,2.7457499931668137e-266,0.9999999999999998,4.4401532538021206e-266
1648,2388,1.048241195008134e-266,0.9999999999999998,1.694403260635307e-266
1648,2389,3.999144348968738e-267,0.9999999999999998,6.46162065627173e-267
1648,2390,1.5246797222345483e-267,0.9999999999999998,2.4624763073029927e-267
1648,2391,5.808926976851543e-268,0.9999999999999998,9.377965850684444e-268
1648,2392,2.2116633437045158e-268,0.9999999999999998,3.5690388738329015e-268
1648,2393,8.414881307479696e-269,0.9999999999999998,1.3573755301283857e-268
1648,2394,3.1995058046625596e-269,0.9999999999999998,5.158873993804163e-269
1648,2395,1.2156926887094535e-269,0.9999999999999998,1.9593681891416033e-269
1648,2396,4.616052750408063e-270,0.9999999999999998,7.436755004321499e-270
1648,2397,1.7515552402970554e-270,0.9999999999999998,2.820702253913436e-270
1648,2398,6.641758686241769e-271,0.9999999999999998,1.0691470136163807e-270
1648,2399,2.516799307119833e-271,0.9999999999999998,4.0497114499220385e-271
1648,2400,9.530603006709719e-272,0.9999999999999998,1.5329121428022057e-271
1648,2401,3.606604622335894e-272,0.9999999999999998,5.7985184213123364e-272
1648,2402,1.3639018322682867e-272,0.9999999999999998,2.191913798976442e-272
1648,2403,5.154353187049815e-273,0.9999999999999998,8.280119667081554e-273
1648,2404,1.9465778592148586e-273,0.9999999999999998,3.1257664800317384e-273
1648,2405,7.346423989377353e-274,0.9999999999999998,1.1791886208168799e-273
1648,2406,2.770683160376699e-274,0.9999999999999998,4.4454622187914453e-274
1648,2407,1.0442499592129006e-274,0.9999999999999998,1.6747790584147463e-274
1648,2408,3.933044456721381e-275,0.9999999999999998,6.305290992018458e-275
1648,2409,1.480335284976354e-275,0.9999999999999998,2.3722465352970772e-275
1648,2410,5.567987275685325e-276,0.9999999999999998,8.919112503207234e-276
1648,2411,2.0928752643281505e-276,0.9999999999999998,3.3511252275219094e-276
1648,2412,7.861320168893412e-277,0.9999999999999998,1.2582499631937587e-276
1648,2413,2.950901489715899e-277,0.9999999999999998,4.721179463044175e-277
1648,2414,1.1069323696593834e-277,0.9999999999999998,1.770277973328276e-277
1648,2415,4.1494895197923026e-278,0.9999999999999998,6.633456036688926e-278
1648,2416,1.5544455899510124e-278,0.9999999999999998,2.4839665168966238e-278
1648,2417,5.8192056671931655e-279,0.9999999999999998,9.295209269456112e-279
1648,2418,2.1770042487075836e-279,0.9999999999999998,3.4760036022629474e-279
1648,2419,8.138835951233166e-280,0.9999999999999998,1.2989993535553638e-279
1648,2420,3.040694726715593e-280,0.9999999999999998,4.851157584320472e-280
1648,2421,1.1352484425041056e-280,0.9999999999999998,1.8104628576048791e-280
1648,2422,4.235616542679615e-281,0.9999999999999998,6.752144151007734e-281
1648,2423,1.5792469388017462e-281,0.9999999999999998,2.5165276083281193e-281
1648,2424,5.8842511105354844e-282,0.9999999999999998,9.372806695263731e-282
1648,2425,2.190988802317865e-282,0.9999999999999998,3.488555584728247e-282
1648,2426,8.152615928636899e-283,0.9999999999999998,1.2975667824103824e-282
1648,2427,3.0315290387573526e-283,0.9999999999999998,4.823051895466924e-283
1648,2428,1.1265084814923795e-283,0.9999999999999998,1.7915228567095718e-283
1648,2429,4.183263699146246e-284,0.9999999999999998,6.650143752171922e-284
1648,2430,1.5524017367602185e-284,0.9999999999999998,2.466880053025676e-284
1648,2431,5.757065345449045e-285,0.9999999999999998,9.144783162654575e-285
1648,2432,2.1335676505718402e-285,0.9999999999999998,3.387717817205529e-285
1648,2433,7.901689424599612e-286,0.9999999999999998,1.2541501666336894e-285
1648,2434,2.9244340466184837e-286,0.9999999999999998,4.639812241737282e-286
1648,2435,1.0816135107121424e-286,0.9999999999999998,1.7153781951187988e-286
1648,2436,3.997705806035054e-287,0.9999999999999998,6.337646844066565e-287
1648,2437,1.4765837078914157e-287,0.9999999999999998,2.3399410380315112e-287
1648,2438,5.450218155800271e-288,0.9999999999999998,8.633573301400955e-288
1648,2439,2.010380814566607e-288,0.9999999999999998,3.1833551456006837e-288
1648,2440,7.410567467063336e-289,0.9999999999999998,1.1729743310340765e-288
1648,2441,2.7298158303722732e-289,0.9999999999999998,4.319175843277429e-289
1648,2442,1.0049027544953355e-289,0.9999999999999998,1.5893600129051562e-289
1648,2443,3.6967798639299096e-290,0.9999999999999998,5.844572584098207e-290
1648,2444,1.3590394578119555e-290,0.9999999999999998,2.147792720168297e-290
1648,2445,4.9928615465142e-291,0.9999999999999998,7.887532623563415e-291
1648,2446,1.8330572085639344e-291,0.9999999999999998,2.894671077049215e-291
1648,2447,6.725299232994907e-292,0.9999999999999998,1.0616138684852806e-291
1648,2448,2.4657915542552805e-292,0.9999999999999998,3.890839451857899e-292
1648,2449,9.034628972188114e-293,0.9999999999999998,1.4250478976026184e-292
1648,2450,3.308061340953131e-293,0.9999999999999998,5.21585000383807e-293
1648,2451,1.2104479372582984e-293,0.9999999999999998,1.9077886628849385e-293
1648,2452,4.4261697084918476e-294,0.9999999999999998,6.973407256266401e-294
1648,2453,1.6174074999615455e-294,0.9999999999999998,2.547237547774553e-294
1648,2454,5.906365860457439e-295,0.9999999999999998,9.298300478130075e-295
1648,2455,2.1554144833591655e-295,0.9999999999999998,3.3919346176726347e-295
1648,2456,7.860512542320051e-296,0.9999999999999998,1.2365201343134692e-295
1648,2457,2.864709624886201e-296,0.9999999999999998,4.50468880081464e-296
1648,2458,1.043326121296387e-296,0.9999999999999998,1.6399791759284387e-296
1648,2459,3.797251330328669e-297,0.9999999999999998,5.966530546320517e-297
1648,2460,1.3811105760459734e-297,0.9999999999999998,2.1692792159918478e-297
1648,2461,5.019927697223006e-298,0.9999999999999998,7.881686399458745e-298
1648,2462,1.8233768354150028e-298,0.9999999999999998,2.8617587022357403e-298
1648,2463,6.61858912555969e-299,0.9999999999999998,1.0383818668207375e-298
1648,2464,2.400846996751665e-299,0.9999999999999998,3.7652295426476845e-299
1648,2465,8.70309406131914e-300,0.9999999999999998,1.364382545896019e-299
1648,2466,3.1527755848650364e-300,0.9999999999999998,4.940731397641049e-300
1648,2467,1.141360095979472e-300,0.9999999999999998,1.7879558127760127e-300
1648,2468,4.129168563226806e-301,0.9999999999999998,6.465957167965406e-301
1648,2469,1.492838743806246e-301,0.9999999999999998,2.3367886047385993e-301
1648,2470,5.393536202384006e-302,0.9999999999999998,8.439498609323533e-302
1648,2471,1.9473533844598498e-302,0.9999999999999998,3.0459624069395274e-302
1648,2472,7.026296443917074e-303,0.9999999999999998,1.0986090224796778e-302
1648,2473,2.533487421935055e-303,0.9999999999999998,3.959793780879705e-303
1648,2474,9.128967826775284e-304,0.9999999999999998,1.42630635894465e-303
1648,2475,3.287269402209915e-304,0.9999999999999998,5.1340957626712174e-304
1648,2476,1.1829317033006348e-304,0.9999999999999998,1.8468263604613024e-304
1648,2477,4.2539742286069493e-305,0.9999999999999998,6.638946571606676e-305
1648,2478,1.5287656049857544e-305,0.9999999999999998,2.384972342999727e-305
1648,2479,5.4903227238860604e-306,0.9999999999999998,8.562067380139721e-306
1648,2480,1.970451822286776e-306,0.9999999999999998,3.07174465625366e-306
1648,2481,7.067158013572402e-307,0.9999999999999998,1.1012928339668842e-306
1648,2482,2.5329981464855637e-307,0.9999999999999998,3.945770326096439e-307
1648,2483,9.07269032179159e-308,0.9999999999999998,1.4127721796108755e-307
1648,2484,3.247495093454103e-308,0.9999999999999998,5.055031474317166e-308
1648,2485,1.161641653664112e-308,0.9999999999999998,1.8075363808630627e-308
1648,2486,4.152476290291867e-309,0.9999999999999998,6.458947271989507e-309
1648,2487,1.483383740030905e-309,0.9999999999999998,2.30647098169764e-309
1648,2488,5.295552650964e-310,0.9999999999999998,8.23087241666735e-310
1648,2489,1.8892113465893e-310,0.9999999999999998,2.93531976570332e-310
1648,2490,6.735368079875e-311,0.9999999999999998,1.04610841911404e-310
1648,2491,2.3996821057365e-311,0.9999999999999998,3.7257161112656e-311
1648,2492,8.54393108027e-312,0.9999999999999998,1.326034005529e-311
1648,2493,3.039999134262e-312,0.9999999999999998,4.71640897502e-312
1648,2494,1.080938383343e-312,0.9999999999999998,1.67640984076e-312
1648,2495,3.8409639193e-313,0.9999999999999998,5.95471457415e-313
1648,2496,1.36392780154e-313,0.9999999999999998,2.11375065484e-313
1648,2497,4.840101359e-314,0.9999999999999998,7.498228533e-314
1648,2498,1.7164434754e-314,0.9999999999999998,2.658127174e-314
1648,2499,6.082982763e-315,0.9999999999999998,9.416836986e-315
1648,2500,2.15434746e-315,0.9999999999999998,3.333854223e-315
1648,2501,7.6247752e-316,0.9999999999999998,1.179506765e-315
1648,2502,2.6968111e-316,0.9999999999999998,4.17029246e-316
1648,2503,9.532048e-317,0.9999999999999998,1.47348137e-316
1648,2504,3.3669304e-317,0.9999999999999998,5.2027657e-317
1648,2505,1.188486e-317,0.9999999999999998,1.8358353e-317
1648,2506,4.19243e-318,0.9999999999999998,6.473495e-318
1648,2507,1.47791e-318,0.9999999999999998,2.281067e-318
1648,2508,5.2063e-319,0.9999999999999998,8.0316e-319
1648,2509,1.83264e-319,0.9999999999999998,2.82526e-319
1648,2510,6.4456e-320,0.9999999999999998,9.9263e-320
1648,2511,2.2653e-320,0.9999999999999998,3.4807e-320
1648,2512,7.945e-321,0.9999999999999998,1.2154e-320
1648,2513,2.78e-321,0.9999999999999998,4.21e-321
1648,2514,9.7e-322,0.9999999999999998,1.43e-321
1648,2515,3.2e-322,0.9999999999999998,4.6e-322
1648,2516,1.04e-322,0.9999999999999998,1.4e-322
1648,2517,3e-323,0.9999999999999998,3.5e-323
1648,2518,5e-324,0.9999999999999998,5e-324
1648,2519,0.0,0.9999999999999998,0.0
1648,2520,0.0,0.9999999999999998,0.0
1648,2521,0.0,0.9999999999999998,0.0
1648,2522,0.0,0.9999999999999998,0.0
1648,2523,0.0,0.9999999999999998,0.0
1648,2524,0.0,0.9999999999999998,0.0
1648,2525,0.0,0.9999999999999998,0.0
1648,2526,0.0,0.9999999999999998,0.0
1648,2527,0.0,0.9999999999999998,0.0
1648,2528,0.0,0.9999999999999998,0.0
1648,2529,0.0,0.9999999999999998,0.0
1648,2530,0.0,0.9999999999999998,0.0
1648,2531,0.0,0.9999999999999998,0.0
1648,2532,0.0,0.9999999999999998,0.0
1648,2533,0.0,0.9999999999999998,0.0
1648,2534,0.0,0.9999999999999998,0.0
1648,2535,0.0,0.9999999999999998,0.0
1648,2536,0.0,0.9999999999999998,0.0
1648,2537,0.0,0.9999999999999998,0.0
1648,2538,0.0,0.9999999999999998,0.0
1648,2539,0.0,0.9999999999999998,0.0
1648,2540,0.0,0.9999999999999998,0.0
1648,2541,0.0,0.9999999999999998,0.0
1648,2542,0.0,0.9999999999999998,0.0
1648,2543,0.0,0.9999999999999998,0.0
1648,2544,0.0,0.9999999999999998,0.0
1648,2545,0.0,0.9999999999999998,0.0
1648,2546,0.0,0.9999999999999998,0.0
1648,2547,0.0,0.9999999999999998,0.0
1648,2548,0.0,0.9999999999999998,0.0
1648,2549,0.0,0.9999999999999998,0.0
1648,2550,0.0,0.9999999999999998,0.0
1648,2551,0.0,0.9999999999999998,0.0
1648,2552,0.0,0.9999999999999998,0.0
1648,2553,0.0,0.9999999999999998,0.0
1648,2554,0.0,0.9999999999999998,0.0
1648,2555,0.0,0.9999999999999998,0.0
1648,2556,0.0,0.9999999999999998,0.0
1648,2557,0.0,0.9999999999999998,0.0
1648,2558,0.0,0.9999999999999998,0.0
1648,2559,0.0,0.9999999999999998,0.0
1648,2560,0.0,0.9999999999999998,0.0
1648,2561,0.0,0.9999999999999998,0.0
1648,2562,0.0,0.9999999999999998,0.0
1648,2563,0.0,0.9999999999999998,0.0
1648,2564,0.0,0.9999999999999998,0.0
1648,2565,0.0,0.9999999999999998,0.0
1648,2566,0.0,0.9999999999999998,0.0
1648,2567,0.0,0.9999999999999998,0.0
1648,2568,0.0,0.9999999999999998,0.0
1648,2569,0.0,0.9999999999999998,0.0
1648,2570,0.0,0.9999999999999998,0.0
1648,2571,0.0,0.9999999999999998,0.0
1648,2572,0.0,0.9999999999999998,0.0
1648,2573,0.0,0.9999999999999998,0.0
1648,2574,0.0,0.9999999999999998,0.0
1648,2575,0.0,0.9999999999999998,0.0
1648,2576,0.0,0.9999999999999998,0.0
1648,2577,0.0,0.9999999999999998,0.0
1648,2578,0.0,0.9999999999999998,0.0
1648,2579,0.0,0.9999999999999998,0.0
1648,2580,0.0,0.9999999999999998,0.0
1648,2581,0.0,0.9999999999999998,0.0
1648,2582,0.0,0.9999999999999998,0.0
1648,2583,0.0,0.9999999999999998,0.0
1648,2584,0.0,0.9999999999999998,0.0
1648,2585,0.0,0.9999999999999998,0.0
1648,2586,0.0,0.9999999999999998,0.0
1648,2587,0.0,0.9999999999999998,0.0
1648,2588,0.0,0.9999999999999998,0.0
1648,2589,0.0,0.9999999999999998,0.0
1648,2590,0.0,0.9999999999999998,0.0
1648,2591,0.0,0.9999999999999998,0.0
1648,2592,0.0,0.9999999999999998,0.0
1648,2593,0.0,0.9999999999999998,0.0
1648,2594,0.0,0.9999999999999998,0.0
1648,2595,0.0,0.9999999999999998,0.0
1648,2596,0.0,0.9999999999999998,0.0
1648,2597,0.0,0.9999999999999998,0.0
1648,2598,0.0,0.9999999999999998,0.0
1648,2599,0.0,0.9999999999999998,0.0
1648,2600,0.0,0.9999999999999998,0.0
1648,2601,0.0,0.9999999999999998,0.0
1648,2602,0.0,0.9999999999999998,0.0
1648,2603,0.0,0.9999999999999998,0.0
1648,2604,0.0,0.9999999999999998,0.0
1648,2605,0.0,0.9999999999999998,0.0
1648,2606,0.0,0.9999999999999998,0.0
1648,2607,0.0,0.9999999999999998,0.0
1648,2608,0.0,0.9999999999999998,0.0
1648,2609,0.0,0.9999999999999998,0.0
1648,2610,0.0,0.9999999999999998,0.0
1648,2611,0.0,0.9999999999999998,0.0
1648,2612,0.0,0.9999999999999998,0.0
1648,2613,0.0,0.9999999999999998,0.0
1648,2614,0.0,0.9999999999999998,0.0
1648,2615,0.0,0.9999999999999998,0.0
1648,2616,0.0,0.9999999999999998,0.0
1648,2617,0.0,0.9999999999999998,0.0
1648,2618,0.0,0.9999999999999998,0.0
1648,2619,0.0,0.9999999999999998,0.0
1648,2620,0.0,0.9999999999999998,0.0
1648,2621,0.0,0.9999999999999998,0.0
1648,2622,0.0,0.9999999999999998,0.0
1648,2623,0.0,0.9999999999999998,0.0
1648,2624,0.0,0.9999999999999998,0.0
1648,2625,0.0,0.9999999999999998,0.0
1648,2626,0.0,0.9999999999999998,0.0
1648,2627,0.0,0.9999999999999998,0.0
1648,2628,0.0,0.9999999999999998,0.0
1648,2629,0.0,0.9999999999999998,0.0
1648,2630,0.0,0.9999999999999998,0.0
1648,2631,0.0,0.9999999999999998,0.0
1648,2632,0.0,0.9999999999999998,0.0
1648,2633,0.0,0.9999999999999998,0.0
1648,2634,0.0,0.9999999999999998,0.0
1648,2635,0.0,0.9999999999999998,0.0
1648,2636,0.0,0.9999999999999998,0.0
1648,2637,0.0,0.9999999999999998,0.0
1648,2638,0.0,0.9999999999999998,0.0
1648,2639,0.0,0.9999999999999998,0.0
1648,2640,0.0,0.9999999999999998,0.0
1648,2641,0.0,0.9999999999999998,0.0
1648,2642,0.0,0.9999999999999998,0.0
1648,2643,0.0,0.9999999999999998,0.0
1648,2644,0.0,0.9999999999999998,0.0
1648,2645,0.0,0.9999999999999998,0.0
1648,2646,0.0,0.9999999999999998,0.0
1648,2647,0.0,0.9999999999999998,0.0
1648,2648,0.0,0.9999999999999998,0.0
1648,2649,0.0,0.9999999999999998,0.0
1648,2650,0.0,0.9999999999999998,0.0
1648,2651,0.0,0.9999999999999998,0.0
1648,2652,0.0,0.9999999999999998,0.0
1648,2653,0.0,0.9999999999999998,0.0
1648,2654,0.0,0.9999999999999998,0.0
1648,2655,0.0,0.9999999999999998,0.0
1648,2656,0.0,0.9999999999999998,0.0
1648,2657,0.0,0.9999999999999998,0.0
1648,2658,0.0,0.9999999999999998,0.0
1648,2659,0.0,0.9999999999999998,0.0
1648,2660,0.0,0.9999999999999998,0.0
1648,2661,0.0,0.9999999999999998,0.0
1648,2662,0.0,0.9999999999999998,0.0
1648,2663,0.0,0.9999999999999998,0.0
1648,2664,0.0,0.9999999999999998,0.0
1648,2665,0.0,0.9999999999999998,0.0
1648,2666,0.0,0.9999999999999998,0.0
1648,2667,0.0,0.9999999999999998,0.0
1648,2668,0.0,0.9999999999999998,0.0
1648,2669,0.0,0.9999999999999998,0.0
1648,2670,0.0,0.9999999999999998,0.0
1648,2671,0.0,0.9999999999999998,0.0
1648,2672,0.0,0.9999999999999998,0.0
1648,2673,0.0,0.9999999999999998,0.0
1648,2674,0.0,0.9999999999999998,0.0
1648,2675,0.0,0.9999999999999998,0.0
1648,2676,0.0,0.9999999999999998,0.0
1648,2677,0.0,0.9999999999999998,0.0
1648,2678,0.0,0.9999999999999998,0.0
1648,2679,0.0,0.9999999999999998,0.0
1648,2680,0.0,0.9999999999999998,0.0
1648,2681,0.0,0.9999999999999998,0.0
1648,2682,0.0,0.9999999999999998,0.0
1648,2683,0.0,0.9999999999999998,0.0
1648,2684,0.0,0.9999999999999998,0.0
1648,2685,0.0,0.9999999999999998,0.0
1648,2686,0.0,0.9999999999999998,0.0
1648,2687,0.0,0.9999999999999998,0.0
1648,2688,0.0,0.9999999999999998,0.0
1648,2689,0.0,0.9999999999999998,0.0
1648,2690,0.0,0.9999999999999998,0.0
1648,2691,0.0,0.9999999999999998,0.0
1648,2692,0.0,0.9999999999999998,0.0
1648,2693,0.0,0.9999999999999998,0.0
1648,2694,0.0,0.9999999999999998,0.0
1648,2695,0.0,0.9999999999999998,0.0
1648,2696,0.0,0.9999999999999998,0.0
1648,2697,0.0,0.9999999999999998,0.0
1648,2698,0.0,0.9999999999999998,0.0
1648,2699,0.0,0.9999999999999998,0.0
1648,2700,0.0,0.9999999999999998,0.0
1648,2701,0.0,0.9999999999999998,0.0
1648,2702,0.0,0.9999999999999998,0.0
1648,2703,0.0,0.9999999999999998,0.0
1648,2704,0.0,0.9999999999999998,0.0
1648,2705,0.0,0.9999999999999998,0.0
1648,2706,0.0,0.9999999999999998,0.0
1648,2707,0.0,0.9999999999999998,0.0
1648,2708,0.0,0.9999999999999998,0.0
1648,2709,0.0,0.9999999999999998,0.0
1648,2710,0.0,0.9999999999999998,0.0
1648,2711,0.0,0.9999999999999998,0.0
1648,2712,0.0,0.9999999999999998,0.0
1648,2713,0.0,0.9999999999999998,0.0
1648,2714,0.0,0.9999999999999998,0.0
1648,2715,0.0,0.9999999999999998,0.0
1648,2716,0.0,0.9999999999999998,0.0
1648,2717,0.0,0.9999999999999998,0.0
1648,2718,0.0,0.9999999999999998,0.0
1648,2719,0.0,0.9999999999999998,0.0
1648,2720,0.0,0.9999999999999998,0.0
1648,2721,0.0,0.9999999999999998,0.0
1648,2722,0.0,0.9999999999999998,0.0
1648,2723,0.0,0.9999999999999998,0.0
1648,2724,0.0,0.9999999999999998,0.0
1648,2725,0.0,0.9999999999999998,0.0
1648,2726,0.0,0.9999999999999998,0.0
1648,2727,0.0,0.9999999999999998,0.0
1648,2728,0.0,0.9999999999999998,0.0
1648,2729,0.0,0.9999999999999998,0.0
1648,2730,0.0,0.9999999999999998,0.0
1648,2731,0.0,0.9999999999999998,0.0
1648,2732,0.0,0.9999999999999998,0.0
1648,2733,0.0,0.9999999999999998,0.0
1648,2734,0.0,0.9999999999999998,0.0
1648,2735,0.0,0.9999999999999998,0.0
1648,2736,0.0,0.9999999999999998,0.0
1648,2737,0.0,0.9999999999999998,0.0
1648,2738,0.0,0.9999999999999998,0.0
1648,2739,0.0,0.9999999999999998,0.0
1648,2740,0.0,0.9999999999999998,0.0
1648,2741,0.0,0.9999999999999998,0.0
1648,2742,0.0,0.9999999999999998,0.0
1648,2743,0.0,0.9999999999999998,0.0
1648,2744,0.0,0.9999999999999998,0.0
1648,2745,0.0,0.9999999999999998,0.0
1648,2746,0.0,0.9999999999999998,0.0
1648,2747,0.0,0.9999999999999998,0.0
1648,2748,0.0,0.9999999999999998,0.0
1648,2749,0.0,0.9999999999999998,0.0
1648,2750,0.0,0.9999999999999998,0.0
1648,2751,0.0,0.9999999999999998,0.0
1648,2752,0.0,0.9999999999999998,0.0
1648,2753,0.0,0.9999999999999998,0.0
1648,2754,0.0,0.9999999999999998,0.0
1648,2755,0.0,0.9999999999999998,0.0
1648,2756,0.0,0.9999999999999998,0.0
1648,2757,0.0,0.9999999999999998,0.0
1648,2758,0.0,0.9999999999999998,0.0
1648,2759,0.0,0.9999999999999998,0.0
1648,2760,0.0,0.9999999999999998,0.0
1648,2761,0.0,0.9999999999999998,0.0
1648,2762,0.0,0.9999999999999998,0.0
1648,2763,0.0,0.9999999999999998,0.0
1648,2764,0.0,0.9999999999999998,0.0
1648,2765,0.0,0.9999999999999998,0.0
1648,2766,0.0,0.9999999999999998,0.0
1648,2767,0.0,0.9999999999999998,0.0
1648,2768,0.0,0.9999999999999998,0.0
1648,2769,0.0,0.9999999999999998,0.0
1648,2770,0.0,0.9999999999999998,0.0
1648,2771,0.0,0.9999999999999998,0.0
1648,2772,0.0,0.9999999999999998,0.0
1648,2773,0.0,0.9999999999999998,0.0
1648,2774,0.0,0.9999999999999998,0.0
1648,2775,0.0,0.9999999999999998,0.0
1648,2776,0.0,0.9999999999999998,0.0
1648,2777,0.0,0.9999999999999998,0.0
1648,2778,0.0,0.9999999999999998,0.0
1648,2779,0.0,0.9999999999999998,0.0
1648,2780,0.0,0.9999999999999998,0.0
1648,2781,0.0,0.9999999999999998,0.0
1648,2782,0.0,0.9999999999999998,0.0
1648,2783,0.0,0.9999999999999998,0.0
1648,2784,0.0,0.9999999999999998,0.0
1648,2785,0.0,0.9999999999999998,0.0
1648,2786,0.0,0.9999999999999998,0.0
1648,2787,0.0,0.9999999999999998,0.0
1648,2788,0.0,0.9999999999999998,0.0
1648,2789,0.0,0.9999999999999998,0.0
1648,2790,0.0,0.9999999999999998,0.0
1648,2791,0.0,0.9999999999999998,0.0
1648,2792,0.0,0.9999999999999998,0.0
1648,2793,0.0,0.9999999999999998,0.0
1648,2794,0.0,0.9999999999999998,0.0
1648,2795,0.0,0.9999999999999998,0.0
1648,2796,0.0,0.9999999999999998,0.0
1648,2797,0.0,0.9999999999999998,0.0
1648,2798,0.0,0.9999999999999998,0.0
1648,2799,0.0,0.9999999999999998,0.0
1648,2800,0.0,0.9999999999999998,0.0
1648,2801,0.0,0.9999999999999998,0.0
1648,2802,0.0,0.9999999999999998,0.0
1648,2803,0.0,0.9999999999999998,0.0
1648,2804,0.0,0.9999999999999998,0.0
1648,2805,0.0,0.9999999999999998,0.0
1648,2806,0.0,0.9999999999999998,0.0
1648,2807,0.0,0.9999999999999998,0.0
1648,2808,0.0,0.9999999999999998,0.0
1648,2809,0.0,0.9999999999999998,0.0
1648,2810,0.0,0.9999999999999998,0.0
1648,2811,0.0,0.9999999999999998,0.0
1648,2812,0.0,0.9999999999999998,0.0
1648,2813,0.0,0.9999999999999998,0.0
1648,2814,0.0,0.9999999999999998,0.0
1648,2815,0.0,0.9999999999999998,0.0
1648,2816,0.0,0.9999999999999998,0.0
1648,2817,0.0,0.9999999999999998,0.0
1648,2818,0.0,0.9999999999999998,0.0
1648,2819,0.0,0.9999999999999998,0.0
1648,2820,0.0,0.9999999999999998,0.0
1648,2821,0.0,0.9999999999999998,0.0
1648,2822,0.0,0.9999999999999998,0.0
1648,2823,0.0,0.9999999999999998,0.0
1648,2824,0.0,0.9999999999999998,0.0
1648,2825,0.0,0.9999999999999998,0.0
1648,2826,0.0,0.9999999999999998,0.0
1648,2827,0.0,0.9999999999999998,0.0
1648,2828,0.0,0.9999999999999998,0.0
1648,2829,0.0,0.9999999999999998,0.0
1648,2830,0.0,0.9999999999999998,0.0
1648,2831,0.0,0.9999999999999998,0.0
1648,2832,0.0,0.9999999999999998,0.0
1648,2833,0.0,0.9999999999999998,0.0
1648,2834,0.0,0.9999999999999998,0.0
1648,2835,0.0,0.9999999999999998,0.0
1648,2836,0.0,0.9999999999999998,0.0
1648,2837,0.0,0.9999999999999998,0.0
1648,2838,0.0,0.9999999999999998,0.0
1648,2839,0.0,0.9999999999999998,0.0
1648,2840,0.0,0.9999999999999998,0.0
1648,2841,0.0,0.9999999999999998,0.0
1648,2842,0.0,0.9999999999999998,0.0
1648,2843,0.0,0.9999999999999998,0.0
1648,2844,0.0,0.9999999999999998,0.0
1648,2845,0.0,0.9999999999999998,0.0
1648,2846,0.0,0.9999999999999998,0.0
1648,2847,0.0,0.9999999999999998,0.0
1648,2848,0.0,0.9999999999999998,0.0
1648,2849,0.0,0.9999999999999998,0.0
1648,2850,0.0,0.9999999999999998,0.0
1648,2851,0.0,0.9999999999999998,0.0
1648,2852,0.0,0.9999999999999998,0.0
1648,2853,0.0,0.9999999999999998,0.0
1648,2854,0.0,0.9999999999999998,0.0
1648,2855,0.0,0.9999999999999998,0.0
1648,2856,0.0,0.9999999999999998,0.0
1648,2857,0.0,0.9999999999999998,0.0
1648,2858,0.0,0.9999999999999998,0.0
1648,2859,0.0,0.9999999999999998,0.0
1648,2860,0.0,0.9999999999999998,0.0
1648,2861,0.0,0.9999999999999998,0.0
1648,2862,0.0,0.9999999999999998,0.0
1648,2863,0.0,0.9999999999999998,0.0
1648,2864,0.0,0.9999999999999998,0.0
1648,2865,0.0,0.9999999999999998,0.0
1648,2866,0.0,0.9999999999999998,0.0
1648,2867,0.0,0.9999999999999998,0.0
1648,2868,0.0,0.9999999999999998,0.0
1648,2869,0.0,0.9999999999999998,0.0
1648,2870,0.0,0.9999999999999998,0.0
1648,2871,0.0,0.9999999999999998,0.0
1648,2872,0.0,0.9999999999999998,0.0
1648,2873,0.0,0.9999999999999998,0.0
1648,2874,0.0,0.9999999999999998,0.0
1648,2875,0.0,0.9999999999999998,0.0
1648,2876,0.0,0.9999999999999998,0.0
1648,2877,0.0,0.9999999999999998,0.0
1648,2878,0.0,0.9999999999999998,0.0
1648,2879,0.0,0.9999999999999998,0.0
1648,2880,0.0,0.9999999999999998,0.0
1648,2881,0.0,0.9999999999999998,0.0
1648,2882,0.0,0.9999999999999998,0.0
1648,2883,0.0,0.9999999999999998,0.0
1648,2884,0.0,0.9999999999999998,0.0
1648,2885,0.0,0.9999999999999998,0.0
1648,2886,0.0,0.9999999999999998,0.0
1648,2887,0.0,0.9999999999999998,0.0
1648,2888,0.0,0.9999999999999998,0.0
1648,2889,0.0,0.9999999999999998,0.0
1648,2890,0.0,0.9999999999999998,0.0
1648,2891,0.0,0.9999999999999998,0.0
1648,2892,0.0,0.9999999999999998,0.0
1648,2893,0.0,0.9999999999999998,0.0
1648,2894,0.0,0.9999999999999998,0.0
1648,2895,0.0,0.9999999999999998,0.0
1648,2896,0.0,0.9999999999999998,0.0
1648,2897,0.0,0.9999999999999998,0.0
1648,2898,0.0,0.9999999999999998,0.0
1648,2899,0.0,0.9999999999999998,0.0
1648,2900,0.0,0.9999999999999998,0.0
1648,2901,0.0,0.9999999999999998,0.0
1648,2902,0.0,0.9999999999999998,0.0
1648,2903,0.0,0.9999999999999998,0.0
1648,2904,0.0,0.9999999999999998,0.0
1648,2905,0.0,0.9999999999999998,0.0
1648,2906,0.0,0.9999999999999998,0.0
1648,2907,0.0,0.9999999999999998,0.0
1648,2908,0.0,0.9999999999999998,0.0
1648,2909,0.0,0.9999999999999998,0.0
1648,2910,0.0,0.9999999999999998,0.0
1648,2911,0.0,0.9999999999999998,0.0
1648,2912,0.0,0.9999999999999998,0.0
1648,2913,0.0,0.9999999999999998,0.0
1648,2914,0.0,0.9999999999999998,0.0
1648,2915,0.0,0.9999999999999998,0.0
1648,2916,0.0,0.9999999999999998,0.0
1648,2917,0.0,0.9999999999999998,0.0
1648,2918,0.0,0.9999999999999998,0.0
1648,2919,0.0,0.9999999999999998,0.0
1648,2920,0.0,0.9999999999999998,0.0
1648,2921,0.0,0.9999999999999998,0.0
1648,2922,0.0,0.9999999999999998,0.0
1648,2923,0.0,0.9999999999999998,0.0
1648,2924,0.0,0.9999999999999998,0.0
1648,2925,0.0,0.9999999999999998,0.0
1648,2926,0.0,0.9999999999999998,0.0
1648,2927,0.0,0.9999999999999998,0.0
1648,2928,0.0,0.9999999999999998,0.0
1648,2929,0.0,0.9999999999999998,0.0
1648,2930,0.0,0.9999999999999998,0.0
1648,2931,0.0,0.9999999999999998,0.0
1648,2932,0.0,0.9999999999999998,0.0
1648,2933,0.0,0.9999999999999998,0.0
1648,2934,0.0,0.9999999999999998,0.0
1648,2935,0.0,0.9999999999999998,0.0
1648,2936,0.0,0.9999999999999998,0.0
1648,2937,0.0,0.9999999999999998,0.0
1648,2938,0.0,0.9999999999999998,0.0
1648,2939,0.0,0.9999999999999998,0.0
1648,2940,0.0,0.9999999999999998,0.0
1648,2941,0.0,0.9999999999999998,0.0
1648,2942,0.0,0.9999999999999998,0.0
1648,2943,0.0,0.9999999999999998,0.0
1648,2944,0.0,0.9999999999999998,0.0
1648,2945,0.0,0.9999999999999998,0.0
1648,2946,0.0,0.9999999999999998,0.0
1648,2947,0.0,0.9999999999999998,0.0
1648,2948,0.0,0.9999999999999998,0.0
1648,2949,0.0,0.9999999999999998,0.0
1648,2950,0.0,0.9999999999999998,0.0
1648,2951,0.0,0.9999999999999998,0.0
1648,2952,0.0,0.9999999999999998,0.0
1648,2953,0.0,0.9999999999999998,0.0
1648,2954,0.0,0.9999999999999998,0.0
1648,2955,0.0,0.9999999999999998,0.0
1648,2956,0.0,0.9999999999999998,0.0
1648,2957,0.0,0.9999999999999998,0.0
1648,2958,0.0,0.9999999999999998,0.0
1648,2959,0.0,0.9999999999999998,0.0
1648,2960,0.0,0.9999999999999998,0.0
1648,2961,0.0,0.9999999999999998,0.0
1648,2962,0.0,0.9999999999999998,0.0
1648,2963,0.0,0.9999999999999998,0.0
1648,2964,0.0,0.9999999999999998,0.0
1648,2965,0.0,0.9999999999999998,0.0
1648,2966,0.0,0.9999999999999998,0.0
1648,2967,0.0,0.9999999999999998,0.0
1648,2968,0.0,0.9999999999999998,0.0
1648,2969,0.0,0.9999999999999998,0.0
1648,2970,0.0,0.9999999999999998,0.0
1648,2971,0.0,0.9999999999999998,0.0
1648,2972,0.0,0.9999999999999998,0.0
1648,2973,0.0,0.9999999999999998,0.0
1648,2974,0.0,0.9999999999999998,0.0
1648,2975,0.0,0.9999999999999998,0.0
1648,2976,0.0,0.9999999999999998,0.0
1648,2977,0.0,0.9999999999999998,0.0
1648,2978,0.0,0.9999999999999998,0.0
1648,2979,0.0,0.9999999999999998,0.0
1648,2980,0.0,0.9999999999999998,0.0
1648,2981,0.0,0.9999999999999998,0.0
1648,2982,0.0,0.9999999999999998,0.0
1648,2983,0.0,0.9999999999999998,0.0
1648,2984,0.0,0.9999999999999998,0.0
1648,2985,0.0,0.9999999999999998,0.0
1648,2986,0.0,0.9999999999999998,0.0
1648,2987,0.0,0.9999999999999998,0.0
1648,2988,0.0,0.9999999999999998,0.0
1648,2989,0.0,0.9999999999999998,0.0
1648,2990,0.0,0.9999999999999998,0.0
1648,2991,0.0,0.9999999999999998,0.0
1648,2992,0.0,0.9999999999999998,0.0
1648,2993,0.0,0.9999999999999998,0.0
1648,2994,0.0,0.9999999999999998,0.0
1648,2995,0.0,0.9999999999999998,0.0
1648,2996,0.0,0.9999999999999998,0.0
1648,2997,0.0,0.9999999999999998,0.0
1648,2998,0.0,0.9999999999999998,0.0
1648,2999,0.0,0.9999999999999998,0.0
1648,3000,0.0,0.9999999999999998,0.0
1648,3001,0.0,0.9999999999999998,0.0
1648,3002,0.0,0.9999999999999998,0.0
1648,3003,0.0,0.9999999999999998,0.0
1648,3004,0.0,0.9999999999999998,0.0
1648,3005,0.0,0.9999999999999998,0.0
1648,3006,0.0,0.9999999999999998,0.0
1648,3007,0.0,0.9999999999999998,0.0
1648,3008,0.0,0.9999999999999998,0.0
1648,3009,0.0,0.9999999999999998,0.0
1648,3010,0.0,0.9999999999999998,0.0
1648,3011,0.0,0.9999999999999998,0.0
1648,3012,0.0,0.9999999999999998,0.0
1648,3013,0.0,0.9999999999999998,0.0
1648,3014,0.0,0.9999999999999998,0.0
1648,3015,0.0,0.9999999999999998,0.0
1648,3016,0.0,0.9999999999999998,0.0
1648,3017,0.0,0.9999999999999998,0.0
1648,3018,0.0,0.9999999999999998,0.0
1648,3019,0.0,0.9999999999999998,0.0
1648,3020,0.0,0.9999999999999998,0.0
1648,3021,0.0,0.9999999999999998,0.0
1648,3022,0.0,0.9999999999999998,0.0
1648,3023,0.0,0.9999999999999998,0.0
1648,3024,0.0,0.9999999999999998,0.0
1648,3025,0.0,0.9999999999999998,0.0
1648,3026,0.0,0.9999999999999998,0.0
1648,3027,0.0,0.9999999999999998,0.0
1648,3028,0.0,0.9999999999999998,0.0
1648,3029,0.0,0.9999999999999998,0.0
1648,3030,0.0,0.9999999999999998,0.0
1648,3031,0.0,0.9999999999999998,0.0
1648,3032,0.0,0.9999999999999998,0.0
1648,3033,0.0,0.9999999999999998,0.0
1648,3034,0.0,0.9999999999999998,0.0
1648,3035,0.0,0.9999999999999998,0.0
1648,3036,0.0,0.9999999999999998,0.0
1648,3037,0.0,0.9999999999999998,0.0
1648,3038,0.0,0.9999999999999998,0.0
1648,3039,0.0,0.9999999999999998,0.0
1648,3040,0.0,0.9999999999999998,0.0
1648,3041,0.0,0.9999999999999998,0.0
1648,3042,0.0,0.9999999999999998,0.0
1648,3043,0.0,0.9999999999999998,0.0
1648,3044,0.0,0.9999999999999998,0.0
1648,3045,0.0,0.9999999999999998,0.0
1648,3046,0.0,0.9999999999999998,0.0
1648,3047,0.0,0.9999999999999998,0.0
1648,3048,0.0,0.9999999999999998,0.0
1648,3049,0.0,0.9999999999999998,0.0
1648,3050,0.0,0.9999999999999998,0.0
1648,3051,0.0,0.9999999999999998,0.0
1648,3052,0.0,0.9999999999999998,0.0
1648,3053,0.0,0.9999999999999998,0.0
1648,3054,0.0,0.9999999999999998,0.0
1648,3055,0.0,0.9999999999999998,0.0
1648,3056,0.0,0.9999999999999998,0.0
1648,3057,0.0,0.9999999999999998,0.0
1648,3058,0.0,0.9999999999999998,0.0
1648,3059,0.0,0.9999999999999998,0.0
1648,3060,0.0,0.9999999999999998,0.0
1648,3061,0.0,0.9999999999999998,0.0
1648,3062,0.0,0.9999999999999998,0.0
1648,3063,0.0,0.9999999999999998,0.0
1648,3064,0.0,0.9999999999999998,0.0
1648,3065,0.0,0.9999999999999998,0.0
1648,3066,0.0,0.9999999999999998,0.0
1648,3067,0.0,0.9999999999999998,0.0
1648,3068,0.0,0.9999999999999998,0.0
1648,3069,0.0,0.9999999999999998,0.0
1648,3070,0.0,0.9999999999999998,0.0
1648,3071,0.0,0.9999999999999998,0.0
1648,3072,0.0,0.9999999999999998,0.0
1648,3073,0.0,0.9999999999999998,0.0
1648,3074,0.0,0.9999999999999998,0.0
1648,3075,0.0,0.9999999999999998,0.0
1648,3076,0.0,0.9999999999999998,0.0
1648,3077,0.0,0.9999999999999998,0.0
1648,3078,0.0,0.9999999999999998,0.0
1648,3079,0.0,0.9999999999999998,0.0
1648,3080,0.0,0.9999999999999998,0.0
1648,3081,0.0,0.9999999999999998,0.0
1648,3082,0.0,0.9999999999999998,0.0
1648,3083,0.0,0.9999999999999998,0.0
1648,3084,0.0,0.9999999999999998,0.0
1648,3085,0.0,0.9999999999999998,0.0
1648,3086,0.0,0.9999999999999998,0.0
1648,3087,0.0,0.9999999999999998,0.0
1648,3088,0.0,0.9999999999999998,0.0
1648,3089,0.0,0.9999999999999998,0.0
1648,3090,0.0,0.9999999999999998,0.0
1648,3091,0.0,0.9999999999999998,0.0
1648,3092,0.0,0.9999999999999998,0.0
1648,3093,0.0,0.9999999999999998,0.0
1648,3094,0.0,0.9999999999999998,0.0
1648,3095,0.0,0.9999999999999998,0.0
1648,3096,0.0,0.9999999999999998,0.0
1648,3097,0.0,0.9999999999999998,0.0
1648,3098,0.0,0.9999999999999998,0.0
1648,3099,0.0,0.9999999999999998,0.0
1648,3100,0.0,0.9999999999999998,0.0
1648,3101,0.0,0.9999999999999998,0.0
1648,3102,0.0,0.9999999999999998,0.0
1648,3103,0.0,0.9999999999999998,0.0
1648,3104,0.0,0.9999999999999998,0.0
1648,3105,0.0,0.9999999999999998,0.0
1648,3106,0.0,0.9999999999999998,0.0
1648,3107,0.0,0.9999999999999998,0.0
1648,3108,0.0,0.9999999999999998,0.0
1648,3109,0.0,0.9999999999999998,0.0
1648,3110,0.0,0.9999999999999998,0.0
1648,3111,0.0,0.9999999999999998,0.0
1648,3112,0.0,0.9999999999999998,0.0
1648,3113,0.0,0.9999999999999998,0.0
1648,3114,0.0,0.9999999999999998,0.0
1648,3115,0.0,0.9999999999999998,0.0
1648,3116,0.0,0.9999999999999998,0.0
1648,3117,0.0,0.9999999999999998,0.0
1648,3118,0.0,0.9999999999999998,0.0
1648,3119,0.0,0.9999999999999998,0.0
1648,3120,0.0,0.9999999999999998,0.0
1648,3121,0.0,0.9999999999999998,0.0
1648,3122,0.0,0.9999999999999998,0.0
1648,3123,0.0,0.9999999999999998,0.0
1648,3124,0.0,0.9999999999999998,0.0
1648,3125,0.0,0.9999999999999998,0.0
1648,3126,0.0,0.9999999999999998,0.0
1648,3127,0.0,0.9999999999999998,0.0
1648,3128,0.0,0.9999999999999998,0.0
1648,3129,0.0,0.9999999999999998,0.0
1648,3130,0.0,0.9999999999999998,0.0
1648,3131,0.0,0.9999999999999998,0.0
1648,3132,0.0,0.9999999999999998,0.0
1648,3133,0.0,0.9999999999999998,0.0
1648,3134,0.0,0.9999999999999998,0.0
1648,3135,0.0,0.9999999999999998,0.0
1648,3136,0.0,0.9999999999999998,0.0
1648,3137,0.0,0.9999999999999998,0.0
1648,3138,0.0,0.9999999999999998,0.0
1648,3139,0.0,0.9999999999999998,0.0
1648,3140,0.0,0.9999999999999998,0.0
1648,3141,0.0,0.9999999999999998,0.0
1648,3142,0.0,0.9999999999999998,0.0
1648,3143,0.0,0.9999999999999998,0.0
1648,3144,0.0,0.9999999999999998,0.0
1648,3145,0.0,0.9999999999999998,0.0
1648,3146,0.0,0.9999999999999998,0.0
1648,3147,0.0,0.9999999999999998,0.0
1648,3148,0.0,0.9999999999999998,0.0
1648,3149,0.0,0.9999999999999998,0.0
1648,3150,0.0,0.9999999999999998,0.0
1648,3151,0.0,0.9999999999999998,0.0
1648,3152,0.0,0.9999999999999998,0.0
1648,3153,0.0,0.9999999999999998,0.0
1648,3154,0.0,0.9999999999999998,0.0
1648,3155,0.0,0.9999999999999998,0.0
1648,3156,0.0,0.9999999999999998,0.0
1648,3157,0.0,0.9999999999999998,0.0
1648,3158,0.0,0.9999999999999998,0.0
1648,3159,0.0,0.9999999999999998,0.0
1648,3160,0.0,0.9999999999999998,0.0
1648,3161,0.0,0.9999999999999998,0.0
1648,3162,0.0,0.9999999999999998,0.0
1648,3163,0.0,0.9999999999999998,0.0
1648,3164,0.0,0.9999999999999998,0.0
1648,3165,0.0,0.9999999999999998,0.0
1648,3166,0.0,0.9999999999999998,0.0
1648,3167,0.0,0.9999999999999998,0.0
1648,3168,0.0,0.9999999999999998,0.0
1648,3169,0.0,0.9999999999999998,0.0
1648,3170,0.0,0.9999999999999998,0.0
1648,3171,0.0,0.9999999999999998,0.0
1648,3172,0.0,0.9999999999999998,0.0
1648,3173,0.0,0.9999999999999998,0.0
1648,3174,0.0,0.9999999999999998,0.0
1648,3175,0.0,0.9999999999999998,0.0
1648,3176,0.0,0.9999999999999998,0.0
1648,3177,0.0,0.9999999999999998,0.0
1648,3178,0.0,0.9999999999999998,0.0
1648,3179,0.0,0.9999999999999998,0.0
1648,3180,0.0,0.9999999999999998,0.0
1648,3181,0.0,0.9999999999999998,0.0
1648,3182,0.0,0.9999999999999998,0.0
1648,3183,0.0,0.9999999999999998,0.0
1648,3184,0.0,0.9999999999999998,0.0
1648,3185,0.0,0.9999999999999998,0.0
1648,3186,0.0,0.9999999999999998,0.0
1648,3187,0.0,0.9999999999999998,0.0
1648,3188,0.0,0.9999999999999998,0.0
1648,3189,0.0,0.9999999999999998,0.0
1648,3190,0.0,0.9999999999999998,0.0
1648,3191,0.0,0.9999999999999998,0.0
1648,3192,0.0,0.9999999999999998,0.0
1648,3193,0.0,0.9999999999999998,0.0
1648,3194,0.0,0.9999999999999998,0.0
1648,3195,0.0,0.9999999999999998,0.0
1648,3196,0.0,0.9999999999999998,0.0
1648,3197,0.0,0.9999999999999998,0.0
1648,3198,0.0,0.9999999999999998,0.0
1648,3199,0.0,0.9999999999999998,0.0
1648,3200,0.0,0.9999999999999998,0.0
1648,3201,0.0,0.9999999999999998,0.0
1648,3202,0.0,0.9999999999999998,0.0
1648,3203,0.0,0.9999999999999998,0.0
1648,3204,0.0,0.9999999999999998,0.0
1648,3205,0.0,0.9999999999999998,0.0
1648,3206,0.0,0.9999999999999998,0.0
1648,3207,0.0,0.9999999999999998,0.0
1648,3208,0.0,0.9999999999999998,0.0
1648,3209,0.0,0.9999999999999998,0.0
1648,3210,0.0,0.9999999999999998,0.0
1648,3211,0.0,0.9999999999999998,0.0
1648,3212,0.0,0.9999999999999998,0.0
1648,3213,0.0,0.9999999999999998,0.0
1648,3214,0.0,0.9999999999999998,0.0
1648,3215,0.0,0.9999999999999998,0.0
1648,3216,0.0,0.9999999999999998,0.0
1648,3217,0.0,0.9999999999999998,0.0
1648,3218,0.0,0.9999999999999998,0.0
1648,3219,0.0,0.9999999999999998,0.0
1648,3220,0.0,0.9999999999999998,0.0
1648,3221,0.0,0.9999999999999998,0.0
1648,3222,0.0,0.9999999999999998,0.0
1648,3223,0.0,0.9999999999999998,0.0
1648,3224,0.0,0.9999999999999998,0.0
1648,3225,0.0,0.9999999999999998,0.0
1648,3226,0.0,0.9999999999999998,0.0
1648,3227,0.0,0.9999999999999998,0.0
1648,3228,0.0,0.9999999999999998,0.0
1648,3229,0.0,0.9999999999999998,0.0
1648,3230,0.0,0.9999999999999998,0.0
1648,3231,0.0,0.9999999999999998,0.0
1648,3232,0.0,0.9999999999999998,0.0
1648,3233,0.0,0.9999999999999998,0.0
1648,3234,0.0,0.9999999999999998,0.0
1648,3235,0.0,0.9999999999999998,0.0
1648,3236,0.0,0.9999999999999998,0.0
1648,3237,0.0,0.9999999999999998,0.0
1648,3238,0.0,0.9999999999999998,0.0
1648,3239,0.0,0.9999999999999998,0.0
1648,3240,0.0,0.9999999999999998,0.0
1648,3241,0.0,0.9999999999999998,0.0
1648,3242,0.0,0.9999999999999998,0.0
1648,3243,0.0,0.9999999999999998,0.0
1648,3244,0.0,0.9999999999999998,0.0
1648,3245,0.0,0.9999999999999998,0.0
1648,3246,0.0,0.9999999999999998,0.0
1648,3247,0.0,0.9999999999999998,0.0
1648,3248,0.0,0.9999999999999998,0.0
1648,3249,0.0,0.9999999999999998,0.0
1648,3250,0.0,0.9999999999999998,0.0
1648,3251,0.0,0.9999999999999998,0.0
1648,3252,0.0,0.9999999999999998,0.0
1648,3253,0.0,0.9999999999999998,0.0
1648,3254,0.0,0.9999999999999998,0.0
1648,3255,0.0,0.9999999999999998,0.0
1648,3256,0.0,0.9999999999999998,0.0
1648,3257,0.0,0.9999999999999998,0.0
1648,3258,0.0,0.9999999999999998,0.0
1648,3259,0.0,0.9999999999999998,0.0
1648,3260,0.0,0.9999999999999998,0.0
1648,3261,0.0,0.9999999999999998,0.0
1648,3262,0.0,0.9999999999999998,0.0
1648,3263,0.0,0.9999999999999998,0.0
1648,3264,0.0,0.9999999999999998,0.0
1648,3265,0.0,0.9999999999999998,0.0
1648,3266,0.0,0.9999999999999998,0.0
1648,3267,0.0,0.9999999999999998,0.0
1648,3268,0.0,0.9999999999999998,0.0
1648,3269,0.0,0.9999999999999998,0.0
1648,3270,0.0,0.9999999999999998,0.0
1648,3271,0.0,0.9999999999999998,0.0
1648,3272,0.0,0.9999999999999998,0.0
1648,3273,0.0,0.9999999999999998,0.0
1648,3274,0.0,0.9999999999999998,0.0
1648,3275,0.0,0.9999999999999998,0.0
1648,3276,0.0,0.9999999999999998,0.0
1648,3277,0.0,0.9999999999999998,0.0
1648,3278,0.0,0.9999999999999998,0.0
1648,3279,0.0,0.9999999999999998,0.0
1648,3280,0.0,0.9999999999999998,0.0
1648,3281,0.0,0.9999999999999998,0.0
1648,3282,0.0,0.9999999999999998,0.0
1648,3283,0.0,0.9999999999999998,0.0
1648,3284,0.0,0.9999999999999998,0.0
1648,3285,0.0,0.9999999999999998,0.0
1648,3286,0.0,0.9999999999999998,0.0
1648,3287,0.0,0.9999999999999998,0.0
1648,3288,0.0,0.9999999999999998,0.0
1648,3289,0.0,0.9999999999999998,0.0
1648,3290,0.0,0.9999999999999998,0.0
1648,3291,0.0,0.9999999999999998,0.0
1648,3292,0.0,0.9999999999999998,0.0
1648,3293,0.0,0.9999999999999998,0.0
1648,3294,0.0,0.9999999999999998,0.0
1648,3295,0.0,0.9999999999999998,0.0
1648,3296,0.0,0.9999999999999998,0.0
1648,3297,0.0,0.9999999999999998,0.0
1648,3298,0.0,0.9999999999999998,0.0
1648,3299,0.0,0.9999999999999998,0.0
1648,3300,0.0,0.9999999999999998,0.0
1648,3301,0.0,0.9999999999999998,0.0
1648,3302,0.0,0.9999999999999998,0.0
1648,3303,0.0,0.9999999999999998,0.0
1648,3304,0.0,0.9999999999999998,0.0
1648,3305,0.0,0.9999999999999998,0.0
1648,3306,0.0,0.9999999999999998,0.0
1648,3307,0.0,0.9999999999999998,0.0
1648,3308,0.0,0.9999999999999998,0.0
1648,3309,0.0,0.9999999999999998,0.0
1648,3310,0.0,0.9999999999999998,0.0
1648,3311,0.0,0.9999999999999998,0.0
1648,3312,0.0,0.9999999999999998,0.0
1648,3313,0.0,0.9999999999999998,0.0
1648,3314,0.0,0.9999999999999998,0.0
1648,3315,0.0,0.9999999999999998,0.0
1648,3316,0.0,0.9999999999999998,0.0
1648,3317,0.0,0.9999999999999998,0.0
1648,3318,0.0,0.9999999999999998,0.0
1648,3319,0.0,0.9999999999999998,0.0
1648,3320,0.0,0.9999999999999998,0.0
1648,3321,0.0,0.9999999999999998,0.0
1648,3322,0.0,0.9999999999999998,0.0
1648,3323,0.0,0.9999999999999998,0.0
1648,3324,0.0,0.9999999999999998,0.0
1648,3325,0.0,0.9999999999999998,0.0
1648,3326,0.0,0.9999999999999998,0.0
1648,3327,0.0,0.9999999999999998,0.0
1648,3328,0.0,0.9999999999999998,0.0
1648,3329,0.0,0.9999999999999998,0.0
1648,3330,0.0,0.9999999999999998,0.0
1648,3331,0.0,0.9999999999999998,0.0
1648,3332,0.0,0.9999999999999998,0.0
1648,3333,0.0,0.9999999999999998,0.0
1648,3334,0.0,0.9999999999999998,0.0
1648,3335,0.0,0.9999999999999998,0.0
1648,3336,0.0,0.9999999999999998,0.0
1648,3337,0.0,0.9999999999999998,0.0
1648,3338,0.0,0.9999999999999998,0.0
1648,3339,0.0,0.9999999999999998,0.0
1648,3340,0.0,0.9999999999999998,0.0
1648,3341,0.0,0.9999999999999998,0.0
1648,3342,0.0,0.9999999999999998,0.0
1648,3343,0.0,0.9999999999999998,0.0
1648,3344,0.0,0.9999999999999998,0.0
1648,3345,0.0,0.9999999999999998,0.0
1648,3346,0.0,0.9999999999999998,0.0
1648,3347,0.0,0.9999999999999998,0.0
1648,3348,0.0,0.9999999999999998,0.0
1648,3349,0.0,0.9999999999999998,0.0
1648,3350,0.0,0.9999999999999998,0.0
1648,3351,0.0,0.9999999999999998,0.0
1648,3352,0.0,0.9999999999999998,0.0
1648,3353,0.0,0.9999999999999998,0.0
1648,3354,0.0,0.9999999999999998,0.0
1648,3355,0.0,0.9999999999999998,0.0
1648,3356,0.0,0.9999999999999998,0.0
1648,3357,0.0,0.9999999999999998,0.0
1648,3358,0.0,0.9999999999999998,0.0
1648,3359,0.0,0.9999999999999998,0.0
1648,3360,0.0,0.9999999999999998,0.0
1648,3361,0.0,0.9999999999999998,0.0
1648,3362,0.0,0.9999999999999998,0.0
1648,3363,0.0,0.9999999999999998,0.0
1648,3364,0.0,0.9999999999999998,0.0
1648,3365,0.0,0.9999999999999998,0.0
1648,3366,0.0,0.9999999999999998,0.0
1648,3367,0.0,0.9999999999999998,0.0
1648,3368,0.0,0.9999999999999998,0.0
1648,3369,0.0,0.9999999999999998,0.0
1648,3370,0.0,0.9999999999999998,0.0
1648,3371,0.0,0.9999999999999998,0.0
1648,3372,0.0,0.9999999999999998,0.0
1648,3373,0.0,0.9999999999999998,0.0
1648,3374,0.0,0.9999999999999998,0.0
1648,3375,0.0,0.9999999999999998,0.0
1648,3376,0.0,0.9999999999999998,0.0
1648,3377,0.0,0.9999999999999998,0.0
1648,3378,0.0,0.9999999999999998,0.0
1648,3379,0.0,0.9999999999999998,0.0
1648,3380,0.0,0.9999999999999998,0.0
1648,3381,0.0,0.9999999999999998,0.0
1648,3382,0.0,0.9999999999999998,0.0
1648,3383,0.0,0.9999999999999998,0.0
1648,3384,0.0,0.9999999999999998,0.0
1648,3385,0.0,0.9999999999999998,0.0
1648,3386,0.0,0.9999999999999998,0.0
1648,3387,0.0,0.9999999999999998,0.0
1648,3388,0.0,0.9999999999999998,0.0
1648,3389,0.0,0.9999999999999998,0.0
1648,3390,0.0,0.9999999999999998,0.0
1648,3391,0.0,0.9999999999999998,0.0
1648,3392,0.0,0.9999999999999998,0.0
1648,3393,0.0,0.9999999999999998,0.0
1648,3394,0.0,0.9999999999999998,0.0
1648,3395,0.0,0.9999999999999998,0.0
1648,3396,0.0,0.9999999999999998,0.0
1648,3397,0.0,0.9999999999999998,0.0
1648,3398,0.0,0.9999999999999998,0.0
1648,3399,0.0,0.9999999999999998,0.0
1648,3400,0.0,0.9999999999999998,0.0
1648,3401,0.0,0.9999999999999998,0.0
1648,3402,0.0,0.9999999999999998,0.0
1648,3403,0.0,0.9999999999999998,0.0
1648,3404,0.0,0.9999999999999998,0.0
1648,3405,0.0,0.9999999999999998,0.0
1648,3406,0.0,0.9999999999999998,0.0
1648,3407,0.0,0.9999999999999998,0.0
1648,3408,0.0,0.9999999999999998,0.0
1648,3409,0.0,0.9999999999999998,0.0
1648,3410,0.0,0.9999999999999998,0.0
1648,3411,0.0,0.9999999999999998,0.0
1648,3412,0.0,0.9999999999999998,0.0
1648,3413,0.0,0.9999999999999998,0.0
1648,3414,0.0,0.9999999999999998,0.0
1648,3415,0.0,0.9999999999999998,0.0
1648,3416,0.0,0.9999999999999998,0.0
1648,3417,0.0,0.9999999999999998,0.0
1648,3418,0.0,0.9999999999999998,0.0
1648,3419,0.0,0.9999999999999998,0.0
1648,3420,0.0,0.9999999999999998,0.0
1648,3421,0.0,0.9999999999999998,0.0
1648,3422,0.0,0.9999999999999998,0.0
1648,3423,0.0,0.9999999999999998,0.0
1648,3424,0.0,0.9999999999999998,0.0
1648,3425,0.0,0.9999999999999998,0.0
1648,3426,0.0,0.9999999999999998,0.0
1648,3427,0.0,0.9999999999999998,0.0
1648,3428,0.0,0.9999999999999998,0.0
1648,3429,0.0,0.9999999999999998,0.0
1648,3430,0.0,0.9999999999999998,0.0
1648,3431,0.0,0.9999999999999998,0.0
1648,3432,0.0,0.9999999999999998,0.0
1648,3433,0.0,0.9999999999999998,0.0
1648,3434,0.0,0.9999999999999998,0.0
1648,3435,0.0,0.9999999999999998,0.0
1648,3436,0.0,0.9999999999999998,0.0
1648,3437,0.0,0.9999999999999998,0.0
1648,3438,0.0,0.9999999999999998,0.0
1648,3439,0.0,0.9999999999999998,0.0
1648,3440,0.0,0.9999999999999998,0.0
1648,3441,0.0,0.9999999999999998,0.0
1648,3442,0.0,0.9999999999999998,0.0
1648,3443,0.0,0.9999999999999998,0.0
1648,3444,0.0,0.9999999999999998,0.0
1648,3445,0.0,0.9999999999999998,0.0
1648,3446,0.0,0.9999999999999998,0.0
1648,3447,0.0,0.9999999999999998,0.0
1648,3448,0.0,0.9999999999999998,0.0
1648,3449,0.0,0.9999999999999998,0.0
1648,3450,0.0,0.9999999999999998,0.0
1648,3451,0.0,0.9999999999999998,0.0
1648,3452,0.0,0.9999999999999998,0.0
1648,3453,0.0,0.9999999999999998,0.0
1648,3454,0.0,0.9999999999999998,0.0
1648,3455,0.0,0.9999999999999998,0.0
1648,3456,0.0,0.9999999999999998,0.0
1648,3457,0.0,0.9999999999999998,0.0
1648,3458,0.0,0.9999999999999998,0.0
1648,3459,0.0,0.9999999999999998,0.0
1648,3460,0.0,0.9999999999999998,0.0
1648,3461,0.0,0.9999999999999998,0.0
1648,3462,0.0,0.9999999999999998,0.0
1648,3463,0.0,0.9999999999999998,0.0
1648,3464,0.0,0.9999999999999998,0.0
1648,3465,0.0,0.9999999999999998,0.0
1648,3466,0.0,0.9999999999999998,0.0
1648,3467,0.0,0.9999999999999998,0.0
1648,3468,0.0,0.9999999999999998,0.0
1648,3469,0.0,0.9999999999999998,0.0
1648,3470,0.0,0.9999999999999998,0.0
1648,3471,0.0,0.9999999999999998,0.0
1648,3472,0.0,0.9999999999999998,0.0
1648,3473,0.0,0.9999999999999998,0.0
1648,3474,0.0,0.9999999999999998,0.0
1648,3475,0.0,0.9999999999999998,0.0
1648,3476,0.0,0.9999999999999998,0.0
1648,3477,0.0,0.9999999999999998,0.0
1648,3478,0.0,0.9999999999999998,0.0
1648,3479,0.0,0.9999999999999998,0.0
1648,3480,0.0,0.9999999999999998,0.0
1648,3481,0.0,0.9999999999999998,0.0
1648,3482,0.0,0.9999999999999998,0.0
1648,3483,0.0,0.9999999999999998,0.0
1648,3484,0.0,0.9999999999999998,0.0
1648,3485,0.0,0.9999999999999998,0.0
1648,3486,0.0,0.9999999999999998,0.0
1648,3487,0.0,0.9999999999999998,0.0
1648,3488,0.0,0.9999999999999998,0.0
1648,3489,0.0,0.9999999999999998,0.0
1648,3490,0.0,0.9999999999999998,0.0
1648,3491,0.0,0.9999999999999998,0.0
1648,3492,0.0,0.9999999999999998,0.0
1648,3493,0.0,0.9999999999999998,0.0
1648,3494,0.0,0.9999999999999998,0.0
1648,3495,0.0,0.9999999999999998,0.0
1648,3496,0.0,0.9999999999999998,0.0
1648,3497,0.0,0.9999999999999998,0.0
1648,3498,0.0,0.9999999999999998,0.0
1648,3499,0.0,0.9999999999999998,0.0
1648,3500,0.0,0.9999999999999998,0.0
1648,3501,0.0,0.9999999999999998,0.0
1648,3502,0.0,0.9999999999999998,0.0
1648,3503,0.0,0.9999999999999998,0.0
1648,3504,0.0,0.9999999999999998,0.0
1648,3505,0.0,0.9999999999999998,0.0
1648,3506,0.0,0.9999999999999998,0.0
1648,3507,0.0,0.9999999999999998,0.0
1648,3508,0.0,0.9999999999999998,0.0
1648,3509,0.0,0.9999999999999998,0.0
1648,3510,0.0,0.9999999999999998,0.0
1648,3511,0.0,0.9999999999999998,0.0
1648,3512,0.0,0.9999999999999998,0.0
1648,3513,0.0,0.9999999999999998,0.0
1648,3514,0.0,0.9999999999999998,0.0
1648,3515,0.0,0.9999999999999998,0.0
1648,3516,0.0,0.9999999999999998,0.0
1648,3517,0.0,0.9999999999999998,0.0
1648,3518,0.0,0.9999999999999998,0.0
1648,3519,0.0,0.9999999999999998,0.0
1648,3520,0.0,0.9999999999999998,0.0
1648,3521,0.0,0.9999999999999998,0.0
1648,3522,0.0,0.9999999999999998,0.0
1648,3523,0.0,0.9999999999999998,0.0
1648,3524,0.0,0.9999999999999998,0.0
1648,3525,0.0,0.9999999999999998,0.0
1648,3526,0.0,0.9999999999999998,0.0
1648,3527,0.0,0.9999999999999998,0.0
1648,3528,0.0,0.9999999999999998,0.0
1648,3529,0.0,0.9999999999999998,0.0
1648,3530,0.0,0.9999999999999998,0.0
1648,3531,0.0,0.9999999999999998,0.0
1648,3532,0.0,0.9999999999999998,0.0
1648,3533,0.0,0.9999999999999998,0.0
1648,3534,0.0,0.9999999999999998,0.0
1648,3535,0.0,0.9999999999999998,0.0
1648,3536,0.0,0.9999999999999998,0.0
1648,3537,0.0,0.9999999999999998,0.0
1648,3538,0.0,0.9999999999999998,0.0
1648,3539,0.0,0.9999999999999998,0.0
1648,3540,0.0,0.9999999999999998,0.0
1648,3541,0.0,0.9999999999999998,0.0
1648,3542,0.0,0.9999999999999998,0.0
1648,3543,0.0,0.9999999999999998,0.0
1648,3544,0.0,0.9999999999999998,0.0
1648,3545,0.0,0.9999999999999998,0.0
1648,3546,0.0,0.9999999999999998,0.0
1648,3547,0.0,0.9999999999999998,0.0
1648,3548,0.0,0.9999999999999998,0.0
1648,3549,0.0,0.9999999999999998,0.0
1648,3550,0.0,0.9999999999999998,0.0
1648,3551,0.0,0.9999999999999998,0.0
1648,3552,0.0,0.9999999999999998,0.0
1648,3553,0.0,0.9999999999999998,0.0
1648,3554,0.0,0.9999999999999998,0.0
1648,3555,0.0,0.9999999999999998,0.0
1648,3556,0.0,0.9999999999999998,0.0
1648,3557,0.0,0.9999999999999998,0.0
1648,3558,0.0,0.9999999999999998,0.0
1648,3559,0.0,0.9999999999999998,0.0
1648,3560,0.0,0.9999999999999998,0.0
1648,3561,0.0,0.9999999999999998,0.0
1648,3562,0.0,0.9999999999999998,0.0
1648,3563,0.0,0.9999999999999998,0.0
1648,3564,0.0,0.9999999999999998,0.0
1648,3565,0.0,0.9999999999999998,0.0
1648,3566,0.0,0.9999999999999998,0.0
1648,3567,0.0,0.9999999999999998,0.0
1648,3568,0.0,0.9999999999999998,0.0
1648,3569,0.0,0.9999999999999998,0.0
1648,3570,0.0,0.9999999999999998,0.0
1648,3571,0.0,0.9999999999999998,0.0
1648,3572,0.0,0.9999999999999998,0.0
1648,3573,0.0,0.9999999999999998,0.0
1648,3574,0.0,0.9999999999999998,0.0
1648,3575,0.0,0.9999999999999998,0.0
1648,3576,0.0,0.9999999999999998,0.0
1648,3577,0.0,0.9999999999999998,0.0
1648,3578,0.0,0.9999999999999998,0.0
1648,3579,0.0,0.9999999999999998,0.0
1648,3580,0.0,0.9999999999999998,0.0
1648,3581,0.0,0.9999999999999998,0.0
1648,3582,0.0,0.9999999999999998,0.0
1648,3583,0.0,0.9999999999999998,0.0
1648,3584,0.0,0.9999999999999998,0.0
1648,3585,0.0,0.9999999999999998,0.0
1648,3586,0.0,0.9999999999999998,0.0
1648,3587,0.0,0.9999999999999998,0.0
1648,3588,0.0,0.9999999999999998,0.0
1648,3589,0.0,0.9999999999999998,0.0
1648,3590,0.0,0.9999999999999998,0.0
1648,3591,0.0,0.9999999999999998,0.0
1648,3592,0.0,0.9999999999999998,0.0
1648,3593,0.0,0.9999999999999998,0.0
1648,3594,0.0,0.9999999999999998,0.0
1648,3595,0.0,0.9999999999999998,0.0
1648,3596,0.0,0.9999999999999998,0.0
1648,3597,0.0,0.9999999999999998,0.0
1648,3598,0.0,0.9999999999999998,0.0
1648,3599,0.0,0.9999999999999998,0.0
1648,3600,0.0,0.9999999999999998,0.0
1648,3601,0.0,0.9999999999999998,0.0
1648,3602,0.0,0.9999999999999998,0.0
1648,3603,0.0,0.9999999999999998,0.0
1648,3604,0.0,0.9999999999999998,0.0
1648,3605,0.0,0.9999999999999998,0.0
1648,3606,0.0,0.9999999999999998,0.0
1648,3607,0.0,0.9999999999999998,0.0
1648,3608,0.0,0.9999999999999998,0.0
1648,3609,0.0,0.9999999999999998,0.0
1648,3610,0.0,0.9999999999999998,0.0
1648,3611,0.0,0.9999999999999998,0.0
1648,3612,0.0,0.9999999999999998,0.0
1648,3613,0.0,0.9999999999999998,0.0
1648,3614,0.0,0.9999999999999998,0.0
1648,3615,0.0,0.9999999999999998,0.0
1648,3616,0.0,0.9999999999999998,0.0
1648,3617,0.0,0.9999999999999998,0.0
1648,3618,0.0,0.9999999999999998,0.0
1648,3619,0.0,0.9999999999999998,0.0
1648,3620,0.0,0.9999999999999998,0.0
1648,3621,0.0,0.9999999999999998,0.0
1648,3622,0.0,0.9999999999999998,0.0
1648,3623,0.0,0.9999999999999998,0.0
1648,3624,0.0,0.9999999999999998,0.0
1648,3625,0.0,0.9999999999999998,0.0
1648,3626,0.0,0.9999999999999998,0.0
1648,3627,0.0,0.9999999999999998,0.0
1648,3628,0.0,0.9999999999999998,0.0
1648,3629,0.0,0.9999999999999998,0.0
1648,3630,0.0,0.9999999999999998,0.0
1648,3631,0.0,0.9999999999999998,0.0
1648,3632,0.0,0.9999999999999998,0.0
1648,3633,0.0,0.9999999999999998,0.0
1648,3634,0.0,0.9999999999999998,0.0
1648,3635,0.0,0.9999999999999998,0.0
1648,3636,0.0,0.9999999999999998,0.0
1648,3637,0.0,0.9999999999999998,0.0
1648,3638,0.0,0.9999999999999998,0.0
1648,3639,0.0,0.9999999999999998,0.0
1648,3640,0.0,0.9999999999999998,0.0
1648,3641,0.0,0.9999999999999998,0.0
1648,3642,0.0,0.9999999999999998,0.0
1648,3643,0.0,0.9999999999999998,0.0
1648,3644,0.0,0.9999999999999998,0.0
1648,3645,0.0,0.9999999999999998,0.0
1648,3646,0.0,0.9999999999999998,0.0
1648,3647,0.0,0.9999999999999998,0.0
1648,3648,0.0,0.9999999999999998,0.0
1648,3649,0.0,0.9999999999999998,0.0
1648,3650,0.0,0.9999999999999998,0.0
1648,3651,0.0,0.9999999999999998,0.0
1648,3652,0.0,0.9999999999999998,0.0
1648,3653,0.0,0.9999999999999998,0.0
1648,3654,0.0,0.9999999999999998,0.0
1648,3655,0.0,0.9999999999999998,0.0
1648,3656,0.0,0.9999999999999998,0.0
1648,3657,0.0,0.9999999999999998,0.0
1648,3658,0.0,0.9999999999999998,0.0
1648,3659,0.0,0.9999999999999998,0.0
1648,3660,0.0,0.9999999999999998,0.0
1648,3661,0.0,0.9999999999999998,0.0
1648,3662,0.0,0.9999999999999998,0.0
1648,3663,0.0,0.9999999999999998,0.0
1648,3664,0.0,0.9999999999999998,0.0
1648,3665,0.0,0.9999999999999998,0.0
1648,3666,0.0,0.9999999999999998,0.0
1648,3667,0.0,0.9999999999999998,0.0
1648,3668,0.0,0.9999999999999998,0.0
1648,3669,0.0,0.9999999999999998,0.0
1648,3670,0.0,0.9999999999999998,0.0
1648,3671,0.0,0.9999999999999998,0.0
1648,3672,0.0,0.9999999999999998,0.0
1648,3673,0.0,0.9999999999999998,0.0
1648,3674,0.0,0.9999999999999998,0.0
1648,3675,0.0,0.9999999999999998,0.0
1648,3676,0.0,0.9999999999999998,0.0
1648,3677,0.0,0.9999999999999998,0.0
1648,3678,0.0,0.9999999999999998,0.0
1648,3679,0.0,0.9999999999999998,0.0
1648,3680,0.0,0.9999999999999998,0.0
1648,3681,0.0,0.9999999999999998,0.0
1648,3682,0.0,0.9999999999999998,0.0
1648,3683,0.0,0.9999999999999998,0.0
1648,3684,0.0,0.9999999999999998,0.0
1648,3685,0.0,0.9999999999999998,0.0
1648,3686,0.0,0.9999999999999998,0.0
1648,3687,0.0,0.9999999999999998,0.0
1648,3688,0.0,0.9999999999999998,0.0
1648,3689,0.0,0.9999999999999998,0.0
1648,3690,0.0,0.9999999999999998,0.0
1648,3691,0.0,0.9999999999999998,0.0
1648,3692,0.0,0.9999999999999998,0.0
1648,3693,0.0,0.9999999999999998,0.0
1648,3694,0.0,0.9999999999999998,0.0
1648,3695,0.0,0.9999999999999998,0.0
1648,3696,0.0,0.9999999999999998,0.0
1648,3697,0.0,0.9999999999999998,0.0
1648,3698,0.0,0.9999999999999998,0.0
1648,3699,0.0,0.9999999999999998,0.0
1648,3700,0.0,0.9999999999999998,0.0
1648,3701,0.0,0.9999999999999998,0.0
1648,3702,0.0,0.9999999999999998,0.0
1648,3703,0.0,0.9999999999999998,0.0
1648,3704,0.0,0.9999999999999998,0.0
1648,3705,0.0,0.9999999999999998,0.0
1648,3706,0.0,0.9999999999999998,0.0
1648,3707,0.0,0.9999999999999998,0.0
1648,3708,0.0,0.9999999999999998,0.0
1648,3709,0.0,0.9999999999999998,0.0
1648,3710,0.0,0.9999999999999998,0.0
1648,3711,0.0,0.9999999999999998,0.0
1648,3712,0.0,0.9999999999999998,0.0
1648,3713,0.0,0.9999999999999998,0.0
1648,3714,0.0,0.9999999999999998,0.0
1648,3715,0.0,0.9999999999999998,0.0
1648,3716,0.0,0.9999999999999998,0.0
1648,3717,0.0,0.9999999999999998,0.0
1648,3718,0.0,0.9999999999999998,0.0
1648,3719,0.0,0.9999999999999998,0.0
1648,3720,0.0,0.9999999999999998,0.0
1648,3721,0.0,0.9999999999999998,0.0
1648,3722,0.0,0.9999999999999998,0.0
1648,3723,0.0,0.9999999999999998,0.0
1648,3724,0.0,0.9999999999999998,0.0
1648,3725,0.0,0.9999999999999998,0.0
1648,3726,0.0,0.9999999999999998,0.0
1648,3727,0.0,0.9999999999999998,0.0
1648,3728,0.0,0.9999999999999998,0.0
1648,3729,0.0,0.9999999999999998,0.0
1648,3730,0.0,0.9999999999999998,0.0
1648,3731,0.0,0.9999999999999998,0.0
1648,3732,0.0,0.9999999999999998,0.0
1648,3733,0.0,0.9999999999999998,0.0
1648,3734,0.0,0.9999999999999998,0.0
1648,3735,0.0,0.9999999999999998,0.0
1648,3736,0.0,0.9999999999999998,0.0
1648,3737,0.0,0.9999999999999998,0.0
1648,3738,0.0,0.9999999999999998,0.0
1648,3739,0.0,0.9999999999999998,0.0
1648,3740,0.0,0.9999999999999998,0.0
1648,3741,0.0,0.9999999999999998,0.0
1648,3742,0.0,0.9999999999999998,0.0
1648,3743,0.0,0.9999999999999998,0.0
1648,3744,0.0,0.9999999999999998,0.0
1648,3745,0.0,0.9999999999999998,0.0
1648,3746,0.0,0.9999999999999998,0.0
1648,3747,0.0,0.9999999999999998,0.0
1648,3748,0.0,0.9999999999999998,0.0
1648,3749,0.0,0.9999999999999998,0.0
1648,3750,0.0,0.9999999999999998,0.0
1648,3751,0.0,0.9999999999999998,0.0
1648,3752,0.0,0.9999999999999998,0.0
1648,3753,0.0,0.9999999999999998,0.0
1648,3754,0.0,0.9999999999999998,0.0
1648,3755,0.0,0.9999999999999998,0.0
1648,3756,0.0,0.9999999999999998,0.0
1648,3757,0.0,0.9999999999999998,0.0
1648,3758,0.0,0.9999999999999998,0.0
1648,3759,0.0,0.9999999999999998,0.0
1648,3760,0.0,0.9999999999999998,0.0
1648,3761,0.0,0.9999999999999998,0.0
1648,3762,0.0,0.9999999999999998,0.0
1648,3763,0.0,0.9999999999999998,0.0
1648,3764,0.0,0.9999999999999998,0.0
1648,3765,0.0,0.9999999999999998,0.0
1648,3766,0.0,0.9999999999999998,0.0
1648,3767,0.0,0.9999999999999998,0.0
1648,3768,0.0,0.9999999999999998,0.0
1648,3769,0.0,0.9999999999999998,0.0
1648,3770,0.0,0.9999999999999998,0.0
1648,3771,0.0,0.9999999999999998,0.0
1648,3772,0.0,0.9999999999999998,0.0
1648,3773,0.0,0.9999999999999998,0.0
1648,3774,0.0,0.9999999999999998,0.0
1648,3775,0.0,0.9999999999999998,0.0
1648,3776,0.0,0.9999999999999998,0.0
1648,3777,0.0,0.9999999999999998,0.0
1648,3778,0.0,0.9999999999999998,0.0
1648,3779,0.0,0.9999999999999998,0.0
1648,3780,0.0,0.9999999999999998,0.0
1648,3781,0.0,0.9999999999999998,0.0
1648,3782,0.0,0.9999999999999998,0.0
1648,3783,0.0,0.9999999999999998,0.0
1648,3784,0.0,0.9999999999999998,0.0
1648,3785,0.0,0.9999999999999998,0.0
1648,3786,0.0,0.9999999999999998,0.0
1648,3787,0.0,0.9999999999999998,0.0
1648,3788,0.0,0.9999999999999998,0.0
1648,3789,0.0,0.9999999999999998,0.0
1648,3790,0.0,0.9999999999999998,0.0
1648,3791,0.0,0.9999999999999998,0.0
1648,3792,0.0,0.9999999999999998,0.0
1648,3793,0.0,0.9999999999999998,0.0
1648,3794,0.0,0.9999999999999998,0.0
1648,3795,0.0,0.9999999999999998,0.0
1648,3796,0.0,0.9999999999999998,0.0
1648,3797,0.0,0.9999999999999998,0.0
1648,3798,0.0,0.9999999999999998,0.0
1648,3799,0.0,0.9999999999999998,0.0
1648,3800,0.0,0.9999999999999998,0.0
1648,3801,0.0,0.9999999999999998,0.0
1648,3802,0.0,0.9999999999999998,0.0
1648,3803,0.0,0.9999999999999998,0.0
1648,3804,0.0,0.9999999999999998,0.0
1648,3805,0.0,0.9999999999999998,0.0
1648,3806,0.0,0.9999999999999998,0.0
1648,3807,0.0,0.9999999999999998,0.0
1648,3808,0.0,0.9999999999999998,0.0
1648,3809,0.0,0.9999999999999998,0.0
1648,3810,0.0,0.9999999999999998,0.0
1648,3811,0.0,0.9999999999999998,0.0
1648,3812,0.0,0.9999999999999998,0.0
1648,3813,0.0,0.9999999999999998,0.0
1648,3814,0.0,0.9999999999999998,0.0
1648,3815,0.0,0.9999999999999998,0.0
1648,3816,0.0,0.9999999999999998,0.0
1648,3817,0.0,0.9999999999999998,0.0
1648,3818,0.0,0.9999999999999998,0.0
1648,3819,0.0,0.9999999999999998,0.0
1648,3820,0.0,0.9999999999999998,0.0
1648,3821,0.0,0.9999999999999998,0.0
1648,3822,0.0,0.9999999999999998,0.0
1648,3823,0.0,0.9999999999999998,0.0
1648,3824,0.0,0.9999999999999998,0.0
1648,3825,0.0,0.9999999999999998,0.0
1648,3826,0.0,0.9999999999999998,0.0
1648,3827,0.0,0.9999999999999998,0.0
1648,3828,0.0,0.9999999999999998,0.0
1648,3829,0.0,0.9999999999999998,0.0
1648,3830,0.0,0.9999999999999998,0.0
1648,3831,0.0,0.9999999999999998,0.0
1648,3832,0.0,0.9999999999999998,0.0
1648,3833,0.0,0.9999999999999998,0.0
1648,3834,0.0,0.9999999999999998,0.0
1648,3835,0.0,0.9999999999999998,0.0
1648,3836,0.0,0.9999999999999998,0.0
1648,3837,0.0,0.9999999999999998,0.0
1648,3838,0.0,0.9999999999999998,0.0
1648,3839,0.0,0.9999999999999998,0.0
1648,3840,0.0,0.9999999999999998,0.0
1648,3841,0.0,0.9999999999999998,0.0
1648,3842,0.0,0.9999999999999998,0.0
1648,3843,0.0,0.9999999999999998,0.0
1648,3844,0.0,0.9999999999999998,0.0
1648,3845,0.0,0.9999999999999998,0.0
1648,3846,0.0,0.9999999999999998,0.0
1648,3847,0.0,0.9999999999999998,0.0
1648,3848,0.0,0.9999999999999998,0.0
1648,3849,0.0,0.9999999999999998,0.0
1648,3850,0.0,0.9999999999999998,0.0
1648,3851,0.0,0.9999999999999998,0.0
1648,3852,0.0,0.9999999999999998,0.0
1648,3853,0.0,0.9999999999999998,0.0
1648,3854,0.0,0.9999999999999998,0.0
1648,3855,0.0,0.9999999999999998,0.0
1648,3856,0.0,0.9999999999999998,0.0
1648,3857,0.0,0.9999999999999998,0.0
1648,3858,0.0,0.9999999999999998,0.0
1648,3859,0.0,0.9999999999999998,0.0
1648,3860,0.0,0.9999999999999998,0.0
1648,3861,0.0,0.9999999999999998,0.0
1648,3862,0.0,0.9999999999999998,0.0
1648,3863,0.0,0.9999999999999998,0.0
1648,3864,0.0,0.9999999999999998,0.0
1648,3865,0.0,0.9999999999999998,0.0
1648,3866,0.0,0.9999999999999998,0.0
1648,3867,0.0,0.9999999999999998,0.0
1648,3868,0.0,0.9999999999999998,0.0
1648,3869,0.0,0.9999999999999998,0.0
1648,3870,0.0,0.9999999999999998,0.0
1648,3871,0.0,0.9999999999999998,0.0
1648,3872,0.0,0.9999999999999998,0.0
1648,3873,0.0,0.9999999999999998,0.0
1648,3874,0.0,0.9999999999999998,0.0
1648,3875,0.0,0.9999999999999998,0.0
1648,3876,0.0,0.9999999999999998,0.0
1648,3877,0.0,0.9999999999999998,0.0
1648,3878,0.0,0.9999999999999998,0.0
1648,3879,0.0,0.9999999999999998,0.0
1648,3880,0.0,0.9999999999999998,0.0
1648,3881,0.0,0.9999999999999998,0.0
1648,3882,0.0,0.9999999999999998,0.0
1648,3883,0.0,0.9999999999999998,0.0
1648,3884,0.0,0.9999999999999998,0.0
1648,3885,0.0,0.9999999999999998,0.0
1648,3886,0.0,0.9999999999999998,0.0
1648,3887,0.0,0.9999999999999998,0.0
1648,3888,0.0,0.9999999999999998,0.0
1648,3889,0.0,0.9999999999999998,0.0
1648,3890,0.0,0.9999999999999998,0.0
1648,3891,0.0,0.9999999999999998,0.0
1648,3892,0.0,0.9999999999999998,0.0
1648,3893,0.0,0.9999999999999998,0.0
1648,3894,0.0,0.9999999999999998,0.0
1648,3895,0.0,0.9999999999999998,0.0
1648,3896,0.0,0.9999999999999998,0.0
1648,3897,0.0,0.9999999999999998,0.0
1648,3898,0.0,0.9999999999999998,0.0
1648,3899,0.0,0.9999999999999998,0.0
1648,3900,0.0,0.9999999999999998,0.0
1648,3901,0.0,0.9999999999999998,0.0
1648,3902,0.0,0.9999999999999998,0.0
1648,3903,0.0,0.9999999999999998,0.0
1648,3904,0.0,0.9999999999999998,0.0
1648,3905,0.0,0.9999999999999998,0.0
1648,3906,0.0,0.9999999999999998,0.0
1648,3907,0.0,0.9999999999999998,0.0
1648,3908,0.0,0.9999999999999998,0.0
1648,3909,0.0,0.9999999999999998,0.0
1648,3910,0.0,0.9999999999999998,0.0
1648,3911,0.0,0.9999999999999998,0.0
1648,3912,0.0,0.9999999999999998,0.0
1648,3913,0.0,0.9999999999999998,0.0
1648,3914,0.0,0.9999999999999998,0.0
1648,3915,0.0,0.9999999999999998,0.0
1648,3916,0.0,0.9999999999999998,0.0
1648,3917,0.0,0.9999999999999998,0.0
1648,3918,0.0,0.9999999999999998,0.0
1648,3919,0.0,0.9999999999999998,0.0
1648,3920,0.0,0.9999999999999998,0.0
1648,3921,0.0,0.9999999999999998,0.0
1648,3922,0.0,0.9999999999999998,0.0
1648,3923,0.0,0.9999999999999998,0.0
1648,3924,0.0,0.9999999999999998,0.0
1648,3925,0.0,0.9999999999999998,0.0
1648,3926,0.0,0.9999999999999998,0.0
1648,3927,0.0,0.9999999999999998,0.0
1648,3928,0.0,0.9999999999999998,0.0
1648,3929,0.0,0.9999999999999998,0.0
1648,3930,0.0,0.9999999999999998,0.0
1648,3931,0.0,0.9999999999999998,0.0
1648,3932,0.0,0.9999999999999998,0.0
1648,3933,0.0,0.9999999999999998,0.0
1648,3934,0.0,0.9999999999999998,0.0
1648,3935,0.0,0.9999999999999998,0.0
1648,3936,0.0,0.9999999999999998,0.0
1648,3937,0.0,0.9999999999999998,0.0
1648,3938,0.0,0.9999999999999998,0.0
1648,3939,0.0,0.9999999999999998,0.0
1648,3940,0.0,0.9999999999999998,0.0
1648,3941,0.0,0.9999999999999998,0.0
1648,3942,0.0,0.9999999999999998,0.0
1648,3943,0.0,0.9999999999999998,0.0
1648,3944,0.0,0.9999999999999998,0.0
1648,3945,0.0,0.9999999999999998,0.0
1648,3946,0.0,0.9999999999999998,0.0
1648,3947,0.0,0.9999999999999998,0.0
1648,3948,0.0,0.9999999999999998,0.0
1648,3949,0.0,0.9999999999999998,0.0
1648,3950,0.0,0.9999999999999998,0.0
1648,3951,0.0,0.9999999999999998,0.0
1648,3952,0.0,0.9999999999999998,0.0
1648,3953,0.0,0.9999999999999998,0.0
1648,3954,0.0,0.9999999999999998,0.0
1648,3955,0.0,0.9999999999999998,0.0
1648,3956,0.0,0.9999999999999998,0.0
1648,3957,0.0,0.9999999999999998,0.0
1648,3958,0.0,0.9999999999999998,0.0
1648,3959,0.0,0.9999999999999998,0.0
1648,3960,0.0,0.9999999999999998,0.0
1648,3961,0.0,0.9999999999999998,0.0
1648,3962,0.0,0.9999999999999998,0.0
1648,3963,0.0,0.9999999999999998,0.0
1648,3964,0.0,0.9999999999999998,0.0
1648,3965,0.0,0.9999999999999998,0.0
1648,3966,0.0,0.9999999999999998,0.0
1648,3967,0.0,0.9999999999999998,0.0
1648,3968,0.0,0.9999999999999998,0.0
1648,3969,0.0,0.9999999999999998,0.0
1648,3970,0.0,0.9999999999999998,0.0
1648,3971,0.0,0.9999999999999998,0.0
1648,3972,0.0,0.9999999999999998,0.0
1648,3973,0.0,0.9999999999999998,0.0
1648,3974,0.0,0.9999999999999998,0.0
1648,3975,0.0,0.9999999999999998,0.0
1648,3976,0.0,0.9999999999999998,0.0
1648,3977,0.0,0.9999999999999998,0.0
1648,3978,0.0,0.9999999999999998,0.0
1648,3979,0.0,0.9999999999999998,0.0
1648,3980,0.0,0.9999999999999998,0.0
1648,3981,0.0,0.9999999999999998,0.0
1648,3982,0.0,0.9999999999999998,0.0
1648,3983,0.0,0.9999999999999998,0.0
1648,3984,0.0,0.9999999999999998,0.0
1648,3985,0.0,0.9999999999999998,0.0
1648,3986,0.0,0.9999999999999998,0.0
1648,3987,0.0,0.9999999999999998,0.0
1648,3988,0.0,0.9999999999999998,0.0
1648,3989,0.0,0.9999999999999998,0.0
1648,3990,0.0,0.9999999999999998,0.0
1648,3991,0.0,0.9999999999999998,0.0
1648,3992,0.0,0.9999999999999998,0.0
1648,3993,0.0,0.9999999999999998,0.0
1648,3994,0.0,0.9999999999999998,0.0
1648,3995,0.0,0.9999999999999998,0.0
1648,3996,0.0,0.9999999999999998,0.0
1648,3997,0.0,0.9999999999999998,0.0
1648,3998,0.0,0.9999999999999998,0.0
1648,3999,0.0,0.9999999999999998,0.0
1648,4000,0.0,0.9999999999999998,0.0
1648,4001,0.0,0.9999999999999998,0.0
1648,4002,0.0,0.9999999999999998,0.0
1648,4003,0.0,0.9999999999999998,0.0
1648,4004,0.0,0.9999999999999998,0.0
1648,4005,0.0,0.9999999999999998,0.0
1648,4006,0.0,0.9999999999999998,0.0
1648,4007,0.0,0.9999999999999998,0.0
1648,4008,0.0,0.9999999999999998,0.0
1648,4009,0.0,0.9999999999999998,0.0
1648,4010,0.0,0.9999999999999998,0.0
1648,4011,0.0,0.9999999999999998,0.0
1648,4012,0.0,0.9999999999999998,0.0
1648,4013,0.0,0.9999999999999998,0.0
1648,4014,0.0,0.9999999999999998,0.0
1648,4015,0.0,0.9999999999999998,0.0
1648,4016,0.0,0.9999999999999998,0.0
1648,4017,0.0,0.9999999999999998,0.0
1648,4018,0.0,0.9999999999999998,0.0
1648,4019,0.0,0.9999999999999998,0.0
1648,4020,0.0,0.9999999999999998,0.0
1648,4021,0.0,0.9999999999999998,0.0
1648,4022,0.0,0.9999999999999998,0.0
1648,4023,0.0,0.9999999999999998,0.0
1648,4024,0.0,0.9999999999999998,0.0
1648,4025,0.0,0.9999999999999998,0.0
1648,4026,0.0,0.9999999999999998,0.0
1648,4027,0.0,0.9999999999999998,0.0
1648,4028,0.0,0.9999999999999998,0.0
1648,4029,0.0,0.9999999999999998,0.0
1648,4030,0.0,0.9999999999999998,0.0
1648,4031,0.0,0.9999999999999998,0.0
1648,4032,0.0,0.9999999999999998,0.0
1648,4033,0.0,0.9999999999999998,0.0
1648,4034,0.0,0.9999999999999998,0.0
1648,4035,0.0,0.9999999999999998,0.0
1648,4036,0.0,0.9999999999999998,0.0
1648,4037,0.0,0.9999999999999998,0.0
1648,4038,0.0,0.9999999999999998,0.0
1648,4039,0.0,0.9999999999999998,0.0
1648,4040,0.0,0.9999999999999998,0.0
1648,4041,0.0,0.9999999999999998,0.0
1648,4042,0.0,0.9999999999999998,0.0
1648,4043,0.0,0.9999999999999998,0.0
1648,4044,0.0,0.9999999999999998,0.0
1648,4045,0.0,0.9999999999999998,0.0
1648,4046,0.0,0.9999999999999998,0.0
1648,4047,0.0,0.9999999999999998,0.0
1648,4048,0.0,0.9999999999999998,0.0
1648,4049,0.0,0.9999999999999998,0.0
1648,4050,0.0,0.9999999999999998,0.0
1648,4051,0.0,0.9999999999999998,0.0
1648,4052,0.0,0.9999999999999998,0.0
1648,4053,0.0,0.9999999999999998,0.0
1648,4054,0.0,0.9999999999999998,0.0
1648,4055,0.0,0.9999999999999998,0.0
1648,4056,0.0,0.9999999999999998,0.0
1648,4057,0.0,0.9999999999999998,0.0
1648,4058,0.0,0.9999999999999998,0.0
1648,4059,0.0,0.9999999999999998,0.0
1648,4060,0.0,0.9999999999999998,0.0
1648,4061,0.0,0.9999999999999998,0.0
1648,4062,0.0,0.9999999999999998,0.0
1648,4063,0.0,0.9999999999999998,0.0
1648,4064,0.0,0.9999999999999998,0.0
1648,4065,0.0,0.9999999999999998,0.0
1648,4066,0.0,0.9999999999999998,0.0
1648,4067,0.0,0.9999999999999998,0.0
1648,4068,0.0,0.9999999999999998,0.0
1648,4069,0.0,0.9999999999999998,0.0
1648,4070,0.0,0.9999999999999998,0.0
1648,4071,0.0,0.9999999999999998,0.0
1648,4072,0.0,0.9999999999999998,0.0
1648,4073,0.0,0.9999999999999998,0.0
1648,4074,0.0,0.9999999999999998,0.0
1648,4075,0.0,0.9999999999999998,0.0
1648,4076,0.0,0.9999999999999998,0.0
1648,4077,0.0,0.9999999999999998,0.0
1648,4078,0.0,0.9999999999999998,0.0
1648,4079,0.0,0.9999999999999998,0.0
1648,4080,0.0,0.9999999999999998,0.0
1648,4081,0.0,0.9999999999999998,0.0
1648,4082,0.0,0.9999999999999998,0.0
1648,4083,0.0,0.9999999999999998,0.0
1648,4084,0.0,0.9999999999999998,0.0
1648,4085,0.0,0.9999999999999998,0.0
1648,4086,0.0,0.9999999999999998,0.0
1648,4087,0.0,0.9999999999999998,0.0
1648,4088,0.0,0.9999999999999998,0.0
1648,4089,0.0,0.9999999999999998,0.0
1648,4090,0.0,0.9999999999999998,0.0
1648,4091,0.0,0.9999999999999998,0.0
1648,4092,0.0,0.9999999999999998,0.0
1648,4093,0.0,0.9999999999999998,0.0
1648,4094,0.0,0.9999999999999998,0.0
1648,4095,0.0,0.9999999999999998,0.0
1648,4096,0.0,0.9999999999999998,0.0
1648,4097,0.0,0.9999999999999998,0.0
1648,4098,0.0,0.9999999999999998,0.0
1648,4099,0.0,0.9999999999999998,0.0
1648,4100,0.0,0.9999999999999998,0.0
1648,4101,0.0,0.9999999999999998,0.0
1648,4102,0.0,0.9999999999999998,0.0
1648,4103,0.0,0.9999999999999998,0.0
1648,4104,0.0,0.9999999999999998,0.0
1648,4105,0.0,0.9999999999999998,0.0
1648,4106,0.0,0.9999999999999998,0.0
1648,4107,0.0,0.9999999999999998,0.0
1648,4108,0.0,0.9999999999999998,0.0
1648,4109,0.0,0.9999999999999998,0.0
1648,4110,0.0,0.9999999999999998,0.0
1648,4111,0.0,0.9999999999999998,0.0
1648,4112,0.0,0.9999999999999998,0.0
1648,4113,0.0,0.9999999999999998,0.0
1648,4114,0.0,0.9999999999999998,0.0
1648,4115,0.0,0.9999999999999998,0.0
1648,4116,0.0,0.9999999999999998,0.0
1648,4117,0.0,0.9999999999999998,0.0
1648,4118,0.0,0.9999999999999998,0.0
1648,4119,0.0,0.9999999999999998,0.0
1648,4120,0.0,0.9999999999999998,0.0
1648,4121,0.0,0.9999999999999998,0.0
1648,4122,0.0,0.9999999999999998,0.0
1648,4123,0.0,0.9999999999999998,0.0
1648,4124,0.0,0.9999999999999998,0.0
1648,4125,0.0,0.9999999999999998,0.0
1648,4126,0.0,0.9999999999999998,0.0
1648,4127,0.0,0.9999999999999998,0.0
1648,4128,0.0,0.9999999999999998,0.0
1648,4129,0.0,0.9999999999999998,0.0
1648,4130,0.0,0.9999999999999998,0.0
1648,4131,0.0,0.9999999999999998,0.0
1648,4132,0.0,0.9999999999999998,0.0
1648,4133,0.0,0.9999999999999998,0.0
1648,4134,0.0,0.9999999999999998,0.0
1648,4135,0.0,0.9999999999999998,0.0
1648,4136,0.0,0.9999999999999998,0.0
1648,4137,0.0,0.9999999999999998,0.0
1648,4138,0.0,0.9999999999999998,0.0
1648,4139,0.0,0.9999999999999998,0.0
1648,4140,0.0,0.9999999999999998,0.0
1648,4141,0.0,0.9999999999999998,0.0
1648,4142,0.0,0.9999999999999998,0.0
1648,4143,0.0,0.9999999999999998,0.0
1648,4144,0.0,0.9999999999999998,0.0
1648,4145,0.0,0.9999999999999998,0.0
1648,4146,0.0,0.9999999999999998,0.0
1648,4147,0.0,0.9999999999999998,0.0
1648,4148,0.0,0.9999999999999998,0.0
1648,4149,0.0,0.9999999999999998,0.0
1648,4150,0.0,0.9999999999999998,0.0
1648,4151,0.0,0.9999999999999998,0.0
1648,4152,0.0,0.9999999999999998,0.0
1648,4153,0.0,0.9999999999999998,0.0
1648,4154,0.0,0.9999999999999998,0.0
1648,4155,0.0,0.9999999999999998,0.0
1648,4156,0.0,0.9999999999999998,0.0
1648,4157,0.0,0.9999999999999998,0.0
1648,4158,0.0,0.9999999999999998,0.0
1648,4159,0.0,0.9999999999999998,0.0
1648,4160,0.0,0.9999999999999998,0.0
1648,4161,0.0,0.9999999999999998,0.0
1648,4162,0.0,0.9999999999999998,0.0
1648,4163,0.0,0.9999999999999998,0.0
1648,4164,0.0,0.9999999999999998,0.0
1648,4165,0.0,0.9999999999999998,0.0
1648,4166,0.0,0.9999999999999998,0.0
1648,4167,0.0,0.9999999999999998,0.0
1648,4168,0.0,0.9999999999999998,0.0
1648,4169,0.0,0.9999999999999998,0.0
1648,4170,0.0,0.9999999999999998,0.0
1648,4171,0.0,0.9999999999999998,0.0
1648,4172,0.0,0.9999999999999998,0.0
1648,4173,0.0,0.9999999999999998,0.0
1648,4174,0.0,0.9999999999999998,0.0
1648,4175,0.0,0.9999999999999998,0.0
1648,4176,0.0,0.9999999999999998,0.0
1648,4177,0.0,0.9999999999999998,0.0
1648,4178,0.0,0.9999999999999998,0.0
1648,4179,0.0,0.9999999999999998,0.0
1648,4180,0.0,0.9999999999999998,0.0
1648,4181,0.0,0.9999999999999998,0.0
1648,4182,0.0,0.9999999999999998,0.0
1648,4183,0.0,0.9999999999999998,0.0
1648,4184,0.0,0.9999999999999998,0.0
1648,4185,0.0,0.9999999999999998,0.0
1648,4186,0.0,0.9999999999999998,0.0
1648,4187,0.0,0.9999999999999998,0.0
1648,4188,0.0,0.9999999999999998,0.0
1648,4189,0.0,0.9999999999999998,0.0
1648,4190,0.0,0.9999999999999998,0.0
1648,4191,0.0,0.9999999999999998,0.0
1648,4192,0.0,0.9999999999999998,0.0
1648,4193,0.0,0.9999999999999998,0.0
1648,4194,0.0,0.9999999999999998,0.0
1648,4195,0.0,0.9999999999999998,0.0
1648,4196,0.0,0.9999999999999998,0.0
1648,4197,0.0,0.9999999999999998,0.0
1648,4198,0.0,0.9999999999999998,0.0
1648,4199,0.0,0.9999999999999998,0.0
1648,4200,0.0,0.9999999999999998,0.0
1648,4201,0.0,0.9999999999999998,0.0
1648,4202,0.0,0.9999999999999998,0.0
1648,4203,0.0,0.9999999999999998,0.0
1648,4204,0.0,0.9999999999999998,0.0
1648,4205,0.0,0.9999999999999998,0.0
1648,4206,0.0,0.9999999999999998,0.0
1648,4207,0.0,0.9999999999999998,0.0
1648,4208,0.0,0.9999999999999998,0.0
1648,4209,0.0,0.9999999999999998,0.0
1648,4210,0.0,0.9999999999999998,0.0
1648,4211,0.0,0.9999999999999998,0.0
1648,4212,0.0,0.9999999999999998,0.0
1648,4213,0.0,0.9999999999999998,0.0
1648,4214,0.0,0.9999999999999998,0.0
1648,4215,0.0,0.9999999999999998,0.0
1648,4216,0.0,0.9999999999999998,0.0
1648,4217,0.0,0.9999999999999998,0.0
1648,4218,0.0,0.9999999999999998,0.0
1648,4219,0.0,0.9999999999999998,0.0
1648,4220,0.0,0.9999999999999998,0.0
1648,4221,0.0,0.9999999999999998,0.0
1648,4222,0.0,0.9999999999999998,0.0
1648,4223,0.0,0.9999999999999998,0.0
1648,4224,0.0,0.9999999999999998,0.0
1648,4225,0.0,0.9999999999999998,0.0
1648,4226,0.0,0.9999999999999998,0.0
1648,4227,0.0,0.9999999999999998,0.0
1648,4228,0.0,0.9999999999999998,0.0
1648,4229,0.0,0.9999999999999998,0.0
1648,4230,0.0,0.9999999999999998,0.0
1648,4231,0.0,0.9999999999999998,0.0
1648,4232,0.0,0.9999999999999998,0.0
1648,4233,0.0,0.9999999999999998,0.0
1648,4234,0.0,0.9999999999999998,0.0
1648,4235,0.0,0.9999999999999998,0.0
1648,4236,0.0,0.9999999999999998,0.0
1648,4237,0.0,0.9999999999999998,0.0
1648,4238,0.0,0.9999999999999998,0.0
1648,4239,0.0,0.9999999999999998,0.0
1648,4240,0.0,0.9999999999999998,0.0
1648,4241,0.0,0.9999999999999998,0.0
1648,4242,0.0,0.9999999999999998,0.0
1648,4243,0.0,0.9999999999999998,0.0
1648,4244,0.0,0.9999999999999998,0.0
1648,4245,0.0,0.9999999999999998,0.0
1648,4246,0.0,0.9999999999999998,0.0
1648,4247,0.0,0.9999999999999998,0.0
1648,4248,0.0,0.9999999999999998,0.0
1648,4249,0.0,0.9999999999999998,0.0
1648,4250,0.0,0.9999999999999998,0.0
1648,4251,0.0,0.9999999999999998,0.0
1648,4252,0.0,0.9999999999999998,0.0
1648,4253,0.0,0.9999999999999998,0.0
1648,4254,0.0,0.9999999999999998,0.0
1648,4255,0.0,0.9999999999999998,0.0
1648,4256,0.0,0.9999999999999998,0.0
1648,4257,0.0,0.9999999999999998,0.0
1648,4258,0.0,0.9999999999999998,0.0
1648,4259,0.0,0.9999999999999998,0.0
1648,4260,0.0,0.9999999999999998,0.0
1648,4261,0.0,0.9999999999999998,0.0
1648,4262,0.0,0.9999999999999998,0.0
1648,4263,0.0,0.9999999999999998,0.0
1648,4264,0.0,0.9999999999999998,0.0
1648,4265,0.0,0.9999999999999998,0.0
1648,4266,0.0,0.9999999999999998,0.0
1648,4267,0.0,0.9999999999999998,0.0
1648,4268,0.0,0.9999999999999998,0.0
1648,4269,0.0,0.9999999999999998,0.0
1648,4270,0.0,0.9999999999999998,0.0
1648,4271,0.0,0.9999999999999998,0.0
1648,4272,0.0,0.9999999999999998,0.0
1648,4273,0.0,0.9999999999999998,0.0
1648,4274,0.0,0.9999999999999998,0.0
1648,4275,0.0,0.9999999999999998,0.0
1648,4276,0.0,0.9999999999999998,0.0
1648,4277,0.0,0.9999999999999998,0.0
1648,4278,0.0,0.9999999999999998,0.0
1648,4279,0.0,0.9999999999999998,0.0
1648,4280,0.0,0.9999999999999998,0.0
1648,4281,0.0,0.9999999999999998,0.0
1648,4282,0.0,0.9999999999999998,0.0
1648,4283,0.0,0.9999999999999998,0.0
1648,4284,0.0,0.9999999999999998,0.0
1648,4285,0.0,0.9999999999999998,0.0
1648,4286,0.0,0.9999999999999998,0.0
1648,4287,0.0,0.9999999999999998,0.0
1648,4288,0.0,0.9999999999999998,0.0
1648,4289,0.0,0.9999999999999998,0.0
1648,4290,0.0,0.9999999999999998,0.0
1648,4291,0.0,0.9999999999999998,0.0
1648,4292,0.0,0.9999999999999998,0.0
1648,4293,0.0,0.9999999999999998,0.0
1648,4294,0.0,0.9999999999999998,0.0
1648,4295,0.0,0.9999999999999998,0.0
1648,4296,0.0,0.9999999999999998,0.0
1648,4297,0.0,0.9999999999999998,0.0
1648,4298,0.0,0.9999999999999998,0.0
1648,4299,0.0,0.9999999999999998,0.0
1648,4300,0.0,0.9999999999999998,0.0
1648,4301,0.0,0.9999999999999998,0.0
1648,4302,0.0,0.9999999999999998,0.0
1648,4303,0.0,0.9999999999999998,0.0
1648,4304,0.0,0.9999999999999998,0.0
1648,4305,0.0,0.9999999999999998,0.0
1648,4306,0.0,0.9999999999999998,0.0
1648,4307,0.0,0.9999999999999998,0.0
1648,4308,0.0,0.9999999999999998,0.0
1648,4309,0.0,0.9999999999999998,0.0
1648,4310,0.0,0.9999999999999998,0.0
1648,4311,0.0,0.9999999999999998,0.0
1648,4312,0.0,0.9999999999999998,0.0
1648,4313,0.0,0.9999999999999998,0.0
1648,4314,0.0,0.9999999999999998,0.0
1648,4315,0.0,0.9999999999999998,0.0
1648,4316,0.0,0.9999999999999998,0.0
1648,4317,0.0,0.9999999999999998,0.0
1648,4318,0.0,0.9999999999999998,0.0
1648,4319,0.0,0.9999999999999998,0.0
1648,4320,0.0,0.9999999999999998,0.0
1648,4321,0.0,0.9999999999999998,0.0
1648,4322,0.0,0.9999999999999998,0.0
1648,4323,0.0,0.9999999999999998,0.0
1648,4324,0.0,0.9999999999999998,0.0
1648,4325,0.0,0.9999999999999998,0.0
1648,4326,0.0,0.9999999999999998,0.0
1648,4327,0.0,0.9999999999999998,0.0
1648,4328,0.0,0.9999999999999998,0.0
1648,4329,0.0,0.9999999999999998,0.0
1648,4330,0.0,0.9999999999999998,0.0
1648,4331,0.0,0.9999999999999998,0.0
1648,4332,0.0,0.9999999999999998,0.0
1648,4333,0.0,0.9999999999999998,0.0
1648,4334,0.0,0.9999999999999998,0.0
1648,4335,0.0,0.9999999999999998,0.0
1648,4336,0.0,0.9999999999999998,0.0
1648,4337,0.0,0.9999999999999998,0.0
1648,4338,0.0,0.9999999999999998,0.0
1648,4339,0.0,0.9999999999999998,0.0
1648,4340,0.0,0.9999999999999998,0.0
1648,4341,0.0,0.9999999999999998,0.0
1648,4342,0.0,0.9999999999999998,0.0
1648,4343,0.0,0.9999999999999998,0.0
1648,4344,0.0,0.9999999999999998,0.0
1648,4345,0.0,0.9999999999999998,0.0
1648,4346,0.0,0.9999999999999998,0.0
1648,4347,0.0,0.9999999999999998,0.0
1648,4348,0.0,0.9999999999999998,0.0
1648,4349,0.0,0.9999999999999998,0.0
1648,4350,0.0,0.9999999999999998,0.0
1648,4351,0.0,0.9999999999999998,0.0
1648,4352,0.0,0.9999999999999998,0.0
1648,4353,0.0,0.9999999999999998,0.0
1648,4354,0.0,0.9999999999999998,0.0
1648,4355,0.0,0.9999999999999998,0.0
1648,4356,0.0,0.9999999999999998,0.0
1648,4357,0.0,0.9999999999999998,0.0
1648,4358,0.0,0.9999999999999998,0.0
1648,4359,0.0,0.9999999999999998,0.0
1648,4360,0.0,0.9999999999999998,0.0
1648,4361,0.0,0.9999999999999998,0.0
1648,4362,0.0,0.9999999999999998,0.0
1648,4363,0.0,0.9999999999999998,0.0
1648,4364,0.0,0.9999999999999998,0.0
1648,4365,0.0,0.9999999999999998,0.0
1648,4366,0.0,0.9999999999999998,0.0
1648,4367,0.0,0.9999999999999998,0.0
1648,4368,0.0,0.9999999999999998,0.0
1648,4369,0.0,0.9999999999999998,0.0
1648,4370,0.0,0.9999999999999998,0.0
1648,4371,0.0,0.9999999999999998,0.0
1648,4372,0.0,0.9999999999999998,0.0
1648,4373,0.0,0.9999999999999998,0.0
1648,4374,0.0,0.9999999999999998,0.0
1648,4375,0.0,0.9999999999999998,0.0
1648,4376,0.0,0.9999999999999998,0.0
1648,4377,0.0,0.9999999999999998,0.0
1648,4378,0.0,0.9999999999999998,0.0
1648,4379,0.0,0.9999999999999998,0.0
1648,4380,0.0,0.9999999999999998,0.0
1648,4381,0.0,0.9999999999999998,0.0
1648,4382,0.0,0.9999999999999998,0.0
1648,4383,0.0,0.9999999999999998,0.0
1648,4384,0.0,0.9999999999999998,0.0
1648,4385,0.0,0.9999999999999998,0.0
1648,4386,0.0,0.9999999999999998,0.0
1648,4387,0.0,0.9999999999999998,0.0
1648,4388,0.0,0.9999999999999998,0.0
1648,4389,0.0,0.9999999999999998,0.0
1648,4390,0.0,0.9999999999999998,0.0
1648,4391,0.0,0.9999999999999998,0.0
1648,4392,0.0,0.9999999999999998,0.0
1648,4393,0.0,0.9999999999999998,0.0
1648,4394,0.0,0.9999999999999998,0.0
1648,4395,0.0,0.9999999999999998,0.0
1648,4396,0.0,0.9999999999999998,0.0
1648,4397,0.0,0.9999999999999998,0.0
1648,4398,0.0,0.9999999999999998,0.0
1648,4399,0.0,0.9999999999999998,0.0
1648,4400,0.0,0.9999999999999998,0.0
1648,4401,0.0,0.9999999999999998,0.0
1648,4402,0.0,0.9999999999999998,0.0
1648,4403,0.0,0.9999999999999998,0.0
1648,4404,0.0,0.9999999999999998,0.0
1648,4405,0.0,0.9999999999999998,0.0
1648,4406,0.0,0.9999999999999998,0.0
1648,4407,0.0,0.9999999999999998,0.0
1648,4408,0.0,0.9999999999999998,0.0
1648,4409,0.0,0.9999999999999998,0.0
1648,4410,0.0,0.9999999999999998,0.0
1648,4411,0.0,0.9999999999999998,0.0
1648,4412,0.0,0.9999999999999998,0.0
1648,4413,0.0,0.9999999999999998,0.0
1648,4414,0.0,0.9999999999999998,0.0
1648,4415,0.0,0.9999999999999998,0.0
1648,4416,0.0,0.9999999999999998,0.0
1648,4417,0.0,0.9999999999999998,0.0
1648,4418,0.0,0.9999999999999998,0.0
1648,4419,0.0,0.9999999999999998,0.0
1648,4420,0.0,0.9999999999999998,0.0
1648,4421,0.0,0.9999999999999998,0.0
1648,4422,0.0,0.9999999999999998,0.0
1648,4423,0.0,0.9999999999999998,0.0
1648,4424,0.0,0.9999999999999998,0.0
1648,4425,0.0,0.9999999999999998,0.0
1648,4426,0.0,0.9999999999999998,0.0
1648,4427,0.0,0.9999999999999998,0.0
1648,4428,0.0,0.9999999999999998,0.0
1648,4429,0.0,0.9999999999999998,0.0
1648,4430,0.0,0.9999999999999998,0.0
1648,4431,0.0,0.9999999999999998,0.0
1648,4432,0.0,0.9999999999999998,0.0
1648,4433,0.0,0.9999999999999998,0.0
1648,4434,0.0,0.9999999999999998,0.0
1648,4435,0.0,0.9999999999999998,0.0
1648,4436,0.0,0.9999999999999998,0.0
1648,4437,0.0,0.9999999999999998,0.0
1648,4438,0.0,0.9999999999999998,0.0
1648,4439,0.0,0.9999999999999998,0.0
1648,4440,0.0,0.9999999999999998,0.0
1648,4441,0.0,0.9999999999999998,0.0
1648,4442,0.0,0.9999999999999998,0.0
1648,4443,0.0,0.9999999999999998,0.0
1648,4444,0.0,0.9999999999999998,0.0
1648,4445,0.0,0.9999999999999998,0.0
1648,4446,0.0,0.9999999999999998,0.0
1648,4447,0.0,0.9999999999999998,0.0
1648,4448,0.0,0.9999999999999998,0.0
1648,4449,0.0,0.9999999999999998,0.0
1648,4450,0.0,0.9999999999999998,0.0
1648,4451,0.0,0.9999999999999998,0.0
1648,4452,0.0,0.9999999999999998,0.0
1648,4453,0.0,0.9999999999999998,0.0
1648,4454,0.0,0.9999999999999998,0.0
1648,4455,0.0,0.9999999999999998,0.0
1648,4456,0.0,0.9999999999999998,0.0
1648,4457,0.0,0.9999999999999998,0.0
1648,4458,0.0,0.9999999999999998,0.0
1648,4459,0.0,0.9999999999999998,0.0
1648,4460,0.0,0.9999999999999998,0.0
1648,4461,0.0,0.9999999999999998,0.0
1648,4462,0.0,0.9999999999999998,0.0
1648,4463,0.0,0.9999999999999998,0.0
1648,4464,0.0,0.9999999999999998,0.0
1648,4465,0.0,0.9999999999999998,0.0
1648,4466,0.0,0.9999999999999998,0.0
1648,4467,0.0,0.9999999999999998,0.0
1648,4468,0.0,0.9999999999999998,0.0
1648,4469,0.0,0.9999999999999998,0.0
1648,4470,0.0,0.9999999999999998,0.0
1648,4471,0.0,0.9999999999999998,0.0
1648,4472,0.0,0.9999999999999998,0.0
1648,4473,0.0,0.9999999999999998,0.0
1648,4474,0.0,0.9999999999999998,0.0
1648,4475,0.0,0.9999999999999998,0.0
1648,4476,0.0,0.9999999999999998,0.0
1648,4477,0.0,0.9999999999999998,0.0
1648,4478,0.0,0.9999999999999998,0.0
1648,4479,0.0,0.9999999999999998,0.0
1648,4480,0.0,0.9999999999999998,0.0
1648,4481,0.0,0.9999999999999998,0.0
1648,4482,0.0,0.9999999999999998,0.0
1648,4483,0.0,0.9999999999999998,0.0
1648,4484,0.0,0.9999999999999998,0.0
1648,4485,0.0,0.9999999999999998,0.0
1648,4486,0.0,0.9999999999999998,0.0
1648,4487,0.0,0.9999999999999998,0.0
1648,4488,0.0,0.9999999999999998,0.0
1648,4489,0.0,0.9999999999999998,0.0
1648,4490,0.0,0.9999999999999998,0.0
1648,4491,0.0,0.9999999999999998,0.0
1648,4492,0.0,0.9999999999999998,0.0
1648,4493,0.0,0.9999999999999998,0.0
1648,4494,0.0,0.9999999999999998,0.0
1648,4495,0.0,0.9999999999999998,0.0
1648,4496,0.0,0.9999999999999998,0.0
1648,4497,0.0,0.9999999999999998,0.0
1648,4498,0.0,0.9999999999999998,0.0
1648,4499,0.0,0.9999999999999998,0.0
1648,4500,0.0,0.9999999999999998,0.0
1648,4501,0.0,0.9999999999999998,0.0
1648,4502,0.0,0.9999999999999998,0.0
1648,4503,0.0,0.9999999999999998,0.0
1648,4504,0.0,0.9999999999999998,0.0
1648,4505,0.0,0.9999999999999998,0.0
1648,4506,0.0,0.9999999999999998,0.0
1648,4507,0.0,0.9999999999999998,0.0
1648,4508,0.0,0.9999999999999998,0.0
1648,4509,0.0,0.9999999999999998,0.0
1648,4510,0.0,0.9999999999999998,0.0
1648,4511,0.0,0.9999999999999998,0.0
1648,4512,0.0,0.9999999999999998,0.0
1648,4513,0.0,0.9999999999999998,0.0
1648,4514,0.0,0.9999999999999998,0.0
1648,4515,0.0,0.9999999999999998,0.0
1648,4516,0.0,0.9999999999999998,0.0
1648,4517,0.0,0.9999999999999998,0.0
1648,4518,0.0,0.9999999999999998,0.0
1648,4519,0.0,0.9999999999999998,0.0
1648,4520,0.0,0.9999999999999998,0.0
1648,4521,0.0,0.9999999999999998,0.0
1648,4522,0.0,0.9999999999999998,0.0
1648,4523,0.0,0.9999999999999998,0.0
1648,4524,0.0,0.9999999999999998,0.0
1648,4525,0.0,0.9999999999999998,0.0
1648,4526,0.0,0.9999999999999998,0.0
1648,4527,0.0,0.9999999999999998,0.0
1648,4528,0.0,0.9999999999999998,0.0
1648,4529,0.0,0.9999999999999998,0.0
1648,4530,0.0,0.9999999999999998,0.0
1648,4531,0.0,0.9999999999999998,0.0
1648,4532,0.0,0.9999999999999998,0.0
1648,4533,0.0,0.9999999999999998,0.0
1648,4534,0.0,0.9999999999999998,0.0
1648,4535,0.0,0.9999999999999998,0.0
1648,4536,0.0,0.9999999999999998,0.0
1648,4537,0.0,0.9999999999999998,0.0
1648,4538,0.0,0.9999999999999998,0.0
1648,4539,0.0,0.9999999999999998,0.0
1648,4540,0.0,0.9999999999999998,0.0
1648,4541,0.0,0.9999999999999998,0.0
1648,4542,0.0,0.9999999999999998,0.0
1648,4543,0.0,0.9999999999999998,0.0
1648,4544,0.0,0.9999999999999998,0.0
1648,4545,0.0,0.9999999999999998,0.0
1648,4546,0.0,0.9999999999999998,0.0
1648,4547,0.0,0.9999999999999998,0.0
1648,4548,0.0,0.9999999999999998,0.0
1648,4549,0.0,0.9999999999999998,0.0
1648,4550,0.0,0.9999999999999998,0.0
1648,4551,0.0,0.9999999999999998,0.0
1648,4552,0.0,0.9999999999999998,0.0
1648,4553,0.0,0.9999999999999998,0.0
1648,4554,0.0,0.9999999999999998,0.0
1648,4555,0.0,0.9999999999999998,0.0
1648,4556,0.0,0.9999999999999998,0.0
1648,4557,0.0,0.9999999999999998,0.0
1648,4558,0.0,0.9999999999999998,0.0
1648,4559,0.0,0.9999999999999998,0.0
1648,4560,0.0,0.9999999999999998,0.0
1648,4561,0.0,0.9999999999999998,0.0
1648,4562,0.0,0.9999999999999998,0.0
1648,4563,0.0,0.9999999999999998,0.0
1648,4564,0.0,0.9999999999999998,0.0
1648,4565,0.0,0.9999999999999998,0.0
1648,4566,0.0,0.9999999999999998,0.0
1648,4567,0.0,0.9999999999999998,0.0
1648,4568,0.0,0.9999999999999998,0.0
1648,4569,0.0,0.9999999999999998,0.0
1648,4570,0.0,0.9999999999999998,0.0
1648,4571,0.0,0.9999999999999998,0.0
1648,4572,0.0,0.9999999999999998,0.0
1648,4573,0.0,0.9999999999999998,0.0
1648,4574,0.0,0.9999999999999998,0.0
1648,4575,0.0,0.9999999999999998,0.0
1648,4576,0.0,0.9999999999999998,0.0
1648,4577,0.0,0.9999999999999998,0.0
1648,4578,0.0,0.9999999999999998,0.0
1648,4579,0.0,0.9999999999999998,0.0
1648,4580,0.0,0.9999999999999998,0.0
1648,4581,0.0,0.9999999999999998,0.0
1648,4582,0.0,0.9999999999999998,0.0
1648,4583,0.0,0.9999999999999998,0.0
1648,4584,0.0,0.9999999999999998,0.0
1648,4585,0.0,0.9999999999999998,0.0
1648,4586,0.0,0.9999999999999998,0.0
1648,4587,0.0,0.9999999999999998,0.0
1648,4588,0.0,0.9999999999999998,0.0
1648,4589,0.0,0.9999999999999998,0.0
1648,4590,0.0,0.9999999999999998,0.0
1648,4591,0.0,0.9999999999999998,0.0
1648,4592,0.0,0.9999999999999998,0.0
1648,4593,0.0,0.9999999999999998,0.0
1648,4594,0.0,0.9999999999999998,0.0
1648,4595,0.0,0.9999999999999998,0.0
1648,4596,0.0,0.9999999999999998,0.0
1648,4597,0.0,0.9999999999999998,0.0
1648,4598,0.0,0.9999999999999998,0.0
1648,4599,0.0,0.9999999999999998,0.0
1648,4600,0.0,0.9999999999999998,0.0
1648,4601,0.0,0.9999999999999998,0.0
1648,4602,0.0,0.9999999999999998,0.0
1648,4603,0.0,0.9999999999999998,0.0
1648,4604,0.0,0.9999999999999998,0.0
1648,4605,0.0,0.9999999999999998,0.0
1648,4606,0.0,0.9999999999999998,0.0
1648,4607,0.0,0.9999999999999998,0.0
1648,4608,0.0,0.9999999999999998,0.0
1648,4609,0.0,0.9999999999999998,0.0
1648,4610,0.0,0.9999999999999998,0.0
1648,4611,0.0,0.9999999999999998,0.0
1648,4612,0.0,0.9999999999999998,0.0
1648,4613,0.0,0.9999999999999998,0.0
1648,4614,0.0,0.9999999999999998,0.0
1648,4615,0.0,0.9999999999999998,0.0
1648,4616,0.0,0.9999999999999998,0.0
1648,4617,0.0,0.9999999999999998,0.0
1648,4618,0.0,0.9999999999999998,0.0
1648,4619,0.0,0.9999999999999998,0.0
1648,4620,0.0,0.9999999999999998,0.0
1648,4621,0.0,0.9999999999999998,0.0
1648,4622,0.0,0.9999999999999998,0.0
1648,4623,0.0,0.9999999999999998,0.0
1648,4624,0.0,0.9999999999999998,0.0
1648,4625,0.0,0.9999999999999998,0.0
1648,4626,0.0,0.9999999999999998,0.0
1648,4627,0.0,0.9999999999999998,0.0
1648,4628,0.0,0.9999999999999998,0.0
1648,4629,0.0,0.9999999999999998,0.0
1648,4630,0.0,0.9999999999999998,0.0
1648,4631,0.0,0.9999999999999998,0.0
1648,4632,0.0,0.9999999999999998,0.0
1648,4633,0.0,0.9999999999999998,0.0
1648,4634,0.0,0.9999999999999998,0.0
1648,4635,0.0,0.9999999999999998,0.0
1648,4636,0.0,0.9999999999999998,0.0
1648,4637,0.0,0.9999999999999998,0.0
1648,4638,0.0,0.9999999999999998,0.0
1648,4639,0.0,0.9999999999999998,0.0
1648,4640,0.0,0.9999999999999998,0.0
1648,4641,0.0,0.9999999999999998,0.0
1648,4642,0.0,0.9999999999999998,0.0
1648,4643,0.0,0.9999999999999998,0.0
1648,4644,0.0,0.9999999999999998,0.0
1648,4645,0.0,0.9999999999999998,0.0
1648,4646,0.0,0.9999999999999998,0.0
1648,4647,0.0,0.9999999999999998,0.0
1648,4648,0.0,0.9999999999999998,0.0
1648,4649,0.0,0.9999999999999998,0.0
1648,4650,0.0,0.9999999999999998,0.0
1648,4651,0.0,0.9999999999999998,0.0
1648,4652,0.0,0.9999999999999998,0.0
1648,4653,0.0,0.9999999999999998,0.0
1648,4654,0.0,0.9999999999999998,0.0
1648,4655,0.0,0.9999999999999998,0.0
1648,4656,0.0,0.9999999999999998,0.0
1648,4657,0.0,0.9999999999999998,0.0
1648,4658,0.0,0.9999999999999998,0.0
1648,4659,0.0,0.9999999999999998,0.0
1648,4660,0.0,0.9999999999999998,0.0
1648,4661,0.0,0.9999999999999998,0.0
1648,4662,0.0,0.9999999999999998,0.0
1648,4663,0.0,0.9999999999999998,0.0
1648,4664,0.0,0.9999999999999998,0.0
1648,4665,0.0,0.9999999999999998,0.0
1648,4666,0.0,0.9999999999999998,0.0
1648,4667,0.0,0.9999999999999998,0.0
1648,4668,0.0,0.9999999999999998,0.0
1648,4669,0.0,0.9999999999999998,0.0
1648,4670,0.0,0.9999999999999998,0.0
1648,4671,0.0,0.9999999999999998,0.0
1648,4672,0.0,0.9999999999999998,0.0
1648,4673,0.0,0.9999999999999998,0.0
1648,4674,0.0,0.9999999999999998,0.0
1648,4675,0.0,0.9999999999999998,0.0
1648,4676,0.0,0.9999999999999998,0.0
1648,4677,0.0,0.9999999999999998,0.0
1648,4678,0.0,0.9999999999999998,0.0
1648,4679,0.0,0.9999999999999998,0.0
1648,4680,0.0,0.9999999999999998,0.0
1648,4681,0.0,0.9999999999999998,0.0
1648,4682,0.0,0.9999999999999998,0.0
1648,4683,0.0,0.9999999999999998,0.0
1648,4684,0.0,0.9999999999999998,0.0
1648,4685,0.0,0.9999999999999998,0.0
1648,4686,0.0,0.9999999999999998,0.0
1648,4687,0.0,0.9999999999999998,0.0
1648,4688,0.0,0.9999999999999998,0.0
1648,4689,0.0,0.9999999999999998,0.0
1648,4690,0.0,0.9999999999999998,0.0
1648,4691,0.0,0.9999999999999998,0.0
1648,4692,0.0,0.9999999999999998,0.0
1648,4693,0.0,0.9999999999999998,0.0
1648,4694,0.0,0.9999999999999998,0.0
1648,4695,0.0,0.9999999999999998,0.0
1648,4696,0.0,0.9999999999999998,0.0
1648,4697,0.0,0.9999999999999998,0.0
1648,4698,0.0,0.9999999999999998,0.0
1648,4699,0.0,0.9999999999999998,0.0
1648,4700,0.0,0.9999999999999998,0.0
1648,4701,0.0,0.9999999999999998,0.0
1648,4702,0.0,0.9999999999999998,0.0
1648,4703,0.0,0.9999999999999998,0.0
1648,4704,0.0,0.9999999999999998,0.0
1648,4705,0.0,0.9999999999999998,0.0
1648,4706,0.0,0.9999999999999998,0.0
1648,4707,0.0,0.9999999999999998,0.0
1648,4708,0.0,0.9999999999999998,0.0
1648,4709,0.0,0.9999999999999998,0.0
1648,4710,0.0,0.9999999999999998,0.0
1648,4711,0.0,0.9999999999999998,0.0
1648,4712,0.0,0.9999999999999998,0.0
1648,4713,0.0,0.9999999999999998,0.0
1648,4714,0.0,0.9999999999999998,0.0
1648,4715,0.0,0.9999999999999998,0.0
1648,4716,0.0,0.9999999999999998,0.0
1648,4717,0.0,0.9999999999999998,0.0
1648,4718,0.0,0.9999999999999998,0.0
1648,4719,0.0,0.9999999999999998,0.0
1648,4720,0.0,0.9999999999999998,0.0
1648,4721,0.0,0.9999999999999998,0.0
1648,4722,0.0,0.9999999999999998,0.0
1648,4723,0.0,0.9999999999999998,0.0
1648,4724,0.0,0.9999999999999998,0.0
1648,4725,0.0,0.9999999999999998,0.0
1648,4726,0.0,0.9999999999999998,0.0
1648,4727,0.0,0.9999999999999998,0.0
1648,4728,0.0,0.9999999999999998,0.0
1648,4729,0.0,0.9999999999999998,0.0
1648,4730,0.0,0.9999999999999998,0.0
1648,4731,0.0,0.9999999999999998,0.0
1648,4732,0.0,0.9999999999999998,0.0
1648,4733,0.0,0.9999999999999998,0.0
1648,4734,0.0,0.9999999999999998,0.0
1648,4735,0.0,0.9999999999999998,0.0
1648,4736,0.0,0.9999999999999998,0.0
1648,4737,0.0,0.9999999999999998,0.0
1648,4738,0.0,0.9999999999999998,0.0
1648,4739,0.0,0.9999999999999998,0.0
1648,4740,0.0,0.9999999999999998,0.0
1648,4741,0.0,0.9999999999999998,0.0
1648,4742,0.0,0.9999999999999998,0.0
1648,4743,0.0,0.9999999999999998,0.0
1648,4744,0.0,0.9999999999999998,0.0
1648,4745,0.0,0.9999999999999998,0.0
1648,4746,0.0,0.9999999999999998,0.0
1648,4747,0.0,0.9999999999999998,0.0
1648,4748,0.0,0.9999999999999998,0.0
1648,4749,0.0,0.9999999999999998,0.0
1648,4750,0.0,0.9999999999999998,0.0
1648,4751,0.0,0.9999999999999998,0.0
1648,4752,0.0,0.9999999999999998,0.0
1648,4753,0.0,0.9999999999999998,0.0
1648,4754,0.0,0.9999999999999998,0.0
1648,4755,0.0,0.9999999999999998,0.0
1648,4756,0.0,0.9999999999999998,0.0
1648,4757,0.0,0.9999999999999998,0.0
1648,4758,0.0,0.9999999999999998,0.0
1648,4759,0.0,0.9999999999999998,0.0
1648,4760,0.0,0.9999999999999998,0.0
1648,4761,0.0,0.9999999999999998,0.0
1648,4762,0.0,0.9999999999999998,0.0
1648,4763,0.0,0.9999999999999998,0.0
1648,4764,0.0,0.9999999999999998,0.0
1648,4765,0.0,0.9999999999999998,0.0
1648,4766,0.0,0.9999999999999998,0.0
1648,4767,0.0,0.9999999999999998,0.0
1648,4768,0.0,0.9999999999999998,0.0
1648,4769,0.0,0.9999999999999998,0.0
1648,4770,0.0,0.9999999999999998,0.0
1648,4771,0.0,0.9999999999999998,0.0
1648,4772,0.0,0.9999999999999998,0.0
1648,4773,0.0,0.9999999999999998,0.0
1648,4774,0.0,0.9999999999999998,0.0
1648,4775,0.0,0.9999999999999998,0.0
1648,4776,0.0,0.9999999999999998,0.0
1648,4777,0.0,0.9999999999999998,0.0
1648,4778,0.0,0.9999999999999998,0.0
1648,4779,0.0,0.9999999999999998,0.0
1648,4780,0.0,0.9999999999999998,0.0
1648,4781,0.0,0.9999999999999998,0.0
1648,4782,0.0,0.9999999999999998,0.0
1648,4783,0.0,0.9999999999999998,0.0
1648,4784,0.0,0.9999999999999998,0.0
1648,4785,0.0,0.9999999999999998,0.0
1648,4786,0.0,0.9999999999999998,0.0
1648,4787,0.0,0.9999999999999998,0.0
1648,4788,0.0,0.9999999999999998,0.0
1648,4789,0.0,0.9999999999999998,0.0
1648,4790,0.0,0.9999999999999998,0.0
1648,4791,0.0,0.9999999999999998,0.0
1648,4792,0.0,0.9999999999999998,0.0
1648,4793,0.0,0.9999999999999998,0.0
1648,4794,0.0,0.9999999999999998,0.0
1648,4795,0.0,0.9999999999999998,0.0
1648,4796,0.0,0.9999999999999998,0.0
1648,4797,0.0,0.9999999999999998,0.0
1648,4798,0.0,0.9999999999999998,0.0
1648,4799,0.0,0.9999999999999998,0.0
1648,4800,0.0,0.9999999999999998,0.0
1648,4801,0.0,0.9999999999999998,0.0
1648,4802,0.0,0.9999999999999998,0.0
1648,4803,0.0,0.9999999999999998,0.0
1648,4804,0.0,0.9999999999999998,0.0
1648,4805,0.0,0.9999999999999998,0.0
1648,4806,0.0,0.9999999999999998,0.0
1648,4807,0.0,0.9999999999999998,0.0
1648,4808,0.0,0.9999999999999998,0.0
1648,4809,0.0,0.9999999999999998,0.0
1648,4810,0.0,0.9999999999999998,0.0
1648,4811,0.0,0.9999999999999998,0.0
1648,4812,0.0,0.9999999999999998,0.0
1648,4813,0.0,0.9999999999999998,0.0
1648,4814,0.0,0.9999999999999998,0.0
1648,4815,0.0,0.9999999999999998,0.0
1648,4816,0.0,0.9999999999999998,0.0
1648,4817,0.0,0.9999999999999998,0.0
1648,4818,0.0,0.9999999999999998,0.0
1648,4819,0.0,0.9999999999999998,0.0
1648,4820,0.0,0.9999999999999998,0.0
1648,4821,0.0,0.9999999999999998,0.0
1648,4822,0.0,0.9999999999999998,0.0
1648,4823,0.0,0.9999999999999998,0.0
1648,4824,0.0,0.9999999999999998,0.0
1648,4825,0.0,0.9999999999999998,0.0
1648,4826,0.0,0.9999999999999998,0.0
1648,4827,0.0,0.9999999999999998,0.0
1648,4828,0.0,0.9999999999999998,0.0
1648,4829,0.0,0.9999999999999998,0.0
1648,4830,0.0,0.9999999999999998,0.0
1648,4831,0.0,0.9999999999999998,0.0
1648,4832,0.0,0.9999999999999998,0.0
1648,4833,0.0,0.9999999999999998,0.0
1648,4834,0.0,0.9999999999999998,0.0
1648,4835,0.0,0.9999999999999998,0.0
1648,4836,0.0,0.9999999999999998,0.0
1648,4837,0.0,0.9999999999999998,0.0
1648,4838,0.0,0.9999999999999998,0.0
1648,4839,0.0,0.9999999999999998,0.0
1648,4840,0.0,0.9999999999999998,0.0
1648,4841,0.0,0.9999999999999998,0.0
1648,4842,0.0,0.9999999999999998,0.0
1648,4843,0.0,0.9999999999999998,0.0
1648,4844,0.0,0.9999999999999998,0.0
1648,4845,0.0,0.9999999999999998,0.0
1648,4846,0.0,0.9999999999999998,0.0
1648,4847,0.0,0.9999999999999998,0.0
1648,4848,0.0,0.9999999999999998,0.0
1648,4849,0.0,0.9999999999999998,0.0
1648,4850,0.0,0.9999999999999998,0.0
1648,4851,0.0,0.9999999999999998,0.0
1648,4852,0.0,0.9999999999999998,0.0
1648,4853,0.0,0.9999999999999998,0.0
1648,4854,0.0,0.9999999999999998,0.0
1648,4855,0.0,0.9999999999999998,0.0
1648,4856,0.0,0.9999999999999998,0.0
1648,4857,0.0,0.9999999999999998,0.0
1648,4858,0.0,0.9999999999999998,0.0
1648,4859,0.0,0.9999999999999998,0.0
1648,4860,0.0,0.9999999999999998,0.0
1648,4861,0.0,0.9999999999999998,0.0
1648,4862,0.0,0.9999999999999998,0.0
1648,4863,0.0,0.9999999999999998,0.0
1648,4864,0.0,0.9999999999999998,0.0
1648,4865,0.0,0.9999999999999998,0.0
1648,4866,0.0,0.9999999999999998,0.0
1648,4867,0.0,0.9999999999999998,0.0
1648,4868,0.0,0.9999999999999998,0.0
1648,4869,0.0,0.9999999999999998,0.0
1648,4870,0.0,0.9999999999999998,0.0
1648,4871,0.0,0.9999999999999998,0.0
1648,4872,0.0,0.9999999999999998,0.0
1648,4873,0.0,0.9999999999999998,0.0
1648,4874,0.0,0.9999999999999998,0.0
1648,4875,0.0,0.9999999999999998,0.0
1648,4876,0.0,0.9999999999999998,0.0
1648,4877,0.0,0.9999999999999998,0.0
1648,4878,0.0,0.9999999999999998,0.0
1648,4879,0.0,0.9999999999999998,0.0
1648,4880,0.0,0.9999999999999998,0.0
1648,4881,0.0,0.9999999999999998,0.0
1648,4882,0.0,0.9999999999999998,0.0
1648,4883,0.0,0.9999999999999998,0.0
1648,4884,0.0,0.9999999999999998,0.0
1648,4885,0.0,0.9999999999999998,0.0
1648,4886,0.0,0.9999999999999998,0.0
1648,4887,0.0,0.9999999999999998,0.0
1648,4888,0.0,0.9999999999999998,0.0
1648,4889,0.0,0.9999999999999998,0.0
1648,4890,0.0,0.9999999999999998,0.0
1648,4891,0.0,0.9999999999999998,0.0
1648,4892,0.0,0.9999999999999998,0.0
1648,4893,0.0,0.9999999999999998,0.0
1648,4894,0.0,0.9999999999999998,0.0
1648,4895,0.0,0.9999999999999998,0.0
1648,4896,0.0,0.9999999999999998,0.0
1648,4897,0.0,0.9999999999999998,0.0
1648,4898,0.0,0.9999999999999998,0.0
1648,4899,0.0,0.9999999999999998,0.0
1648,4900,0.0,0.9999999999999998,0.0
1648,4901,0.0,0.9999999999999998,0.0
1648,4902,0.0,0.9999999999999998,0.0
1648,4903,0.0,0.9999999999999998,0.0
1648,4904,0.0,0.9999999999999998,0.0
1648,4905,0.0,0.9999999999999998,0.0
1648,4906,0.0,0.9999999999999998,0.0
1648,4907,0.0,0.9999999999999998,0.0
1648,4908,0.0,0.9999999999999998,0.0
1648,4909,0.0,0.9999999999999998,0.0
1648,4910,0.0,0.9999999999999998,0.0
1648,4911,0.0,0.9999999999999998,0.0
1648,4912,0.0,0.9999999999999998,0.0
1648,4913,0.0,0.9999999999999998,0.0
1648,4914,0.0,0.9999999999999998,0.0
1648,4915,0.0,0.9999999999999998,0.0
1648,4916,0.0,0.9999999999999998,0.0
1648,4917,0.0,0.9999999999999998,0.0
1648,4918,0.0,0.9999999999999998,0.0
1648,4919,0.0,0.9999999999999998,0.0
1648,4920,0.0,0.9999999999999998,0.0
1648,4921,0.0,0.9999999999999998,0.0
1648,4922,0.0,0.9999999999999998,0.0
1648,4923,0.0,0.9999999999999998,0.0
1648,4924,0.0,0.9999999999999998,0.0
1648,4925,0.0,0.9999999999999998,0.0
1648,4926,0.0,0.9999999999999998,0.0
1648,4927,0.0,0.9999999999999998,0.0
1648,4928,0.0,0.9999999999999998,0.0
1648,4929,0.0,0.9999999999999998,0.0
1648,4930,0.0,0.9999999999999998,0.0
1648,4931,0.0,0.9999999999999998,0.0
1648,4932,0.0,0.9999999999999998,0.0
1648,4933,0.0,0.9999999999999998,0.0
1648,4934,0.0,0.9999999999999998,0.0
1648,4935,0.0,0.9999999999999998,0.0
1648,4936,0.0,0.9999999999999998,0.0
1648,4937,0.0,0.9999999999999998,0.0
1648,4938,0.0,0.9999999999999998,0.0
1648,4939,0.0,0.9999999999999998,0.0
1648,4940,0.0,0.9999999999999998,0.0
1648,4941,0.0,0.9999999999999998,0.0
1648,4942,0.0,0.9999999999999998,0.0
1648,4943,0.0,0.9999999999999998,0.0
1648,4944,0.0,0.9999999999999998,0.0
1648,4945,0.0,0.9999999999999998,0.0
1648,4946,0.0,0.9999999999999998,0.0
1648,4947,0.0,0.9999999999999998,0.0
1648,4948,0.0,0.9999999999999998,0.0
1648,4949,0.0,0.9999999999999998,0.0
1648,4950,0.0,0.9999999999999998,0.0
1648,4951,0.0,0.9999999999999998,0.0
1648,4952,0.0,0.9999999999999998,0.0
1648,4953,0.0,0.9999999999999998,0.0
1648,4954,0.0,0.9999999999999998,0.0
1648,4955,0.0,0.9999999999999998,0.0
1648,4956,0.0,0.9999999999999998,0.0
1648,4957,0.0,0.9999999999999998,0.0
1648,4958,0.0,0.9999999999999998,0.0
1648,4959,0.0,0.9999999999999998,0.0
1648,4960,0.0,0.9999999999999998,0.0
1648,4961,0.0,0.9999999999999998,0.0
1648,4962,0.0,0.9999999999999998,0.0
1648,4963,0.0,0.9999999999999998,0.0
1648,4964,0.0,0.9999999999999998,0.0
1648,4965,0.0,0.9999999999999998,0.0
1648,4966,0.0,0.9999999999999998,0.0
1648,4967,0.0,0.9999999999999998,0.0
1648,4968,0.0,0.9999999999999998,0.0
1648,4969,0.0,0.9999999999999998,0.0
1648,4970,0.0,0.9999999999999998,0.0
1648,4971,0.0,0.9999999999999998,0.0
1648,4972,0.0,0.9999999999999998,0.0
1648,4973,0.0,0.9999999999999998,0.0
1648,4974,0.0,0.9999999999999998,0.0
1648,4975,0.0,0.9999999999999998,0.0
1648,4976,0.0,0.9999999999999998,0.0
1648,4977,0.0,0.9999999999999998,0.0
1648,4978,0.0,0.9999999999999998,0.0
1648,4979,0.0,0.9999999999999998,0.0
1648,4980,0.0,0.9999999999999998,0.0
1648,4981,0.0,0.9999999999999998,0.0
1648,4982,0.0,0.9999999999999998,0.0
1648,4983,0.0,0.9999999999999998,0.0
1648,4984,0.0,0.9999999999999998,0.0
1648,4985,0.0,0.9999999999999998,0.0
1648,4986,0.0,0.9999999999999998,0.0
1648,4987,0.0,0.9999999999999998,0.0
1648,4988,0.0,0.9999999999999998,0.0
1648,4989,0.0,0.9999999999999998,0.0
1648,4990,0.0,0.9999999999999998,0.0
1648,4991,0.0,0.9999999999999998,0.0
1648,4992,0.0,0.9999999999999998,0.0
1648,4993,0.0,0.9999999999999998,0.0
1648,4994,0.0,0.9999999999999998,0.0
1648,4995,0.0,0.9999999999999998,0.0
1648,4996,0.0,0.9999999999999998,0.0
1648,4997,0.0,0.9999999999999998,0.0
1648,4998,0.0,0.9999999999999998,0.0
1648,4999,0.0,0.9999999999999998,0.0
1648,5000,0.0,0.9999999999999998,0.0
1648,5001,0.0,0.9999999999999998,0.0
1648,5002,0.0,0.9999999999999998,0.0
1648,5003,0.0,0.9999999999999998,0.0
1648,5004,0.0,0.9999999999999998,0.0
1648,5005,0.0,0.9999999999999998,0.0
1648,5006,0.0,0.9999999999999998,0.0
1648,5007,0.0,0.9999999999999998,0.0
1648,5008,0.0,0.9999999999999998,0.0
1648,5009,0.0,0.9999999999999998,0.0
1648,5010,0.0,0.9999999999999998,0.0
1648,5011,0.0,0.9999999999999998,0.0
1648,5012,0.0,0.9999999999999998,0.0
1648,5013,0.0,0.9999999999999998,0.0
1648,5014,0.0,0.9999999999999998,0.0
1648,5015,0.0,0.9999999999999998,0.0
1648,5016,0.0,0.9999999999999998,0.0
1648,5017,0.0,0.9999999999999998,0.0
1648,5018,0.0,0.9999999999999998,0.0
1648,5019,0.0,0.9999999999999998,0.0
1648,5020,0.0,0.9999999999999998,0.0
1648,5021,0.0,0.9999999999999998,0.0
1648,5022,0.0,0.9999999999999998,0.0
1648,5023,0.0,0.9999999999999998,0.0
1648,5024,0.0,0.9999999999999998,0.0
1648,5025,0.0,0.9999999999999998,0.0
1648,5026,0.0,0.9999999999999998,0.0
1648,5027,0.0,0.9999999999999998,0.0
1648,5028,0.0,0.9999999999999998,0.0
1648,5029,0.0,0.9999999999999998,0.0
1648,5030,0.0,0.9999999999999998,0.0
1648,5031,0.0,0.9999999999999998,0.0
1648,5032,0.0,0.9999999999999998,0.0
1648,5033,0.0,0.9999999999999998,0.0
1648,5034,0.0,0.9999999999999998,0.0
1648,5035,0.0,0.9999999999999998,0.0
1648,5036,0.0,0.9999999999999998,0.0
1648,5037,0.0,0.9999999999999998,0.0
1648,5038,0.0,0.9999999999999998,0.0
1648,5039,0.0,0.9999999999999998,0.0
1648,5040,0.0,0.9999999999999998,0.0
1648,5041,0.0,0.9999999999999998,0.0
1648,5042,0.0,0.9999999999999998,0.0
1648,5043,0.0,0.9999999999999998,0.0
1648,5044,0.0,0.9999999999999998,0.0
1648,5045,0.0,0.9999999999999998,0.0
1648,5046,0.0,0.9999999999999998,0.0
1648,5047,0.0,0.9999999999999998,0.0
1648,5048,0.0,0.9999999999999998,0.0
1648,5049,0.0,0.9999999999999998,0.0
1648,5050,0.0,0.9999999999999998,0.0
1648,5051,0.0,0.9999999999999998,0.0
1648,5052,0.0,0.9999999999999998,0.0
1648,5053,0.0,0.9999999999999998,0.0
1648,5054,0.0,0.9999999999999998,0.0
1648,5055,0.0,0.9999999999999998,0.0
1648,5056,0.0,0.9999999999999998,0.0
1648,5057,0.0,0.9999999999999998,0.0
1648,5058,0.0,0.9999999999999998,0.0
1648,5059,0.0,0.9999999999999998,0.0
1648,5060,0.0,0.9999999999999998,0.0
1648,5061,0.0,0.9999999999999998,0.0
1648,5062,0.0,0.9999999999999998,0.0
1648,5063,0.0,0.9999999999999998,0.0
1648,5064,0.0,0.9999999999999998,0.0
1648,5065,0.0,0.9999999999999998,0.0
1648,5066,0.0,0.9999999999999998,0.0
1648,5067,0.0,0.9999999999999998,0.0
1648,5068,0.0,0.9999999999999998,0.0
1648,5069,0.0,0.9999999999999998,0.0
1648,5070,0.0,0.9999999999999998,0.0
1648,5071,0.0,0.9999999999999998,0.0
1648,5072,0.0,0.9999999999999998,0.0
1648,5073,0.0,0.9999999999999998,0.0
1648,5074,0.0,0.9999999999999998,0.0
1648,5075,0.0,0.9999999999999998,0.0
1648,5076,0.0,0.9999999999999998,0.0
1648,5077,0.0,0.9999999999999998,0.0
1648,5078,0.0,0.9999999999999998,0.0
1648,5079,0.0,0.9999999999999998,0.0
1648,5080,0.0,0.9999999999999998,0.0
1648,5081,0.0,0.9999999999999998,0.0
1648,5082,0.0,0.9999999999999998,0.0
1648,5083,0.0,0.9999999999999998,0.0
1648,5084,0.0,0.9999999999999998,0.0
1648,5085,0.0,0.9999999999999998,0.0
1648,5086,0.0,0.9999999999999998,0.0
1648,5087,0.0,0.9999999999999998,0.0
1648,5088,0.0,0.9999999999999998,0.0
1648,5089,0.0,0.9999999999999998,0.0
1648,5090,0.0,0.9999999999999998,0.0
1648,5091,0.0,0.9999999999999998,0.0
1648,5092,0.0,0.9999999999999998,0.0
1648,5093,0.0,0.9999999999999998,0.0
1648,5094,0.0,0.9999999999999998,0.0
1648,5095,0.0,0.9999999999999998,0.0
1648,5096,0.0,0.9999999999999998,0.0
1648,5097,0.0,0.9999999999999998,0.0
1648,5098,0.0,0.9999999999999998,0.0
1648,5099,0.0,0.9999999999999998,0.0
1648,5100,0.0,0.9999999999999998,0.0
1648,5101,0.0,0.9999999999999998,0.0
1648,5102,0.0,0.9999999999999998,0.0
1648,5103,0.0,0.9999999999999998,0.0
1648,5104,0.0,0.9999999999999998,0.0
1648,5105,0.0,0.9999999999999998,0.0
1648,5106,0.0,0.9999999999999998,0.0
1648,5107,0.0,0.9999999999999998,0.0
1648,5108,0.0,0.9999999999999998,0.0
1648,5109,0.0,0.9999999999999998,0.0
1648,5110,0.0,0.9999999999999998,0.0
1648,5111,0.0,0.9999999999999998,0.0
1648,5112,0.0,0.9999999999999998,0.0
1648,5113,0.0,0.9999999999999998,0.0
1648,5114,0.0,0.9999999999999998,0.0
1648,5115,0.0,0.9999999999999998,0.0
1648,5116,0.0,0.9999999999999998,0.0
1648,5117,0.0,0.9999999999999998,0.0
1648,5118,0.0,0.9999999999999998,0.0
1648,5119,0.0,0.9999999999999998,0.0
1648,5120,0.0,0.9999999999999998,0.0
1648,5121,0.0,0.9999999999999998,0.0
1648,5122,0.0,0.9999999999999998,0.0
1648,5123,0.0,0.9999999999999998,0.0
1648,5124,0.0,0.9999999999999998,0.0
1648,5125,0.0,0.9999999999999998,0.0
1648,5126,0.0,0.9999999999999998,0.0
1648,5127,0.0,0.9999999999999998,0.0
1648,5128,0.0,0.9999999999999998,0.0
1648,5129,0.0,0.9999999999999998,0.0
1648,5130,0.0,0.9999999999999998,0.0
1648,5131,0.0,0.9999999999999998,0.0
1648,5132,0.0,0.9999999999999998,0.0
1648,5133,0.0,0.9999999999999998,0.0
1648,5134,0.0,0.9999999999999998,0.0
1648,5135,0.0,0.9999999999999998,0.0
1648,5136,0.0,0.9999999999999998,0.0
1648,5137,0.0,0.9999999999999998,0.0
1648,5138,0.0,0.9999999999999998,0.0
1648,5139,0.0,0.9999999999999998,0.0
1648,5140,0.0,0.9999999999999998,0.0
1648,5141,0.0,0.9999999999999998,0.0
1648,5142,0.0,0.9999999999999998,0.0
1648,5143,0.0,0.9999999999999998,0.0
1648,5144,0.0,0.9999999999999998,0.0
1648,5145,0.0,0.9999999999999998,0.0
1648,5146,0.0,0.9999999999999998,0.0
1648,5147,0.0,0.9999999999999998,0.0
1648,5148,0.0,0.9999999999999998,0.0
1648,5149,0.0,0.9999999999999998,0.0
1648,5150,0.0,0.9999999999999998,0.0
1648,5151,0.0,0.9999999999999998,0.0
1648,5152,0.0,0.9999999999999998,0.0
1648,5153,0.0,0.9999999999999998,0.0
1648,5154,0.0,0.9999999999999998,0.0
1648,5155,0.0,0.9999999999999998,0.0
1648,5156,0.0,0.9999999999999998,0.0
1648,5157,0.0,0.9999999999999998,0.0
1648,5158,0.0,0.9999999999999998,0.0
1648,5159,0.0,0.9999999999999998,0.0
1648,5160,0.0,0.9999999999999998,0.0
1648,5161,0.0,0.9999999999999998,0.0
1648,5162,0.0,0.9999999999999998,0.0
1648,5163,0.0,0.9999999999999998,0.0
1648,5164,0.0,0.9999999999999998,0.0
1648,5165,0.0,0.9999999999999998,0.0
1648,5166,0.0,0.9999999999999998,0.0
1648,5167,0.0,0.9999999999999998,0.0
1648,5168,0.0,0.9999999999999998,0.0
1648,5169,0.0,0.9999999999999998,0.0
1648,5170,0.0,0.9999999999999998,0.0
1648,5171,0.0,0.9999999999999998,0.0
1648,5172,0.0,0.9999999999999998,0.0
1648,5173,0.0,0.9999999999999998,0.0
1648,5174,0.0,0.9999999999999998,0.0
1648,5175,0.0,0.9999999999999998,0.0
1648,5176,0.0,0.9999999999999998,0.0
1648,5177,0.0,0.9999999999999998,0.0
1648,5178,0.0,0.9999999999999998,0.0
1648,5179,0.0,0.9999999999999998,0.0
1648,5180,0.0,0.9999999999999998,0.0
1648,5181,0.0,0.9999999999999998,0.0
1648,5182,0.0,0.9999999999999998,0.0
1648,5183,0.0,0.9999999999999998,0.0
1648,5184,0.0,0.9999999999999998,0.0
1648,5185,0.0,0.9999999999999998,0.0
1648,5186,0.0,0.9999999999999998,0.0
1648,5187,0.0,0.9999999999999998,0.0
1648,5188,0.0,0.9999999999999998,0.0
1648,5189,0.0,0.9999999999999998,0.0
1648,5190,0.0,0.9999999999999998,0.0
1648,5191,0.0,0.9999999999999998,0.0
1648,5192,0.0,0.9999999999999998,0.0
1648,5193,0.0,0.9999999999999998,0.0
1648,5194,0.0,0.9999999999999998,0.0
1648,5195,0.0,0.9999999999999998,0.0
1648,5196,0.0,0.9999999999999998,0.0
1648,5197,0.0,0.9999999999999998,0.0
1648,5198,0.0,0.9999999999999998,0.0
1648,5199,0.0,0.9999999999999998,0.0
1648,5200,0.0,0.9999999999999998,0.0
1648,5201,0.0,0.9999999999999998,0.0
1648,5202,0.0,0.9999999999999998,0.0
1648,5203,0.0,0.9999999999999998,0.0
1648,5204,0.0,0.9999999999999998,0.0
1648,5205,0.0,0.9999999999999998,0.0
1648,5206,0.0,0.9999999999999998,0.0
1648,5207,0.0,0.9999999999999998,0.0
1648,5208,0.0,0.9999999999999998,0.0
1648,5209,0.0,0.9999999999999998,0.0
1648,5210,0.0,0.9999999999999998,0.0
1648,5211,0.0,0.9999999999999998,0.0
1648,5212,0.0,0.9999999999999998,0.0
1648,5213,0.0,0.9999999999999998,0.0
1648,5214,0.0,0.9999999999999998,0.0
1648,5215,0.0,0.9999999999999998,0.0
1648,5216,0.0,0.9999999999999998,0.0
1648,5217,0.0,0.9999999999999998,0.0
1648,5218,0.0,0.9999999999999998,0.0
1648,5219,0.0,0.9999999999999998,0.0
1648,5220,0.0,0.9999999999999998,0.0
1648,5221,0.0,0.9999999999999998,0.0
1648,5222,0.0,0.9999999999999998,0.0
1648,5223,0.0,0.9999999999999998,0.0
1648,5224,0.0,0.9999999999999998,0.0
1648,5225,0.0,0.9999999999999998,0.0
1648,5226,0.0,0.9999999999999998,0.0
1648,5227,0.0,0.9999999999999998,0.0
1648,5228,0.0,0.9999999999999998,0.0
1648,5229,0.0,0.9999999999999998,0.0
1648,5230,0.0,0.9999999999999998,0.0
1648,5231,0.0,0.9999999999999998,0.0
1648,5232,0.0,0.9999999999999998,0.0
1648,5233,0.0,0.9999999999999998,0.0
1648,5234,0.0,0.9999999999999998,0.0
1648,5235,0.0,0.9999999999999998,0.0
1648,5236,0.0,0.9999999999999998,0.0
1648,5237,0.0,0.9999999999999998,0.0
1648,5238,0.0,0.9999999999999998,0.0
1648,5239,0.0,0.9999999999999998,0.0
1648,5240,0.0,0.9999999999999998,0.0
1648,5241,0.0,0.9999999999999998,0.0
1648,5242,0.0,0.9999999999999998,0.0
1648,5243,0.0,0.9999999999999998,0.0
1648,5244,0.0,0.9999999999999998,0.0
1648,5245,0.0,0.9999999999999998,0.0
1648,5246,0.0,0.9999999999999998,0.0
1648,5247,0.0,0.9999999999999998,0.0
1648,5248,0.0,0.9999999999999998,0.0
1648,5249,0.0,0.9999999999999998,0.0
1648,5250,0.0,0.9999999999999998,0.0
1648,5251,0.0,0.9999999999999998,0.0
1648,5252,0.0,0.9999999999999998,0.0
1648,5253,0.0,0.9999999999999998,0.0
1648,5254,0.0,0.9999999999999998,0.0
1648,5255,0.0,0.9999999999999998,0.0
1648,5256,0.0,0.9999999999999998,0.0
1648,5257,0.0,0.9999999999999998,0.0
1648,5258,0.0,0.9999999999999998,0.0
1648,5259,0.0,0.9999999999999998,0.0
1648,5260,0.0,0.9999999999999998,0.0
1648,5261,0.0,0.9999999999999998,0.0
1648,5262,0.0,0.9999999999999998,0.0
1648,5263,0.0,0.9999999999999998,0.0
1648,5264,0.0,0.9999999999999998,0.0
1648,5265,0.0,0.9999999999999998,0.0
1648,5266,0.0,0.9999999999999998,0.0
1648,5267,0.0,0.9999999999999998,0.0
1648,5268,0.0,0.9999999999999998,0.0
1648,5269,0.0,0.9999999999999998,0.0
1648,5270,0.0,0.9999999999999998,0.0
1648,5271,0.0,0.9999999999999998,0.0
1648,5272,0.0,0.9999999999999998,0.0
1648,5273,0.0,0.9999999999999998,0.0
1648,5274,0.0,0.9999999999999998,0.0
1648,5275,0.0,0.9999999999999998,0.0
1648,5276,0.0,0.9999999999999998,0.0
1648,5277,0.0,0.9999999999999998,0.0
1648,5278,0.0,0.9999999999999998,0.0
1648,5279,0.0,0.9999999999999998,0.0
1648,5280,0.0,0.9999999999999998,0.0
1648,5281,0.0,0.9999999999999998,0.0
1648,5282,0.0,0.9999999999999998,0.0
1648,5283,0.0,0.9999999999999998,0.0
1648,5284,0.0,0.9999999999999998,0.0
1648,5285,0.0,0.9999999999999998,0.0
1648,5286,0.0,0.9999999999999998,0.0
1648,5287,0.0,0.9999999999999998,0.0
1648,5288,0.0,0.9999999999999998,0.0
1648,5289,0.0,0.9999999999999998,0.0
1648,5290,0.0,0.9999999999999998,0.0
1648,5291,0.0,0.9999999999999998,0.0
1648,5292,0.0,0.9999999999999998,0.0
1648,5293,0.0,0.9999999999999998,0.0
1648,5294,0.0,0.9999999999999998,0.0
1648,5295,0.0,0.9999999999999998,0.0
1648,5296,0.0,0.9999999999999998,0.0
1648,5297,0.0,0.9999999999999998,0.0
1648,5298,0.0,0.9999999999999998,0.0
1648,5299,0.0,0.9999999999999998,0.0
1648,5300,0.0,0.9999999999999998,0.0
1648,5301,0.0,0.9999999999999998,0.0
1648,5302,0.0,0.9999999999999998,0.0
1648,5303,0.0,0.9999999999999998,0.0
1648,5304,0.0,0.9999999999999998,0.0
1648,5305,0.0,0.9999999999999998,0.0
1648,5306,0.0,0.9999999999999998,0.0
1648,5307,0.0,0.9999999999999998,0.0
1648,5308,0.0,0.9999999999999998,0.0
1648,5309,0.0,0.9999999999999998,0.0
1648,5310,0.0,0.9999999999999998,0.0
1648,5311,0.0,0.9999999999999998,0.0
1648,5312,0.0,0.9999999999999998,0.0
1648,5313,0.0,0.9999999999999998,0.0
1648,5314,0.0,0.9999999999999998,0.0
1648,5315,0.0,0.9999999999999998,0.0
1648,5316,0.0,0.9999999999999998,0.0
1648,5317,0.0,0.9999999999999998,0.0
1648,5318,0.0,0.9999999999999998,0.0
1648,5319,0.0,0.9999999999999998,0.0
1648,5320,0.0,0.9999999999999998,0.0
1648,5321,0.0,0.9999999999999998,0.0
1648,5322,0.0,0.9999999999999998,0.0
1648,5323,0.0,0.9999999999999998,0.0
1648,5324,0.0,0.9999999999999998,0.0
1648,5325,0.0,0.9999999999999998,0.0
1648,5326,0.0,0.9999999999999998,0.0
1648,5327,0.0,0.9999999999999998,0.0
1648,5328,0.0,0.9999999999999998,0.0
1648,5329,0.0,0.9999999999999998,0.0
1648,5330,0.0,0.9999999999999998,0.0
1648,5331,0.0,0.9999999999999998,0.0
1648,5332,0.0,0.9999999999999998,0.0
1648,5333,0.0,0.9999999999999998,0.0
1648,5334,0.0,0.9999999999999998,0.0
1648,5335,0.0,0.9999999999999998,0.0
1648,5336,0.0,0.9999999999999998,0.0
1648,5337,0.0,0.9999999999999998,0.0
1648,5338,0.0,0.9999999999999998,0.0
1648,5339,0.0,0.9999999999999998,0.0
1648,5340,0.0,0.9999999999999998,0.0
1648,5341,0.0,0.9999999999999998,0.0
1648,5342,0.0,0.9999999999999998,0.0
1648,5343,0.0,0.9999999999999998,0.0
1648,5344,0.0,0.9999999999999998,0.0
1648,5345,0.0,0.9999999999999998,0.0
1648,5346,0.0,0.9999999999999998,0.0
1648,5347,0.0,0.9999999999999998,0.0
1648,5348,0.0,0.9999999999999998,0.0
1648,5349,0.0,0.9999999999999998,0.0
1648,5350,0.0,0.9999999999999998,0.0
1648,5351,0.0,0.9999999999999998,0.0
1648,5352,0.0,0.9999999999999998,0.0
1648,5353,0.0,0.9999999999999998,0.0
1648,5354,0.0,0.9999999999999998,0.0
1648,5355,0.0,0.9999999999999998,0.0
1648,5356,0.0,0.9999999999999998,0.0
1648,5357,0.0,0.9999999999999998,0.0
1648,5358,0.0,0.9999999999999998,0.0
1648,5359,0.0,0.9999999999999998,0.0
1648,5360,0.0,0.9999999999999998,0.0
1648,5361,0.0,0.9999999999999998,0.0
1648,5362,0.0,0.9999999999999998,0.0
1648,5363,0.0,0.9999999999999998,0.0
1648,5364,0.0,0.9999999999999998,0.0
1648,5365,0.0,0.9999999999999998,0.0
1648,5366,0.0,0.9999999999999998,0.0
1648,5367,0.0,0.9999999999999998,0.0
1648,5368,0.0,0.9999999999999998,0.0
1648,5369,0.0,0.9999999999999998,0.0
1648,5370,0.0,0.9999999999999998,0.0
1648,5371,0.0,0.9999999999999998,0.0
1648,5372,0.0,0.9999999999999998,0.0
1648,5373,0.0,0.9999999999999998,0.0
1648,5374,0.0,0.9999999999999998,0.0
1648,5375,0.0,0.9999999999999998,0.0
1648,5376,0.0,0.9999999999999998,0.0
1648,5377,0.0,0.9999999999999998,0.0
1648,5378,0.0,0.9999999999999998,0.0
1648,5379,0.0,0.9999999999999998,0.0
1648,5380,0.0,0.9999999999999998,0.0
1648,5381,0.0,0.9999999999999998,0.0
1648,5382,0.0,0.9999999999999998,0.0
1648,5383,0.0,0.9999999999999998,0.0
1648,5384,0.0,0.9999999999999998,0.0
1648,5385,0.0,0.9999999999999998,0.0
1648,5386,0.0,0.9999999999999998,0.0
1648,5387,0.0,0.9999999999999998,0.0
1648,5388,0.0,0.9999999999999998,0.0
1648,5389,0.0,0.9999999999999998,0.0
1648,5390,0.0,0.9999999999999998,0.0
1648,5391,0.0,0.9999999999999998,0.0
1648,5392,0.0,0.9999999999999998,0.0
1648,5393,0.0,0.9999999999999998,0.0
1648,5394,0.0,0.9999999999999998,0.0
1648,5395,0.0,0.9999999999999998,0.0
1648,5396,0.0,0.9999999999999998,0.0
1648,5397,0.0,0.9999999999999998,0.0
1648,5398,0.0,0.9999999999999998,0.0
1648,5399,0.0,0.9999999999999998,0.0
1648,5400,0.0,0.9999999999999998,0.0
1648,5401,0.0,0.9999999999999998,0.0
1648,5402,0.0,0.9999999999999998,0.0
1648,5403,0.0,0.9999999999999998,0.0
1648,5404,0.0,0.9999999999999998,0.0
1648,5405,0.0,0.9999999999999998,0.0
1648,5406,0.0,0.9999999999999998,0.0
1648,5407,0.0,0.9999999999999998,0.0
1648,5408,0.0,0.9999999999999998,0.0
1648,5409,0.0,0.9999999999999998,0.0
1648,5410,0.0,0.9999999999999998,0.0
1648,5411,0.0,0.9999999999999998,0.0
1648,5412,0.0,0.9999999999999998,0.0
1648,5413,0.0,0.9999999999999998,0.0
1648,5414,0.0,0.9999999999999998,0.0
1648,5415,0.0,0.9999999999999998,0.0
1648,5416,0.0,0.9999999999999998,0.0
1648,5417,0.0,0.9999999999999998,0.0
1648,5418,0.0,0.9999999999999998,0.0
1648,5419,0.0,0.9999999999999998,0.0
1648,5420,0.0,0.9999999999999998,0.0
1648,5421,0.0,0.9999999999999998,0.0
1648,5422,0.0,0.9999999999999998,0.0
1648,5423,0.0,0.9999999999999998,0.0
1648,5424,0.0,0.9999999999999998,0.0
1648,5425,0.0,0.9999999999999998,0.0
1648,5426,0.0,0.9999999999999998,0.0
1648,5427,0.0,0.9999999999999998,0.0
1648,5428,0.0,0.9999999999999998,0.0
1648,5429,0.0,0.9999999999999998,0.0
1648,5430,0.0,0.9999999999999998,0.0
1648,5431,0.0,0.9999999999999998,0.0
1648,5432,0.0,0.9999999999999998,0.0
1648,5433,0.0,0.9999999999999998,0.0
1648,5434,0.0,0.9999999999999998,0.0
1648,5435,0.0,0.9999999999999998,0.0
1648,5436,0.0,0.9999999999999998,0.0
1648,5437,0.0,0.9999999999999998,0.0
1648,5438,0.0,0.9999999999999998,0.0
1648,5439,0.0,0.9999999999999998,0.0
1648,5440,0.0,0.9999999999999998,0.0
1648,5441,0.0,0.9999999999999998,0.0
1648,5442,0.0,0.9999999999999998,0.0
1648,5443,0.0,0.9999999999999998,0.0
1648,5444,0.0,0.9999999999999998,0.0
1648,5445,0.0,0.9999999999999998,0.0
1648,5446,0.0,0.9999999999999998,0.0
1648,5447,0.0,0.9999999999999998,0.0
1648,5448,0.0,0.9999999999999998,0.0
1648,5449,0.0,0.9999999999999998,0.0
1648,5450,0.0,0.9999999999999998,0.0
1648,5451,0.0,0.9999999999999998,0.0
1648,5452,0.0,0.9999999999999998,0.0
1648,5453,0.0,0.9999999999999998,0.0
1648,5454,0.0,0.9999999999999998,0.0
1648,5455,0.0,0.9999999999999998,0.0
1648,5456,0.0,0.9999999999999998,0.0
1648,5457,0.0,0.9999999999999998,0.0
1648,5458,0.0,0.9999999999999998,0.0
1648,5459,0.0,0.9999999999999998,0.0
1648,5460,0.0,0.9999999999999998,0.0
1648,5461,0.0,0.9999999999999998,0.0
1648,5462,0.0,0.9999999999999998,0.0
1648,5463,0.0,0.9999999999999998,0.0
1648,5464,0.0,0.9999999999999998,0.0
1648,5465,0.0,0.9999999999999998,0.0
1648,5466,0.0,0.9999999999999998,0.0
1648,5467,0.0,0.9999999999999998,0.0
1648,5468,0.0,0.9999999999999998,0.0
1648,5469,0.0,0.9999999999999998,0.0
1648,5470,0.0,0.9999999999999998,0.0
1648,5471,0.0,0.9999999999999998,0.0
1648,5472,0.0,0.9999999999999998,0.0
1648,5473,0.0,0.9999999999999998,0.0
1648,5474,0.0,0.9999999999999998,0.0
1648,5475,0.0,0.9999999999999998,0.0
1648,5476,0.0,0.9999999999999998,0.0
1648,5477,0.0,0.9999999999999998,0.0
1648,5478,0.0,0.9999999999999998,0.0
1648,5479,0.0,0.9999999999999998,0.0
1648,5480,0.0,0.9999999999999998,0.0
1648,5481,0.0,0.9999999999999998,0.0
1648,5482,0.0,0.9999999999999998,0.0
1648,5483,0.0,0.9999999999999998,0.0
1648,5484,0.0,0.9999999999999998,0.0
1648,5485,0.0,0.9999999999999998,0.0
1648,5486,0.0,0.9999999999999998,0.0
1648,5487,0.0,0.9999999999999998,0.0
1648,5488,0.0,0.9999999999999998,0.0
1648,5489,0.0,0.9999999999999998,0.0
1648,5490,0.0,0.9999999999999998,0.0
1648,5491,0.0,0.9999999999999998,0.0
1648,5492,0.0,0.9999999999999998,0.0
1648,5493,0.0,0.9999999999999998,0.0
1648,5494,0.0,0.9999999999999998,0.0
1648,5495,0.0,0.9999999999999998,0.0
1648,5496,0.0,0.9999999999999998,0.0
1648,5497,0.0,0.9999999999999998,0.0
1648,5498,0.0,0.9999999999999998,0.0
1648,5499,0.0,0.9999999999999998,0.0
1648,5500,0.0,0.9999999999999998,0.0
1648,5501,0.0,0.9999999999999998,0.0
1648,5502,0.0,0.9999999999999998,0.0
1648,5503,0.0,0.9999999999999998,0.0
1648,5504,0.0,0.9999999999999998,0.0
1648,5505,0.0,0.9999999999999998,0.0
1648,5506,0.0,0.9999999999999998,0.0
1648,5507,0.0,0.9999999999999998,0.0
1648,5508,0.0,0.9999999999999998,0.0
1648,5509,0.0,0.9999999999999998,0.0
1648,5510,0.0,0.9999999999999998,0.0
1648,5511,0.0,0.9999999999999998,0.0
1648,5512,0.0,0.9999999999999998,0.0
1648,5513,0.0,0.9999999999999998,0.0
1648,5514,0.0,0.9999999999999998,0.0
1648,5515,0.0,0.9999999999999998,0.0
1648,5516,0.0,0.9999999999999998,0.0
1648,5517,0.0,0.9999999999999998,0.0
1648,5518,0.0,0.9999999999999998,0.0
1648,5519,0.0,0.9999999999999998,0.0
1648,5520,0.0,0.9999999999999998,0.0
1648,5521,0.0,0.9999999999999998,0.0
1648,5522,0.0,0.9999999999999998,0.0
1648,5523,0.0,0.9999999999999998,0.0
1648,5524,0.0,0.9999999999999998,0.0
1648,5525,0.0,0.9999999999999998,0.0
1648,5526,0.0,0.9999999999999998,0.0
1648,5527,0.0,0.9999999999999998,0.0
1648,5528,0.0,0.9999999999999998,0.0
1648,5529,0.0,0.9999999999999998,0.0
1648,5530,0.0,0.9999999999999998,0.0
1648,5531,0.0,0.9999999999999998,0.0
1648,5532,0.0,0.9999999999999998,0.0
1648,5533,0.0,0.9999999999999998,0.0
1648,5534,0.0,0.9999999999999998,0.0
1648,5535,0.0,0.9999999999999998,0.0
1648,5536,0.0,0.9999999999999998,0.0
1648,5537,0.0,0.9999999999999998,0.0
1648,5538,0.0,0.9999999999999998,0.0
1648,5539,0.0,0.9999999999999998,0.0
1648,5540,0.0,0.9999999999999998,0.0
1648,5541,0.0,0.9999999999999998,0.0
1648,5542,0.0,0.9999999999999998,0.0
1648,5543,0.0,0.9999999999999998,0.0
1648,5544,0.0,0.9999999999999998,0.0
1648,5545,0.0,0.9999999999999998,0.0
1648,5546,0.0,0.9999999999999998,0.0
1648,5547,0.0,0.9999999999999998,0.0
1648,5548,0.0,0.9999999999999998,0.0
1648,5549,0.0,0.9999999999999998,0.0
1648,5550,0.0,0.9999999999999998,0.0
1648,5551,0.0,0.9999999999999998,0.0
1648,5552,0.0,0.9999999999999998,0.0
1648,5553,0.0,0.9999999999999998,0.0
1648,5554,0.0,0.9999999999999998,0.0
1648,5555,0.0,0.9999999999999998,0.0
1648,5556,0.0,0.9999999999999998,0.0
1648,5557,0.0,0.9999999999999998,0.0
1648,5558,0.0,0.9999999999999998,0.0
1648,5559,0.0,0.9999999999999998,0.0
1648,5560,0.0,0.9999999999999998,0.0
1648,5561,0.0,0.9999999999999998,0.0
1648,5562,0.0,0.9999999999999998,0.0
1648,5563,0.0,0.9999999999999998,0.0
1648,5564,0.0,0.9999999999999998,0.0
1648,5565,0.0,0.9999999999999998,0.0
1648,5566,0.0,0.9999999999999998,0.0
1648,5567,0.0,0.9999999999999998,0.0
1648,5568,0.0,0.9999999999999998,0.0
1648,5569,0.0,0.9999999999999998,0.0
1648,5570,0.0,0.9999999999999998,0.0
1648,5571,0.0,0.9999999999999998,0.0
1648,5572,0.0,0.9999999999999998,0.0
1648,5573,0.0,0.9999999999999998,0.0
1648,5574,0.0,0.9999999999999998,0.0
1648,5575,0.0,0.9999999999999998,0.0
1648,5576,0.0,0.9999999999999998,0.0
1648,5577,0.0,0.9999999999999998,0.0
1648,5578,0.0,0.9999999999999998,0.0
1648,5579,0.0,0.9999999999999998,0.0
1648,5580,0.0,0.9999999999999998,0.0
1648,5581,0.0,0.9999999999999998,0.0
1648,5582,0.0,0.9999999999999998,0.0
1648,5583,0.0,0.9999999999999998,0.0
1648,5584,0.0,0.9999999999999998,0.0
1648,5585,0.0,0.9999999999999998,0.0
1648,5586,0.0,0.9999999999999998,0.0
1648,5587,0.0,0.9999999999999998,0.0
1648,5588,0.0,0.9999999999999998,0.0
1648,5589,0.0,0.9999999999999998,0.0
1648,5590,0.0,0.9999999999999998,0.0
1648,5591,0.0,0.9999999999999998,0.0
1648,5592,0.0,0.9999999999999998,0.0
1648,5593,0.0,0.9999999999999998,0.0
1648,5594,0.0,0.9999999999999998,0.0
1648,5595,0.0,0.9999999999999998,0.0
1648,5596,0.0,0.9999999999999998,0.0
1648,5597,0.0,0.9999999999999998,0.0
1648,5598,0.0,0.9999999999999998,0.0
1648,5599,0.0,0.9999999999999998,0.0
1648,5600,0.0,0.9999999999999998,0.0
1648,5601,0.0,0.9999999999999998,0.0
1648,5602,0.0,0.9999999999999998,0.0
1648,5603,0.0,0.9999999999999998,0.0
1648,5604,0.0,0.9999999999999998,0.0
1648,5605,0.0,0.9999999999999998,0.0
1648,5606,0.0,0.9999999999999998,0.0
1648,5607,0.0,0.9999999999999998,0.0
1648,5608,0.0,0.9999999999999998,0.0
1648,5609,0.0,0.9999999999999998,0.0
1648,5610,0.0,0.9999999999999998,0.0
1648,5611,0.0,0.9999999999999998,0.0
1648,5612,0.0,0.9999999999999998,0.0
1648,5613,0.0,0.9999999999999998,0.0
1648,5614,0.0,0.9999999999999998,0.0
1648,5615,0.0,0.9999999999999998,0.0
1648,5616,0.0,0.9999999999999998,0.0
1648,5617,0.0,0.9999999999999998,0.0
1648,5618,0.0,0.9999999999999998,0.0
1648,5619,0.0,0.9999999999999998,0.0
1648,5620,0.0,0.9999999999999998,0.0
1648,5621,0.0,0.9999999999999998,0.0
1648,5622,0.0,0.9999999999999998,0.0
1648,5623,0.0,0.9999999999999998,0.0
1648,5624,0.0,0.9999999999999998,0.0
1648,5625,0.0,0.9999999999999998,0.0
1648,5626,0.0,0.9999999999999998,0.0
1648,5627,0.0,0.9999999999999998,0.0
1648,5628,0.0,0.9999999999999998,0.0
1648,5629,0.0,0.9999999999999998,0.0
1648,5630,0.0,0.9999999999999998,0.0
1648,5631,0.0,0.9999999999999998,0.0
1648,5632,0.0,0.9999999999999998,0.0
1648,5633,0.0,0.9999999999999998,0.0
1648,5634,0.0,0.9999999999999998,0.0
1648,5635,0.0,0.9999999999999998,0.0
1648,5636,0.0,0.9999999999999998,0.0
1648,5637,0.0,0.9999999999999998,0.0
1648,5638,0.0,0.9999999999999998,0.0
1648,5639,0.0,0.9999999999999998,0.0
1648,5640,0.0,0.9999999999999998,0.0
1648,5641,0.0,0.9999999999999998,0.0
1648,5642,0.0,0.9999999999999998,0.0
1648,5643,0.0,0.9999999999999998,0.0
1648,5644,0.0,0.9999999999999998,0.0
1648,5645,0.0,0.9999999999999998,0.0
1648,5646,0.0,0.9999999999999998,0.0
1648,5647,0.0,0.9999999999999998,0.0
1648,5648,0.0,0.9999999999999998,0.0
1648,5649,0.0,0.9999999999999998,0.0
1648,5650,0.0,0.9999999999999998,0.0
1648,5651,0.0,0.9999999999999998,0.0
1648,5652,0.0,0.9999999999999998,0.0
1648,5653,0.0,0.9999999999999998,0.0
1648,5654,0.0,0.9999999999999998,0.0
1648,5655,0.0,0.9999999999999998,0.0
1648,5656,0.0,0.9999999999999998,0.0
1648,5657,0.0,0.9999999999999998,0.0
1648,5658,0.0,0.9999999999999998,0.0
1648,5659,0.0,0.9999999999999998,0.0
1648,5660,0.0,0.9999999999999998,0.0
1648,5661,0.0,0.9999999999999998,0.0
1648,5662,0.0,0.9999999999999998,0.0
1648,5663,0.0,0.9999999999999998,0.0
1648,5664,0.0,0.9999999999999998,0.0
1648,5665,0.0,0.9999999999999998,0.0
1648,5666,0.0,0.9999999999999998,0.0
1648,5667,0.0,0.9999999999999998,0.0
1648,5668,0.0,0.9999999999999998,0.0
1648,5669,0.0,0.9999999999999998,0.0
1648,5670,0.0,0.9999999999999998,0.0
1648,5671,0.0,0.9999999999999998,0.0
1648,5672,0.0,0.9999999999999998,0.0
1648,5673,0.0,0.9999999999999998,0.0
1648,5674,0.0,0.9999999999999998,0.0
1648,5675,0.0,0.9999999999999998,0.0
1648,5676,0.0,0.9999999999999998,0.0
1648,5677,0.0,0.9999999999999998,0.0
1648,5678,0.0,0.9999999999999998,0.0
1648,5679,0.0,0.9999999999999998,0.0
1648,5680,0.0,0.9999999999999998,0.0
1648,5681,0.0,0.9999999999999998,0.0
1648,5682,0.0,0.9999999999999998,0.0
1648,5683,0.0,0.9999999999999998,0.0
1648,5684,0.0,0.9999999999999998,0.0
1648,5685,0.0,0.9999999999999998,0.0
1648,5686,0.0,0.9999999999999998,0.0
1648,5687,0.0,0.9999999999999998,0.0
1648,5688,0.0,0.9999999999999998,0.0
1648,5689,0.0,0.9999999999999998,0.0
1648,5690,0.0,0.9999999999999998,0.0
1648,5691,0.0,0.9999999999999998,0.0
1648,5692,0.0,0.9999999999999998,0.0
1648,5693,0.0,0.9999999999999998,0.0
1648,5694,0.0,0.9999999999999998,0.0
1648,5695,0.0,0.9999999999999998,0.0
1648,5696,0.0,0.9999999999999998,0.0
1648,5697,0.0,0.9999999999999998,0.0
1648,5698,0.0,0.9999999999999998,0.0
1648,5699,0.0,0.9999999999999998,0.0
1648,5700,0.0,0.9999999999999998,0.0
1648,5701,0.0,0.9999999999999998,0.0
1648,5702,0.0,0.9999999999999998,0.0
1648,5703,0.0,0.9999999999999998,0.0
1648,5704,0.0,0.9999999999999998,0.0
1648,5705,0.0,0.9999999999999998,0.0
1648,5706,0.0,0.9999999999999998,0.0
1648,5707,0.0,0.9999999999999998,0.0
1648,5708,0.0,0.9999999999999998,0.0
1648,5709,0.0,0.9999999999999998,0.0
1648,5710,0.0,0.9999999999999998,0.0
1648,5711,0.0,0.9999999999999998,0.0
1648,5712,0.0,0.9999999999999998,0.0
1648,5713,0.0,0.9999999999999998,0.0
1648,5714,0.0,0.9999999999999998,0.0
1648,5715,0.0,0.9999999999999998,0.0
1648,5716,0.0,0.9999999999999998,0.0
1648,5717,0.0,0.9999999999999998,0.0
1648,5718,0.0,0.9999999999999998,0.0
1648,5719,0.0,0.9999999999999998,0.0
1648,5720,0.0,0.9999999999999998,0.0
1648,5721,0.0,0.9999999999999998,0.0
1648,5722,0.0,0.9999999999999998,0.0
1648,5723,0.0,0.9999999999999998,0.0
1648,5724,0.0,0.9999999999999998,0.0
1648,5725,0.0,0.9999999999999998,0.0
1648,5726,0.0,0.9999999999999998,0.0
1648,5727,0.0,0.9999999999999998,0.0
1648,5728,0.0,0.9999999999999998,0.0
1648,5729,0.0,0.9999999999999998,0.0
1648,5730,0.0,0.9999999999999998,0.0
1648,5731,0.0,0.9999999999999998,0.0
1648,5732,0.0,0.9999999999999998,0.0
1648,5733,0.0,0.9999999999999998,0.0
1648,5734,0.0,0.9999999999999998,0.0
1648,5735,0.0,0.9999999999999998,0.0
1648,5736,0.0,0.9999999999999998,0.0
1648,5737,0.0,0.9999999999999998,0.0
1648,5738,0.0,0.9999999999999998,0.0
1648,5739,0.0,0.9999999999999998,0.0
1648,5740,0.0,0.9999999999999998,0.0
1648,5741,0.0,0.9999999999999998,0.0
1648,5742,0.0,0.9999999999999998,0.0
1648,5743,0.0,0.9999999999999998,0.0
1648,5744,0.0,0.9999999999999998,0.0
1648,5745,0.0,0.9999999999999998,0.0
1648,5746,0.0,0.9999999999999998,0.0
1648,5747,0.0,0.9999999999999998,0.0
1648,5748,0.0,0.9999999999999998,0.0
1648,5749,0.0,0.9999999999999998,0.0
1648,5750,0.0,0.9999999999999998,0.0
1648,5751,0.0,0.9999999999999998,0.0
1648,5752,0.0,0.9999999999999998,0.0
1648,5753,0.0,0.9999999999999998,0.0
1648,5754,0.0,0.9999999999999998,0.0
1648,5755,0.0,0.9999999999999998,0.0
1648,5756,0.0,0.9999999999999998,0.0
1648,5757,0.0,0.9999999999999998,0.0
1648,5758,0.0,0.9999999999999998,0.0
1648,5759,0.0,0.9999999999999998,0.0
1648,5760,0.0,0.9999999999999998,0.0
1648,5761,0.0,0.9999999999999998,0.0
1648,5762,0.0,0.9999999999999998,0.0
1648,5763,0.0,0.9999999999999998,0.0
1648,5764,0.0,0.9999999999999998,0.0
1648,5765,0.0,0.9999999999999998,0.0
1648,5766,0.0,0.9999999999999998,0.0
1648,5767,0.0,0.9999999999999998,0.0
1648,5768,0.0,0.9999999999999998,0.0
1648,5769,0.0,0.9999999999999998,0.0
1648,5770,0.0,0.9999999999999998,0.0
1648,5771,0.0,0.9999999999999998,0.0
1648,5772,0.0,0.9999999999999998,0.0
1648,5773,0.0,0.9999999999999998,0.0
1648,5774,0.0,0.9999999999999998,0.0
1648,5775,0.0,0.9999999999999998,0.0
1648,5776,0.0,0.9999999999999998,0.0
1648,5777,0.0,0.9999999999999998,0.0
1648,5778,0.0,0.9999999999999998,0.0
1648,5779,0.0,0.9999999999999998,0.0
1648,5780,0.0,0.9999999999999998,0.0
1648,5781,0.0,0.9999999999999998,0.0
1648,5782,0.0,0.9999999999999998,0.0
1648,5783,0.0,0.9999999999999998,0.0
1648,5784,0.0,0.9999999999999998,0.0
1648,5785,0.0,0.9999999999999998,0.0
1648,5786,0.0,0.9999999999999998,0.0
1648,5787,0.0,0.9999999999999998,0.0
1648,5788,0.0,0.9999999999999998,0.0
1648,5789,0.0,0.9999999999999998,0.0
1648,5790,0.0,0.9999999999999998,0.0
1648,5791,0.0,0.9999999999999998,0.0
1648,5792,0.0,0.9999999999999998,0.0
1648,5793,0.0,0.9999999999999998,0.0
1648,5794,0.0,0.9999999999999998,0.0
1648,5795,0.0,0.9999999999999998,0.0
1648,5796,0.0,0.9999999999999998,0.0
1648,5797,0.0,0.9999999999999998,0.0
1648,5798,0.0,0.9999999999999998,0.0
1648,5799,0.0,0.9999999999999998,0.0
1648,5800,0.0,0.9999999999999998,0.0
1648,5801,0.0,0.9999999999999998,0.0
1648,5802,0.0,0.9999999999999998,0.0
1648,5803,0.0,0.9999999999999998,0.0
1648,5804,0.0,0.9999999999999998,0.0
1648,5805,0.0,0.9999999999999998,0.0
1648,5806,0.0,0.9999999999999998,0.0
1648,5807,0.0,0.9999999999999998,0.0
1648,5808,0.0,0.9999999999999998,0.0
1648,5809,0.0,0.9999999999999998,0.0
1648,5810,0.0,0.9999999999999998,0.0
1648,5811,0.0,0.9999999999999998,0.0
1648,5812,0.0,0.9999999999999998,0.0
1648,5813,0.0,0.9999999999999998,0.0
1648,5814,0.0,0.9999999999999998,0.0
1648,5815,0.0,0.9999999999999998,0.0
1648,5816,0.0,0.9999999999999998,0.0
1648,5817,0.0,0.9999999999999998,0.0
1648,5818,0.0,0.9999999999999998,0.0
1648,5819,0.0,0.9999999999999998,0.0
1648,5820,0.0,0.9999999999999998,0.0
1648,5821,0.0,0.9999999999999998,0.0
1648,5822,0.0,0.9999999999999998,0.0
1648,5823,0.0,0.9999999999999998,0.0
1648,5824,0.0,0.9999999999999998,0.0
1648,5825,0.0,0.9999999999999998,0.0
1648,5826,0.0,0.9999999999999998,0.0
1648,5827,0.0,0.9999999999999998,0.0
1648,5828,0.0,0.9999999999999998,0.0
1648,5829,0.0,0.9999999999999998,0.0
1648,5830,0.0,0.9999999999999998,0.0
1648,5831,0.0,0.9999999999999998,0.0
1648,5832,0.0,0.9999999999999998,0.0
1648,5833,0.0,0.9999999999999998,0.0
1648,5834,0.0,0.9999999999999998,0.0
1648,5835,0.0,0.9999999999999998,0.0
1648,5836,0.0,0.9999999999999998,0.0
1648,5837,0.0,0.9999999999999998,0.0
1648,5838,0.0,0.9999999999999998,0.0
1648,5839,0.0,0.9999999999999998,0.0
1648,5840,0.0,0.9999999999999998,0.0
1648,5841,0.0,0.9999999999999998,0.0
1648,5842,0.0,0.9999999999999998,0.0
1648,5843,0.0,0.9999999999999998,0.0
1648,5844,0.0,0.9999999999999998,0.0
1648,5845,0.0,0.9999999999999998,0.0
1648,5846,0.0,0.9999999999999998,0.0
1648,5847,0.0,0.9999999999999998,0.0
1648,5848,0.0,0.9999999999999998,0.0
1648,5849,0.0,0.9999999999999998,0.0
1648,5850,0.0,0.9999999999999998,0.0
1648,5851,0.0,0.9999999999999998,0.0
1648,5852,0.0,0.9999999999999998,0.0
1648,5853,0.0,0.9999999999999998,0.0
1648,5854,0.0,0.9999999999999998,0.0
1648,5855,0.0,0.9999999999999998,0.0
1648,5856,0.0,0.9999999999999998,0.0
1648,5857,0.0,0.9999999999999998,0.0
1648,5858,0.0,0.9999999999999998,0.0
1648,5859,0.0,0.9999999999999998,0.0
1648,5860,0.0,0.9999999999999998,0.0
1648,5861,0.0,0.9999999999999998,0.0
1648,5862,0.0,0.9999999999999998,0.0
1648,5863,0.0,0.9999999999999998,0.0
1648,5864,0.0,0.9999999999999998,0.0
1648,5865,0.0,0.9999999999999998,0.0
1648,5866,0.0,0.9999999999999998,0.0
1648,5867,0.0,0.9999999999999998,0.0
1648,5868,0.0,0.9999999999999998,0.0
1648,5869,0.0,0.9999999999999998,0.0
1648,5870,0.0,0.9999999999999998,0.0
1648,5871,0.0,0.9999999999999998,0.0
1648,5872,0.0,0.9999999999999998,0.0
1648,5873,0.0,0.9999999999999998,0.0
1648,5874,0.0,0.9999999999999998,0.0
1648,5875,0.0,0.9999999999999998,0.0
1648,5876,0.0,0.9999999999999998,0.0
1648,5877,0.0,0.9999999999999998,0.0
1648,5878,0.0,0.9999999999999998,0.0
1648,5879,0.0,0.9999999999999998,0.0
1648,5880,0.0,0.9999999999999998,0.0
1648,5881,0.0,0.9999999999999998,0.0
1648,5882,0.0,0.9999999999999998,0.0
1648,5883,0.0,0.9999999999999998,0.0
1648,5884,0.0,0.9999999999999998,0.0
1648,5885,0.0,0.9999999999999998,0.0
1648,5886,0.0,0.9999999999999998,0.0
1648,5887,0.0,0.9999999999999998,0.0
1648,5888,0.0,0.9999999999999998,0.0
1648,5889,0.0,0.9999999999999998,0.0
1648,5890,0.0,0.9999999999999998,0.0
1648,5891,0.0,0.9999999999999998,0.0
1648,5892,0.0,0.9999999999999998,0.0
1648,5893,0.0,0.9999999999999998,0.0
1648,5894,0.0,0.9999999999999998,0.0
1648,5895,0.0,0.9999999999999998,0.0
1648,5896,0.0,0.9999999999999998,0.0
1648,5897,0.0,0.9999999999999998,0.0
1648,5898,0.0,0.9999999999999998,0.0
1648,5899,0.0,0.9999999999999998,0.0
1648,5900,0.0,0.9999999999999998,0.0
1648,5901,0.0,0.9999999999999998,0.0
1648,5902,0.0,0.9999999999999998,0.0
1648,5903,0.0,0.9999999999999998,0.0
1648,5904,0.0,0.9999999999999998,0.0
1648,5905,0.0,0.9999999999999998,0.0
1648,5906,0.0,0.9999999999999998,0.0
1648,5907,0.0,0.9999999999999998,0.0
1648,5908,0.0,0.9999999999999998,0.0
1648,5909,0.0,0.9999999999999998,0.0
1648,5910,0.0,0.9999999999999998,0.0
1648,5911,0.0,0.9999999999999998,0.0
1648,5912,0.0,0.9999999999999998,0.0
1648,5913,0.0,0.9999999999999998,0.0
1648,5914,0.0,0.9999999999999998,0.0
1648,5915,0.0,0.9999999999999998,0.0
1648,5916,0.0,0.9999999999999998,0.0
1648,5917,0.0,0.9999999999999998,0.0
1648,5918,0.0,0.9999999999999998,0.0
1648,5919,0.0,0.9999999999999998,0.0
1648,5920,0.0,0.9999999999999998,0.0
1648,5921,0.0,0.9999999999999998,0.0
1648,5922,0.0,0.9999999999999998,0.0
1648,5923,0.0,0.9999999999999998,0.0
1648,5924,0.0,0.9999999999999998,0.0
1648,5925,0.0,0.9999999999999998,0.0
1648,5926,0.0,0.9999999999999998,0.0
1648,5927,0.0,0.9999999999999998,0.0
1648,5928,0.0,0.9999999999999998,0.0
1648,5929,0.0,0.9999999999999998,0.0
1648,5930,0.0,0.9999999999999998,0.0
1648,5931,0.0,0.9999999999999998,0.0
1648,5932,0.0,0.9999999999999998,0.0
1648,5933,0.0,0.9999999999999998,0.0
1648,5934,0.0,0.9999999999999998,0.0
1648,5935,0.0,0.9999999999999998,0.0
1648,5936,0.0,0.9999999999999998,0.0
1648,5937,0.0,0.9999999999999998,0.0
1648,5938,0.0,0.9999999999999998,0.0
1648,5939,0.0,0.9999999999999998,0.0
1648,5940,0.0,0.9999999999999998,0.0
1648,5941,0.0,0.9999999999999998,0.0
1648,5942,0.0,0.9999999999999998,0.0
1648,5943,0.0,0.9999999999999998,0.0
1648,5944,0.0,0.9999999999999998,0.0
1648,5945,0.0,0.9999999999999998,0.0
1648,5946,0.0,0.9999999999999998,0.0
1648,5947,0.0,0.9999999999999998,0.0
1648,5948,0.0,0.9999999999999998,0.0
1648,5949,0.0,0.9999999999999998,0.0
1648,5950,0.0,0.9999999999999998,0.0
1648,5951,0.0,0.9999999999999998,0.0
1648,5952,0.0,0.9999999999999998,0.0
1648,5953,0.0,0.9999999999999998,0.0
1648,5954,0.0,0.9999999999999998,0.0
1648,5955,0.0,0.9999999999999998,0.0
1648,5956,0.0,0.9999999999999998,0.0
1648,5957,0.0,0.9999999999999998,0.0
1648,5958,0.0,0.9999999999999998,0.0
1648,5959,0.0,0.9999999999999998,0.0
1648,5960,0.0,0.9999999999999998,0.0
1648,5961,0.0,0.9999999999999998,0.0
1648,5962,0.0,0.9999999999999998,0.0
1648,5963,0.0,0.9999999999999998,0.0
1648,5964,0.0,0.9999999999999998,0.0
1648,5965,0.0,0.9999999999999998,0.0
1648,5966,0.0,0.9999999999999998,0.0
1648,5967,0.0,0.9999999999999998,0.0
1648,5968,0.0,0.9999999999999998,0.0
1648,5969,0.0,0.9999999999999998,0.0
1648,5970,0.0,0.9999999999999998,0.0
1648,5971,0.0,0.9999999999999998,0.0
1648,5972,0.0,0.9999999999999998,0.0
1648,5973,0.0,0.9999999999999998,0.0
1648,5974,0.0,0.9999999999999998,0.0
1648,5975,0.0,0.9999999999999998,0.0
1648,5976,0.0,0.9999999999999998,0.0
1648,5977,0.0,0.9999999999999998,0.0
1648,5978,0.0,0.9999999999999998,0.0
1648,5979,0.0,0.9999999999999998,0.0
1648,5980,0.0,0.9999999999999998,0.0
1648,5981,0.0,0.9999999999999998,0.0
1648,5982,0.0,0.9999999999999998,0.0
1648,5983,0.0,0.9999999999999998,0.0
1648,5984,0.0,0.9999999999999998,0.0
1648,5985,0.0,0.9999999999999998,0.0
1648,5986,0.0,0.9999999999999998,0.0
1648,5987,0.0,0.9999999999999998,0.0
1648,5988,0.0,0.9999999999999998,0.0
1648,5989,0.0,0.9999999999999998,0.0
1648,5990,0.0,0.9999999999999998,0.0
1648,5991,0.0,0.9999999999999998,0.0
1648,5992,0.0,0.9999999999999998,0.0
1648,5993,0.0,0.9999999999999998,0.0
1648,5994,0.0,0.9999999999999998,0.0
1648,5995,0.0,0.9999999999999998,0.0
1648,5996,0.0,0.9999999999999998,0.0
1648,5997,0.0,0.9999999999999998,0.0
1648,5998,0.0,0.9999999999999998,0.0
1648,5999,0.0,0.9999999999999998,0.0
1648,6000,0.0,0.9999999999999998,0.0
1648,6001,0.0,0.9999999999999998,0.0
1648,6002,0.0,0.9999999999999998,0.0
1648,6003,0.0,0.9999999999999998,0.0
1648,6004,0.0,0.9999999999999998,0.0
1648,6005,0.0,0.9999999999999998,0.0
1648,6006,0.0,0.9999999999999998,0.0
1648,6007,0.0,0.9999999999999998,0.0
1648,6008,0.0,0.9999999999999998,0.0
1648,6009,0.0,0.9999999999999998,0.0
1648,6010,0.0,0.9999999999999998,0.0
1648,6011,0.0,0.9999999999999998,0.0
1648,6012,0.0,0.9999999999999998,0.0
1648,6013,0.0,0.9999999999999998,0.0
1648,6014,0.0,0.9999999999999998,0.0
1648,6015,0.0,0.9999999999999998,0.0
1648,6016,0.0,0.9999999999999998,0.0
1648,6017,0.0,0.9999999999999998,0.0
1648,6018,0.0,0.9999999999999998,0.0
1648,6019,0.0,0.9999999999999998,0.0
1648,6020,0.0,0.9999999999999998,0.0
1648,6021,0.0,0.9999999999999998,0.0
1648,6022,0.0,0.9999999999999998,0.0
1648,6023,0.0,0.9999999999999998,0.0
1648,6024,0.0,0.9999999999999998,0.0
1648,6025,0.0,0.9999999999999998,0.0
1648,6026,0.0,0.9999999999999998,0.0
1648,6027,0.0,0.9999999999999998,0.0
1648,6028,0.0,0.9999999999999998,0.0
1648,6029,0.0,0.9999999999999998,0.0
1648,6030,0.0,0.9999999999999998,0.0
1648,6031,0.0,0.9999999999999998,0.0
1648,6032,0.0,0.9999999999999998,0.0
1648,6033,0.0,0.9999999999999998,0.0
1648,6034,0.0,0.9999999999999998,0.0
1648,6035,0.0,0.9999999999999998,0.0
1648,6036,0.0,0.9999999999999998,0.0
1648,6037,0.0,0.9999999999999998,0.0
1648,6038,0.0,0.9999999999999998,0.0
1648,6039,0.0,0.9999999999999998,0.0
1648,6040,0.0,0.9999999999999998,0.0
1648,6041,0.0,0.9999999999999998,0.0
1648,6042,0.0,0.9999999999999998,0.0
1648,6043,0.0,0.9999999999999998,0.0
1648,6044,0.0,0.9999999999999998,0.0
1648,6045,0.0,0.9999999999999998,0.0
1648,6046,0.0,0.9999999999999998,0.0
1648,6047,0.0,0.9999999999999998,0.0
1648,6048,0.0,0.9999999999999998,0.0
1648,6049,0.0,0.9999999999999998,0.0
1648,6050,0.0,0.9999999999999998,0.0
1648,6051,0.0,0.9999999999999998,0.0
1648,6052,0.0,0.9999999999999998,0.0
1648,6053,0.0,0.9999999999999998,0.0
1648,6054,0.0,0.9999999999999998,0.0
1648,6055,0.0,0.9999999999999998,0.0
1648,6056,0.0,0.9999999999999998,0.0
1648,6057,0.0,0.9999999999999998,0.0
1648,6058,0.0,0.9999999999999998,0.0
1648,6059,0.0,0.9999999999999998,0.0
1648,6060,0.0,0.9999999999999998,0.0
1648,6061,0.0,0.9999999999999998,0.0
1648,6062,0.0,0.9999999999999998,0.0
1648,6063,0.0,0.9999999999999998,0.0
1648,6064,0.0,0.9999999999999998,0.0
1648,6065,0.0,0.9999999999999998,0.0
1648,6066,0.0,0.9999999999999998,0.0
1648,6067,0.0,0.9999999999999998,0.0
1648,6068,0.0,0.9999999999999998,0.0
1648,6069,0.0,0.9999999999999998,0.0
1648,6070,0.0,0.9999999999999998,0.0
1648,6071,0.0,0.9999999999999998,0.0
1648,6072,0.0,0.9999999999999998,0.0
1648,6073,0.0,0.9999999999999998,0.0
1648,6074,0.0,0.9999999999999998,0.0
1648,6075,0.0,0.9999999999999998,0.0
1648,6076,0.0,0.9999999999999998,0.0
1648,6077,0.0,0.9999999999999998,0.0
1648,6078,0.0,0.9999999999999998,0.0
1648,6079,0.0,0.9999999999999998,0.0
1648,6080,0.0,0.9999999999999998,0.0
1648,6081,0.0,0.9999999999999998,0.0
1648,6082,0.0,0.9999999999999998,0.0
1648,6083,0.0,0.9999999999999998,0.0
1648,6084,0.0,0.9999999999999998,0.0
1648,6085,0.0,0.9999999999999998,0.0
1648,6086,0.0,0.9999999999999998,0.0
1648,6087,0.0,0.9999999999999998,0.0
1648,6088,0.0,0.9999999999999998,0.0
1648,6089,0.0,0.9999999999999998,0.0
1648,6090,0.0,0.9999999999999998,0.0
1648,6091,0.0,0.9999999999999998,0.0
1648,6092,0.0,0.9999999999999998,0.0
1648,6093,0.0,0.9999999999999998,0.0
1648,6094,0.0,0.9999999999999998,0.0
1648,6095,0.0,0.9999999999999998,0.0
1648,6096,0.0,0.9999999999999998,0.0
1648,6097,0.0,0.9999999999999998,0.0
1648,6098,0.0,0.9999999999999998,0.0
1648,6099,0.0,0.9999999999999998,0.0
1648,6100,0.0,0.9999999999999998,0.0
1648,6101,0.0,0.9999999999999998,0.0
1648,6102,0.0,0.9999999999999998,0.0
1648,6103,0.0,0.9999999999999998,0.0
1648,6104,0.0,0.9999999999999998,0.0
1648,6105,0.0,0.9999999999999998,0.0
1648,6106,0.0,0.9999999999999998,0.0
1648,6107,0.0,0.9999999999999998,0.0
1648,6108,0.0,0.9999999999999998,0.0
1648,6109,0.0,0.9999999999999998,0.0
1648,6110,0.0,0.9999999999999998,0.0
1648,6111,0.0,0.9999999999999998,0.0
1648,6112,0.0,0.9999999999999998,0.0
1648,6113,0.0,0.9999999999999998,0.0
1648,6114,0.0,0.9999999999999998,0.0
1648,6115,0.0,0.9999999999999998,0.0
1648,6116,0.0,0.9999999999999998,0.0
1648,6117,0.0,0.9999999999999998,0.0
1648,6118,0.0,0.9999999999999998,0.0
1648,6119,0.0,0.9999999999999998,0.0
1648,6120,0.0,0.9999999999999998,0.0
1648,6121,0.0,0.9999999999999998,0.0
1648,6122,0.0,0.9999999999999998,0.0
1648,6123,0.0,0.9999999999999998,0.0
1648,6124,0.0,0.9999999999999998,0.0
1648,6125,0.0,0.9999999999999998,0.0
1648,6126,0.0,0.9999999999999998,0.0
1648,6127,0.0,0.9999999999999998,0.0
1648,6128,0.0,0.9999999999999998,0.0
1648,6129,0.0,0.9999999999999998,0.0
1648,6130,0.0,0.9999999999999998,0.0
1648,6131,0.0,0.9999999999999998,0.0
1648,6132,0.0,0.9999999999999998,0.0
1648,6133,0.0,0.9999999999999998,0.0
1648,6134,0.0,0.9999999999999998,0.0
1648,6135,0.0,0.9999999999999998,0.0
1648,6136,0.0,0.9999999999999998,0.0
1648,6137,0.0,0.9999999999999998,0.0
1648,6138,0.0,0.9999999999999998,0.0
1648,6139,0.0,0.9999999999999998,0.0
1648,6140,0.0,0.9999999999999998,0.0
1648,6141,0.0,0.9999999999999998,0.0
1648,6142,0.0,0.9999999999999998,0.0
1648,6143,0.0,0.9999999999999998,0.0
1648,6144,0.0,0.9999999999999998,0.0
1648,6145,0.0,0.9999999999999998,0.0
1648,6146,0.0,0.9999999999999998,0.0
1648,6147,0.0,0.9999999999999998,0.0
1648,6148,0.0,0.9999999999999998,0.0
1648,6149,0.0,0.9999999999999998,0.0
1648,6150,0.0,0.9999999999999998,0.0
1648,6151,0.0,0.9999999999999998,0.0
1648,6152,0.0,0.9999999999999998,0.0
1648,6153,0.0,0.9999999999999998,0.0
1648,6154,0.0,0.9999999999999998,0.0
1648,6155,0.0,0.9999999999999998,0.0
1648,6156,0.0,0.9999999999999998,0.0
1648,6157,0.0,0.9999999999999998,0.0
1648,6158,0.0,0.9999999999999998,0.0
1648,6159,0.0,0.9999999999999998,0.0
1648,6160,0.0,0.9999999999999998,0.0
1648,6161,0.0,0.9999999999999998,0.0
1648,6162,0.0,0.9999999999999998,0.0
1648,6163,0.0,0.9999999999999998,0.0
1648,6164,0.0,0.9999999999999998,0.0
1648,6165,0.0,0.9999999999999998,0.0
1648,6166,0.0,0.9999999999999998,0.0
1648,6167,0.0,0.9999999999999998,0.0
1648,6168,0.0,0.9999999999999998,0.0
1648,6169,0.0,0.9999999999999998,0.0
1648,6170,0.0,0.9999999999999998,0.0
1648,6171,0.0,0.9999999999999998,0.0
1648,6172,0.0,0.9999999999999998,0.0
1648,6173,0.0,0.9999999999999998,0.0
1648,6174,0.0,0.9999999999999998,0.0
1648,6175,0.0,0.9999999999999998,0.0
1648,6176,0.0,0.9999999999999998,0.0
1648,6177,0.0,0.9999999999999998,0.0
1648,6178,0.0,0.9999999999999998,0.0
1648,6179,0.0,0.9999999999999998,0.0
1648,6180,0.0,0.9999999999999998,0.0
1648,6181,0.0,0.9999999999999998,0.0
1648,6182,0.0,0.9999999999999998,0.0
1648,6183,0.0,0.9999999999999998,0.0
1648,6184,0.0,0.9999999999999998,0.0
1648,6185,0.0,0.9999999999999998,0.0
1648,6186,0.0,0.9999999999999998,0.0
1648,6187,0.0,0.9999999999999998,0.0
1648,6188,0.0,0.9999999999999998,0.0
1648,6189,0.0,0.9999999999999998,0.0
1648,6190,0.0,0.9999999999999998,0.0
1648,6191,0.0,0.9999999999999998,0.0
1648,6192,0.0,0.9999999999999998,0.0
1648,6193,0.0,0.9999999999999998,0.0
1648,6194,0.0,0.9999999999999998,0.0
1648,6195,0.0,0.9999999999999998,0.0
1648,6196,0.0,0.9999999999999998,0.0
1648,6197,0.0,0.9999999999999998,0.0
1648,6198,0.0,0.9999999999999998,0.0
1648,6199,0.0,0.9999999999999998,0.0
1648,6200,0.0,0.9999999999999998,0.0
1648,6201,0.0,0.9999999999999998,0.0
1648,6202,0.0,0.9999999999999998,0.0
1648,6203,0.0,0.9999999999999998,0.0
1648,6204,0.0,0.9999999999999998,0.0
1648,6205,0.0,0.9999999999999998,0.0
1648,6206,0.0,0.9999999999999998,0.0
1648,6207,0.0,0.9999999999999998,0.0
1648,6208,0.0,0.9999999999999998,0.0
1648,6209,0.0,0.9999999999999998,0.0
1648,6210,0.0,0.9999999999999998,0.0
1648,6211,0.0,0.9999999999999998,0.0
1648,6212,0.0,0.9999999999999998,0.0
1648,6213,0.0,0.9999999999999998,0.0
1648,6214,0.0,0.9999999999999998,0.0
1648,6215,0.0,0.9999999999999998,0.0
1648,6216,0.0,0.9999999999999998,0.0
1648,6217,0.0,0.9999999999999998,0.0
1648,6218,0.0,0.9999999999999998,0.0
1648,6219,0.0,0.9999999999999998,0.0
1648,6220,0.0,0.9999999999999998,0.0
1648,6221,0.0,0.9999999999999998,0.0
1648,6222,0.0,0.9999999999999998,0.0
1648,6223,0.0,0.9999999999999998,0.0
1648,6224,0.0,0.9999999999999998,0.0
1648,6225,0.0,0.9999999999999998,0.0
1648,6226,0.0,0.9999999999999998,0.0
1648,6227,0.0,0.9999999999999998,0.0
1648,6228,0.0,0.9999999999999998,0.0
1648,6229,0.0,0.9999999999999998,0.0
1648,6230,0.0,0.9999999999999998,0.0
1648,6231,0.0,0.9999999999999998,0.0
1648,6232,0.0,0.9999999999999998,0.0
1648,6233,0.0,0.9999999999999998,0.0
1648,6234,0.0,0.9999999999999998,0.0
1648,6235,0.0,0.9999999999999998,0.0
1648,6236,0.0,0.9999999999999998,0.0
1648,6237,0.0,0.9999999999999998,0.0
1648,6238,0.0,0.9999999999999998,0.0
1648,6239,0.0,0.9999999999999998,0.0
1648,6240,0.0,0.9999999999999998,0.0
1648,6241,0.0,0.9999999999999998,0.0
1648,6242,0.0,0.9999999999999998,0.0
1648,6243,0.0,0.9999999999999998,0.0
1648,6244,0.0,0.9999999999999998,0.0
1648,6245,0.0,0.9999999999999998,0.0
1648,6246,0.0,0.9999999999999998,0.0
1648,6247,0.0,0.9999999999999998,0.0
1648,6248,0.0,0.9999999999999998,0.0
1648,6249,0.0,0.9999999999999998,0.0
1648,6250,0.0,0.9999999999999998,0.0
1648,6251,0.0,0.9999999999999998,0.0
1648,6252,0.0,0.9999999999999998,0.0
1648,6253,0.0,0.9999999999999998,0.0
1648,6254,0.0,0.9999999999999998,0.0
1648,6255,0.0,0.9999999999999998,0.0
1648,6256,0.0,0.9999999999999998,0.0
1648,6257,0.0,0.9999999999999998,0.0
1648,6258,0.0,0.9999999999999998,0.0
1648,6259,0.0,0.9999999999999998,0.0
1648,6260,0.0,0.9999999999999998,0.0
1648,6261,0.0,0.9999999999999998,0.0
1648,6262,0.0,0.9999999999999998,0.0
1648,6263,0.0,0.9999999999999998,0.0
1648,6264,0.0,0.9999999999999998,0.0
1648,6265,0.0,0.9999999999999998,0.0
1648,6266,0.0,0.9999999999999998,0.0
1648,6267,0.0,0.9999999999999998,0.0
1648,6268,0.0,0.9999999999999998,0.0
1648,6269,0.0,0.9999999999999998,0.0
1648,6270,0.0,0.9999999999999998,0.0
1648,6271,0.0,0.9999999999999998,0.0
1648,6272,0.0,0.9999999999999998,0.0
1648,6273,0.0,0.9999999999999998,0.0
1648,6274,0.0,0.9999999999999998,0.0
1648,6275,0.0,0.9999999999999998,0.0
1648,6276,0.0,0.9999999999999998,0.0
1648,6277,0.0,0.9999999999999998,0.0
1648,6278,0.0,0.9999999999999998,0.0
1648,6279,0.0,0.9999999999999998,0.0
1648,6280,0.0,0.9999999999999998,0.0
1648,6281,0.0,0.9999999999999998,0.0
1648,6282,0.0,0.9999999999999998,0.0
1648,6283,0.0,0.9999999999999998,0.0
1648,6284,0.0,0.9999999999999998,0.0
1648,6285,0.0,0.9999999999999998,0.0
1648,6286,0.0,0.9999999999999998,0.0
1648,6287,0.0,0.9999999999999998,0.0
1648,6288,0.0,0.9999999999999998,0.0
1648,6289,0.0,0.9999999999999998,0.0
1648,6290,0.0,0.9999999999999998,0.0
1648,6291,0.0,0.9999999999999998,0.0
1648,6292,0.0,0.9999999999999998,0.0
1648,6293,0.0,0.9999999999999998,0.0
1648,6294,0.0,0.9999999999999998,0.0
1648,6295,0.0,0.9999999999999998,0.0
1648,6296,0.0,0.9999999999999998,0.0
1648,6297,0.0,0.9999999999999998,0.0
1648,6298,0.0,0.9999999999999998,0.0
1648,6299,0.0,0.9999999999999998,0.0
1648,6300,0.0,0.9999999999999998,0.0
1648,6301,0.0,0.9999999999999998,0.0
1648,6302,0.0,0.9999999999999998,0.0
1648,6303,0.0,0.9999999999999998,0.0
1648,6304,0.0,0.9999999999999998,0.0
1648,6305,0.0,0.9999999999999998,0.0
1648,6306,0.0,0.9999999999999998,0.0
1648,6307,0.0,0.9999999999999998,0.0
1648,6308,0.0,0.9999999999999998,0.0
1648,6309,0.0,0.9999999999999998,0.0
1648,6310,0.0,0.9999999999999998,0.0
1648,6311,0.0,0.9999999999999998,0.0
1648,6312,0.0,0.9999999999999998,0.0
1648,6313,0.0,0.9999999999999998,0.0
1648,6314,0.0,0.9999999999999998,0.0
1648,6315,0.0,0.9999999999999998,0.0
1648,6316,0.0,0.9999999999999998,0.0
1648,6317,0.0,0.9999999999999998,0.0
1648,6318,0.0,0.9999999999999998,0.0
1648,6319,0.0,0.9999999999999998,0.0
1648,6320,0.0,0.9999999999999998,0.0
1648,6321,0.0,0.9999999999999998,0.0
1648,6322,0.0,0.9999999999999998,0.0
1648,6323,0.0,0.9999999999999998,0.0
1648,6324,0.0,0.9999999999999998,0.0
1648,6325,0.0,0.9999999999999998,0.0
1648,6326,0.0,0.9999999999999998,0.0
1648,6327,0.0,0.9999999999999998,0.0
1648,6328,0.0,0.9999999999999998,0.0
1648,6329,0.0,0.9999999999999998,0.0
1648,6330,0.0,0.9999999999999998,0.0
1648,6331,0.0,0.9999999999999998,0.0
1648,6332,0.0,0.9999999999999998,0.0
1648,6333,0.0,0.9999999999999998,0.0
1648,6334,0.0,0.9999999999999998,0.0
1648,6335,0.0,0.9999999999999998,0.0
1648,6336,0.0,0.9999999999999998,0.0
1648,6337,0.0,0.9999999999999998,0.0
1648,6338,0.0,0.9999999999999998,0.0
1648,6339,0.0,0.9999999999999998,0.0
1648,6340,0.0,0.9999999999999998,0.0
1648,6341,0.0,0.9999999999999998,0.0
1648,6342,0.0,0.9999999999999998,0.0
1648,6343,0.0,0.9999999999999998,0.0
1648,6344,0.0,0.9999999999999998,0.0
1648,6345,0.0,0.9999999999999998,0.0
1648,6346,0.0,0.9999999999999998,0.0
1648,6347,0.0,0.9999999999999998,0.0
1648,6348,0.0,0.9999999999999998,0.0
1648,6349,0.0,0.9999999999999998,0.0
1648,6350,0.0,0.9999999999999998,0.0
1648,6351,0.0,0.9999999999999998,0.0
1648,6352,0.0,0.9999999999999998,0.0
1648,6353,0.0,0.9999999999999998,0.0
1648,6354,0.0,0.9999999999999998,0.0
1648,6355,0.0,0.9999999999999998,0.0
1648,6356,0.0,0.9999999999999998,0.0
1648,6357,0.0,0.9999999999999998,0.0
1648,6358,0.0,0.9999999999999998,0.0
1648,6359,0.0,0.9999999999999998,0.0
1648,6360,0.0,0.9999999999999998,0.0
1648,6361,0.0,0.9999999999999998,0.0
1648,6362,0.0,0.9999999999999998,0.0
1648,6363,0.0,0.9999999999999998,0.0
1648,6364,0.0,0.9999999999999998,0.0
1648,6365,0.0,0.9999999999999998,0.0
1648,6366,0.0,0.9999999999999998,0.0
1648,6367,0.0,0.9999999999999998,0.0
1648,6368,0.0,0.9999999999999998,0.0
1648,6369,0.0,0.9999999999999998,0.0
1648,6370,0.0,0.9999999999999998,0.0
1648,6371,0.0,0.9999999999999998,0.0
1648,6372,0.0,0.9999999999999998,0.0
1648,6373,0.0,0.9999999999999998,0.0
1648,6374,0.0,0.9999999999999998,0.0
1648,6375,0.0,0.9999999999999998,0.0
1648,6376,0.0,0.9999999999999998,0.0
1648,6377,0.0,0.9999999999999998,0.0
1648,6378,0.0,0.9999999999999998,0.0
1648,6379,0.0,0.9999999999999998,0.0
1648,6380,0.0,0.9999999999999998,0.0
1648,6381,0.0,0.9999999999999998,0.0
1648,6382,0.0,0.9999999999999998,0.0
1648,6383,0.0,0.9999999999999998,0.0
1648,6384,0.0,0.9999999999999998,0.0
1648,6385,0.0,0.9999999999999998,0.0
1648,6386,0.0,0.9999999999999998,0.0
1648,6387,0.0,0.9999999999999998,0.0
1648,6388,0.0,0.9999999999999998,0.0
1648,6389,0.0,0.9999999999999998,0.0
1648,6390,0.0,0.9999999999999998,0.0
1648,6391,0.0,0.9999999999999998,0.0
1648,6392,0.0,0.9999999999999998,0.0
1648,6393,0.0,0.9999999999999998,0.0
1648,6394,0.0,0.9999999999999998,0.0
1648,6395,0.0,0.9999999999999998,0.0
1648,6396,0.0,0.9999999999999998,0.0
1648,6397,0.0,0.9999999999999998,0.0
1648,6398,0.0,0.9999999999999998,0.0
1648,6399,0.0,0.9999999999999998,0.0
1648,6400,0.0,0.9999999999999998,0.0
1648,6401,0.0,0.9999999999999998,0.0
1648,6402,0.0,0.9999999999999998,0.0
1648,6403,0.0,0.9999999999999998,0.0
1648,6404,0.0,0.9999999999999998,0.0
1648,6405,0.0,0.9999999999999998,0.0
1648,6406,0.0,0.9999999999999998,0.0
1648,6407,0.0,0.9999999999999998,0.0
1648,6408,0.0,0.9999999999999998,0.0
1648,6409,0.0,0.9999999999999998,0.0
1648,6410,0.0,0.9999999999999998,0.0
1648,6411,0.0,0.9999999999999998,0.0
1648,6412,0.0,0.9999999999999998,0.0
1648,6413,0.0,0.9999999999999998,0.0
1648,6414,0.0,0.9999999999999998,0.0
1648,6415,0.0,0.9999999999999998,0.0
1648,6416,0.0,0.9999999999999998,0.0
1648,6417,0.0,0.9999999999999998,0.0
1648,6418,0.0,0.9999999999999998,0.0
1648,6419,0.0,0.9999999999999998,0.0
1648,6420,0.0,0.9999999999999998,0.0
1648,6421,0.0,0.9999999999999998,0.0
1648,6422,0.0,0.9999999999999998,0.0
1648,6423,0.0,0.9999999999999998,0.0
1648,6424,0.0,0.9999999999999998,0.0
1648,6425,0.0,0.9999999999999998,0.0
1648,6426,0.0,0.9999999999999998,0.0
1648,6427,0.0,0.9999999999999998,0.0
1648,6428,0.0,0.9999999999999998,0.0
1648,6429,0.0,0.9999999999999998,0.0
1648,6430,0.0,0.9999999999999998,0.0
1648,6431,0.0,0.9999999999999998,0.0
1648,6432,0.0,0.9999999999999998,0.0
1648,6433,0.0,0.9999999999999998,0.0
1648,6434,0.0,0.9999999999999998,0.0
1648,6435,0.0,0.9999999999999998,0.0
1648,6436,0.0,0.9999999999999998,0.0
1648,6437,0.0,0.9999999999999998,0.0
1648,6438,0.0,0.9999999999999998,0.0
1648,6439,0.0,0.9999999999999998,0.0
1648,6440,0.0,0.9999999999999998,0.0
1648,6441,0.0,0.9999999999999998,0.0
1648,6442,0.0,0.9999999999999998,0.0
1648,6443,0.0,0.9999999999999998,0.0
1648,6444,0.0,0.9999999999999998,0.0
1648,6445,0.0,0.9999999999999998,0.0
1648,6446,0.0,0.9999999999999998,0.0
1648,6447,0.0,0.9999999999999998,0.0
1648,6448,0.0,0.9999999999999998,0.0
1648,6449,0.0,0.9999999999999998,0.0
1648,6450,0.0,0.9999999999999998,0.0
1648,6451,0.0,0.9999999999999998,0.0
1648,6452,0.0,0.9999999999999998,0.0
1648,6453,0.0,0.9999999999999998,0.0
1648,6454,0.0,0.9999999999999998,0.0
1648,6455,0.0,0.9999999999999998,0.0
1648,6456,0.0,0.9999999999999998,0.0
1648,6457,0.0,0.9999999999999998,0.0
1648,6458,0.0,0.9999999999999998,0.0
1648,6459,0.0,0.9999999999999998,0.0
1648,6460,0.0,0.9999999999999998,0.0
1648,6461,0.0,0.9999999999999998,0.0
1648,6462,0.0,0.9999999999999998,0.0
1648,6463,0.0,0.9999999999999998,0.0
1648,6464,0.0,0.9999999999999998,0.0
1648,6465,0.0,0.9999999999999998,0.0
1648,6466,0.0,0.9999999999999998,0.0
1648,6467,0.0,0.9999999999999998,0.0
1648,6468,0.0,0.9999999999999998,0.0
1648,6469,0.0,0.9999999999999998,0.0
1648,6470,0.0,0.9999999999999998,0.0
1648,6471,0.0,0.9999999999999998,0.0
1648,6472,0.0,0.9999999999999998,0.0
1648,6473,0.0,0.9999999999999998,0.0
1648,6474,0.0,0.9999999999999998,0.0
1648,6475,0.0,0.9999999999999998,0.0
1648,6476,0.0,0.9999999999999998,0.0
1648,6477,0.0,0.9999999999999998,0.0
1648,6478,0.0,0.9999999999999998,0.0
1648,6479,0.0,0.9999999999999998,0.0
1648,6480,0.0,0.9999999999999998,0.0
1648,6481,0.0,0.9999999999999998,0.0
1648,6482,0.0,0.9999999999999998,0.0
1648,6483,0.0,0.9999999999999998,0.0
1648,6484,0.0,0.9999999999999998,0.0
1648,6485,0.0,0.9999999999999998,0.0
1648,6486,0.0,0.9999999999999998,0.0
1648,6487,0.0,0.9999999999999998,0.0
1648,6488,0.0,0.9999999999999998,0.0
1648,6489,0.0,0.9999999999999998,0.0
1648,6490,0.0,0.9999999999999998,0.0
1648,6491,0.0,0.9999999999999998,0.0
1648,6492,0.0,0.9999999999999998,0.0
1648,6493,0.0,0.9999999999999998,0.0
1648,6494,0.0,0.9999999999999998,0.0
1648,6495,0.0,0.9999999999999998,0.0
1648,6496,0.0,0.9999999999999998,0.0
1648,6497,0.0,0.9999999999999998,0.0
1648,6498,0.0,0.9999999999999998,0.0
1648,6499,0.0,0.9999999999999998,0.0
1648,6500,0.0,0.9999999999999998,0.0
1648,6501,0.0,0.9999999999999998,0.0
1648,6502,0.0,0.9999999999999998,0.0
1648,6503,0.0,0.9999999999999998,0.0
1648,6504,0.0,0.9999999999999998,0.0
1648,6505,0.0,0.9999999999999998,0.0
1648,6506,0.0,0.9999999999999998,0.0
1648,6507,0.0,0.9999999999999998,0.0
1648,6508,0.0,0.9999999999999998,0.0
1648,6509,0.0,0.9999999999999998,0.0
1648,6510,0.0,0.9999999999999998,0.0
1648,6511,0.0,0.9999999999999998,0.0
1648,6512,0.0,0.9999999999999998,0.0
1648,6513,0.0,0.9999999999999998,0.0
1648,6514,0.0,0.9999999999999998,0.0
1648,6515,0.0,0.9999999999999998,0.0
1648,6516,0.0,0.9999999999999998,0.0
1648,6517,0.0,0.9999999999999998,0.0
1648,6518,0.0,0.9999999999999998,0.0
1648,6519,0.0,0.9999999999999998,0.0
1648,6520,0.0,0.9999999999999998,0.0
1648,6521,0.0,0.9999999999999998,0.0
1648,6522,0.0,0.9999999999999998,0.0
1648,6523,0.0,0.9999999999999998,0.0
1648,6524,0.0,0.9999999999999998,0.0
1648,6525,0.0,0.9999999999999998,0.0
1648,6526,0.0,0.9999999999999998,0.0
1648,6527,0.0,0.9999999999999998,0.0
1648,6528,0.0,0.9999999999999998,0.0
1648,6529,0.0,0.9999999999999998,0.0
1648,6530,0.0,0.9999999999999998,0.0
1648,6531,0.0,0.9999999999999998,0.0
1648,6532,0.0,0.9999999999999998,0.0
1648,6533,0.0,0.9999999999999998,0.0
1648,6534,0.0,0.9999999999999998,0.0
1648,6535,0.0,0.9999999999999998,0.0
1648,6536,0.0,0.9999999999999998,0.0
1648,6537,0.0,0.9999999999999998,0.0
1648,6538,0.0,0.9999999999999998,0.0
1648,6539,0.0,0.9999999999999998,0.0
1648,6540,0.0,0.9999999999999998,0.0
1648,6541,0.0,0.9999999999999998,0.0
1648,6542,0.0,0.9999999999999998,0.0
1648,6543,0.0,0.9999999999999998,0.0
1648,6544,0.0,0.9999999999999998,0.0
1648,6545,0.0,0.9999999999999998,0.0
1648,6546,0.0,0.9999999999999998,0.0
1648,6547,0.0,0.9999999999999998,0.0
1648,6548,0.0,0.9999999999999998,0.0
1648,6549,0.0,0.9999999999999998,0.0
1648,6550,0.0,0.9999999999999998,0.0
1648,6551,0.0,0.9999999999999998,0.0
1648,6552,0.0,0.9999999999999998,0.0
1648,6553,0.0,0.9999999999999998,0.0
1648,6554,0.0,0.9999999999999998,0.0
1648,6555,0.0,0.9999999999999998,0.0
1648,6556,0.0,0.9999999999999998,0.0
1648,6557,0.0,0.9999999999999998,0.0
1648,6558,0.0,0.9999999999999998,0.0
1648,6559,0.0,0.9999999999999998,0.0
1648,6560,0.0,0.9999999999999998,0.0
1648,6561,0.0,0.9999999999999998,0.0
1648,6562,0.0,0.9999999999999998,0.0
1648,6563,0.0,0.9999999999999998,0.0
1648,6564,0.0,0.9999999999999998,0.0
1648,6565,0.0,0.9999999999999998,0.0
1648,6566,0.0,0.9999999999999998,0.0
1648,6567,0.0,0.9999999999999998,0.0
1648,6568,0.0,0.9999999999999998,0.0
1648,6569,0.0,0.9999999999999998,0.0
1648,6570,0.0,0.9999999999999998,0.0
1648,6571,0.0,0.9999999999999998,0.0
1648,6572,0.0,0.9999999999999998,0.0
1648,6573,0.0,0.9999999999999998,0.0
1648,6574,0.0,0.9999999999999998,0.0
1648,6575,0.0,0.9999999999999998,0.0
1648,6576,0.0,0.9999999999999998,0.0
1648,6577,0.0,0.9999999999999998,0.0
1648,6578,0.0,0.9999999999999998,0.0
1648,6579,0.0,0.9999999999999998,0.0
1648,6580,0.0,0.9999999999999998,0.0
1648,6581,0.0,0.9999999999999998,0.0
1648,6582,0.0,0.9999999999999998,0.0
1648,6583,0.0,0.9999999999999998,0.0
1648,6584,0.0,0.9999999999999998,0.0
1648,6585,0.0,0.9999999999999998,0.0
1648,6586,0.0,0.9999999999999998,0.0
1648,6587,0.0,0.9999999999999998,0.0
1648,6588,0.0,0.9999999999999998,0.0
1648,6589,0.0,0.9999999999999998,0.0
1648,6590,0.0,0.9999999999999998,0.0
1648,6591,0.0,0.9999999999999998,0.0
1648,6592,0.0,0.9999999999999998,0.0
1648,6593,0.0,0.9999999999999998,0.0
1648,6594,0.0,0.9999999999999998,0.0
1648,6595,0.0,0.9999999999999998,0.0
1648,6596,0.0,0.9999999999999998,0.0
1648,6597,0.0,0.9999999999999998,0.0
1648,6598,0.0,0.9999999999999998,0.0
1648,6599,0.0,0.9999999999999998,0.0
1648,6600,0.0,0.9999999999999998,0.0
1648,6601,0.0,0.9999999999999998,0.0
1648,6602,0.0,0.9999999999999998,0.0
1648,6603,0.0,0.9999999999999998,0.0
1648,6604,0.0,0.9999999999999998,0.0
1648,6605,0.0,0.9999999999999998,0.0
1648,6606,0.0,0.9999999999999998,0.0
1648,6607,0.0,0.9999999999999998,0.0
1648,6608,0.0,0.9999999999999998,0.0
1648,6609,0.0,0.9999999999999998,0.0
1648,6610,0.0,0.9999999999999998,0.0
1648,6611,0.0,0.9999999999999998,0.0
1648,6612,0.0,0.9999999999999998,0.0
1648,6613,0.0,0.9999999999999998,0.0
1648,6614,0.0,0.9999999999999998,0.0
1648,6615,0.0,0.9999999999999998,0.0
1648,6616,0.0,0.9999999999999998,0.0
1648,6617,0.0,0.9999999999999998,0.0
1648,6618,0.0,0.9999999999999998,0.0
1648,6619,0.0,0.9999999999999998,0.0
1648,6620,0.0,0.9999999999999998,0.0
1648,6621,0.0,0.9999999999999998,0.0
1648,6622,0.0,0.9999999999999998,0.0
1648,6623,0.0,0.9999999999999998,0.0
1648,6624,0.0,0.9999999999999998,0.0
1648,6625,0.0,0.9999999999999998,0.0
1648,6626,0.0,0.9999999999999998,0.0
1648,6627,0.0,0.9999999999999998,0.0
1648,6628,0.0,0.9999999999999998,0.0
1648,6629,0.0,0.9999999999999998,0.0
1648,6630,0.0,0.9999999999999998,0.0
1648,6631,0.0,0.9999999999999998,0.0
1648,6632,0.0,0.9999999999999998,0.0
1648,6633,0.0,0.9999999999999998,0.0
1648,6634,0.0,0.9999999999999998,0.0
1648,6635,0.0,0.9999999999999998,0.0
1648,6636,0.0,0.9999999999999998,0.0
1648,6637,0.0,0.9999999999999998,0.0
1648,6638,0.0,0.9999999999999998,0.0
1648,6639,0.0,0.9999999999999998,0.0
1648,6640,0.0,0.9999999999999998,0.0
1648,6641,0.0,0.9999999999999998,0.0
1648,6642,0.0,0.9999999999999998,0.0
1648,6643,0.0,0.9999999999999998,0.0
1648,6644,0.0,0.9999999999999998,0.0
1648,6645,0.0,0.9999999999999998,0.0
1648,6646,0.0,0.9999999999999998,0.0
1648,6647,0.0,0.9999999999999998,0.0
1648,6648,0.0,0.9999999999999998,0.0
1648,6649,0.0,0.9999999999999998,0.0
1648,6650,0.0,0.9999999999999998,0.0
1648,6651,0.0,0.9999999999999998,0.0
1648,6652,0.0,0.9999999999999998,0.0
1648,6653,0.0,0.9999999999999998,0.0
1648,6654,0.0,0.9999999999999998,0.0
1648,6655,0.0,0.9999999999999998,0.0
1648,6656,0.0,0.9999999999999998,0.0
1648,6657,0.0,0.9999999999999998,0.0
1648,6658,0.0,0.9999999999999998,0.0
1648,6659,0.0,0.9999999999999998,0.0
1648,6660,0.0,0.9999999999999998,0.0
1648,6661,0.0,0.9999999999999998,0.0
1648,6662,0.0,0.9999999999999998,0.0
1648,6663,0.0,0.9999999999999998,0.0
1648,6664,0.0,0.9999999999999998,0.0
1648,6665,0.0,0.9999999999999998,0.0
1648,6666,0.0,0.9999999999999998,0.0
1648,6667,0.0,0.9999999999999998,0.0
1648,6668,0.0,0.9999999999999998,0.0
1648,6669,0.0,0.9999999999999998,0.0
1648,6670,0.0,0.9999999999999998,0.0
1648,6671,0.0,0.9999999999999998,0.0
1648,6672,0.0,0.9999999999999998,0.0
1648,6673,0.0,0.9999999999999998,0.0
1648,6674,0.0,0.9999999999999998,0.0
1648,6675,0.0,0.9999999999999998,0.0
1648,6676,0.0,0.9999999999999998,0.0
1648,6677,0.0,0.9999999999999998,0.0
1648,6678,0.0,0.9999999999999998,0.0
1648,6679,0.0,0.9999999999999998,0.0
1648,6680,0.0,0.9999999999999998,0.0
1648,6681,0.0,0.9999999999999998,0.0
1648,6682,0.0,0.9999999999999998,0.0
1648,6683,0.0,0.9999999999999998,0.0
1648,6684,0.0,0.9999999999999998,0.0
1648,6685,0.0,0.9999999999999998,0.0
1648,6686,0.0,0.9999999999999998,0.0
1648,6687,0.0,0.9999999999999998,0.0
1648,6688,0.0,0.9999999999999998,0.0
1648,6689,0.0,0.9999999999999998,0.0
1648,6690,0.0,0.9999999999999998,0.0
1648,6691,0.0,0.9999999999999998,0.0
1648,6692,0.0,0.9999999999999998,0.0
1648,6693,0.0,0.9999999999999998,0.0
1648,6694,0.0,0.9999999999999998,0.0
1648,6695,0.0,0.9999999999999998,0.0
1648,6696,0.0,0.9999999999999998,0.0
1648,6697,0.0,0.9999999999999998,0.0
1648,6698,0.0,0.9999999999999998,0.0
1648,6699,0.0,0.9999999999999998,0.0
1648,6700,0.0,0.9999999999999998,0.0
1648,6701,0.0,0.9999999999999998,0.0
1648,6702,0.0,0.9999999999999998,0.0
1648,6703,0.0,0.9999999999999998,0.0
1648,6704,0.0,0.9999999999999998,0.0
1648,6705,0.0,0.9999999999999998,0.0
1648,6706,0.0,0.9999999999999998,0.0
1648,6707,0.0,0.9999999999999998,0.0
1648,6708,0.0,0.9999999999999998,0.0
1648,6709,0.0,0.9999999999999998,0.0
1648,6710,0.0,0.9999999999999998,0.0
1648,6711,0.0,0.9999999999999998,0.0
1648,6712,0.0,0.9999999999999998,0.0
1648,6713,0.0,0.9999999999999998,0.0
1648,6714,0.0,0.9999999999999998,0.0
1648,6715,0.0,0.9999999999999998,0.0
1648,6716,0.0,0.9999999999999998,0.0
1648,6717,0.0,0.9999999999999998,0.0
1648,6718,0.0,0.9999999999999998,0.0
1648,6719,0.0,0.9999999999999998,0.0
1648,6720,0.0,0.9999999999999998,0.0
1648,6721,0.0,0.9999999999999998,0.0
1648,6722,0.0,0.9999999999999998,0.0
1648,6723,0.0,0.9999999999999998,0.0
1648,6724,0.0,0.9999999999999998,0.0
1648,6725,0.0,0.9999999999999998,0.0
1648,6726,0.0,0.9999999999999998,0.0
1648,6727,0.0,0.9999999999999998,0.0
1648,6728,0.0,0.9999999999999998,0.0
1648,6729,0.0,0.9999999999999998,0.0
1648,6730,0.0,0.9999999999999998,0.0
1648,6731,0.0,0.9999999999999998,0.0
1648,6732,0.0,0.9999999999999998,0.0
1648,6733,0.0,0.9999999999999998,0.0
1648,6734,0.0,0.9999999999999998,0.0
1648,6735,0.0,0.9999999999999998,0.0
1648,6736,0.0,0.9999999999999998,0.0
1648,6737,0.0,0.9999999999999998,0.0
1648,6738,0.0,0.9999999999999998,0.0
1648,6739,0.0,0.9999999999999998,0.0
1648,6740,0.0,0.9999999999999998,0.0
1648,6741,0.0,0.9999999999999998,0.0
1648,6742,0.0,0.9999999999999998,0.0
1648,6743,0.0,0.9999999999999998,0.0
1648,6744,0.0,0.9999999999999998,0.0
1648,6745,0.0,0.9999999999999998,0.0
1648,6746,0.0,0.9999999999999998,0.0
1648,6747,0.0,0.9999999999999998,0.0
1648,6748,0.0,0.9999999999999998,0.0
1648,6749,0.0,0.9999999999999998,0.0
1648,6750,0.0,0.9999999999999998,0.0
1648,6751,0.0,0.9999999999999998,0.0
1648,6752,0.0,0.9999999999999998,0.0
1648,6753,0.0,0.9999999999999998,0.0
1648,6754,0.0,0.9999999999999998,0.0
1648,6755,0.0,0.9999999999999998,0.0
1648,6756,0.0,0.9999999999999998,0.0
1648,6757,0.0,0.9999999999999998,0.0
1648,6758,0.0,0.9999999999999998,0.0
1648,6759,0.0,0.9999999999999998,0.0
1648,6760,0.0,0.9999999999999998,0.0
1648,6761,0.0,0.9999999999999998,0.0
1648,6762,0.0,0.9999999999999998,0.0
1648,6763,0.0,0.9999999999999998,0.0
1648,6764,0.0,0.9999999999999998,0.0
1648,6765,0.0,0.9999999999999998,0.0
1648,6766,0.0,0.9999999999999998,0.0
1648,6767,0.0,0.9999999999999998,0.0
1648,6768,0.0,0.9999999999999998,0.0
1648,6769,0.0,0.9999999999999998,0.0
1648,6770,0.0,0.9999999999999998,0.0
1648,6771,0.0,0.9999999999999998,0.0
1648,6772,0.0,0.9999999999999998,0.0
1648,6773,0.0,0.9999999999999998,0.0
1648,6774,0.0,0.9999999999999998,0.0
1648,6775,0.0,0.9999999999999998,0.0
1648,6776,0.0,0.9999999999999998,0.0
1648,6777,0.0,0.9999999999999998,0.0
1648,6778,0.0,0.9999999999999998,0.0
1648,6779,0.0,0.9999999999999998,0.0
1648,6780,0.0,0.9999999999999998,0.0
1648,6781,0.0,0.9999999999999998,0.0
1648,6782,0.0,0.9999999999999998,0.0
1648,6783,0.0,0.9999999999999998,0.0
1648,6784,0.0,0.9999999999999998,0.0
1648,6785,0.0,0.9999999999999998,0.0
1648,6786,0.0,0.9999999999999998,0.0
1648,6787,0.0,0.9999999999999998,0.0
1648,6788,0.0,0.9999999999999998,0.0
1648,6789,0.0,0.9999999999999998,0.0
1648,6790,0.0,0.9999999999999998,0.0
1648,6791,0.0,0.9999999999999998,0.0
1648,6792,0.0,0.9999999999999998,0.0
1648,6793,0.0,0.9999999999999998,0.0
1648,6794,0.0,0.9999999999999998,0.0
1648,6795,0.0,0.9999999999999998,0.0
1648,6796,0.0,0.9999999999999998,0.0
1648,6797,0.0,0.9999999999999998,0.0
1648,6798,0.0,0.9999999999999998,0.0
1648,6799,0.0,0.9999999999999998,0.0
1648,6800,0.0,0.9999999999999998,0.0
1648,6801,0.0,0.9999999999999998,0.0
1648,6802,0.0,0.9999999999999998,0.0
1648,6803,0.0,0.9999999999999998,0.0
1648,6804,0.0,0.9999999999999998,0.0
1648,6805,0.0,0.9999999999999998,0.0
1648,6806,0.0,0.9999999999999998,0.0
1648,6807,0.0,0.9999999999999998,0.0
1648,6808,0.0,0.9999999999999998,0.0
1648,6809,0.0,0.9999999999999998,0.0
1648,6810,0.0,0.9999999999999998,0.0
1648,6811,0.0,0.9999999999999998,0.0
1648,6812,0.0,0.9999999999999998,0.0
1648,6813,0.0,0.9999999999999998,0.0
1648,6814,0.0,0.9999999999999998,0.0
1648,6815,0.0,0.9999999999999998,0.0
1648,6816,0.0,0.9999999999999998,0.0
1648,6817,0.0,0.9999999999999998,0.0
1648,6818,0.0,0.9999999999999998,0.0
1648,6819,0.0,0.9999999999999998,0.0
1648,6820,0.0,0.9999999999999998,0.0
1648,6821,0.0,0.9999999999999998,0.0
1648,6822,0.0,0.9999999999999998,0.0
1648,6823,0.0,0.9999999999999998,0.0
1648,6824,0.0,0.9999999999999998,0.0
1648,6825,0.0,0.9999999999999998,0.0
1648,6826,0.0,0.9999999999999998,0.0
1648,6827,0.0,0.9999999999999998,0.0
1648,6828,0.0,0.9999999999999998,0.0
1648,6829,0.0,0.9999999999999998,0.0
1648,6830,0.0,0.9999999999999998,0.0
1648,6831,0.0,0.9999999999999998,0.0
1648,6832,0.0,0.9999999999999998,0.0
1648,6833,0.0,0.9999999999999998,0.0
1648,6834,0.0,0.9999999999999998,0.0
1648,6835,0.0,0.9999999999999998,0.0
1648,6836,0.0,0.9999999999999998,0.0
1648,6837,0.0,0.9999999999999998,0.0
1648,6838,0.0,0.9999999999999998,0.0
1648,6839,0.0,0.9999999999999998,0.0
1648,6840,0.0,0.9999999999999998,0.0
1648,6841,0.0,0.9999999999999998,0.0
1648,6842,0.0,0.9999999999999998,0.0
1648,6843,0.0,0.9999999999999998,0.0
1648,6844,0.0,0.9999999999999998,0.0
1648,6845,0.0,0.9999999999999998,0.0
1648,6846,0.0,0.9999999999999998,0.0
1648,6847,0.0,0.9999999999999998,0.0
1648,6848,0.0,0.9999999999999998,0.0
1648,6849,0.0,0.9999999999999998,0.0
1648,6850,0.0,0.9999999999999998,0.0
1648,6851,0.0,0.9999999999999998,0.0
1648,6852,0.0,0.9999999999999998,0.0
1648,6853,0.0,0.9999999999999998,0.0
1648,6854,0.0,0.9999999999999998,0.0
1648,6855,0.0,0.9999999999999998,0.0
1648,6856,0.0,0.9999999999999998,0.0
1648,6857,0.0,0.9999999999999998,0.0
1648,6858,0.0,0.9999999999999998,0.0
1648,6859,0.0,0.9999999999999998,0.0
1648,6860,0.0,0.9999999999999998,0.0
1648,6861,0.0,0.9999999999999998,0.0
1648,6862,0.0,0.9999999999999998,0.0
1648,6863,0.0,0.9999999999999998,0.0
1648,6864,0.0,0.9999999999999998,0.0
1648,6865,0.0,0.9999999999999998,0.0
1648,6866,0.0,0.9999999999999998,0.0
1648,6867,0.0,0.9999999999999998,0.0
1648,6868,0.0,0.9999999999999998,0.0
1648,6869,0.0,0.9999999999999998,0.0
1648,6870,0.0,0.9999999999999998,0.0
1648,6871,0.0,0.9999999999999998,0.0
1648,6872,0.0,0.9999999999999998,0.0
1648,6873,0.0,0.9999999999999998,0.0
1648,6874,0.0,0.9999999999999998,0.0
1648,6875,0.0,0.9999999999999998,0.0
1648,6876,0.0,0.9999999999999998,0.0
1648,6877,0.0,0.9999999999999998,0.0
1648,6878,0.0,0.9999999999999998,0.0
1648,6879,0.0,0.9999999999999998,0.0
1648,6880,0.0,0.9999999999999998,0.0
1648,6881,0.0,0.9999999999999998,0.0
1648,6882,0.0,0.9999999999999998,0.0
1648,6883,0.0,0.9999999999999998,0.0
1648,6884,0.0,0.9999999999999998,0.0
1648,6885,0.0,0.9999999999999998,0.0
1648,6886,0.0,0.9999999999999998,0.0
1648,6887,0.0,0.9999999999999998,0.0
1648,6888,0.0,0.9999999999999998,0.0
1648,6889,0.0,0.9999999999999998,0.0
1648,6890,0.0,0.9999999999999998,0.0
1648,6891,0.0,0.9999999999999998,0.0
1648,6892,0.0,0.9999999999999998,0.0
1648,6893,0.0,0.9999999999999998,0.0
1648,6894,0.0,0.9999999999999998,0.0
1648,6895,0.0,0.9999999999999998,0.0
1648,6896,0.0,0.9999999999999998,0.0
1648,6897,0.0,0.9999999999999998,0.0
1648,6898,0.0,0.9999999999999998,0.0
1648,6899,0.0,0.9999999999999998,0.0
1648,6900,0.0,0.9999999999999998,0.0
1648,6901,0.0,0.9999999999999998,0.0
1648,6902,0.0,0.9999999999999998,0.0
1648,6903,0.0,0.9999999999999998,0.0
1648,6904,0.0,0.9999999999999998,0.0
1648,6905,0.0,0.9999999999999998,0.0
1648,6906,0.0,0.9999999999999998,0.0
1648,6907,0.0,0.9999999999999998,0.0
1648,6908,0.0,0.9999999999999998,0.0
1648,6909,0.0,0.9999999999999998,0.0
1648,6910,0.0,0.9999999999999998,0.0
1648,6911,0.0,0.9999999999999998,0.0
1648,6912,0.0,0.9999999999999998,0.0
1648,6913,0.0,0.9999999999999998,0.0
1648,6914,0.0,0.9999999999999998,0.0
1648,6915,0.0,0.9999999999999998,0.0
1648,6916,0.0,0.9999999999999998,0.0
1648,6917,0.0,0.9999999999999998,0.0
1648,6918,0.0,0.9999999999999998,0.0
1648,6919,0.0,0.9999999999999998,0.0
1648,6920,0.0,0.9999999999999998,0.0
1648,6921,0.0,0.9999999999999998,0.0
1648,6922,0.0,0.9999999999999998,0.0
1648,6923,0.0,0.9999999999999998,0.0
1648,6924,0.0,0.9999999999999998,0.0
1648,6925,0.0,0.9999999999999998,0.0
1648,6926,0.0,0.9999999999999998,0.0
1648,6927,0.0,0.9999999999999998,0.0
1648,6928,0.0,0.9999999999999998,0.0
1648,6929,0.0,0.9999999999999998,0.0
1648,6930,0.0,0.9999999999999998,0.0
1648,6931,0.0,0.9999999999999998,0.0
1648,6932,0.0,0.9999999999999998,0.0
1648,6933,0.0,0.9999999999999998,0.0
1648,6934,0.0,0.9999999999999998,0.0
1648,6935,0.0,0.9999999999999998,0.0
1648,6936,0.0,0.9999999999999998,0.0
1648,6937,0.0,0.9999999999999998,0.0
1648,6938,0.0,0.9999999999999998,0.0
1648,6939,0.0,0.9999999999999998,0.0
1648,6940,0.0,0.9999999999999998,0.0
1648,6941,0.0,0.9999999999999998,0.0
1648,6942,0.0,0.9999999999999998,0.0
1648,6943,0.0,0.9999999999999998,0.0
1648,6944,0.0,0.9999999999999998,0.0
1648,6945,0.0,0.9999999999999998,0.0
1648,6946,0.0,0.9999999999999998,0.0
1648,6947,0.0,0.9999999999999998,0.0
1648,6948,0.0,0.9999999999999998,0.0
1648,6949,0.0,0.9999999999999998,0.0
1648,6950,0.0,0.9999999999999998,0.0
1648,6951,0.0,0.9999999999999998,0.0
1648,6952,0.0,0.9999999999999998,0.0
1648,6953,0.0,0.9999999999999998,0.0
1648,6954,0.0,0.9999999999999998,0.0
1648,6955,0.0,0.9999999999999998,0.0
1648,6956,0.0,0.9999999999999998,0.0
1648,6957,0.0,0.9999999999999998,0.0
1648,6958,0.0,0.9999999999999998,0.0
1648,6959,0.0,0.9999999999999998,0.0
1648,6960,0.0,0.9999999999999998,0.0
1648,6961,0.0,0.9999999999999998,0.0
1648,6962,0.0,0.9999999999999998,0.0
1648,6963,0.0,0.9999999999999998,0.0
1648,6964,0.0,0.9999999999999998,0.0
1648,6965,0.0,0.9999999999999998,0.0
1648,6966,0.0,0.9999999999999998,0.0
1648,6967,0.0,0.9999999999999998,0.0
1648,6968,0.0,0.9999999999999998,0.0
1648,6969,0.0,0.9999999999999998,0.0
1648,6970,0.0,0.9999999999999998,0.0
1648,6971,0.0,0.9999999999999998,0.0
1648,6972,0.0,0.9999999999999998,0.0
1648,6973,0.0,0.9999999999999998,0.0
1648,6974,0.0,0.9999999999999998,0.0
1648,6975,0.0,0.9999999999999998,0.0
1648,6976,0.0,0.9999999999999998,0.0
1648,6977,0.0,0.9999999999999998,0.0
1648,6978,0.0,0.9999999999999998,0.0
1648,6979,0.0,0.9999999999999998,0.0
1648,6980,0.0,0.9999999999999998,0.0
1648,6981,0.0,0.9999999999999998,0.0
1648,6982,0.0,0.9999999999999998,0.0
1648,6983,0.0,0.9999999999999998,0.0
1648,6984,0.0,0.9999999999999998,0.0
1648,6985,0.0,0.9999999999999998,0.0
1648,6986,0.0,0.9999999999999998,0.0
1648,6987,0.0,0.9999999999999998,0.0
1648,6988,0.0,0.9999999999999998,0.0
1648,6989,0.0,0.9999999999999998,0.0
1648,6990,0.0,0.9999999999999998,0.0
1648,6991,0.0,0.9999999999999998,0.0
1648,6992,0.0,0.9999999999999998,0.0
1648,6993,0.0,0.9999999999999998,0.0
1648,6994,0.0,0.9999999999999998,0.0
1648,6995,0.0,0.9999999999999998,0.0
1648,6996,0.0,0.9999999999999998,0.0
1648,6997,0.0,0.9999999999999998,0.0
1648,6998,0.0,0.9999999999999998,0.0
1648,6999,0.0,0.9999999999999998,0.0
1648,7000,0.0,0.9999999999999998,0.0
1648,7001,0.0,0.9999999999999998,0.0
1648,7002,0.0,0.9999999999999998,0.0
1648,7003,0.0,0.9999999999999998,0.0
1648,7004,0.0,0.9999999999999998,0.0
1648,7005,0.0,0.9999999999999998,0.0
1648,7006,0.0,0.9999999999999998,0.0
1648,7007,0.0,0.9999999999999998,0.0
1648,7008,0.0,0.9999999999999998,0.0
1648,7009,0.0,0.9999999999999998,0.0
1648,7010,0.0,0.9999999999999998,0.0
1648,7011,0.0,0.9999999999999998,0.0
1648,7012,0.0,0.9999999999999998,0.0
1648,7013,0.0,0.9999999999999998,0.0
1648,7014,0.0,0.9999999999999998,0.0
1648,7015,0.0,0.9999999999999998,0.0
1648,7016,0.0,0.9999999999999998,0.0
1648,7017,0.0,0.9999999999999998,0.0
1648,7018,0.0,0.9999999999999998,0.0
1648,7019,0.0,0.9999999999999998,0.0
1648,7020,0.0,0.9999999999999998,0.0
1648,7021,0.0,0.9999999999999998,0.0
1648,7022,0.0,0.9999999999999998,0.0
1648,7023,0.0,0.9999999999999998,0.0
1648,7024,0.0,0.9999999999999998,0.0
1648,7025,0.0,0.9999999999999998,0.0
1648,7026,0.0,0.9999999999999998,0.0
1648,7027,0.0,0.9999999999999998,0.0
1648,7028,0.0,0.9999999999999998,0.0
1648,7029,0.0,0.9999999999999998,0.0
1648,7030,0.0,0.9999999999999998,0.0
1648,7031,0.0,0.9999999999999998,0.0
1648,7032,0.0,0.9999999999999998,0.0
1648,7033,0.0,0.9999999999999998,0.0
1648,7034,0.0,0.9999999999999998,0.0
1648,7035,0.0,0.9999999999999998,0.0
1648,7036,0.0,0.9999999999999998,0.0
1648,7037,0.0,0.9999999999999998,0.0
1648,7038,0.0,0.9999999999999998,0.0
1648,7039,0.0,0.9999999999999998,0.0
1648,7040,0.0,0.9999999999999998,0.0
1648,7041,0.0,0.9999999999999998,0.0
1648,7042,0.0,0.9999999999999998,0.0
1648,7043,0.0,0.9999999999999998,0.0
1648,7044,0.0,0.9999999999999998,0.0
1648,7045,0.0,0.9999999999999998,0.0
1648,7046,0.0,0.9999999999999998,0.0
1648,7047,0.0,0.9999999999999998,0.0
1648,7048,0.0,0.9999999999999998,0.0
1648,7049,0.0,0.9999999999999998,0.0
1648,7050,0.0,0.9999999999999998,0.0
1648,7051,0.0,0.9999999999999998,0.0
1648,7052,0.0,0.9999999999999998,0.0
1648,7053,0.0,0.9999999999999998,0.0
1648,7054,0.0,0.9999999999999998,0.0
1648,7055,0.0,0.9999999999999998,0.0
1648,7056,0.0,0.9999999999999998,0.0
1648,7057,0.0,0.9999999999999998,0.0
1648,7058,0.0,0.9999999999999998,0.0
1648,7059,0.0,0.9999999999999998,0.0
1648,7060,0.0,0.9999999999999998,0.0
1648,7061,0.0,0.9999999999999998,0.0
1648,7062,0.0,0.9999999999999998,0.0
1648,7063,0.0,0.9999999999999998,0.0
1648,7064,0.0,0.9999999999999998,0.0
1648,7065,0.0,0.9999999999999998,0.0
1648,7066,0.0,0.9999999999999998,0.0
1648,7067,0.0,0.9999999999999998,0.0
1648,7068,0.0,0.9999999999999998,0.0
1648,7069,0.0,0.9999999999999998,0.0
1648,7070,0.0,0.9999999999999998,0.0
1648,7071,0.0,0.9999999999999998,0.0
1648,7072,0.0,0.9999999999999998,0.0
1648,7073,0.0,0.9999999999999998,0.0
1648,7074,0.0,0.9999999999999998,0.0
1648,7075,0.0,0.9999999999999998,0.0
1648,7076,0.0,0.9999999999999998,0.0
1648,7077,0.0,0.9999999999999998,0.0
1648,7078,0.0,0.9999999999999998,0.0
1648,7079,0.0,0.9999999999999998,0.0
1648,7080,0.0,0.9999999999999998,0.0
1648,7081,0.0,0.9999999999999998,0.0
1648,7082,0.0,0.9999999999999998,0.0
1648,7083,0.0,0.9999999999999998,0.0
1648,7084,0.0,0.9999999999999998,0.0
1648,7085,0.0,0.9999999999999998,0.0
1648,7086,0.0,0.9999999999999998,0.0
1648,7087,0.0,0.9999999999999998,0.0
1648,7088,0.0,0.9999999999999998,0.0
1648,7089,0.0,0.9999999999999998,0.0
1648,7090,0.0,0.9999999999999998,0.0
1648,7091,0.0,0.9999999999999998,0.0
1648,7092,0.0,0.9999999999999998,0.0
1648,7093,0.0,0.9999999999999998,0.0
1648,7094,0.0,0.9999999999999998,0.0
1648,7095,0.0,0.9999999999999998,0.0
1648,7096,0.0,0.9999999999999998,0.0
1648,7097,0.0,0.9999999999999998,0.0
1648,7098,0.0,0.9999999999999998,0.0
1648,7099,0.0,0.9999999999999998,0.0
1648,7100,0.0,0.9999999999999998,0.0
1648,7101,0.0,0.9999999999999998,0.0
1648,7102,0.0,0.9999999999999998,0.0
1648,7103,0.0,0.9999999999999998,0.0
1648,7104,0.0,0.9999999999999998,0.0
1648,7105,0.0,0.9999999999999998,0.0
1648,7106,0.0,0.9999999999999998,0.0
1648,7107,0.0,0.9999999999999998,0.0
1648,7108,0.0,0.9999999999999998,0.0
1648,7109,0.0,0.9999999999999998,0.0
1648,7110,0.0,0.9999999999999998,0.0
1648,7111,0.0,0.9999999999999998,0.0
1648,7112,0.0,0.9999999999999998,0.0
1648,7113,0.0,0.9999999999999998,0.0
1648,7114,0.0,0.9999999999999998,0.0
1648,7115,0.0,0.9999999999999998,0.0
1648,7116,0.0,0.9999999999999998,0.0
1648,7117,0.0,0.9999999999999998,0.0
1648,7118,0.0,0.9999999999999998,0.0
1648,7119,0.0,0.9999999999999998,0.0
1648,7120,0.0,0.9999999999999998,0.0
1648,7121,0.0,0.9999999999999998,0.0
1648,7122,0.0,0.9999999999999998,0.0
1648,7123,0.0,0.9999999999999998,0.0
1648,7124,0.0,0.9999999999999998,0.0
1648,7125,0.0,0.9999999999999998,0.0
1648,7126,0.0,0.9999999999999998,0.0
1648,7127,0.0,0.9999999999999998,0.0
1648,7128,0.0,0.9999999999999998,0.0
1648,7129,0.0,0.9999999999999998,0.0
1648,7130,0.0,0.9999999999999998,0.0
1648,7131,0.0,0.9999999999999998,0.0
1648,7132,0.0,0.9999999999999998,0.0
1648,7133,0.0,0.9999999999999998,0.0
1648,7134,0.0,0.9999999999999998,0.0
1648,7135,0.0,0.9999999999999998,0.0
1648,7136,0.0,0.9999999999999998,0.0
1648,7137,0.0,0.9999999999999998,0.0
1648,7138,0.0,0.9999999999999998,0.0
1648,7139,0.0,0.9999999999999998,0.0
1648,7140,0.0,0.9999999999999998,0.0
1648,7141,0.0,0.9999999999999998,0.0
1648,7142,0.0,0.9999999999999998,0.0
1648,7143,0.0,0.9999999999999998,0.0
1648,7144,0.0,0.9999999999999998,0.0
1648,7145,0.0,0.9999999999999998,0.0
1648,7146,0.0,0.9999999999999998,0.0
1648,7147,0.0,0.9999999999999998,0.0
1648,7148,0.0,0.9999999999999998,0.0
1648,7149,0.0,0.9999999999999998,0.0
1648,7150,0.0,0.9999999999999998,0.0
1648,7151,0.0,0.9999999999999998,0.0
1648,7152,0.0,0.9999999999999998,0.0
1648,7153,0.0,0.9999999999999998,0.0
1648,7154,0.0,0.9999999999999998,0.0
1648,7155,0.0,0.9999999999999998,0.0
1648,7156,0.0,0.9999999999999998,0.0
1648,7157,0.0,0.9999999999999998,0.0
1648,7158,0.0,0.9999999999999998,0.0
1648,7159,0.0,0.9999999999999998,0.0
1648,7160,0.0,0.9999999999999998,0.0
1648,7161,0.0,0.9999999999999998,0.0
1648,7162,0.0,0.9999999999999998,0.0
1648,7163,0.0,0.9999999999999998,0.0
1648,7164,0.0,0.9999999999999998,0.0
1648,7165,0.0,0.9999999999999998,0.0
1648,7166,0.0,0.9999999999999998,0.0
1648,7167,0.0,0.9999999999999998,0.0
1648,7168,0.0,0.9999999999999998,0.0
1648,7169,0.0,0.9999999999999998,0.0
1648,7170,0.0,0.9999999999999998,0.0
1648,7171,0.0,0.9999999999999998,0.0
1648,7172,0.0,0.9999999999999998,0.0
1648,7173,0.0,0.9999999999999998,0.0
1648,7174,0.0,0.9999999999999998,0.0
1648,7175,0.0,0.9999999999999998,0.0
1648,7176,0.0,0.9999999999999998,0.0
1648,7177,0.0,0.9999999999999998,0.0
1648,7178,0.0,0.9999999999999998,0.0
1648,7179,0.0,0.9999999999999998,0.0
1648,7180,0.0,0.9999999999999998,0.0
1648,7181,0.0,0.9999999999999998,0.0
1648,7182,0.0,0.9999999999999998,0.0
1648,7183,0.0,0.9999999999999998,0.0
1648,7184,0.0,0.9999999999999998,0.0
1648,7185,0.0,0.9999999999999998,0.0
1648,7186,0.0,0.9999999999999998,0.0
1648,7187,0.0,0.9999999999999998,0.0
1648,7188,0.0,0.9999999999999998,0.0
1648,7189,0.0,0.9999999999999998,0.0
1648,7190,0.0,0.9999999999999998,0.0
1648,7191,0.0,0.9999999999999998,0.0
1648,7192,0.0,0.9999999999999998,0.0
1648,7193,0.0,0.9999999999999998,0.0
1648,7194,0.0,0.9999999999999998,0.0
1648,7195,0.0,0.9999999999999998,0.0
1648,7196,0.0,0.9999999999999998,0.0
1648,7197,0.0,0.9999999999999998,0.0
1648,7198,0.0,0.9999999999999998,0.0
1648,7199,0.0,0.9999999999999998,0.0
1648,7200,0.0,0.9999999999999998,0.0
1648,7201,0.0,0.9999999999999998,0.0
1648,7202,0.0,0.9999999999999998,0.0
1648,7203,0.0,0.9999999999999998,0.0
1648,7204,0.0,0.9999999999999998,0.0
1648,7205,0.0,0.9999999999999998,0.0
1648,7206,0.0,0.9999999999999998,0.0
1648,7207,0.0,0.9999999999999998,0.0
1648,7208,0.0,0.9999999999999998,0.0
1648,7209,0.0,0.9999999999999998,0.0
1648,7210,0.0,0.9999999999999998,0.0
1648,7211,0.0,0.9999999999999998,0.0
1648,7212,0.0,0.9999999999999998,0.0
1648,7213,0.0,0.9999999999999998,0.0
1648,7214,0.0,0.9999999999999998,0.0
1648,7215,0.0,0.9999999999999998,0.0
1648,7216,0.0,0.9999999999999998,0.0
1648,7217,0.0,0.9999999999999998,0.0
1648,7218,0.0,0.9999999999999998,0.0
1648,7219,0.0,0.9999999999999998,0.0
1648,7220,0.0,0.9999999999999998,0.0
1648,7221,0.0,0.9999999999999998,0.0
1648,7222,0.0,0.9999999999999998,0.0
1648,7223,0.0,0.9999999999999998,0.0
1648,7224,0.0,0.9999999999999998,0.0
1648,7225,0.0,0.9999999999999998,0.0
1648,7226,0.0,0.9999999999999998,0.0
1648,7227,0.0,0.9999999999999998,0.0
1648,7228,0.0,0.9999999999999998,0.0
1648,7229,0.0,0.9999999999999998,0.0
1648,7230,0.0,0.9999999999999998,0.0
1648,7231,0.0,0.9999999999999998,0.0
1648,7232,0.0,0.9999999999999998,0.0
1648,7233,0.0,0.9999999999999998,0.0
1648,7234,0.0,0.9999999999999998,0.0
1648,7235,0.0,0.9999999999999998,0.0
1648,7236,0.0,0.9999999999999998,0.0
1648,7237,0.0,0.9999999999999998,0.0
1648,7238,0.0,0.9999999999999998,0.0
1648,7239,0.0,0.9999999999999998,0.0
1648,7240,0.0,0.9999999999999998,0.0
1648,7241,0.0,0.9999999999999998,0.0
1648,7242,0.0,0.9999999999999998,0.0
1648,7243,0.0,0.9999999999999998,0.0
1648,7244,0.0,0.9999999999999998,0.0
1648,7245,0.0,0.9999999999999998,0.0
1648,7246,0.0,0.9999999999999998,0.0
1648,7247,0.0,0.9999999999999998,0.0
1648,7248,0.0,0.9999999999999998,0.0
1648,7249,0.0,0.9999999999999998,0.0
1648,7250,0.0,0.9999999999999998,0.0
1648,7251,0.0,0.9999999999999998,0.0
1648,7252,0.0,0.9999999999999998,0.0
1648,7253,0.0,0.9999999999999998,0.0
1648,7254,0.0,0.9999999999999998,0.0
1648,7255,0.0,0.9999999999999998,0.0
1648,7256,0.0,0.9999999999999998,0.0
1648,7257,0.0,0.9999999999999998,0.0
1648,7258,0.0,0.9999999999999998,0.0
1648,7259,0.0,0.9999999999999998,0.0
1648,7260,0.0,0.9999999999999998,0.0
1648,7261,0.0,0.9999999999999998,0.0
1648,7262,0.0,0.9999999999999998,0.0
1648,7263,0.0,0.9999999999999998,0.0
1648,7264,0.0,0.9999999999999998,0.0
1648,7265,0.0,0.9999999999999998,0.0
1648,7266,0.0,0.9999999999999998,0.0
1648,7267,0.0,0.9999999999999998,0.0
1648,7268,0.0,0.9999999999999998,0.0
1648,7269,0.0,0.9999999999999998,0.0
1648,7270,0.0,0.9999999999999998,0.0
1648,7271,0.0,0.9999999999999998,0.0
1648,7272,0.0,0.9999999999999998,0.0
1648,7273,0.0,0.9999999999999998,0.0
1648,7274,0.0,0.9999999999999998,0.0
1648,7275,0.0,0.9999999999999998,0.0
1648,7276,0.0,0.9999999999999998,0.0
1648,7277,0.0,0.9999999999999998,0.0
1648,7278,0.0,0.9999999999999998,0.0
1648,7279,0.0,0.9999999999999998,0.0
1648,7280,0.0,0.9999999999999998,0.0
1648,7281,0.0,0.9999999999999998,0.0
1648,7282,0.0,0.9999999999999998,0.0
1648,7283,0.0,0.9999999999999998,0.0
1648,7284,0.0,0.9999999999999998,0.0
1648,7285,0.0,0.9999999999999998,0.0
1648,7286,0.0,0.9999999999999998,0.0
1648,7287,0.0,0.9999999999999998,0.0
1648,7288,0.0,0.9999999999999998,0.0
1648,7289,0.0,0.9999999999999998,0.0
1648,7290,0.0,0.9999999999999998,0.0
1648,7291,0.0,0.9999999999999998,0.0
1648,7292,0.0,0.9999999999999998,0.0
1648,7293,0.0,0.9999999999999998,0.0
1648,7294,0.0,0.9999999999999998,0.0
1648,7295,0.0,0.9999999999999998,0.0
1648,7296,0.0,0.9999999999999998,0.0
1648,7297,0.0,0.9999999999999998,0.0
1648,7298,0.0,0.9999999999999998,0.0
1648,7299,0.0,0.9999999999999998,0.0
1648,7300,0.0,0.9999999999999998,0.0
1648,7301,0.0,0.9999999999999998,0.0
1648,7302,0.0,0.9999999999999998,0.0
1648,7303,0.0,0.9999999999999998,0.0
1648,7304,0.0,0.9999999999999998,0.0
1648,7305,0.0,0.9999999999999998,0.0
1648,7306,0.0,0.9999999999999998,0.0
1648,7307,0.0,0.9999999999999998,0.0
1648,7308,0.0,0.9999999999999998,0.0
1648,7309,0.0,0.9999999999999998,0.0
1648,7310,0.0,0.9999999999999998,0.0
1648,7311,0.0,0.9999999999999998,0.0
1648,7312,0.0,0.9999999999999998,0.0
1648,7313,0.0,0.9999999999999998,0.0
1648,7314,0.0,0.9999999999999998,0.0
1648,7315,0.0,0.9999999999999998,0.0
1648,7316,0.0,0.9999999999999998,0.0
1648,7317,0.0,0.9999999999999998,0.0
1648,7318,0.0,0.9999999999999998,0.0
1648,7319,0.0,0.9999999999999998,0.0
1648,7320,0.0,0.9999999999999998,0.0
1648,7321,0.0,0.9999999999999998,0.0
1648,7322,0.0,0.9999999999999998,0.0
1648,7323,0.0,0.9999999999999998,0.0
1648,7324,0.0,0.9999999999999998,0.0
1648,7325,0.0,0.9999999999999998,0.0
1648,7326,0.0,0.9999999999999998,0.0
1648,7327,0.0,0.9999999999999998,0.0
1648,7328,0.0,0.9999999999999998,0.0
1648,7329,0.0,0.9999999999999998,0.0
1648,7330,0.0,0.9999999999999998,0.0
1648,7331,0.0,0.9999999999999998,0.0
1648,7332,0.0,0.9999999999999998,0.0
1648,7333,0.0,0.9999999999999998,0.0
1648,7334,0.0,0.9999999999999998,0.0
1648,7335,0.0,0.9999999999999998,0.0
1648,7336,0.0,0.9999999999999998,0.0
1648,7337,0.0,0.9999999999999998,0.0
1648,7338,0.0,0.9999999999999998,0.0
1648,7339,0.0,0.9999999999999998,0.0
1648,7340,0.0,0.9999999999999998,0.0
1648,7341,0.0,0.9999999999999998,0.0
1648,7342,0.0,0.9999999999999998,0.0
1648,7343,0.0,0.9999999999999998,0.0
1648,7344,0.0,0.9999999999999998,0.0
1648,7345,0.0,0.9999999999999998,0.0
1648,7346,0.0,0.9999999999999998,0.0
1648,7347,0.0,0.9999999999999998,0.0
1648,7348,0.0,0.9999999999999998,0.0
1648,7349,0.0,0.9999999999999998,0.0
1648,7350,0.0,0.9999999999999998,0.0
1648,7351,0.0,0.9999999999999998,0.0
1648,7352,0.0,0.9999999999999998,0.0
1648,7353,0.0,0.9999999999999998,0.0
1648,7354,0.0,0.9999999999999998,0.0
1648,7355,0.0,0.9999999999999998,0.0
1648,7356,0.0,0.9999999999999998,0.0
1648,7357,0.0,0.9999999999999998,0.0
1648,7358,0.0,0.9999999999999998,0.0
1648,7359,0.0,0.9999999999999998,0.0
1648,7360,0.0,0.9999999999999998,0.0
1648,7361,0.0,0.9999999999999998,0.0
1648,7362,0.0,0.9999999999999998,0.0
1648,7363,0.0,0.9999999999999998,0.0
1648,7364,0.0,0.9999999999999998,0.0
1648,7365,0.0,0.9999999999999998,0.0
1648,7366,0.0,0.9999999999999998,0.0
1648,7367,0.0,0.9999999999999998,0.0
1648,7368,0.0,0.9999999999999998,0.0
1648,7369,0.0,0.9999999999999998,0.0
1648,7370,0.0,0.9999999999999998,0.0
1648,7371,0.0,0.9999999999999998,0.0
1648,7372,0.0,0.9999999999999998,0.0
1648,7373,0.0,0.9999999999999998,0.0
1648,7374,0.0,0.9999999999999998,0.0
1648,7375,0.0,0.9999999999999998,0.0
1648,7376,0.0,0.9999999999999998,0.0
1648,7377,0.0,0.9999999999999998,0.0
1648,7378,0.0,0.9999999999999998,0.0
1648,7379,0.0,0.9999999999999998,0.0
1648,7380,0.0,0.9999999999999998,0.0
1648,7381,0.0,0.9999999999999998,0.0
1648,7382,0.0,0.9999999999999998,0.0
1648,7383,0.0,0.9999999999999998,0.0
1648,7384,0.0,0.9999999999999998,0.0
1648,7385,0.0,0.9999999999999998,0.0
1648,7386,0.0,0.9999999999999998,0.0
1648,7387,0.0,0.9999999999999998,0.0
1648,7388,0.0,0.9999999999999998,0.0
1648,7389,0.0,0.9999999999999998,0.0
1648,7390,0.0,0.9999999999999998,0.0
1648,7391,0.0,0.9999999999999998,0.0
1648,7392,0.0,0.9999999999999998,0.0
1648,7393,0.0,0.9999999999999998,0.0
1648,7394,0.0,0.9999999999999998,0.0
1648,7395,0.0,0.9999999999999998,0.0
1648,7396,0.0,0.9999999999999998,0.0
1648,7397,0.0,0.9999999999999998,0.0
1648,7398,0.0,0.9999999999999998,0.0
1648,7399,0.0,0.9999999999999998,0.0
1648,7400,0.0,0.9999999999999998,0.0
1648,7401,0.0,0.9999999999999998,0.0
1648,7402,0.0,0.9999999999999998,0.0
1648,7403,0.0,0.9999999999999998,0.0
1648,7404,0.0,0.9999999999999998,0.0
1648,7405,0.0,0.9999999999999998,0.0
1648,7406,0.0,0.9999999999999998,0.0
1648,7407,0.0,0.9999999999999998,0.0
1648,7408,0.0,0.9999999999999998,0.0
1648,7409,0.0,0.9999999999999998,0.0
1648,7410,0.0,0.9999999999999998,0.0
1648,7411,0.0,0.9999999999999998,0.0
1648,7412,0.0,0.9999999999999998,0.0
1648,7413,0.0,0.9999999999999998,0.0
1648,7414,0.0,0.9999999999999998,0.0
1648,7415,0.0,0.9999999999999998,0.0
1648,7416,0.0,0.9999999999999998,0.0
1648,7417,0.0,0.9999999999999998,0.0
1648,7418,0.0,0.9999999999999998,0.0
1648,7419,0.0,0.9999999999999998,0.0
1648,7420,0.0,0.9999999999999998,0.0
1648,7421,0.0,0.9999999999999998,0.0
1648,7422,0.0,0.9999999999999998,0.0
1648,7423,0.0,0.9999999999999998,0.0
1648,7424,0.0,0.9999999999999998,0.0
1648,7425,0.0,0.9999999999999998,0.0
1648,7426,0.0,0.9999999999999998,0.0
1648,7427,0.0,0.9999999999999998,0.0
1648,7428,0.0,0.9999999999999998,0.0
1648,7429,0.0,0.9999999999999998,0.0
1648,7430,0.0,0.9999999999999998,0.0
1648,7431,0.0,0.9999999999999998,0.0
1648,7432,0.0,0.9999999999999998,0.0
1648,7433,0.0,0.9999999999999998,0.0
1648,7434,0.0,0.9999999999999998,0.0
1648,7435,0.0,0.9999999999999998,0.0
1648,7436,0.0,0.9999999999999998,0.0
1648,7437,0.0,0.9999999999999998,0.0
1648,7438,0.0,0.9999999999999998,0.0
1648,7439,0.0,0.9999999999999998,0.0
1648,7440,0.0,0.9999999999999998,0.0
1648,7441,0.0,0.9999999999999998,0.0
1648,7442,0.0,0.9999999999999998,0.0
1648,7443,0.0,0.9999999999999998,0.0
1648,7444,0.0,0.9999999999999998,0.0
1648,7445,0.0,0.9999999999999998,0.0
1648,7446,0.0,0.9999999999999998,0.0
1648,7447,0.0,0.9999999999999998,0.0
1648,7448,0.0,0.9999999999999998,0.0
1648,7449,0.0,0.9999999999999998,0.0
1648,7450,0.0,0.9999999999999998,0.0
1648,7451,0.0,0.9999999999999998,0.0
1648,7452,0.0,0.9999999999999998,0.0
1648,7453,0.0,0.9999999999999998,0.0
1648,7454,0.0,0.9999999999999998,0.0
1648,7455,0.0,0.9999999999999998,0.0
1648,7456,0.0,0.9999999999999998,0.0
1648,7457,0.0,0.9999999999999998,0.0
1648,7458,0.0,0.9999999999999998,0.0
1648,7459,0.0,0.9999999999999998,0.0
1648,7460,0.0,0.9999999999999998,0.0
1648,7461,0.0,0.9999999999999998,0.0
1648,7462,0.0,0.9999999999999998,0.0
1648,7463,0.0,0.9999999999999998,0.0
1648,7464,0.0,0.9999999999999998,0.0
1648,7465,0.0,0.9999999999999998,0.0
1648,7466,0.0,0.9999999999999998,0.0
1648,7467,0.0,0.9999999999999998,0.0
1648,7468,0.0,0.9999999999999998,0.0
1648,7469,0.0,0.9999999999999998,0.0
1648,7470,0.0,0.9999999999999998,0.0
1648,7471,0.0,0.9999999999999998,0.0
1648,7472,0.0,0.9999999999999998,0.0
1648,7473,0.0,0.9999999999999998,0.0
1648,7474,0.0,0.9999999999999998,0.0
1648,7475,0.0,0.9999999999999998,0.0
1648,7476,0.0,0.9999999999999998,0.0
1648,7477,0.0,0.9999999999999998,0.0
1648,7478,0.0,0.9999999999999998,0.0
1648,7479,0.0,0.9999999999999998,0.0
1648,7480,0.0,0.9999999999999998,0.0
1648,7481,0.0,0.9999999999999998,0.0
1648,7482,0.0,0.9999999999999998,0.0
1648,7483,0.0,0.9999999999999998,0.0
1648,7484,0.0,0.9999999999999998,0.0
1648,7485,0.0,0.9999999999999998,0.0
1648,7486,0.0,0.9999999999999998,0.0
1648,7487,0.0,0.9999999999999998,0.0
1648,7488,0.0,0.9999999999999998,0.0
1648,7489,0.0,0.9999999999999998,0.0
1648,7490,0.0,0.9999999999999998,0.0
1648,7491,0.0,0.9999999999999998,0.0
1648,7492,0.0,0.9999999999999998,0.0
1648,7493,0.0,0.9999999999999998,0.0
1648,7494,0.0,0.9999999999999998,0.0
1648,7495,0.0,0.9999999999999998,0.0
1648,7496,0.0,0.9999999999999998,0.0
1648,7497,0.0,0.9999999999999998,0.0
1648,7498,0.0,0.9999999999999998,0.0
1648,7499,0.0,0.9999999999999998,0.0
1648,7500,0.0,0.9999999999999998,0.0
1648,7501,0.0,0.9999999999999998,0.0
1648,7502,0.0,0.9999999999999998,0.0
1648,7503,0.0,0.9999999999999998,0.0
1648,7504,0.0,0.9999999999999998,0.0
1648,7505,0.0,0.9999999999999998,0.0
1648,7506,0.0,0.9999999999999998,0.0
1648,7507,0.0,0.9999999999999998,0.0
1648,7508,0.0,0.9999999999999998,0.0
1648,7509,0.0,0.9999999999999998,0.0
1648,7510,0.0,0.9999999999999998,0.0
1648,7511,0.0,0.9999999999999998,0.0
1648,7512,0.0,0.9999999999999998,0.0
1648,7513,0.0,0.9999999999999998,0.0
1648,7514,0.0,0.9999999999999998,0.0
1648,7515,0.0,0.9999999999999998,0.0
1648,7516,0.0,0.9999999999999998,0.0
1648,7517,0.0,0.9999999999999998,0.0
1648,7518,0.0,0.9999999999999998,0.0
1648,7519,0.0,0.9999999999999998,0.0
1648,7520,0.0,0.9999999999999998,0.0
1648,7521,0.0,0.9999999999999998,0.0
1648,7522,0.0,0.9999999999999998,0.0
1648,7523,0.0,0.9999999999999998,0.0
1648,7524,0.0,0.9999999999999998,0.0
1648,7525,0.0,0.9999999999999998,0.0
1648,7526,0.0,0.9999999999999998,0.0
1648,7527,0.0,0.9999999999999998,0.0
1648,7528,0.0,0.9999999999999998,0.0
1648,7529,0.0,0.9999999999999998,0.0
1648,7530,0.0,0.9999999999999998,0.0
1648,7531,0.0,0.9999999999999998,0.0
1648,7532,0.0,0.9999999999999998,0.0
1648,7533,0.0,0.9999999999999998,0.0
1648,7534,0.0,0.9999999999999998,0.0
1648,7535,0.0,0.9999999999999998,0.0
1648,7536,0.0,0.9999999999999998,0.0
1648,7537,0.0,0.9999999999999998,0.0
1648,7538,0.0,0.9999999999999998,0.0
1648,7539,0.0,0.9999999999999998,0.0
1648,7540,0.0,0.9999999999999998,0.0
1648,7541,0.0,0.9999999999999998,0.0
1648,7542,0.0,0.9999999999999998,0.0
1648,7543,0.0,0.9999999999999998,0.0
1648,7544,0.0,0.9999999999999998,0.0
1648,7545,0.0,0.9999999999999998,0.0
1648,7546,0.0,0.9999999999999998,0.0
1648,7547,0.0,0.9999999999999998,0.0
1648,7548,0.0,0.9999999999999998,0.0
1648,7549,0.0,0.9999999999999998,0.0
1648,7550,0.0,0.9999999999999998,0.0
1648,7551,0.0,0.9999999999999998,0.0
1648,7552,0.0,0.9999999999999998,0.0
1648,7553,0.0,0.9999999999999998,0.0
1648,7554,0.0,0.9999999999999998,0.0
1648,7555,0.0,0.9999999999999998,0.0
1648,7556,0.0,0.9999999999999998,0.0
1648,7557,0.0,0.9999999999999998,0.0
1648,7558,0.0,0.9999999999999998,0.0
1648,7559,0.0,0.9999999999999998,0.0
1648,7560,0.0,0.9999999999999998,0.0
1648,7561,0.0,0.9999999999999998,0.0
1648,7562,0.0,0.9999999999999998,0.0
1648,7563,0.0,0.9999999999999998,0.0
1648,7564,0.0,0.9999999999999998,0.0
1648,7565,0.0,0.9999999999999998,0.0
1648,7566,0.0,0.9999999999999998,0.0
1648,7567,0.0,0.9999999999999998,0.0
1648,7568,0.0,0.9999999999999998,0.0
1648,7569,0.0,0.9999999999999998,0.0
1648,7570,0.0,0.9999999999999998,0.0
1648,7571,0.0,0.9999999999999998,0.0
1648,7572,0.0,0.9999999999999998,0.0
1648,7573,0.0,0.9999999999999998,0.0
1648,7574,0.0,0.9999999999999998,0.0
1648,7575,0.0,0.9999999999999998,0.0
1648,7576,0.0,0.9999999999999998,0.0
1648,7577,0.0,0.9999999999999998,0.0
1648,7578,0.0,0.9999999999999998,0.0
1648,7579,0.0,0.9999999999999998,0.0
1648,7580,0.0,0.9999999999999998,0.0
1648,7581,0.0,0.9999999999999998,0.0
1648,7582,0.0,0.9999999999999998,0.0
1648,7583,0.0,0.9999999999999998,0.0
1648,7584,0.0,0.9999999999999998,0.0
1648,7585,0.0,0.9999999999999998,0.0
1648,7586,0.0,0.9999999999999998,0.0
1648,7587,0.0,0.9999999999999998,0.0
1648,7588,0.0,0.9999999999999998,0.0
1648,7589,0.0,0.9999999999999998,0.0
1648,7590,0.0,0.9999999999999998,0.0
1648,7591,0.0,0.9999999999999998,0.0
1648,7592,0.0,0.9999999999999998,0.0
1648,7593,0.0,0.9999999999999998,0.0
1648,7594,0.0,0.9999999999999998,0.0
1648,7595,0.0,0.9999999999999998,0.0
1648,7596,0.0,0.9999999999999998,0.0
1648,7597,0.0,0.9999999999999998,0.0
1648,7598,0.0,0.9999999999999998,0.0
1648,7599,0.0,0.9999999999999998,0.0
1648,7600,0.0,0.9999999999999998,0.0
1648,7601,0.0,0.9999999999999998,0.0
1648,7602,0.0,0.9999999999999998,0.0
1648,7603,0.0,0.9999999999999998,0.0
1648,7604,0.0,0.9999999999999998,0.0
1648,7605,0.0,0.9999999999999998,0.0
1648,7606,0.0,0.9999999999999998,0.0
1648,7607,0.0,0.9999999999999998,0.0
1648,7608,0.0,0.9999999999999998,0.0
1648,7609,0.0,0.9999999999999998,0.0
1648,7610,0.0,0.9999999999999998,0.0
1648,7611,0.0,0.9999999999999998,0.0
1648,7612,0.0,0.9999999999999998,0.0
1648,7613,0.0,0.9999999999999998,0.0
1648,7614,0.0,0.9999999999999998,0.0
1648,7615,0.0,0.9999999999999998,0.0
1648,7616,0.0,0.9999999999999998,0.0
1648,7617,0.0,0.9999999999999998,0.0
1648,7618,0.0,0.9999999999999998,0.0
1648,7619,0.0,0.9999999999999998,0.0
1648,7620,0.0,0.9999999999999998,0.0
1648,7621,0.0,0.9999999999999998,0.0
1648,7622,0.0,0.9999999999999998,0.0
1648,7623,0.0,0.9999999999999998,0.0
1648,7624,0.0,0.9999999999999998,0.0
1648,7625,0.0,0.9999999999999998,0.0
1648,7626,0.0,0.9999999999999998,0.0
1648,7627,0.0,0.9999999999999998,0.0
1648,7628,0.0,0.9999999999999998,0.0
1648,7629,0.0,0.9999999999999998,0.0
1648,7630,0.0,0.9999999999999998,0.0
1648,7631,0.0,0.9999999999999998,0.0
1648,7632,0.0,0.9999999999999998,0.0
1648,7633,0.0,0.9999999999999998,0.0
1648,7634,0.0,0.9999999999999998,0.0
1648,7635,0.0,0.9999999999999998,0.0
1648,7636,0.0,0.9999999999999998,0.0
1648,7637,0.0,0.9999999999999998,0.0
1648,7638,0.0,0.9999999999999998,0.0
1648,7639,0.0,0.9999999999999998,0.0
1648,7640,0.0,0.9999999999999998,0.0
1648,7641,0.0,0.9999999999999998,0.0
1648,7642,0.0,0.9999999999999998,0.0
1648,7643,0.0,0.9999999999999998,0.0
1648,7644,0.0,0.9999999999999998,0.0
1648,7645,0.0,0.9999999999999998,0.0
1648,7646,0.0,0.9999999999999998,0.0
1648,7647,0.0,0.9999999999999998,0.0
1648,7648,0.0,0.9999999999999998,0.0
1648,7649,0.0,0.9999999999999998,0.0
1648,7650,0.0,0.9999999999999998,0.0
1648,7651,0.0,0.9999999999999998,0.0
1648,7652,0.0,0.9999999999999998,0.0
1648,7653,0.0,0.9999999999999998,0.0
1648,7654,0.0,0.9999999999999998,0.0
1648,7655,0.0,0.9999999999999998,0.0
1648,7656,0.0,0.9999999999999998,0.0
1648,7657,0.0,0.9999999999999998,0.0
1648,7658,0.0,0.9999999999999998,0.0
1648,7659,0.0,0.9999999999999998,0.0
1648,7660,0.0,0.9999999999999998,0.0
1648,7661,0.0,0.9999999999999998,0.0
1648,7662,0.0,0.9999999999999998,0.0
1648,7663,0.0,0.9999999999999998,0.0
1648,7664,0.0,0.9999999999999998,0.0
1648,7665,0.0,0.9999999999999998,0.0
1648,7666,0.0,0.9999999999999998,0.0
1648,7667,0.0,0.9999999999999998,0.0
1648,7668,0.0,0.9999999999999998,0.0
1648,7669,0.0,0.9999999999999998,0.0
1648,7670,0.0,0.9999999999999998,0.0
1648,7671,0.0,0.9999999999999998,0.0
1648,7672,0.0,0.9999999999999998,0.0
1648,7673,0.0,0.9999999999999998,0.0
1648,7674,0.0,0.9999999999999998,0.0
1648,7675,0.0,0.9999999999999998,0.0
1648,7676,0.0,0.9999999999999998,0.0
1648,7677,0.0,0.9999999999999998,0.0
1648,7678,0.0,0.9999999999999998,0.0
1648,7679,0.0,0.9999999999999998,0.0
1648,7680,0.0,0.9999999999999998,0.0
1648,7681,0.0,0.9999999999999998,0.0
1648,7682,0.0,0.9999999999999998,0.0
1648,7683,0.0,0.9999999999999998,0.0
1648,7684,0.0,0.9999999999999998,0.0
1648,7685,0.0,0.9999999999999998,0.0
1648,7686,0.0,0.9999999999999998,0.0
1648,7687,0.0,0.9999999999999998,0.0
1648,7688,0.0,0.9999999999999998,0.0
1648,7689,0.0,0.9999999999999998,0.0
1648,7690,0.0,0.9999999999999998,0.0
1648,7691,0.0,0.9999999999999998,0.0
1648,7692,0.0,0.9999999999999998,0.0
1648,7693,0.0,0.9999999999999998,0.0
1648,7694,0.0,0.9999999999999998,0.0
1648,7695,0.0,0.9999999999999998,0.0
1648,7696,0.0,0.9999999999999998,0.0
1648,7697,0.0,0.9999999999999998,0.0
1648,7698,0.0,0.9999999999999998,0.0
1648,7699,0.0,0.9999999999999998,0.0
1648,7700,0.0,0.9999999999999998,0.0
1648,7701,0.0,0.9999999999999998,0.0
1648,7702,0.0,0.9999999999999998,0.0
1648,7703,0.0,0.9999999999999998,0.0
1648,7704,0.0,0.9999999999999998,0.0
1648,7705,0.0,0.9999999999999998,0.0
1648,7706,0.0,0.9999999999999998,0.0
1648,7707,0.0,0.9999999999999998,0.0
1648,7708,0.0,0.9999999999999998,0.0
1648,7709,0.0,0.9999999999999998,0.0
1648,7710,0.0,0.9999999999999998,0.0
1648,7711,0.0,0.9999999999999998,0.0
1648,7712,0.0,0.9999999999999998,0.0
1648,7713,0.0,0.9999999999999998,0.0
1648,7714,0.0,0.9999999999999998,0.0
1648,7715,0.0,0.9999999999999998,0.0
1648,7716,0.0,0.9999999999999998,0.0
1648,7717,0.0,0.9999999999999998,0.0
1648,7718,0.0,0.9999999999999998,0.0
1648,7719,0.0,0.9999999999999998,0.0
1648,7720,0.0,0.9999999999999998,0.0
1648,7721,0.0,0.9999999999999998,0.0
1648,7722,0.0,0.9999999999999998,0.0
1648,7723,0.0,0.9999999999999998,0.0
1648,7724,0.0,0.9999999999999998,0.0
1648,7725,0.0,0.9999999999999998,0.0
1648,7726,0.0,0.9999999999999998,0.0
1648,7727,0.0,0.9999999999999998,0.0
1648,7728,0.0,0.9999999999999998,0.0
1648,7729,0.0,0.9999999999999998,0.0
1648,7730,0.0,0.9999999999999998,0.0
1648,7731,0.0,0.9999999999999998,0.0
1648,7732,0.0,0.9999999999999998,0.0
1648,7733,0.0,0.9999999999999998,0.0
1648,7734,0.0,0.9999999999999998,0.0
1648,7735,0.0,0.9999999999999998,0.0
1648,7736,0.0,0.9999999999999998,0.0
1648,7737,0.0,0.9999999999999998,0.0
1648,7738,0.0,0.9999999999999998,0.0
1648,7739,0.0,0.9999999999999998,0.0
1648,7740,0.0,0.9999999999999998,0.0
1648,7741,0.0,0.9999999999999998,0.0
1648,7742,0.0,0.9999999999999998,0.0
1648,7743,0.0,0.9999999999999998,0.0
1648,7744,0.0,0.9999999999999998,0.0
1648,7745,0.0,0.9999999999999998,0.0
1648,7746,0.0,0.9999999999999998,0.0
1648,7747,0.0,0.9999999999999998,0.0
1648,7748,0.0,0.9999999999999998,0.0
1648,7749,0.0,0.9999999999999998,0.0
1648,7750,0.0,0.9999999999999998,0.0
1648,7751,0.0,0.9999999999999998,0.0
1648,7752,0.0,0.9999999999999998,0.0
1648,7753,0.0,0.9999999999999998,0.0
1648,7754,0.0,0.9999999999999998,0.0
1648,7755,0.0,0.9999999999999998,0.0
1648,7756,0.0,0.9999999999999998,0.0
1648,7757,0.0,0.9999999999999998,0.0
1648,7758,0.0,0.9999999999999998,0.0
1648,7759,0.0,0.9999999999999998,0.0
1648,7760,0.0,0.9999999999999998,0.0
1648,7761,0.0,0.9999999999999998,0.0
1648,7762,0.0,0.9999999999999998,0.0
1648,7763,0.0,0.9999999999999998,0.0
1648,7764,0.0,0.9999999999999998,0.0
1648,7765,0.0,0.9999999999999998,0.0
1648,7766,0.0,0.9999999999999998,0.0
1648,7767,0.0,0.9999999999999998,0.0
1648,7768,0.0,0.9999999999999998,0.0
1648,7769,0.0,0.9999999999999998,0.0
1648,7770,0.0,0.9999999999999998,0.0
1648,7771,0.0,0.9999999999999998,0.0
1648,7772,0.0,0.9999999999999998,0.0
1648,7773,0.0,0.9999999999999998,0.0
1648,7774,0.0,0.9999999999999998,0.0
1648,7775,0.0,0.9999999999999998,0.0
1648,7776,0.0,0.9999999999999998,0.0
1648,7777,0.0,0.9999999999999998,0.0
1648,7778,0.0,0.9999999999999998,0.0
1648,7779,0.0,0.9999999999999998,0.0
1648,7780,0.0,0.9999999999999998,0.0
1648,7781,0.0,0.9999999999999998,0.0
1648,7782,0.0,0.9999999999999998,0.0
1648,7783,0.0,0.9999999999999998,0.0
1648,7784,0.0,0.9999999999999998,0.0
1648,7785,0.0,0.9999999999999998,0.0
1648,7786,0.0,0.9999999999999998,0.0
1648,7787,0.0,0.9999999999999998,0.0
1648,7788,0.0,0.9999999999999998,0.0
1648,7789,0.0,0.9999999999999998,0.0
1648,7790,0.0,0.9999999999999998,0.0
1648,7791,0.0,0.9999999999999998,0.0
1648,7792,0.0,0.9999999999999998,0.0
1648,7793,0.0,0.9999999999999998,0.0
1648,7794,0.0,0.9999999999999998,0.0
1648,7795,0.0,0.9999999999999998,0.0
1648,7796,0.0,0.9999999999999998,0.0
1648,7797,0.0,0.9999999999999998,0.0
1648,7798,0.0,0.9999999999999998,0.0
1648,7799,0.0,0.9999999999999998,0.0
1648,7800,0.0,0.9999999999999998,0.0
1648,7801,0.0,0.9999999999999998,0.0
1648,7802,0.0,0.9999999999999998,0.0
1648,7803,0.0,0.9999999999999998,0.0
1648,7804,0.0,0.9999999999999998,0.0
1648,7805,0.0,0.9999999999999998,0.0
1648,7806,0.0,0.9999999999999998,0.0
1648,7807,0.0,0.9999999999999998,0.0
1648,7808,0.0,0.9999999999999998,0.0
1648,7809,0.0,0.9999999999999998,0.0
1648,7810,0.0,0.9999999999999998,0.0
1648,7811,0.0,0.9999999999999998,0.0
1648,7812,0.0,0.9999999999999998,0.0
1648,7813,0.0,0.9999999999999998,0.0
1648,7814,0.0,0.9999999999999998,0.0
1648,7815,0.0,0.9999999999999998,0.0
1648,7816,0.0,0.9999999999999998,0.0
1648,7817,0.0,0.9999999999999998,0.0
1648,7818,0.0,0.9999999999999998,0.0
1648,7819,0.0,0.9999999999999998,0.0
1648,7820,0.0,0.9999999999999998,0.0
1648,7821,0.0,0.9999999999999998,0.0
1648,7822,0.0,0.9999999999999998,0.0
1648,7823,0.0,0.9999999999999998,0.0
1648,7824,0.0,0.9999999999999998,0.0
1648,7825,0.0,0.9999999999999998,0.0
1648,7826,0.0,0.9999999999999998,0.0
1648,7827,0.0,0.9999999999999998,0.0
1648,7828,0.0,0.9999999999999998,0.0
1648,7829,0.0,0.9999999999999998,0.0
1648,7830,0.0,0.9999999999999998,0.0
1648,7831,0.0,0.9999999999999998,0.0
1648,7832,0.0,0.9999999999999998,0.0
1648,7833,0.0,0.9999999999999998,0.0
1648,7834,0.0,0.9999999999999998,0.0
1648,7835,0.0,0.9999999999999998,0.0
1648,7836,0.0,0.9999999999999998,0.0
1648,7837,0.0,0.9999999999999998,0.0
1648,7838,0.0,0.9999999999999998,0.0
1648,7839,0.0,0.9999999999999998,0.0
1648,7840,0.0,0.9999999999999998,0.0
1648,7841,0.0,0.9999999999999998,0.0
1648,7842,0.0,0.9999999999999998,0.0
1648,7843,0.0,0.9999999999999998,0.0
1648,7844,0.0,0.9999999999999998,0.0
1648,7845,0.0,0.9999999999999998,0.0
1648,7846,0.0,0.9999999999999998,0.0
1648,7847,0.0,0.9999999999999998,0.0
1648,7848,0.0,0.9999999999999998,0.0
1648,7849,0.0,0.9999999999999998,0.0
1648,7850,0.0,0.9999999999999998,0.0
1648,7851,0.0,0.9999999999999998,0.0
1648,7852,0.0,0.9999999999999998,0.0
1648,7853,0.0,0.9999999999999998,0.0
1648,7854,0.0,0.9999999999999998,0.0
1648,7855,0.0,0.9999999999999998,0.0
1648,7856,0.0,0.9999999999999998,0.0
1648,7857,0.0,0.9999999999999998,0.0
1648,7858,0.0,0.9999999999999998,0.0
1648,7859,0.0,0.9999999999999998,0.0
1648,7860,0.0,0.9999999999999998,0.0
1648,7861,0.0,0.9999999999999998,0.0
1648,7862,0.0,0.9999999999999998,0.0
1648,7863,0.0,0.9999999999999998,0.0
1648,7864,0.0,0.9999999999999998,0.0
1648,7865,0.0,0.9999999999999998,0.0
1648,7866,0.0,0.9999999999999998,0.0
1648,7867,0.0,0.9999999999999998,0.0
1648,7868,0.0,0.9999999999999998,0.0
1648,7869,0.0,0.9999999999999998,0.0
1648,7870,0.0,0.9999999999999998,0.0
1648,7871,0.0,0.9999999999999998,0.0
1648,7872,0.0,0.9999999999999998,0.0
1648,7873,0.0,0.9999999999999998,0.0
1648,7874,0.0,0.9999999999999998,0.0
1648,7875,0.0,0.9999999999999998,0.0
1648,7876,0.0,0.9999999999999998,0.0
1648,7877,0.0,0.9999999999999998,0.0
1648,7878,0.0,0.9999999999999998,0.0
1648,7879,0.0,0.9999999999999998,0.0
1648,7880,0.0,0.9999999999999998,0.0
1648,7881,0.0,0.9999999999999998,0.0
1648,7882,0.0,0.9999999999999998,0.0
1648,7883,0.0,0.9999999999999998,0.0
1648,7884,0.0,0.9999999999999998,0.0
1648,7885,0.0,0.9999999999999998,0.0
1648,7886,0.0,0.9999999999999998,0.0
1648,7887,0.0,0.9999999999999998,0.0
1648,7888,0.0,0.9999999999999998,0.0
1648,7889,0.0,0.9999999999999998,0.0
1648,7890,0.0,0.9999999999999998,0.0
1648,7891,0.0,0.9999999999999998,0.0
1648,7892,0.0,0.9999999999999998,0.0
1648,7893,0.0,0.9999999999999998,0.0
1648,7894,0.0,0.9999999999999998,0.0
1648,7895,0.0,0.9999999999999998,0.0
1648,7896,0.0,0.9999999999999998,0.0
1648,7897,0.0,0.9999999999999998,0.0
1648,7898,0.0,0.9999999999999998,0.0
1648,7899,0.0,0.9999999999999998,0.0
1648,7900,0.0,0.9999999999999998,0.0
1648,7901,0.0,0.9999999999999998,0.0
1648,7902,0.0,0.9999999999999998,0.0
1648,7903,0.0,0.9999999999999998,0.0
1648,7904,0.0,0.9999999999999998,0.0
1648,7905,0.0,0.9999999999999998,0.0
1648,7906,0.0,0.9999999999999998,0.0
1648,7907,0.0,0.9999999999999998,0.0
1648,7908,0.0,0.9999999999999998,0.0
1648,7909,0.0,0.9999999999999998,0.0
1648,7910,0.0,0.9999999999999998,0.0
1648,7911,0.0,0.9999999999999998,0.0
1648,7912,0.0,0.9999999999999998,0.0
1648,7913,0.0,0.9999999999999998,0.0
1648,7914,0.0,0.9999999999999998,0.0
1648,7915,0.0,0.9999999999999998,0.0
1648,7916,0.0,0.9999999999999998,0.0
1648,7917,0.0,0.9999999999999998,0.0
1648,7918,0.0,0.9999999999999998,0.0
1648,7919,0.0,0.9999999999999998,0.0
1648,7920,0.0,0.9999999999999998,0.0
1648,7921,0.0,0.9999999999999998,0.0
1648,7922,0.0,0.9999999999999998,0.0
1648,7923,0.0,0.9999999999999998,0.0
1648,7924,0.0,0.9999999999999998,0.0
1648,7925,0.0,0.9999999999999998,0.0
1648,7926,0.0,0.9999999999999998,0.0
1648,7927,0.0,0.9999999999999998,0.0
1648,7928,0.0,0.9999999999999998,0.0
1648,7929,0.0,0.9999999999999998,0.0
1648,7930,0.0,0.9999999999999998,0.0
1648,7931,0.0,0.9999999999999998,0.0
1648,7932,0.0,0.9999999999999998,0.0
1648,7933,0.0,0.9999999999999998,0.0
1648,7934,0.0,0.9999999999999998,0.0
1648,7935,0.0,0.9999999999999998,0.0
1648,7936,0.0,0.9999999999999998,0.0
1648,7937,0.0,0.9999999999999998,0.0
1648,7938,0.0,0.9999999999999998,0.0
1648,7939,0.0,0.9999999999999998,0.0
1648,7940,0.0,0.9999999999999998,0.0
1648,7941,0.0,0.9999999999999998,0.0
1648,7942,0.0,0.9999999999999998,0.0
1648,7943,0.0,0.9999999999999998,0.0
1648,7944,0.0,0.9999999999999998,0.0
1648,7945,0.0,0.9999999999999998,0.0
1648,7946,0.0,0.9999999999999998,0.0
1648,7947,0.0,0.9999999999999998,0.0
1648,7948,0.0,0.9999999999999998,0.0
1648,7949,0.0,0.9999999999999998,0.0
1648,7950,0.0,0.9999999999999998,0.0
1648,7951,0.0,0.9999999999999998,0.0
1648,7952,0.0,0.9999999999999998,0.0
1648,7953,0.0,0.9999999999999998,0.0
1648,7954,0.0,0.9999999999999998,0.0
1648,7955,0.0,0.9999999999999998,0.0
1648,7956,0.0,0.9999999999999998,0.0
1648,7957,0.0,0.9999999999999998,0.0
1648,7958,0.0,0.9999999999999998,0.0
1648,7959,0.0,0.9999999999999998,0.0
1648,7960,0.0,0.9999999999999998,0.0
1648,7961,0.0,0.9999999999999998,0.0
1648,7962,0.0,0.9999999999999998,0.0
1648,7963,0.0,0.9999999999999998,0.0
1648,7964,0.0,0.9999999999999998,0.0
1648,7965,0.0,0.9999999999999998,0.0
1648,7966,0.0,0.9999999999999998,0.0
1648,7967,0.0,0.9999999999999998,0.0
1648,7968,0.0,0.9999999999999998,0.0
1648,7969,0.0,0.9999999999999998,0.0
1648,7970,0.0,0.9999999999999998,0.0
1648,7971,0.0,0.9999999999999998,0.0
1648,7972,0.0,0.9999999999999998,0.0
1648,7973,0.0,0.9999999999999998,0.0
1648,7974,0.0,0.9999999999999998,0.0
1648,7975,0.0,0.9999999999999998,0.0
1648,7976,0.0,0.9999999999999998,0.0
1648,7977,0.0,0.9999999999999998,0.0
1648,7978,0.0,0.9999999999999998,0.0
1648,7979,0.0,0.9999999999999998,0.0
1648,7980,0.0,0.9999999999999998,0.0
1648,7981,0.0,0.9999999999999998,0.0
1648,7982,0.0,0.9999999999999998,0.0
1648,7983,0.0,0.9999999999999998,0.0
1648,7984,0.0,0.9999999999999998,0.0
1648,7985,0.0,0.9999999999999998,0.0
1648,7986,0.0,0.9999999999999998,0.0
1648,7987,0.0,0.9999999999999998,0.0
1648,7988,0.0,0.9999999999999998,0.0
1648,7989,0.0,0.9999999999999998,0.0
1648,7990,0.0,0.9999999999999998,0.0
1648,7991,0.0,0.9999999999999998,0.0
1648,7992,0.0,0.9999999999999998,0.0
1648,7993,0.0,0.9999999999999998,0.0
1648,7994,0.0,0.9999999999999998,0.0
1648,7995,0.0,0.9999999999999998,0.0
1648,7996,0.0,0.9999999999999998,0.0
1648,7997,0.0,0.9999999999999998,0.0
1648,7998,0.0,0.9999999999999998,0.0
1648,7999,0.0,0.9999999999999998,0.0
1648,8000,0.0,0.9999999999999998,0.0
1648,8001,0.0,0.9999999999999998,0.0
1648,8002,0.0,0.9999999999999998,0.0
1648,8003,0.0,0.9999999999999998,0.0
1648,8004,0.0,0.9999999999999998,0.0
1648,8005,0.0,0.9999999999999998,0.0
1648,8006,0.0,0.9999999999999998,0.0
1648,8007,0.0,0.9999999999999998,0.0
1648,8008,0.0,0.9999999999999998,0.0
1648,8009,0.0,0.9999999999999998,0.0
1648,8010,0.0,0.9999999999999998,0.0
1648,8011,0.0,0.9999999999999998,0.0
1648,8012,0.0,0.9999999999999998,0.0
1648,8013,0.0,0.9999999999999998,0.0
1648,8014,0.0,0.9999999999999998,0.0
1648,8015,0.0,0.9999999999999998,0.0
1648,8016,0.0,0.9999999999999998,0.0
1648,8017,0.0,0.9999999999999998,0.0
1648,8018,0.0,0.9999999999999998,0.0
1648,8019,0.0,0.9999999999999998,0.0
1648,8020,0.0,0.9999999999999998,0.0
1648,8021,0.0,0.9999999999999998,0.0
1648,8022,0.0,0.9999999999999998,0.0
1648,8023,0.0,0.9999999999999998,0.0
1648,8024,0.0,0.9999999999999998,0.0
1648,8025,0.0,0.9999999999999998,0.0
1648,8026,0.0,0.9999999999999998,0.0
1648,8027,0.0,0.9999999999999998,0.0
1648,8028,0.0,0.9999999999999998,0.0
1648,8029,0.0,0.9999999999999998,0.0
1648,8030,0.0,0.9999999999999998,0.0
1648,8031,0.0,0.9999999999999998,0.0
1648,8032,0.0,0.9999999999999998,0.0
1648,8033,0.0,0.9999999999999998,0.0
1648,8034,0.0,0.9999999999999998,0.0
1648,8035,0.0,0.9999999999999998,0.0
1648,8036,0.0,0.9999999999999998,0.0
1648,8037,0.0,0.9999999999999998,0.0
1648,8038,0.0,0.9999999999999998,0.0
1648,8039,0.0,0.9999999999999998,0.0
1648,8040,0.0,0.9999999999999998,0.0
1648,8041,0.0,0.9999999999999998,0.0
1648,8042,0.0,0.9999999999999998,0.0
1648,8043,0.0,0.9999999999999998,0.0
1648,8044,0.0,0.9999999999999998,0.0
1648,8045,0.0,0.9999999999999998,0.0
1648,8046,0.0,0.9999999999999998,0.0
1648,8047,0.0,0.9999999999999998,0.0
1648,8048,0.0,0.9999999999999998,0.0
1648,8049,0.0,0.9999999999999998,0.0
1648,8050,0.0,0.9999999999999998,0.0
1648,8051,0.0,0.9999999999999998,0.0
1648,8052,0.0,0.9999999999999998,0.0
1648,8053,0.0,0.9999999999999998,0.0
1648,8054,0.0,0.9999999999999998,0.0
1648,8055,0.0,0.9999999999999998,0.0
1648,8056,0.0,0.9999999999999998,0.0
1648,8057,0.0,0.9999999999999998,0.0
1648,8058,0.0,0.9999999999999998,0.0
1648,8059,0.0,0.9999999999999998,0.0
1648,8060,0.0,0.9999999999999998,0.0
1648,8061,0.0,0.9999999999999998,0.0
1648,8062,0.0,0.9999999999999998,0.0
1648,8063,0.0,0.9999999999999998,0.0
1648,8064,0.0,0.9999999999999998,0.0
1648,8065,0.0,0.9999999999999998,0.0
1648,8066,0.0,0.9999999999999998,0.0
1648,8067,0.0,0.9999999999999998,0.0
1648,8068,0.0,0.9999999999999998,0.0
1648,8069,0.0,0.9999999999999998,0.0
1648,8070,0.0,0.9999999999999998,0.0
1648,8071,0.0,0.9999999999999998,0.0
1648,8072,0.0,0.9999999999999998,0.0
1648,8073,0.0,0.9999999999999998,0.0
1648,8074,0.0,0.9999999999999998,0.0
1648,8075,0.0,0.9999999999999998,0.0
1648,8076,0.0,0.9999999999999998,0.0
1648,8077,0.0,0.9999999999999998,0.0
1648,8078,0.0,0.9999999999999998,0.0
1648,8079,0.0,0.9999999999999998,0.0
1648,8080,0.0,0.9999999999999998,0.0
1648,8081,0.0,0.9999999999999998,0.0
1648,8082,0.0,0.9999999999999998,0.0
1648,8083,0.0,0.9999999999999998,0.0
1648,8084,0.0,0.9999999999999998,0.0
1648,8085,0.0,0.9999999999999998,0.0
1648,8086,0.0,0.9999999999999998,0.0
1648,8087,0.0,0.9999999999999998,0.0
1648,8088,0.0,0.9999999999999998,0.0
1648,8089,0.0,0.9999999999999998,0.0
1648,8090,0.0,0.9999999999999998,0.0
1648,8091,0.0,0.9999999999999998,0.0
1648,8092,0.0,0.9999999999999998,0.0
1648,8093,0.0,0.9999999999999998,0.0
1648,8094,0.0,0.9999999999999998,0.0
1648,8095,0.0,0.9999999999999998,0.0
1648,8096,0.0,0.9999999999999998,0.0
1648,8097,0.0,0.9999999999999998,0.0
1648,8098,0.0,0.9999999999999998,0.0
1648,8099,0.0,0.9999999999999998,0.0
1648,8100,0.0,0.9999999999999998,0.0
1648,8101,0.0,0.9999999999999998,0.0
1648,8102,0.0,0.9999999999999998,0.0
1648,8103,0.0,0.9999999999999998,0.0
1648,8104,0.0,0.9999999999999998,0.0
1648,8105,0.0,0.9999999999999998,0.0
1648,8106,0.0,0.9999999999999998,0.0
1648,8107,0.0,0.9999999999999998,0.0
1648,8108,0.0,0.9999999999999998,0.0
1648,8109,0.0,0.9999999999999998,0.0
1648,8110,0.0,0.9999999999999998,0.0
1648,8111,0.0,0.9999999999999998,0.0
1648,8112,0.0,0.9999999999999998,0.0
1648,8113,0.0,0.9999999999999998,0.0
1648,8114,0.0,0.9999999999999998,0.0
1648,8115,0.0,0.9999999999999998,0.0
1648,8116,0.0,0.9999999999999998,0.0
1648,8117,0.0,0.9999999999999998,0.0
1648,8118,0.0,0.9999999999999998,0.0
1648,8119,0.0,0.9999999999999998,0.0
1648,8120,0.0,0.9999999999999998,0.0
1648,8121,0.0,0.9999999999999998,0.0
1648,8122,0.0,0.9999999999999998,0.0
1648,8123,0.0,0.9999999999999998,0.0
1648,8124,0.0,0.9999999999999998,0.0
1648,8125,0.0,0.9999999999999998,0.0
1648,8126,0.0,0.9999999999999998,0.0
1648,8127,0.0,0.9999999999999998,0.0
1648,8128,0.0,0.9999999999999998,0.0
1648,8129,0.0,0.9999999999999998,0.0
1648,8130,0.0,0.9999999999999998,0.0
1648,8131,0.0,0.9999999999999998,0.0
1648,8132,0.0,0.9999999999999998,0.0
1648,8133,0.0,0.9999999999999998,0.0
1648,8134,0.0,0.9999999999999998,0.0
1648,8135,0.0,0.9999999999999998,0.0
1648,8136,0.0,0.9999999999999998,0.0
1648,8137,0.0,0.9999999999999998,0.0
1648,8138,0.0,0.9999999999999998,0.0
1648,8139,0.0,0.9999999999999998,0.0
1648,8140,0.0,0.9999999999999998,0.0
1648,8141,0.0,0.9999999999999998,0.0
1648,8142,0.0,0.9999999999999998,0.0
1648,8143,0.0,0.9999999999999998,0.0
1648,8144,0.0,0.9999999999999998,0.0
1648,8145,0.0,0.9999999999999998,0.0
1648,8146,0.0,0.9999999999999998,0.0
1648,8147,0.0,0.9999999999999998,0.0
1648,8148,0.0,0.9999999999999998,0.0
1648,8149,0.0,0.9999999999999998,0.0
1648,8150,0.0,0.9999999999999998,0.0
1648,8151,0.0,0.9999999999999998,0.0
1648,8152,0.0,0.9999999999999998,0.0
1648,8153,0.0,0.9999999999999998,0.0
1648,8154,0.0,0.9999999999999998,0.0
1648,8155,0.0,0.9999999999999998,0.0
1648,8156,0.0,0.9999999999999998,0.0
1648,8157,0.0,0.9999999999999998,0.0
1648,8158,0.0,0.9999999999999998,0.0
1648,8159,0.0,0.9999999999999998,0.0
1648,8160,0.0,0.9999999999999998,0.0
1648,8161,0.0,0.9999999999999998,0.0
1648,8162,0.0,0.9999999999999998,0.0
1648,8163,0.0,0.9999999999999998,0.0
1648,8164,0.0,0.9999999999999998,0.0
1648,8165,0.0,0.9999999999999998,0.0
1648,8166,0.0,0.9999999999999998,0.0
1648,8167,0.0,0.9999999999999998,0.0
1648,8168,0.0,0.9999999999999998,0.0
1648,8169,0.0,0.9999999999999998,0.0
1648,8170,0.0,0.9999999999999998,0.0
1648,8171,0.0,0.9999999999999998,0.0
1648,8172,0.0,0.9999999999999998,0.0
1648,8173,0.0,0.9999999999999998,0.0
1648,8174,0.0,0.9999999999999998,0.0
1648,8175,0.0,0.9999999999999998,0.0
1648,8176,0.0,0.9999999999999998,0.0
1648,8177,0.0,0.9999999999999998,0.0
1648,8178,0.0,0.9999999999999998,0.0
1648,8179,0.0,0.9999999999999998,0.0
1648,8180,0.0,0.9999999999999998,0.0
1648,8181,0.0,0.9999999999999998,0.0
1648,8182,0.0,0.9999999999999998,0.0
1648,8183,0.0,0.9999999999999998,0.0
1648,8184,0.0,0.9999999999999998,0.0
1648,8185,0.0,0.9999999999999998,0.0
1648,8186,0.0,0.9999999999999998,0.0
1648,8187,0.0,0.9999999999999998,0.0
1648,8188,0.0,0.9999999999999998,0.0
1648,8189,0.0,0.9999999999999998,0.0
1648,8190,0.0,0.9999999999999998,0.0
1648,8191,0.0,0.9999999999999998,0.0
1648,8192,0.0,0.9999999999999998,0.0
1648,8193,0.0,0.9999999999999998,0.0
1648,8194,0.0,0.9999999999999998,0.0
1648,8195,0.0,0.9999999999999998,0.0
1648,8196,0.0,0.9999999999999998,0.0
1648,8197,0.0,0.9999999999999998,0.0
1648,8198,0.0,0.9999999999999998,0.0
1648,8199,0.0,0.9999999999999998,0.0
1648,8200,0.0,0.9999999999999998,0.0
1648,8201,0.0,0.9999999999999998,0.0
1648,8202,0.0,0.9999999999999998,0.0
1648,8203,0.0,0.9999999999999998,0.0
1648,8204,0.0,0.9999999999999998,0.0
1648,8205,0.0,0.9999999999999998,0.0
1648,8206,0.0,0.9999999999999998,0.0
1648,8207,0.0,0.9999999999999998,0.0
1648,8208,0.0,0.9999999999999998,0.0
1648,8209,0.0,0.9999999999999998,0.0
1648,8210,0.0,0.9999999999999998,0.0
1648,8211,0.0,0.9999999999999998,0.0
1648,8212,0.0,0.9999999999999998,0.0
1648,8213,0.0,0.9999999999999998,0.0
1648,8214,0.0,0.9999999999999998,0.0
1648,8215,0.0,0.9999999999999998,0.0
1648,8216,0.0,0.9999999999999998,0.0
1648,8217,0.0,0.9999999999999998,0.0
1648,8218,0.0,0.9999999999999998,0.0
1648,8219,0.0,0.9999999999999998,0.0
1648,8220,0.0,0.9999999999999998,0.0
1648,8221,0.0,0.9999999999999998,0.0
1648,8222,0.0,0.9999999999999998,0.0
1648,8223,0.0,0.9999999999999998,0.0
1648,8224,0.0,0.9999999999999998,0.0
1648,8225,0.0,0.9999999999999998,0.0
1648,8226,0.0,0.9999999999999998,0.0
1648,8227,0.0,0.9999999999999998,0.0
1648,8228,0.0,0.9999999999999998,0.0
1648,8229,0.0,0.9999999999999998,0.0
1648,8230,0.0,0.9999999999999998,0.0
1648,8231,0.0,0.9999999999999998,0.0
1648,8232,0.0,0.9999999999999998,0.0
1648,8233,0.0,0.9999999999999998,0.0
1648,8234,0.0,0.9999999999999998,0.0
1648,8235,0.0,0.9999999999999998,0.0
1648,8236,0.0,0.9999999999999998,0.0
1648,8237,0.0,0.9999999999999998,0.0
1648,8238,0.0,0.9999999999999998,0.0
1648,8239,0.0,0.9999999999999998,0.0
1648,8240,0.0,0.9999999999999998,0.0
1648,8241,0.0,0.9999999999999998,0.0
1648,8242,0.0,0.9999999999999998,0.0
1648,8243,0.0,0.9999999999999998,0.0
1648,8244,0.0,0.9999999999999998,0.0
1648,8245,0.0,0.9999999999999998,0.0
1648,8246,0.0,0.9999999999999998,0.0
1648,8247,0.0,0.9999999999999998,0.0
1648,8248,0.0,0.9999999999999998,0.0
1648,8249,0.0,0.9999999999999998,0.0
1648,8250,0.0,0.9999999999999998,0.0
1648,8251,0.0,0.9999999999999998,0.0
1648,8252,0.0,0.9999999999999998,0.0
1648,8253,0.0,0.9999999999999998,0.0
1648,8254,0.0,0.9999999999999998,0.0
1648,8255,0.0,0.9999999999999998,0.0
1648,8256,0.0,0.9999999999999998,0.0
1648,8257,0.0,0.9999999999999998,0.0
1648,8258,0.0,0.9999999999999998,0.0
1648,8259,0.0,0.9999999999999998,0.0
1648,8260,0.0,0.9999999999999998,0.0
1648,8261,0.0,0.9999999999999998,0.0
1648,8262,0.0,0.9999999999999998,0.0
1648,8263,0.0,0.9999999999999998,0.0
1648,8264,0.0,0.9999999999999998,0.0
1648,8265,0.0,0.9999999999999998,0.0
1648,8266,0.0,0.9999999999999998,0.0
1648,8267,0.0,0.9999999999999998,0.0
1648,8268,0.0,0.9999999999999998,0.0
1648,8269,0.0,0.9999999999999998,0.0
1648,8270,0.0,0.9999999999999998,0.0
1648,8271,0.0,0.9999999999999998,0.0
1648,8272,0.0,0.9999999999999998,0.0
1648,8273,0.0,0.9999999999999998,0.0
1648,8274,0.0,0.9999999999999998,0.0
1648,8275,0.0,0.9999999999999998,0.0
1648,8276,0.0,0.9999999999999998,0.0
1648,8277,0.0,0.9999999999999998,0.0
1648,8278,0.0,0.9999999999999998,0.0
1648,8279,0.0,0.9999999999999998,0.0
1648,8280,0.0,0.9999999999999998,0.0
1648,8281,0.0,0.9999999999999998,0.0
1648,8282,0.0,0.9999999999999998,0.0
1648,8283,0.0,0.9999999999999998,0.0
1648,8284,0.0,0.9999999999999998,0.0
1648,8285,0.0,0.9999999999999998,0.0
1648,8286,0.0,0.9999999999999998,0.0
1648,8287,0.0,0.9999999999999998,0.0
1648,8288,0.0,0.9999999999999998,0.0
1648,8289,0.0,0.9999999999999998,0.0
1648,8290,0.0,0.9999999999999998,0.0
1648,8291,0.0,0.9999999999999998,0.0
1648,8292,0.0,0.9999999999999998,0.0
1648,8293,0.0,0.9999999999999998,0.0
1648,8294,0.0,0.9999999999999998,0.0
1648,8295,0.0,0.9999999999999998,0.0
1648,8296,0.0,0.9999999999999998,0.0
1648,8297,0.0,0.9999999999999998,0.0
1648,8298,0.0,0.9999999999999998,0.0
1648,8299,0.0,0.9999999999999998,0.0
1648,8300,0.0,0.9999999999999998,0.0
1648,8301,0.0,0.9999999999999998,0.0
1648,8302,0.0,0.9999999999999998,0.0
1648,8303,0.0,0.9999999999999998,0.0
1648,8304,0.0,0.9999999999999998,0.0
1648,8305,0.0,0.9999999999999998,0.0
1648,8306,0.0,0.9999999999999998,0.0
1648,8307,0.0,0.9999999999999998,0.0
1648,8308,0.0,0.9999999999999998,0.0
1648,8309,0.0,0.9999999999999998,0.0
1648,8310,0.0,0.9999999999999998,0.0
1648,8311,0.0,0.9999999999999998,0.0
1648,8312,0.0,0.9999999999999998,0.0
1648,8313,0.0,0.9999999999999998,0.0
1648,8314,0.0,0.9999999999999998,0.0
1648,8315,0.0,0.9999999999999998,0.0
1648,8316,0.0,0.9999999999999998,0.0
1648,8317,0.0,0.9999999999999998,0.0
1648,8318,0.0,0.9999999999999998,0.0
1648,8319,0.0,0.9999999999999998,0.0
1648,8320,0.0,0.9999999999999998,0.0
1648,8321,0.0,0.9999999999999998,0.0
1648,8322,0.0,0.9999999999999998,0.0
1648,8323,0.0,0.9999999999999998,0.0
1648,8324,0.0,0.9999999999999998,0.0
1648,8325,0.0,0.9999999999999998,0.0
1648,8326,0.0,0.9999999999999998,0.0
1648,8327,0.0,0.9999999999999998,0.0
1648,8328,0.0,0.9999999999999998,0.0
1648,8329,0.0,0.9999999999999998,0.0
1648,8330,0.0,0.9999999999999998,0.0
1648,8331,0.0,0.9999999999999998,0.0
1648,8332,0.0,0.9999999999999998,0.0
1648,8333,0.0,0.9999999999999998,0.0
1648,8334,0.0,0.9999999999999998,0.0
1648,8335,0.0,0.9999999999999998,0.0
1648,8336,0.0,0.9999999999999998,0.0
1648,8337,0.0,0.9999999999999998,0.0
1648,8338,0.0,0.9999999999999998,0.0
1648,8339,0.0,0.9999999999999998,0.0
1648,8340,0.0,0.9999999999999998,0.0
1648,8341,0.0,0.9999999999999998,0.0
1648,8342,0.0,0.9999999999999998,0.0
1648,8343,0.0,0.9999999999999998,0.0
1648,8344,0.0,0.9999999999999998,0.0
1648,8345,0.0,0.9999999999999998,0.0
1648,8346,0.0,0.9999999999999998,0.0
1648,8347,0.0,0.9999999999999998,0.0
1648,8348,0.0,0.9999999999999998,0.0
1648,8349,0.0,0.9999999999999998,0.0
1648,8350,0.0,0.9999999999999998,0.0
1648,8351,0.0,0.9999999999999998,0.0
1648,8352,0.0,0.9999999999999998,0.0
1648,8353,0.0,0.9999999999999998,0.0
1648,8354,0.0,0.9999999999999998,0.0
1648,8355,0.0,0.9999999999999998,0.0
1648,8356,0.0,0.9999999999999998,0.0
1648,8357,0.0,0.9999999999999998,0.0
1648,8358,0.0,0.9999999999999998,0.0
1648,8359,0.0,0.9999999999999998,0.0
1648,8360,0.0,0.9999999999999998,0.0
1648,8361,0.0,0.9999999999999998,0.0
1648,8362,0.0,0.9999999999999998,0.0
1648,8363,0.0,0.9999999999999998,0.0
1648,8364,0.0,0.9999999999999998,0.0
1648,8365,0.0,0.9999999999999998,0.0
1648,8366,0.0,0.9999999999999998,0.0
1648,8367,0.0,0.9999999999999998,0.0
1648,8368,0.0,0.9999999999999998,0.0
1648,8369,0.0,0.9999999999999998,0.0
1648,8370,0.0,0.9999999999999998,0.0
1648,8371,0.0,0.9999999999999998,0.0
1648,8372,0.0,0.9999999999999998,0.0
1648,8373,0.0,0.9999999999999998,0.0
1648,8374,0.0,0.9999999999999998,0.0
1648,8375,0.0,0.9999999999999998,0.0
1648,8376,0.0,0.9999999999999998,0.0
1648,8377,0.0,0.9999999999999998,0.0
1648,8378,0.0,0.9999999999999998,0.0
1648,8379,0.0,0.9999999999999998,0.0
1648,8380,0.0,0.9999999999999998,0.0
1648,8381,0.0,0.9999999999999998,0.0
1648,8382,0.0,0.9999999999999998,0.0
1648,8383,0.0,0.9999999999999998,0.0
1648,8384,0.0,0.9999999999999998,0.0
1648,8385,0.0,0.9999999999999998,0.0
1648,8386,0.0,0.9999999999999998,0.0
1648,8387,0.0,0.9999999999999998,0.0
1648,8388,0.0,0.9999999999999998,0.0
1648,8389,0.0,0.9999999999999998,0.0
1648,8390,0.0,0.9999999999999998,0.0
1648,8391,0.0,0.9999999999999998,0.0
1648,8392,0.0,0.9999999999999998,0.0
1648,8393,0.0,0.9999999999999998,0.0
1648,8394,0.0,0.9999999999999998,0.0
1648,8395,0.0,0.9999999999999998,0.0
1648,8396,0.0,0.9999999999999998,0.0
1648,8397,0.0,0.9999999999999998,0.0
1648,8398,0.0,0.9999999999999998,0.0
1648,8399,0.0,0.9999999999999998,0.0
1648,8400,0.0,0.9999999999999998,0.0
1648,8401,0.0,0.9999999999999998,0.0
1648,8402,0.0,0.9999999999999998,0.0
1648,8403,0.0,0.9999999999999998,0.0
1648,8404,0.0,0.9999999999999998,0.0
1648,8405,0.0,0.9999999999999998,0.0
1648,8406,0.0,0.9999999999999998,0.0
1648,8407,0.0,0.9999999999999998,0.0
1648,8408,0.0,0.9999999999999998,0.0
1648,8409,0.0,0.9999999999999998,0.0
1648,8410,0.0,0.9999999999999998,0.0
1648,8411,0.0,0.9999999999999998,0.0
1648,8412,0.0,0.9999999999999998,0.0
1648,8413,0.0,0.9999999999999998,0.0
1648,8414,0.0,0.9999999999999998,0.0
1648,8415,0.0,0.9999999999999998,0.0
1648,8416,0.0,0.9999999999999998,0.0
1648,8417,0.0,0.9999999999999998,0.0
1648,8418,0.0,0.9999999999999998,0.0
1648,8419,0.0,0.9999999999999998,0.0
1648,8420,0.0,0.9999999999999998,0.0
1648,8421,0.0,0.9999999999999998,0.0
1648,8422,0.0,0.9999999999999998,0.0
1648,8423,0.0,0.9999999999999998,0.0
1648,8424,0.0,0.9999999999999998,0.0
1648,8425,0.0,0.9999999999999998,0.0
1648,8426,0.0,0.9999999999999998,0.0
1648,8427,0.0,0.9999999999999998,0.0
1648,8428,0.0,0.9999999999999998,0.0
1648,8429,0.0,0.9999999999999998,0.0
1648,8430,0.0,0.9999999999999998,0.0
1648,8431,0.0,0.9999999999999998,0.0
1648,8432,0.0,0.9999999999999998,0.0
1648,8433,0.0,0.9999999999999998,0.0
1648,8434,0.0,0.9999999999999998,0.0
1648,8435,0.0,0.9999999999999998,0.0
1648,8436,0.0,0.9999999999999998,0.0
1648,8437,0.0,0.9999999999999998,0.0
1648,8438,0.0,0.9999999999999998,0.0
1648,8439,0.0,0.9999999999999998,0.0
1648,8440,0.0,0.9999999999999998,0.0
1648,8441,0.0,0.9999999999999998,0.0
1648,8442,0.0,0.9999999999999998,0.0
1648,8443,0.0,0.9999999999999998,0.0
1648,8444,0.0,0.9999999999999998,0.0
1648,8445,0.0,0.9999999999999998,0.0
1648,8446,0.0,0.9999999999999998,0.0
1648,8447,0.0,0.9999999999999998,0.0
1648,8448,0.0,0.9999999999999998,0.0
1648,8449,0.0,0.9999999999999998,0.0
1648,8450,0.0,0.9999999999999998,0.0
1648,8451,0.0,0.9999999999999998,0.0
1648,8452,0.0,0.9999999999999998,0.0
1648,8453,0.0,0.9999999999999998,0.0
1648,8454,0.0,0.9999999999999998,0.0
1648,8455,0.0,0.9999999999999998,0.0
1648,8456,0.0,0.9999999999999998,0.0
1648,8457,0.0,0.9999999999999998,0.0
1648,8458,0.0,0.9999999999999998,0.0
1648,8459,0.0,0.9999999999999998,0.0
1648,8460,0.0,0.9999999999999998,0.0
1648,8461,0.0,0.9999999999999998,0.0
1648,8462,0.0,0.9999999999999998,0.0
1648,8463,0.0,0.9999999999999998,0.0
1648,8464,0.0,0.9999999999999998,0.0
1648,8465,0.0,0.9999999999999998,0.0
1648,8466,0.0,0.9999999999999998,0.0
1648,8467,0.0,0.9999999999999998,0.0
1648,8468,0.0,0.9999999999999998,0.0
1648,8469,0.0,0.9999999999999998,0.0
1648,8470,0.0,0.9999999999999998,0.0
1648,8471,0.0,0.9999999999999998,0.0
1648,8472,0.0,0.9999999999999998,0.0
1648,8473,0.0,0.9999999999999998,0.0
1648,8474,0.0,0.9999999999999998,0.0
1648,8475,0.0,0.9999999999999998,0.0
1648,8476,0.0,0.9999999999999998,0.0
1648,8477,0.0,0.9999999999999998,0.0
1648,8478,0.0,0.9999999999999998,0.0
1648,8479,0.0,0.9999999999999998,0.0
1648,8480,0.0,0.9999999999999998,0.0
1648,8481,0.0,0.9999999999999998,0.0
1648,8482,0.0,0.9999999999999998,0.0
1648,8483,0.0,0.9999999999999998,0.0
1648,8484,0.0,0.9999999999999998,0.0
1648,8485,0.0,0.9999999999999998,0.0
1648,8486,0.0,0.9999999999999998,0.0
1648,8487,0.0,0.9999999999999998,0.0
1648,8488,0.0,0.9999999999999998,0.0
1648,8489,0.0,0.9999999999999998,0.0
1648,8490,0.0,0.9999999999999998,0.0
1648,8491,0.0,0.9999999999999998,0.0
1648,8492,0.0,0.9999999999999998,0.0
1648,8493,0.0,0.9999999999999998,0.0
1648,8494,0.0,0.9999999999999998,0.0
1648,8495,0.0,0.9999999999999998,0.0
1648,8496,0.0,0.9999999999999998,0.0
1648,8497,0.0,0.9999999999999998,0.0
1648,8498,0.0,0.9999999999999998,0.0
1648,8499,0.0,0.9999999999999998,0.0
1648,8500,0.0,0.9999999999999998,0.0
1648,8501,0.0,0.9999999999999998,0.0
1648,8502,0.0,0.9999999999999998,0.0
1648,8503,0.0,0.9999999999999998,0.0
1648,8504,0.0,0.9999999999999998,0.0
1648,8505,0.0,0.9999999999999998,0.0
1648,8506,0.0,0.9999999999999998,0.0
1648,8507,0.0,0.9999999999999998,0.0
1648,8508,0.0,0.9999999999999998,0.0
1648,8509,0.0,0.9999999999999998,0.0
1648,8510,0.0,0.9999999999999998,0.0
1648,8511,0.0,0.9999999999999998,0.0
1648,8512,0.0,0.9999999999999998,0.0
1648,8513,0.0,0.9999999999999998,0.0
1648,8514,0.0,0.9999999999999998,0.0
1648,8515,0.0,0.9999999999999998,0.0
1648,8516,0.0,0.9999999999999998,0.0
1648,8517,0.0,0.9999999999999998,0.0
1648,8518,0.0,0.9999999999999998,0.0
1648,8519,0.0,0.9999999999999998,0.0
1648,8520,0.0,0.9999999999999998,0.0
1648,8521,0.0,0.9999999999999998,0.0
1648,8522,0.0,0.9999999999999998,0.0
1648,8523,0.0,0.9999999999999998,0.0
1648,8524,0.0,0.9999999999999998,0.0
1648,8525,0.0,0.9999999999999998,0.0
1648,8526,0.0,0.9999999999999998,0.0
1648,8527,0.0,0.9999999999999998,0.0
1648,8528,0.0,0.9999999999999998,0.0
1648,8529,0.0,0.9999999999999998,0.0
1648,8530,0.0,0.9999999999999998,0.0
1648,8531,0.0,0.9999999999999998,0.0
1648,8532,0.0,0.9999999999999998,0.0
1648,8533,0.0,0.9999999999999998,0.0
1648,8534,0.0,0.9999999999999998,0.0
1648,8535,0.0,0.9999999999999998,0.0
1648,8536,0.0,0.9999999999999998,0.0
1648,8537,0.0,0.9999999999999998,0.0
1648,8538,0.0,0.9999999999999998,0.0
1648,8539,0.0,0.9999999999999998,0.0
1648,8540,0.0,0.9999999999999998,0.0
1648,8541,0.0,0.9999999999999998,0.0
1648,8542,0.0,0.9999999999999998,0.0
1648,8543,0.0,0.9999999999999998,0.0
1648,8544,0.0,0.9999999999999998,0.0
1648,8545,0.0,0.9999999999999998,0.0
1648,8546,0.0,0.9999999999999998,0.0
1648,8547,0.0,0.9999999999999998,0.0
1648,8548,0.0,0.9999999999999998,0.0
1648,8549,0.0,0.9999999999999998,0.0
1648,8550,0.0,0.9999999999999998,0.0
1648,8551,0.0,0.9999999999999998,0.0
1648,8552,0.0,0.9999999999999998,0.0
1648,8553,0.0,0.9999999999999998,0.0
1648,8554,0.0,0.9999999999999998,0.0
1648,8555,0.0,0.9999999999999998,0.0
1648,8556,0.0,0.9999999999999998,0.0
1648,8557,0.0,0.9999999999999998,0.0
1648,8558,0.0,0.9999999999999998,0.0
1648,8559,0.0,0.9999999999999998,0.0
1648,8560,0.0,0.9999999999999998,0.0
1648,8561,0.0,0.9999999999999998,0.0
1648,8562,0.0,0.9999999999999998,0.0
1648,8563,0.0,0.9999999999999998,0.0
1648,8564,0.0,0.9999999999999998,0.0
1648,8565,0.0,0.9999999999999998,0.0
1648,8566,0.0,0.9999999999999998,0.0
1648,8567,0.0,0.9999999999999998,0.0
1648,8568,0.0,0.9999999999999998,0.0
1648,8569,0.0,0.9999999999999998,0.0
1648,8570,0.0,0.9999999999999998,0.0
1648,8571,0.0,0.9999999999999998,0.0
1648,8572,0.0,0.9999999999999998,0.0
1648,8573,0.0,0.9999999999999998,0.0
1648,8574,0.0,0.9999999999999998,0.0
1648,8575,0.0,0.9999999999999998,0.0
1648,8576,0.0,0.9999999999999998,0.0
1648,8577,0.0,0.9999999999999998,0.0
1648,8578,0.0,0.9999999999999998,0.0
1648,8579,0.0,0.9999999999999998,0.0
1648,8580,0.0,0.9999999999999998,0.0
1648,8581,0.0,0.9999999999999998,0.0
1648,8582,0.0,0.9999999999999998,0.0
1648,8583,0.0,0.9999999999999998,0.0
1648,8584,0.0,0.9999999999999998,0.0
1648,8585,0.0,0.9999999999999998,0.0
1648,8586,0.0,0.9999999999999998,0.0
1648,8587,0.0,0.9999999999999998,0.0
1648,8588,0.0,0.9999999999999998,0.0
1648,8589,0.0,0.9999999999999998,0.0
1648,8590,0.0,0.9999999999999998,0.0
1648,8591,0.0,0.9999999999999998,0.0
1648,8592,0.0,0.9999999999999998,0.0
1648,8593,0.0,0.9999999999999998,0.0
1648,8594,0.0,0.9999999999999998,0.0
1648,8595,0.0,0.9999999999999998,0.0
1648,8596,0.0,0.9999999999999998,0.0
1648,8597,0.0,0.9999999999999998,0.0
1648,8598,0.0,0.9999999999999998,0.0
1648,8599,0.0,0.9999999999999998,0.0
1648,8600,0.0,0.9999999999999998,0.0
1648,8601,0.0,0.9999999999999998,0.0
1648,8602,0.0,0.9999999999999998,0.0
1648,8603,0.0,0.9999999999999998,0.0
1648,8604,0.0,0.9999999999999998,0.0
1648,8605,0.0,0.9999999999999998,0.0
1648,8606,0.0,0.9999999999999998,0.0
1648,8607,0.0,0.9999999999999998,0.0
1648,8608,0.0,0.9999999999999998,0.0
1648,8609,0.0,0.9999999999999998,0.0
1648,8610,0.0,0.9999999999999998,0.0
1648,8611,0.0,0.9999999999999998,0.0
1648,8612,0.0,0.9999999999999998,0.0
1648,8613,0.0,0.9999999999999998,0.0
1648,8614,0.0,0.9999999999999998,0.0
1648,8615,0.0,0.9999999999999998,0.0
1648,8616,0.0,0.9999999999999998,0.0
1648,8617,0.0,0.9999999999999998,0.0
1648,8618,0.0,0.9999999999999998,0.0
1648,8619,0.0,0.9999999999999998,0.0
1648,8620,0.0,0.9999999999999998,0.0
1648,8621,0.0,0.9999999999999998,0.0
1648,8622,0.0,0.9999999999999998,0.0
1648,8623,0.0,0.9999999999999998,0.0
1648,8624,0.0,0.9999999999999998,0.0
1648,8625,0.0,0.9999999999999998,0.0
1648,8626,0.0,0.9999999999999998,0.0
1648,8627,0.0,0.9999999999999998,0.0
1648,8628,0.0,0.9999999999999998,0.0
1648,8629,0.0,0.9999999999999998,0.0
1648,8630,0.0,0.9999999999999998,0.0
1648,8631,0.0,0.9999999999999998,0.0
1648,8632,0.0,0.9999999999999998,0.0
1648,8633,0.0,0.9999999999999998,0.0
1648,8634,0.0,0.9999999999999998,0.0
1648,8635,0.0,0.9999999999999998,0.0
1648,8636,0.0,0.9999999999999998,0.0
1648,8637,0.0,0.9999999999999998,0.0
1648,8638,0.0,0.9999999999999998,0.0
1648,8639,0.0,0.9999999999999998,0.0
1648,8640,0.0,0.9999999999999998,0.0
1648,8641,0.0,0.9999999999999998,0.0
1648,8642,0.0,0.9999999999999998,0.0
1648,8643,0.0,0.9999999999999998,0.0
1648,8644,0.0,0.9999999999999998,0.0
1648,8645,0.0,0.9999999999999998,0.0
1648,8646,0.0,0.9999999999999998,0.0
1648,8647,0.0,0.9999999999999998,0.0
1648,8648,0.0,0.9999999999999998,0.0
1648,8649,0.0,0.9999999999999998,0.0
1648,8650,0.0,0.9999999999999998,0.0
1648,8651,0.0,0.9999999999999998,0.0
1648,8652,0.0,0.9999999999999998,0.0
1648,8653,0.0,0.9999999999999998,0.0
1648,8654,0.0,0.9999999999999998,0.0
1648,8655,0.0,0.9999999999999998,0.0
1648,8656,0.0,0.9999999999999998,0.0
1648,8657,0.0,0.9999999999999998,0.0
1648,8658,0.0,0.9999999999999998,0.0
1648,8659,0.0,0.9999999999999998,0.0
1648,8660,0.0,0.9999999999999998,0.0
1648,8661,0.0,0.9999999999999998,0.0
1648,8662,0.0,0.9999999999999998,0.0
1648,8663,0.0,0.9999999999999998,0.0
1648,8664,0.0,0.9999999999999998,0.0
1648,8665,0.0,0.9999999999999998,0.0
1648,8666,0.0,0.9999999999999998,0.0
1648,8667,0.0,0.9999999999999998,0.0
1648,8668,0.0,0.9999999999999998,0.0
1648,8669,0.0,0.9999999999999998,0.0
1648,8670,0.0,0.9999999999999998,0.0
1648,8671,0.0,0.9999999999999998,0.0
1648,8672,0.0,0.9999999999999998,0.0
1648,8673,0.0,0.9999999999999998,0.0
1648,8674,0.0,0.9999999999999998,0.0
1648,8675,0.0,0.9999999999999998,0.0
1648,8676,0.0,0.9999999999999998,0.0
1648,8677,0.0,0.9999999999999998,0.0
1648,8678,0.0,0.9999999999999998,0.0
1648,8679,0.0,0.9999999999999998,0.0
1648,8680,0.0,0.9999999999999998,0.0
1648,8681,0.0,0.9999999999999998,0.0
1648,8682,0.0,0.9999999999999998,0.0
1648,8683,0.0,0.9999999999999998,0.0
1648,8684,0.0,0.9999999999999998,0.0
1648,8685,0.0,0.9999999999999998,0.0
1648,8686,0.0,0.9999999999999998,0.0
1648,8687,0.0,0.9999999999999998,0.0
1648,8688,0.0,0.9999999999999998,0.0
1648,8689,0.0,0.9999999999999998,0.0
1648,8690,0.0,0.9999999999999998,0.0
1648,8691,0.0,0.9999999999999998,0.0
1648,8692,0.0,0.9999999999999998,0.0
1648,8693,0.0,0.9999999999999998,0.0
1648,8694,0.0,0.9999999999999998,0.0
1648,8695,0.0,0.9999999999999998,0.0
1648,8696,0.0,0.9999999999999998,0.0
1648,8697,0.0,0.9999999999999998,0.0
1648,8698,0.0,0.9999999999999998,0.0
1648,8699,0.0,0.9999999999999998,0.0
1648,8700,0.0,0.9999999999999998,0.0
1648,8701,0.0,0.9999999999999998,0.0
1648,8702,0.0,0.9999999999999998,0.0
1648,8703,0.0,0.9999999999999998,0.0
1648,8704,0.0,0.9999999999999998,0.0
1648,8705,0.0,0.9999999999999998,0.0
1648,8706,0.0,0.9999999999999998,0.0
1648,8707,0.0,0.9999999999999998,0.0
1648,8708,0.0,0.9999999999999998,0.0
1648,8709,0.0,0.9999999999999998,0.0
1648,8710,0.0,0.9999999999999998,0.0
1648,8711,0.0,0.9999999999999998,0.0
1648,8712,0.0,0.9999999999999998,0.0
1648,8713,0.0,0.9999999999999998,0.0
1648,8714,0.0,0.9999999999999998,0.0
1648,8715,0.0,0.9999999999999998,0.0
1648,8716,0.0,0.9999999999999998,0.0
1648,8717,0.0,0.9999999999999998,0.0
1648,8718,0.0,0.9999999999999998,0.0
1648,8719,0.0,0.9999999999999998,0.0
1648,8720,0.0,0.9999999999999998,0.0
1648,8721,0.0,0.9999999999999998,0.0
1648,8722,0.0,0.9999999999999998,0.0
1648,8723,0.0,0.9999999999999998,0.0
1648,8724,0.0,0.9999999999999998,0.0
1648,8725,0.0,0.9999999999999998,0.0
1648,8726,0.0,0.9999999999999998,0.0
1648,8727,0.0,0.9999999999999998,0.0
1648,8728,0.0,0.9999999999999998,0.0
1648,8729,0.0,0.9999999999999998,0.0
1648,8730,0.0,0.9999999999999998,0.0
1648,8731,0.0,0.9999999999999998,0.0
1648,8732,0.0,0.9999999999999998,0.0
1648,8733,0.0,0.9999999999999998,0.0
1648,8734,0.0,0.9999999999999998,0.0
1648,8735,0.0,0.9999999999999998,0.0
1648,8736,0.0,0.9999999999999998,0.0
1648,8737,0.0,0.9999999999999998,0.0
1648,8738,0.0,0.9999999999999998,0.0
1648,8739,0.0,0.9999999999999998,0.0
1648,8740,0.0,0.9999999999999998,0.0
1648,8741,0.0,0.9999999999999998,0.0
1648,8742,0.0,0.9999999999999998,0.0
1648,8743,0.0,0.9999999999999998,0.0
1648,8744,0.0,0.9999999999999998,0.0
1648,8745,0.0,0.9999999999999998,0.0
1648,8746,0.0,0.9999999999999998,0.0
1648,8747,0.0,0.9999999999999998,0.0
1648,8748,0.0,0.9999999999999998,0.0
1648,8749,0.0,0.9999999999999998,0.0
1648,8750,0.0,0.9999999999999998,0.0
1648,8751,0.0,0.9999999999999998,0.0
1648,8752,0.0,0.9999999999999998,0.0
1648,8753,0.0,0.9999999999999998,0.0
1648,8754,0.0,0.9999999999999998,0.0
1648,8755,0.0,0.9999999999999998,0.0
1648,8756,0.0,0.9999999999999998,0.0
1648,8757,0.0,0.9999999999999998,0.0
1648,8758,0.0,0.9999999999999998,0.0
1648,8759,0.0,0.9999999999999998,0.0
1648,8760,0.0,0.9999999999999998,0.0
1648,8761,0.0,0.9999999999999998,0.0
1648,8762,0.0,0.9999999999999998,0.0
1648,8763,0.0,0.9999999999999998,0.0
1648,8764,0.0,0.9999999999999998,0.0
1648,8765,0.0,0.9999999999999998,0.0
1648,8766,0.0,0.9999999999999998,0.0
1648,8767,0.0,0.9999999999999998,0.0
1648,8768,0.0,0.9999999999999998,0.0
1648,8769,0.0,0.9999999999999998,0.0
1648,8770,0.0,0.9999999999999998,0.0
1648,8771,0.0,0.9999999999999998,0.0
1648,8772,0.0,0.9999999999999998,0.0
1648,8773,0.0,0.9999999999999998,0.0
1648,8774,0.0,0.9999999999999998,0.0
1648,8775,0.0,0.9999999999999998,0.0
1648,8776,0.0,0.9999999999999998,0.0
1648,8777,0.0,0.9999999999999998,0.0
1648,8778,0.0,0.9999999999999998,0.0
1648,8779,0.0,0.9999999999999998,0.0
1648,8780,0.0,0.9999999999999998,0.0
1648,8781,0.0,0.9999999999999998,0.0
1648,8782,0.0,0.9999999999999998,0.0
1648,8783,0.0,0.9999999999999998,0.0
1648,8784,0.0,0.9999999999999998,0.0
1648,8785,0.0,0.9999999999999998,0.0
1648,8786,0.0,0.9999999999999998,0.0
1648,8787,0.0,0.9999999999999998,0.0
1648,8788,0.0,0.9999999999999998,0.0
1648,8789,0.0,0.9999999999999998,0.0
1648,8790,0.0,0.9999999999999998,0.0
1648,8791,0.0,0.9999999999999998,0.0
1648,8792,0.0,0.9999999999999998,0.0
1648,8793,0.0,0.9999999999999998,0.0
1648,8794,0.0,0.9999999999999998,0.0
1648,8795,0.0,0.9999999999999998,0.0
1648,8796,0.0,0.9999999999999998,0.0
1648,8797,0.0,0.9999999999999998,0.0
1648,8798,0.0,0.9999999999999998,0.0
1648,8799,0.0,0.9999999999999998,0.0
1648,8800,0.0,0.9999999999999998,0.0
1648,8801,0.0,0.9999999999999998,0.0
1648,8802,0.0,0.9999999999999998,0.0
1648,8803,0.0,0.9999999999999998,0.0
1648,8804,0.0,0.9999999999999998,0.0
1648,8805,0.0,0.9999999999999998,0.0
1648,8806,0.0,0.9999999999999998,0.0
1648,8807,0.0,0.9999999999999998,0.0
1648,8808,0.0,0.9999999999999998,0.0
1648,8809,0.0,0.9999999999999998,0.0
1648,8810,0.0,0.9999999999999998,0.0
1648,8811,0.0,0.9999999999999998,0.0
1648,8812,0.0,0.9999999999999998,0.0
1648,8813,0.0,0.9999999999999998,0.0
1648,8814,0.0,0.9999999999999998,0.0
1648,8815,0.0,0.9999999999999998,0.0
1648,8816,0.0,0.9999999999999998,0.0
1648,8817,0.0,0.9999999999999998,0.0
1648,8818,0.0,0.9999999999999998,0.0
1648,8819,0.0,0.9999999999999998,0.0
1648,8820,0.0,0.9999999999999998,0.0
1648,8821,0.0,0.9999999999999998,0.0
1648,8822,0.0,0.9999999999999998,0.0
1648,8823,0.0,0.9999999999999998,0.0
1648,8824,0.0,0.9999999999999998,0.0
1648,8825,0.0,0.9999999999999998,0.0
1648,8826,0.0,0.9999999999999998,0.0
1648,8827,0.0,0.9999999999999998,0.0
1648,8828,0.0,0.9999999999999998,0.0
1648,8829,0.0,0.9999999999999998,0.0
1648,8830,0.0,0.9999999999999998,0.0
1648,8831,0.0,0.9999999999999998,0.0
1648,8832,0.0,0.9999999999999998,0.0
1648,8833,0.0,0.9999999999999998,0.0
1648,8834,0.0,0.9999999999999998,0.0
1648,8835,0.0,0.9999999999999998,0.0
1648,8836,0.0,0.9999999999999998,0.0
1648,8837,0.0,0.9999999999999998,0.0
1648,8838,0.0,0.9999999999999998,0.0
1648,8839,0.0,0.9999999999999998,0.0
1648,8840,0.0,0.9999999999999998,0.0
1648,8841,0.0,0.9999999999999998,0.0
1648,8842,0.0,0.9999999999999998,0.0
1648,8843,0.0,0.9999999999999998,0.0
1648,8844,0.0,0.9999999999999998,0.0
1648,8845,0.0,0.9999999999999998,0.0
1648,8846,0.0,0.9999999999999998,0.0
1648,8847,0.0,0.9999999999999998,0.0
1648,8848,0.0,0.9999999999999998,0.0
1648,8849,0.0,0.9999999999999998,0.0
1648,8850,0.0,0.9999999999999998,0.0
1648,8851,0.0,0.9999999999999998,0.0
1648,8852,0.0,0.9999999999999998,0.0
1648,8853,0.0,0.9999999999999998,0.0
1648,8854,0.0,0.9999999999999998,0.0
1648,8855,0.0,0.9999999999999998,0.0
1648,8856,0.0,0.9999999999999998,0.0
1648,8857,0.0,0.9999999999999998,0.0
1648,8858,0.0,0.9999999999999998,0.0
1648,8859,0.0,0.9999999999999998,0.0
1648,8860,0.0,0.9999999999999998,0.0
1648,8861,0.0,0.9999999999999998,0.0
1648,8862,0.0,0.9999999999999998,0.0
1648,8863,0.0,0.9999999999999998,0.0
1648,8864,0.0,0.9999999999999998,0.0
1648,8865,0.0,0.9999999999999998,0.0
1648,8866,0.0,0.9999999999999998,0.0
1648,8867,0.0,0.9999999999999998,0.0
1648,8868,0.0,0.9999999999999998,0.0
1648,8869,0.0,0.9999999999999998,0.0
1648,8870,0.0,0.9999999999999998,0.0
1648,8871,0.0,0.9999999999999998,0.0
1648,8872,0.0,0.9999999999999998,0.0
1648,8873,0.0,0.9999999999999998,0.0
1648,8874,0.0,0.9999999999999998,0.0
1648,8875,0.0,0.9999999999999998,0.0
1648,8876,0.0,0.9999999999999998,0.0
1648,8877,0.0,0.9999999999999998,0.0
1648,8878,0.0,0.9999999999999998,0.0
1648,8879,0.0,0.9999999999999998,0.0
1648,8880,0.0,0.9999999999999998,0.0
1648,8881,0.0,0.9999999999999998,0.0
1648,8882,0.0,0.9999999999999998,0.0
1648,8883,0.0,0.9999999999999998,0.0
1648,8884,0.0,0.9999999999999998,0.0
1648,8885,0.0,0.9999999999999998,0.0
1648,8886,0.0,0.9999999999999998,0.0
1648,8887,0.0,0.9999999999999998,0.0
1648,8888,0.0,0.9999999999999998,0.0
1648,8889,0.0,0.9999999999999998,0.0
1648,8890,0.0,0.9999999999999998,0.0
1648,8891,0.0,0.9999999999999998,0.0
1648,8892,0.0,0.9999999999999998,0.0
1648,8893,0.0,0.9999999999999998,0.0
1648,8894,0.0,0.9999999999999998,0.0
1648,8895,0.0,0.9999999999999998,0.0
1648,8896,0.0,0.9999999999999998,0.0
1648,8897,0.0,0.9999999999999998,0.0
1648,8898,0.0,0.9999999999999998,0.0
1648,8899,0.0,0.9999999999999998,0.0
1648,8900,0.0,0.9999999999999998,0.0
1648,8901,0.0,0.9999999999999998,0.0
1648,8902,0.0,0.9999999999999998,0.0
1648,8903,0.0,0.9999999999999998,0.0
1648,8904,0.0,0.9999999999999998,0.0
1648,8905,0.0,0.9999999999999998,0.0
1648,8906,0.0,0.9999999999999998,0.0
1648,8907,0.0,0.9999999999999998,0.0
1648,8908,0.0,0.9999999999999998,0.0
1648,8909,0.0,0.9999999999999998,0.0
1648,8910,0.0,0.9999999999999998,0.0
1648,8911,0.0,0.9999999999999998,0.0
1648,8912,0.0,0.9999999999999998,0.0
1648,8913,0.0,0.9999999999999998,0.0
1648,8914,0.0,0.9999999999999998,0.0
1648,8915,0.0,0.9999999999999998,0.0
1648,8916,0.0,0.9999999999999998,0.0
1648,8917,0.0,0.9999999999999998,0.0
1648,8918,0.0,0.9999999999999998,0.0
1648,8919,0.0,0.9999999999999998,0.0
1648,8920,0.0,0.9999999999999998,0.0
1648,8921,0.0,0.9999999999999998,0.0
1648,8922,0.0,0.9999999999999998,0.0
1648,8923,0.0,0.9999999999999998,0.0
1648,8924,0.0,0.9999999999999998,0.0
1648,8925,0.0,0.9999999999999998,0.0
1648,8926,0.0,0.9999999999999998,0.0
1648,8927,0.0,0.9999999999999998,0.0
1648,8928,0.0,0.9999999999999998,0.0
1648,8929,0.0,0.9999999999999998,0.0
1648,8930,0.0,0.9999999999999998,0.0
1648,8931,0.0,0.9999999999999998,0.0
1648,8932,0.0,0.9999999999999998,0.0
1648,8933,0.0,0.9999999999999998,0.0
1648,8934,0.0,0.9999999999999998,0.0
1648,8935,0.0,0.9999999999999998,0.0
1648,8936,0.0,0.9999999999999998,0.0
1648,8937,0.0,0.9999999999999998,0.0
1648,8938,0.0,0.9999999999999998,0.0
1648,8939,0.0,0.9999999999999998,0.0
1648,8940,0.0,0.9999999999999998,0.0
1648,8941,0.0,0.9999999999999998,0.0
1648,8942,0.0,0.9999999999999998,0.0
1648,8943,0.0,0.9999999999999998,0.0
1648,8944,0.0,0.9999999999999998,0.0
1648,8945,0.0,0.9999999999999998,0.0
1648,8946,0.0,0.9999999999999998,0.0
1648,8947,0.0,0.9999999999999998,0.0
1648,8948,0.0,0.9999999999999998,0.0
1648,8949,0.0,0.9999999999999998,0.0
1648,8950,0.0,0.9999999999999998,0.0
1648,8951,0.0,0.9999999999999998,0.0
1648,8952,0.0,0.9999999999999998,0.0
1648,8953,0.0,0.9999999999999998,0.0
1648,8954,0.0,0.9999999999999998,0.0
1648,8955,0.0,0.9999999999999998,0.0
1648,8956,0.0,0.9999999999999998,0.0
1648,8957,0.0,0.9999999999999998,0.0
1648,8958,0.0,0.9999999999999998,0.0
1648,8959,0.0,0.9999999999999998,0.0
1648,8960,0.0,0.9999999999999998,0.0
1648,8961,0.0,0.9999999999999998,0.0
1648,8962,0.0,0.9999999999999998,0.0
1648,8963,0.0,0.9999999999999998,0.0
1648,8964,0.0,0.9999999999999998,0.0
1648,8965,0.0,0.9999999999999998,0.0
1648,8966,0.0,0.9999999999999998,0.0
1648,8967,0.0,0.9999999999999998,0.0
1648,8968,0.0,0.9999999999999998,0.0
1648,8969,0.0,0.9999999999999998,0.0
1648,8970,0.0,0.9999999999999998,0.0
1648,8971,0.0,0.9999999999999998,0.0
1648,8972,0.0,0.9999999999999998,0.0
1648,8973,0.0,0.9999999999999998,0.0
1648,8974,0.0,0.9999999999999998,0.0
1648,8975,0.0,0.9999999999999998,0.0
1648,8976,0.0,0.9999999999999998,0.0
1648,8977,0.0,0.9999999999999998,0.0
1648,8978,0.0,0.9999999999999998,0.0
1648,8979,0.0,0.9999999999999998,0.0
1648,8980,0.0,0.9999999999999998,0.0
1648,8981,0.0,0.9999999999999998,0.0
1648,8982,0.0,0.9999999999999998,0.0
1648,8983,0.0,0.9999999999999998,0.0
1648,8984,0.0,0.9999999999999998,0.0
1648,8985,0.0,0.9999999999999998,0.0
1648,8986,0.0,0.9999999999999998,0.0
1648,8987,0.0,0.9999999999999998,0.0
1648,8988,0.0,0.9999999999999998,0.0
1648,8989,0.0,0.9999999999999998,0.0
1648,8990,0.0,0.9999999999999998,0.0
1648,8991,0.0,0.9999999999999998,0.0
1648,8992,0.0,0.9999999999999998,0.0
1648,8993,0.0,0.9999999999999998,0.0
1648,8994,0.0,0.9999999999999998,0.0
1648,8995,0.0,0.9999999999999998,0.0
1648,8996,0.0,0.9999999999999998,0.0
1648,8997,0.0,0.9999999999999998,0.0
1648,8998,0.0,0.9999999999999998,0.0
1648,8999,0.0,0.9999999999999998,0.0
1648,9000,0.0,0.9999999999999998,0.0
1648,9001,0.0,0.9999999999999998,0.0
1648,9002,0.0,0.9999999999999998,0.0
1648,9003,0.0,0.9999999999999998,0.0
1648,9004,0.0,0.9999999999999998,0.0
1648,9005,0.0,0.9999999999999998,0.0
1648,9006,0.0,0.9999999999999998,0.0
1648,9007,0.0,0.9999999999999998,0.0
1648,9008,0.0,0.9999999999999998,0.0
1648,9009,0.0,0.9999999999999998,0.0
1648,9010,0.0,0.9999999999999998,0.0
1648,9011,0.0,0.9999999999999998,0.0
1648,9012,0.0,0.9999999999999998,0.0
1648,9013,0.0,0.9999999999999998,0.0
1648,9014,0.0,0.9999999999999998,0.0
1648,9015,0.0,0.9999999999999998,0.0
1648,9016,0.0,0.9999999999999998,0.0
1648,9017,0.0,0.9999999999999998,0.0
1648,9018,0.0,0.9999999999999998,0.0
1648,9019,0.0,0.9999999999999998,0.0
1648,9020,0.0,0.9999999999999998,0.0
1648,9021,0.0,0.9999999999999998,0.0
1648,9022,0.0,0.9999999999999998,0.0
1648,9023,0.0,0.9999999999999998,0.0
1648,9024,0.0,0.9999999999999998,0.0
1648,9025,0.0,0.9999999999999998,0.0
1648,9026,0.0,0.9999999999999998,0.0
1648,9027,0.0,0.9999999999999998,0.0
1648,9028,0.0,0.9999999999999998,0.0
1648,9029,0.0,0.9999999999999998,0.0
1648,9030,0.0,0.9999999999999998,0.0
1648,9031,0.0,0.9999999999999998,0.0
1648,9032,0.0,0.9999999999999998,0.0
1648,9033,0.0,0.9999999999999998,0.0
1648,9034,0.0,0.9999999999999998,0.0
1648,9035,0.0,0.9999999999999998,0.0
1648,9036,0.0,0.9999999999999998,0.0
1648,9037,0.0,0.9999999999999998,0.0
1648,9038,0.0,0.9999999999999998,0.0
1648,9039,0.0,0.9999999999999998,0.0
1648,9040,0.0,0.9999999999999998,0.0
1648,9041,0.0,0.9999999999999998,0.0
1648,9042,0.0,0.9999999999999998,0.0
1648,9043,0.0,0.9999999999999998,0.0
1648,9044,0.0,0.9999999999999998,0.0
1648,9045,0.0,0.9999999999999998,0.0
1648,9046,0.0,0.9999999999999998,0.0
1648,9047,0.0,0.9999999999999998,0.0
1648,9048,0.0,0.9999999999999998,0.0
1648,9049,0.0,0.9999999999999998,0.0
1648,9050,0.0,0.9999999999999998,0.0
1648,9051,0.0,0.9999999999999998,0.0
1648,9052,0.0,0.9999999999999998,0.0
1648,9053,0.0,0.9999999999999998,0.0
1648,9054,0.0,0.9999999999999998,0.0
1648,9055,0.0,0.9999999999999998,0.0
1648,9056,0.0,0.9999999999999998,0.0
1648,9057,0.0,0.9999999999999998,0.0
1648,9058,0.0,0.9999999999999998,0.0
1648,9059,0.0,0.9999999999999998,0.0
1648,9060,0.0,0.9999999999999998,0.0
1648,9061,0.0,0.9999999999999998,0.0
1648,9062,0.0,0.9999999999999998,0.0
1648,9063,0.0,0.9999999999999998,0.0
1648,9064,0.0,0.9999999999999998,0.0
1648,9065,0.0,0.9999999999999998,0.0
1648,9066,0.0,0.9999999999999998,0.0
1648,9067,0.0,0.9999999999999998,0.0
1648,9068,0.0,0.9999999999999998,0.0
1648,9069,0.0,0.9999999999999998,0.0
1648,9070,0.0,0.9999999999999998,0.0
1648,9071,0.0,0.9999999999999998,0.0
1648,9072,0.0,0.9999999999999998,0.0
1648,9073,0.0,0.9999999999999998,0.0
1648,9074,0.0,0.9999999999999998,0.0
1648,9075,0.0,0.9999999999999998,0.0
1648,9076,0.0,0.9999999999999998,0.0
1648,9077,0.0,0.9999999999999998,0.0
1648,9078,0.0,0.9999999999999998,0.0
1648,9079,0.0,0.9999999999999998,0.0
1648,9080,0.0,0.9999999999999998,0.0
1648,9081,0.0,0.9999999999999998,0.0
1648,9082,0.0,0.9999999999999998,0.0
1648,9083,0.0,0.9999999999999998,0.0
1648,9084,0.0,0.9999999999999998,0.0
1648,9085,0.0,0.9999999999999998,0.0
1648,9086,0.0,0.9999999999999998,0.0
1648,9087,0.0,0.9999999999999998,0.0
1648,9088,0.0,0.9999999999999998,0.0
1648,9089,0.0,0.9999999999999998,0.0
1648,9090,0.0,0.9999999999999998,0.0
1648,9091,0.0,0.9999999999999998,0.0
1648,9092,0.0,0.9999999999999998,0.0
1648,9093,0.0,0.9999999999999998,0.0
1648,9094,0.0,0.9999999999999998,0.0
1648,9095,0.0,0.9999999999999998,0.0
1648,9096,0.0,0.9999999999999998,0.0
1648,9097,0.0,0.9999999999999998,0.0
1648,9098,0.0,0.9999999999999998,0.0
1648,9099,0.0,0.9999999999999998,0.0
1648,9100,0.0,0.9999999999999998,0.0
1648,9101,0.0,0.9999999999999998,0.0
1648,9102,0.0,0.9999999999999998,0.0
1648,9103,0.0,0.9999999999999998,0.0
1648,9104,0.0,0.9999999999999998,0.0
1648,9105,0.0,0.9999999999999998,0.0
1648,9106,0.0,0.9999999999999998,0.0
1648,9107,0.0,0.9999999999999998,0.0
1648,9108,0.0,0.9999999999999998,0.0
1648,9109,0.0,0.9999999999999998,0.0
1648,9110,0.0,0.9999999999999998,0.0
1648,9111,0.0,0.9999999999999998,0.0
1648,9112,0.0,0.9999999999999998,0.0
1648,9113,0.0,0.9999999999999998,0.0
1648,9114,0.0,0.9999999999999998,0.0
1648,9115,0.0,0.9999999999999998,0.0
1648,9116,0.0,0.9999999999999998,0.0
1648,9117,0.0,0.9999999999999998,0.0
1648,9118,0.0,0.9999999999999998,0.0
1648,9119,0.0,0.9999999999999998,0.0
1648,9120,0.0,0.9999999999999998,0.0
1648,9121,0.0,0.9999999999999998,0.0
1648,9122,0.0,0.9999999999999998,0.0
1648,9123,0.0,0.9999999999999998,0.0
1648,9124,0.0,0.9999999999999998,0.0
1648,9125,0.0,0.9999999999999998,0.0
1648,9126,0.0,0.9999999999999998,0.0
1648,9127,0.0,0.9999999999999998,0.0
1648,9128,0.0,0.9999999999999998,0.0
1648,9129,0.0,0.9999999999999998,0.0
1648,9130,0.0,0.9999999999999998,0.0
1648,9131,0.0,0.9999999999999998,0.0
1648,9132,0.0,0.9999999999999998,0.0
1648,9133,0.0,0.9999999999999998,0.0
1648,9134,0.0,0.9999999999999998,0.0
1648,9135,0.0,0.9999999999999998,0.0
1648,9136,0.0,0.9999999999999998,0.0
1648,9137,0.0,0.9999999999999998,0.0
1648,9138,0.0,0.9999999999999998,0.0
1648,9139,0.0,0.9999999999999998,0.0
1648,9140,0.0,0.9999999999999998,0.0
1648,9141,0.0,0.9999999999999998,0.0
1648,9142,0.0,0.9999999999999998,0.0
1648,9143,0.0,0.9999999999999998,0.0
1648,9144,0.0,0.9999999999999998,0.0
1648,9145,0.0,0.9999999999999998,0.0
1648,9146,0.0,0.9999999999999998,0.0
1648,9147,0.0,0.9999999999999998,0.0
1648,9148,0.0,0.9999999999999998,0.0
1648,9149,0.0,0.9999999999999998,0.0
1648,9150,0.0,0.9999999999999998,0.0
1648,9151,0.0,0.9999999999999998,0.0
1648,9152,0.0,0.9999999999999998,0.0
1648,9153,0.0,0.9999999999999998,0.0
1648,9154,0.0,0.9999999999999998,0.0
1648,9155,0.0,0.9999999999999998,0.0
1648,9156,0.0,0.9999999999999998,0.0
1648,9157,0.0,0.9999999999999998,0.0
1648,9158,0.0,0.9999999999999998,0.0
1648,9159,0.0,0.9999999999999998,0.0
1648,9160,0.0,0.9999999999999998,0.0
1648,9161,0.0,0.9999999999999998,0.0
1648,9162,0.0,0.9999999999999998,0.0
1648,9163,0.0,0.9999999999999998,0.0
1648,9164,0.0,0.9999999999999998,0.0
1648,9165,0.0,0.9999999999999998,0.0
1648,9166,0.0,0.9999999999999998,0.0
1648,9167,0.0,0.9999999999999998,0.0
1648,9168,0.0,0.9999999999999998,0.0
1648,9169,0.0,0.9999999999999998,0.0
1648,9170,0.0,0.9999999999999998,0.0
1648,9171,0.0,0.9999999999999998,0.0
1648,9172,0.0,0.9999999999999998,0.0
1648,9173,0.0,0.9999999999999998,0.0
1648,9174,0.0,0.9999999999999998,0.0
1648,9175,0.0,0.9999999999999998,0.0
1648,9176,0.0,0.9999999999999998,0.0
1648,9177,0.0,0.9999999999999998,0.0
1648,9178,0.0,0.9999999999999998,0.0
1648,9179,0.0,0.9999999999999998,0.0
1648,9180,0.0,0.9999999999999998,0.0
1648,9181,0.0,0.9999999999999998,0.0
1648,9182,0.0,0.9999999999999998,0.0
1648,9183,0.0,0.9999999999999998,0.0
1648,9184,0.0,0.9999999999999998,0.0
1648,9185,0.0,0.9999999999999998,0.0
1648,9186,0.0,0.9999999999999998,0.0
1648,9187,0.0,0.9999999999999998,0.0
1648,9188,0.0,0.9999999999999998,0.0
1648,9189,0.0,0.9999999999999998,0.0
1648,9190,0.0,0.9999999999999998,0.0
1648,9191,0.0,0.9999999999999998,0.0
1648,9192,0.0,0.9999999999999998,0.0
1648,9193,0.0,0.9999999999999998,0.0
1648,9194,0.0,0.9999999999999998,0.0
1648,9195,0.0,0.9999999999999998,0.0
1648,9196,0.0,0.9999999999999998,0.0
1648,9197,0.0,0.9999999999999998,0.0
1648,9198,0.0,0.9999999999999998,0.0
1648,9199,0.0,0.9999999999999998,0.0
1648,9200,0.0,0.9999999999999998,0.0
1648,9201,0.0,0.9999999999999998,0.0
1648,9202,0.0,0.9999999999999998,0.0
1648,9203,0.0,0.9999999999999998,0.0
1648,9204,0.0,0.9999999999999998,0.0
1648,9205,0.0,0.9999999999999998,0.0
1648,9206,0.0,0.9999999999999998,0.0
1648,9207,0.0,0.9999999999999998,0.0
1648,9208,0.0,0.9999999999999998,0.0
1648,9209,0.0,0.9999999999999998,0.0
1648,9210,0.0,0.9999999999999998,0.0
1648,9211,0.0,0.9999999999999998,0.0
1648,9212,0.0,0.9999999999999998,0.0
1648,9213,0.0,0.9999999999999998,0.0
1648,9214,0.0,0.9999999999999998,0.0
1648,9215,0.0,0.9999999999999998,0.0
1648,9216,0.0,0.9999999999999998,0.0
1648,9217,0.0,0.9999999999999998,0.0
1648,9218,0.0,0.9999999999999998,0.0
1648,9219,0.0,0.9999999999999998,0.0
1648,9220,0.0,0.9999999999999998,0.0
1648,9221,0.0,0.9999999999999998,0.0
1648,9222,0.0,0.9999999999999998,0.0
1648,9223,0.0,0.9999999999999998,0.0
1648,9224,0.0,0.9999999999999998,0.0
1648,9225,0.0,0.9999999999999998,0.0
1648,9226,0.0,0.9999999999999998,0.0
1648,9227,0.0,0.9999999999999998,0.0
1648,9228,0.0,0.9999999999999998,0.0
1648,9229,0.0,0.9999999999999998,0.0
1648,9230,0.0,0.9999999999999998,0.0
1648,9231,0.0,0.9999999999999998,0.0
1648,9232,0.0,0.9999999999999998,0.0
1648,9233,0.0,0.9999999999999998,0.0
1648,9234,0.0,0.9999999999999998,0.0
1648,9235,0.0,0.9999999999999998,0.0
1648,9236,0.0,0.9999999999999998,0.0
1648,9237,0.0,0.9999999999999998,0.0
1648,9238,0.0,0.9999999999999998,0.0
1648,9239,0.0,0.9999999999999998,0.0
1648,9240,0.0,0.9999999999999998,0.0
1648,9241,0.0,0.9999999999999998,0.0
1648,9242,0.0,0.9999999999999998,0.0
1648,9243,0.0,0.9999999999999998,0.0
1648,9244,0.0,0.9999999999999998,0.0
1648,9245,0.0,0.9999999999999998,0.0
1648,9246,0.0,0.9999999999999998,0.0
1648,9247,0.0,0.9999999999999998,0.0
1648,9248,0.0,0.9999999999999998,0.0
1648,9249,0.0,0.9999999999999998,0.0
1648,9250,0.0,0.9999999999999998,0.0
1648,9251,0.0,0.9999999999999998,0.0
1648,9252,0.0,0.9999999999999998,0.0
1648,9253,0.0,0.9999999999999998,0.0
1648,9254,0.0,0.9999999999999998,0.0
1648,9255,0.0,0.9999999999999998,0.0
1648,9256,0.0,0.9999999999999998,0.0
1648,9257,0.0,0.9999999999999998,0.0
1648,9258,0.0,0.9999999999999998,0.0
1648,9259,0.0,0.9999999999999998,0.0
1648,9260,0.0,0.9999999999999998,0.0
1648,9261,0.0,0.9999999999999998,0.0
1648,9262,0.0,0.9999999999999998,0.0
1648,9263,0.0,0.9999999999999998,0.0
1648,9264,0.0,0.9999999999999998,0.0
1648,9265,0.0,0.9999999999999998,0.0
1648,9266,0.0,0.9999999999999998,0.0
1648,9267,0.0,0.9999999999999998,0.0
1648,9268,0.0,0.9999999999999998,0.0
1648,9269,0.0,0.9999999999999998,0.0
1648,9270,0.0,0.9999999999999998,0.0
1648,9271,0.0,0.9999999999999998,0.0
1648,9272,0.0,0.9999999999999998,0.0
1648,9273,0.0,0.9999999999999998,0.0
1648,9274,0.0,0.9999999999999998,0.0
1648,9275,0.0,0.9999999999999998,0.0
1648,9276,0.0,0.9999999999999998,0.0
1648,9277,0.0,0.9999999999999998,0.0
1648,9278,0.0,0.9999999999999998,0.0
1648,9279,0.0,0.9999999999999998,0.0
1648,9280,0.0,0.9999999999999998,0.0
1648,9281,0.0,0.9999999999999998,0.0
1648,9282,0.0,0.9999999999999998,0.0
1648,9283,0.0,0.9999999999999998,0.0
1648,9284,0.0,0.9999999999999998,0.0
1648,9285,0.0,0.9999999999999998,0.0
1648,9286,0.0,0.9999999999999998,0.0
1648,9287,0.0,0.9999999999999998,0.0
1648,9288,0.0,0.9999999999999998,0.0
1648,9289,0.0,0.9999999999999998,0.0
1648,9290,0.0,0.9999999999999998,0.0
1648,9291,0.0,0.9999999999999998,0.0
1648,9292,0.0,0.9999999999999998,0.0
1648,9293,0.0,0.9999999999999998,0.0
1648,9294,0.0,0.9999999999999998,0.0
1648,9295,0.0,0.9999999999999998,0.0
1648,9296,0.0,0.9999999999999998,0.0
1648,9297,0.0,0.9999999999999998,0.0
1648,9298,0.0,0.9999999999999998,0.0
1648,9299,0.0,0.9999999999999998,0.0
1648,9300,0.0,0.9999999999999998,0.0
1648,9301,0.0,0.9999999999999998,0.0
1648,9302,0.0,0.9999999999999998,0.0
1648,9303,0.0,0.9999999999999998,0.0
1648,9304,0.0,0.9999999999999998,0.0
1648,9305,0.0,0.9999999999999998,0.0
1648,9306,0.0,0.9999999999999998,0.0
1648,9307,0.0,0.9999999999999998,0.0
1648,9308,0.0,0.9999999999999998,0.0
1648,9309,0.0,0.9999999999999998,0.0
1648,9310,0.0,0.9999999999999998,0.0
1648,9311,0.0,0.9999999999999998,0.0
1648,9312,0.0,0.9999999999999998,0.0
1648,9313,0.0,0.9999999999999998,0.0
1648,9314,0.0,0.9999999999999998,0.0
1648,9315,0.0,0.9999999999999998,0.0
1648,9316,0.0,0.9999999999999998,0.0
1648,9317,0.0,0.9999999999999998,0.0
1648,9318,0.0,0.9999999999999998,0.0
1648,9319,0.0,0.9999999999999998,0.0
1648,9320,0.0,0.9999999999999998,0.0
1648,9321,0.0,0.9999999999999998,0.0
1648,9322,0.0,0.9999999999999998,0.0
1648,9323,0.0,0.9999999999999998,0.0
1648,9324,0.0,0.9999999999999998,0.0
1648,9325,0.0,0.9999999999999998,0.0
1648,9326,0.0,0.9999999999999998,0.0
1648,9327,0.0,0.9999999999999998,0.0
1648,9328,0.0,0.9999999999999998,0.0
1648,9329,0.0,0.9999999999999998,0.0
1648,9330,0.0,0.9999999999999998,0.0
1648,9331,0.0,0.9999999999999998,0.0
1648,9332,0.0,0.9999999999999998,0.0
1648,9333,0.0,0.9999999999999998,0.0
1648,9334,0.0,0.9999999999999998,0.0
1648,9335,0.0,0.9999999999999998,0.0
1648,9336,0.0,0.9999999999999998,0.0
1648,9337,0.0,0.9999999999999998,0.0
1648,9338,0.0,0.9999999999999998,0.0
1648,9339,0.0,0.9999999999999998,0.0
1648,9340,0.0,0.9999999999999998,0.0
1648,9341,0.0,0.9999999999999998,0.0
1648,9342,0.0,0.9999999999999998,0.0
1648,9343,0.0,0.9999999999999998,0.0
1648,9344,0.0,0.9999999999999998,0.0
1648,9345,0.0,0.9999999999999998,0.0
1648,9346,0.0,0.9999999999999998,0.0
1648,9347,0.0,0.9999999999999998,0.0
1648,9348,0.0,0.9999999999999998,0.0
1648,9349,0.0,0.9999999999999998,0.0
1648,9350,0.0,0.9999999999999998,0.0
1648,9351,0.0,0.9999999999999998,0.0
1648,9352,0.0,0.9999999999999998,0.0
1648,9353,0.0,0.9999999999999998,0.0
1648,9354,0.0,0.9999999999999998,0.0
1648,9355,0.0,0.9999999999999998,0.0
1648,9356,0.0,0.9999999999999998,0.0
1648,9357,0.0,0.9999999999999998,0.0
1648,9358,0.0,0.9999999999999998,0.0
1648,9359,0.0,0.9999999999999998,0.0
1648,9360,0.0,0.9999999999999998,0.0
1648,9361,0.0,0.9999999999999998,0.0
1648,9362,0.0,0.9999999999999998,0.0
1648,9363,0.0,0.9999999999999998,0.0
1648,9364,0.0,0.9999999999999998,0.0
1648,9365,0.0,0.9999999999999998,0.0
1648,9366,0.0,0.9999999999999998,0.0
1648,9367,0.0,0.9999999999999998,0.0
1648,9368,0.0,0.9999999999999998,0.0
1648,9369,0.0,0.9999999999999998,0.0
1648,9370,0.0,0.9999999999999998,0.0
1648,9371,0.0,0.9999999999999998,0.0
1648,9372,0.0,0.9999999999999998,0.0
1648,9373,0.0,0.9999999999999998,0.0
1648,9374,0.0,0.9999999999999998,0.0
1648,9375,0.0,0.9999999999999998,0.0
1648,9376,0.0,0.9999999999999998,0.0
1648,9377,0.0,0.9999999999999998,0.0
1648,9378,0.0,0.9999999999999998,0.0
1648,9379,0.0,0.9999999999999998,0.0
1648,9380,0.0,0.9999999999999998,0.0
1648,9381,0.0,0.9999999999999998,0.0
1648,9382,0.0,0.9999999999999998,0.0
1648,9383,0.0,0.9999999999999998,0.0
1648,9384,0.0,0.9999999999999998,0.0
1648,9385,0.0,0.9999999999999998,0.0
1648,9386,0.0,0.9999999999999998,0.0
1648,9387,0.0,0.9999999999999998,0.0
1648,9388,0.0,0.9999999999999998,0.0
1648,9389,0.0,0.9999999999999998,0.0
1648,9390,0.0,0.9999999999999998,0.0
1648,9391,0.0,0.9999999999999998,0.0
1648,9392,0.0,0.9999999999999998,0.0
1648,9393,0.0,0.9999999999999998,0.0
1648,9394,0.0,0.9999999999999998,0.0
1648,9395,0.0,0.9999999999999998,0.0
1648,9396,0.0,0.9999999999999998,0.0
1648,9397,0.0,0.9999999999999998,0.0
1648,9398,0.0,0.9999999999999998,0.0
1648,9399,0.0,0.9999999999999998,0.0
1648,9400,0.0,0.9999999999999998,0.0
1648,9401,0.0,0.9999999999999998,0.0
1648,9402,0.0,0.9999999999999998,0.0
1648,9403,0.0,0.9999999999999998,0.0
1648,9404,0.0,0.9999999999999998,0.0
1648,9405,0.0,0.9999999999999998,0.0
1648,9406,0.0,0.9999999999999998,0.0
1648,9407,0.0,0.9999999999999998,0.0
1648,9408,0.0,0.9999999999999998,0.0
1648,9409,0.0,0.9999999999999998,0.0
1648,9410,0.0,0.9999999999999998,0.0
1648,9411,0.0,0.9999999999999998,0.0
1648,9412,0.0,0.9999999999999998,0.0
1648,9413,0.0,0.9999999999999998,0.0
1648,9414,0.0,0.9999999999999998,0.0
1648,9415,0.0,0.9999999999999998,0.0
1648,9416,0.0,0.9999999999999998,0.0
1648,9417,0.0,0.9999999999999998,0.0
1648,9418,0.0,0.9999999999999998,0.0
1648,9419,0.0,0.9999999999999998,0.0
1648,9420,0.0,0.9999999999999998,0.0
1648,9421,0.0,0.9999999999999998,0.0
1648,9422,0.0,0.9999999999999998,0.0
1648,9423,0.0,0.9999999999999998,0.0
1648,9424,0.0,0.9999999999999998,0.0
1648,9425,0.0,0.9999999999999998,0.0
1648,9426,0.0,0.9999999999999998,0.0
1648,9427,0.0,0.9999999999999998,0.0
1648,9428,0.0,0.9999999999999998,0.0
1648,9429,0.0,0.9999999999999998,0.0
1648,9430,0.0,0.9999999999999998,0.0
1648,9431,0.0,0.9999999999999998,0.0
1648,9432,0.0,0.9999999999999998,0.0
1648,9433,0.0,0.9999999999999998,0.0
1648,9434,0.0,0.9999999999999998,0.0
1648,9435,0.0,0.9999999999999998,0.0
1648,9436,0.0,0.9999999999999998,0.0
1648,9437,0.0,0.9999999999999998,0.0
1648,9438,0.0,0.9999999999999998,0.0
1648,9439,0.0,0.9999999999999998,0.0
1648,9440,0.0,0.9999999999999998,0.0
1648,9441,0.0,0.9999999999999998,0.0
1648,9442,0.0,0.9999999999999998,0.0
1648,9443,0.0,0.9999999999999998,0.0
1648,9444,0.0,0.9999999999999998,0.0
1648,9445,0.0,0.9999999999999998,0.0
1648,9446,0.0,0.9999999999999998,0.0
1648,9447,0.0,0.9999999999999998,0.0
1648,9448,0.0,0.9999999999999998,0.0
1648,9449,0.0,0.9999999999999998,0.0
1648,9450,0.0,0.9999999999999998,0.0
1648,9451,0.0,0.9999999999999998,0.0
1648,9452,0.0,0.9999999999999998,0.0
1648,9453,0.0,0.9999999999999998,0.0
1648,9454,0.0,0.9999999999999998,0.0
1648,9455,0.0,0.9999999999999998,0.0
1648,9456,0.0,0.9999999999999998,0.0
1648,9457,0.0,0.9999999999999998,0.0
1648,9458,0.0,0.9999999999999998,0.0
1648,9459,0.0,0.9999999999999998,0.0
1648,9460,0.0,0.9999999999999998,0.0
1648,9461,0.0,0.9999999999999998,0.0
1648,9462,0.0,0.9999999999999998,0.0
1648,9463,0.0,0.9999999999999998,0.0
1648,9464,0.0,0.9999999999999998,0.0
1648,9465,0.0,0.9999999999999998,0.0
1648,9466,0.0,0.9999999999999998,0.0
1648,9467,0.0,0.9999999999999998,0.0
1648,9468,0.0,0.9999999999999998,0.0
1648,9469,0.0,0.9999999999999998,0.0
1648,9470,0.0,0.9999999999999998,0.0
1648,9471,0.0,0.9999999999999998,0.0
1648,9472,0.0,0.9999999999999998,0.0
1648,9473,0.0,0.9999999999999998,0.0
1648,9474,0.0,0.9999999999999998,0.0
1648,9475,0.0,0.9999999999999998,0.0
1648,9476,0.0,0.9999999999999998,0.0
1648,9477,0.0,0.9999999999999998,0.0
1648,9478,0.0,0.9999999999999998,0.0
1648,9479,0.0,0.9999999999999998,0.0
1648,9480,0.0,0.9999999999999998,0.0
1648,9481,0.0,0.9999999999999998,0.0
1648,9482,0.0,0.9999999999999998,0.0
1648,9483,0.0,0.9999999999999998,0.0
1648,9484,0.0,0.9999999999999998,0.0
1648,9485,0.0,0.9999999999999998,0.0
1648,9486,0.0,0.9999999999999998,0.0
1648,9487,0.0,0.9999999999999998,0.0
1648,9488,0.0,0.9999999999999998,0.0
1648,9489,0.0,0.9999999999999998,0.0
1648,9490,0.0,0.9999999999999998,0.0
1648,9491,0.0,0.9999999999999998,0.0
1648,9492,0.0,0.9999999999999998,0.0
1648,9493,0.0,0.9999999999999998,0.0
1648,9494,0.0,0.9999999999999998,0.0
1648,9495,0.0,0.9999999999999998,0.0
1648,9496,0.0,0.9999999999999998,0.0
1648,9497,0.0,0.9999999999999998,0.0
1648,9498,0.0,0.9999999999999998,0.0
1648,9499,0.0,0.9999999999999998,0.0
1648,9500,0.0,0.9999999999999998,0.0
1648,9501,0.0,0.9999999999999998,0.0
1648,9502,0.0,0.9999999999999998,0.0
1648,9503,0.0,0.9999999999999998,0.0
1648,9504,0.0,0.9999999999999998,0.0
1648,9505,0.0,0.9999999999999998,0.0
1648,9506,0.0,0.9999999999999998,0.0
1648,9507,0.0,0.9999999999999998,0.0
1648,9508,0.0,0.9999999999999998,0.0
1648,9509,0.0,0.9999999999999998,0.0
1648,9510,0.0,0.9999999999999998,0.0
1648,9511,0.0,0.9999999999999998,0.0
1648,9512,0.0,0.9999999999999998,0.0
1648,9513,0.0,0.9999999999999998,0.0
1648,9514,0.0,0.9999999999999998,0.0
1648,9515,0.0,0.9999999999999998,0.0
1648,9516,0.0,0.9999999999999998,0.0
1648,9517,0.0,0.9999999999999998,0.0
1648,9518,0.0,0.9999999999999998,0.0
1648,9519,0.0,0.9999999999999998,0.0
1648,9520,0.0,0.9999999999999998,0.0
1648,9521,0.0,0.9999999999999998,0.0
1648,9522,0.0,0.9999999999999998,0.0
1648,9523,0.0,0.9999999999999998,0.0
1648,9524,0.0,0.9999999999999998,0.0
1648,9525,0.0,0.9999999999999998,0.0
1648,9526,0.0,0.9999999999999998,0.0
1648,9527,0.0,0.9999999999999998,0.0
1648,9528,0.0,0.9999999999999998,0.0
1648,9529,0.0,0.9999999999999998,0.0
1648,9530,0.0,0.9999999999999998,0.0
1648,9531,0.0,0.9999999999999998,0.0
1648,9532,0.0,0.9999999999999998,0.0
1648,9533,0.0,0.9999999999999998,0.0
1648,9534,0.0,0.9999999999999998,0.0
1648,9535,0.0,0.9999999999999998,0.0
1648,9536,0.0,0.9999999999999998,0.0
1648,9537,0.0,0.9999999999999998,0.0
1648,9538,0.0,0.9999999999999998,0.0
1648,9539,0.0,0.9999999999999998,0.0
1648,9540,0.0,0.9999999999999998,0.0
1648,9541,0.0,0.9999999999999998,0.0
1648,9542,0.0,0.9999999999999998,0.0
1648,9543,0.0,0.9999999999999998,0.0
1648,9544,0.0,0.9999999999999998,0.0
1648,9545,0.0,0.9999999999999998,0.0
1648,9546,0.0,0.9999999999999998,0.0
1648,9547,0.0,0.9999999999999998,0.0
1648,9548,0.0,0.9999999999999998,0.0
1648,9549,0.0,0.9999999999999998,0.0
1648,9550,0.0,0.9999999999999998,0.0
1648,9551,0.0,0.9999999999999998,0.0
1648,9552,0.0,0.9999999999999998,0.0
1648,9553,0.0,0.9999999999999998,0.0
1648,9554,0.0,0.9999999999999998,0.0
1648,9555,0.0,0.9999999999999998,0.0
1648,9556,0.0,0.9999999999999998,0.0
1648,9557,0.0,0.9999999999999998,0.0
1648,9558,0.0,0.9999999999999998,0.0
1648,9559,0.0,0.9999999999999998,0.0
1648,9560,0.0,0.9999999999999998,0.0
1648,9561,0.0,0.9999999999999998,0.0
1648,9562,0.0,0.9999999999999998,0.0
1648,9563,0.0,0.9999999999999998,0.0
1648,9564,0.0,0.9999999999999998,0.0
1648,9565,0.0,0.9999999999999998,0.0
1648,9566,0.0,0.9999999999999998,0.0
1648,9567,0.0,0.9999999999999998,0.0
1648,9568,0.0,0.9999999999999998,0.0
1648,9569,0.0,0.9999999999999998,0.0
1648,9570,0.0,0.9999999999999998,0.0
1648,9571,0.0,0.9999999999999998,0.0
1648,9572,0.0,0.9999999999999998,0.0
1648,9573,0.0,0.9999999999999998,0.0
1648,9574,0.0,0.9999999999999998,0.0
1648,9575,0.0,0.9999999999999998,0.0
1648,9576,0.0,0.9999999999999998,0.0
1648,9577,0.0,0.9999999999999998,0.0
1648,9578,0.0,0.9999999999999998,0.0
1648,9579,0.0,0.9999999999999998,0.0
1648,9580,0.0,0.9999999999999998,0.0
1648,9581,0.0,0.9999999999999998,0.0
1648,9582,0.0,0.9999999999999998,0.0
1648,9583,0.0,0.9999999999999998,0.0
1648,9584,0.0,0.9999999999999998,0.0
1648,9585,0.0,0.9999999999999998,0.0
1648,9586,0.0,0.9999999999999998,0.0
1648,9587,0.0,0.9999999999999998,0.0
1648,9588,0.0,0.9999999999999998,0.0
1648,9589,0.0,0.9999999999999998,0.0
1648,9590,0.0,0.9999999999999998,0.0
1648,9591,0.0,0.9999999999999998,0.0
1648,9592,0.0,0.9999999999999998,0.0
1648,9593,0.0,0.9999999999999998,0.0
1648,9594,0.0,0.9999999999999998,0.0
1648,9595,0.0,0.9999999999999998,0.0
1648,9596,0.0,0.9999999999999998,0.0
1648,9597,0.0,0.9999999999999998,0.0
1648,9598,0.0,0.9999999999999998,0.0
1648,9599,0.0,0.9999999999999998,0.0
1648,9600,0.0,0.9999999999999998,0.0
1648,9601,0.0,0.9999999999999998,0.0
1648,9602,0.0,0.9999999999999998,0.0
1648,9603,0.0,0.9999999999999998,0.0
1648,9604,0.0,0.9999999999999998,0.0
1648,9605,0.0,0.9999999999999998,0.0
1648,9606,0.0,0.9999999999999998,0.0
1648,9607,0.0,0.9999999999999998,0.0
1648,9608,0.0,0.9999999999999998,0.0
1648,9609,0.0,0.9999999999999998,0.0
1648,9610,0.0,0.9999999999999998,0.0
1648,9611,0.0,0.9999999999999998,0.0
1648,9612,0.0,0.9999999999999998,0.0
1648,9613,0.0,0.9999999999999998,0.0
1648,9614,0.0,0.9999999999999998,0.0
1648,9615,0.0,0.9999999999999998,0.0
1648,9616,0.0,0.9999999999999998,0.0
1648,9617,0.0,0.9999999999999998,0.0
1648,9618,0.0,0.9999999999999998,0.0
1648,9619,0.0,0.9999999999999998,0.0
1648,9620,0.0,0.9999999999999998,0.0
1648,9621,0.0,0.9999999999999998,0.0
1648,9622,0.0,0.9999999999999998,0.0
1648,9623,0.0,0.9999999999999998,0.0
1648,9624,0.0,0.9999999999999998,0.0
1648,9625,0.0,0.9999999999999998,0.0
1648,9626,0.0,0.9999999999999998,0.0
1648,9627,0.0,0.9999999999999998,0.0
1648,9628,0.0,0.9999999999999998,0.0
1648,9629,0.0,0.9999999999999998,0.0
1648,9630,0.0,0.9999999999999998,0.0
1648,9631,0.0,0.9999999999999998,0.0
1648,9632,0.0,0.9999999999999998,0.0
1648,9633,0.0,0.9999999999999998,0.0
1648,9634,0.0,0.9999999999999998,0.0
1648,9635,0.0,0.9999999999999998,0.0
1648,9636,0.0,0.9999999999999998,0.0
1648,9637,0.0,0.9999999999999998,0.0
1648,9638,0.0,0.9999999999999998,0.0
1648,9639,0.0,0.9999999999999998,0.0
1648,9640,0.0,0.9999999999999998,0.0
1648,9641,0.0,0.9999999999999998,0.0
1648,9642,0.0,0.9999999999999998,0.0
1648,9643,0.0,0.9999999999999998,0.0
1648,9644,0.0,0.9999999999999998,0.0
1648,9645,0.0,0.9999999999999998,0.0
1648,9646,0.0,0.9999999999999998,0.0
1648,9647,0.0,0.9999999999999998,0.0
1648,9648,0.0,0.9999999999999998,0.0
1648,9649,0.0,0.9999999999999998,0.0
1648,9650,0.0,0.9999999999999998,0.0
1648,9651,0.0,0.9999999999999998,0.0
1648,9652,0.0,0.9999999999999998,0.0
1648,9653,0.0,0.9999999999999998,0.0
1648,9654,0.0,0.9999999999999998,0.0
1648,9655,0.0,0.9999999999999998,0.0
1648,9656,0.0,0.9999999999999998,0.0
1648,9657,0.0,0.9999999999999998,0.0
1648,9658,0.0,0.9999999999999998,0.0
1648,9659,0.0,0.9999999999999998,0.0
1648,9660,0.0,0.9999999999999998,0.0
1648,9661,0.0,0.9999999999999998,0.0
1648,9662,0.0,0.9999999999999998,0.0
1648,9663,0.0,0.9999999999999998,0.0
1648,9664,0.0,0.9999999999999998,0.0
1648,9665,0.0,0.9999999999999998,0.0
1648,9666,0.0,0.9999999999999998,0.0
1648,9667,0.0,0.9999999999999998,0.0
1648,9668,0.0,0.9999999999999998,0.0
1648,9669,0.0,0.9999999999999998,0.0
1648,9670,0.0,0.9999999999999998,0.0
1648,9671,0.0,0.9999999999999998,0.0
1648,9672,0.0,0.9999999999999998,0.0
1648,9673,0.0,0.9999999999999998,0.0
1648,9674,0.0,0.9999999999999998,0.0
1648,9675,0.0,0.9999999999999998,0.0
1648,9676,0.0,0.9999999999999998,0.0
1648,9677,0.0,0.9999999999999998,0.0
1648,9678,0.0,0.9999999999999998,0.0
1648,9679,0.0,0.9999999999999998,0.0
1648,9680,0.0,0.9999999999999998,0.0
1648,9681,0.0,0.9999999999999998,0.0
1648,9682,0.0,0.9999999999999998,0.0
1648,9683,0.0,0.9999999999999998,0.0
1648,9684,0.0,0.9999999999999998,0.0
1648,9685,0.0,0.9999999999999998,0.0
1648,9686,0.0,0.9999999999999998,0.0
1648,9687,0.0,0.9999999999999998,0.0
1648,9688,0.0,0.9999999999999998,0.0
1648,9689,0.0,0.9999999999999998,0.0
1648,9690,0.0,0.9999999999999998,0.0
1648,9691,0.0,0.9999999999999998,0.0
1648,9692,0.0,0.9999999999999998,0.0
1648,9693,0.0,0.9999999999999998,0.0
1648,9694,0.0,0.9999999999999998,0.0
1648,9695,0.0,0.9999999999999998,0.0
1648,9696,0.0,0.9999999999999998,0.0
1648,9697,0.0,0.9999999999999998,0.0
1648,9698,0.0,0.9999999999999998,0.0
1648,9699,0.0,0.9999999999999998,0.0
1648,9700,0.0,0.9999999999999998,0.0
1648,9701,0.0,0.9999999999999998,0.0
1648,9702,0.0,0.9999999999999998,0.0
1648,9703,0.0,0.9999999999999998,0.0
1648,9704,0.0,0.9999999999999998,0.0
1648,9705,0.0,0.9999999999999998,0.0
1648,9706,0.0,0.9999999999999998,0.0
1648,9707,0.0,0.9999999999999998,0.0
1648,9708,0.0,0.9999999999999998,0.0
1648,9709,0.0,0.9999999999999998,0.0
1648,9710,0.0,0.9999999999999998,0.0
1648,9711,0.0,0.9999999999999998,0.0
1648,9712,0.0,0.9999999999999998,0.0
1648,9713,0.0,0.9999999999999998,0.0
1648,9714,0.0,0.9999999999999998,0.0
1648,9715,0.0,0.9999999999999998,0.0
1648,9716,0.0,0.9999999999999998,0.0
1648,9717,0.0,0.9999999999999998,0.0
1648,9718,0.0,0.9999999999999998,0.0
1648,9719,0.0,0.9999999999999998,0.0
1648,9720,0.0,0.9999999999999998,0.0
1648,9721,0.0,0.9999999999999998,0.0
1648,9722,0.0,0.9999999999999998,0.0
1648,9723,0.0,0.9999999999999998,0.0
1648,9724,0.0,0.9999999999999998,0.0
1648,9725,0.0,0.9999999999999998,0.0
1648,9726,0.0,0.9999999999999998,0.0
1648,9727,0.0,0.9999999999999998,0.0
1648,9728,0.0,0.9999999999999998,0.0
1648,9729,0.0,0.9999999999999998,0.0
1648,9730,0.0,0.9999999999999998,0.0
1648,9731,0.0,0.9999999999999998,0.0
1648,9732,0.0,0.9999999999999998,0.0
1648,9733,0.0,0.9999999999999998,0.0
1648,9734,0.0,0.9999999999999998,0.0
1648,9735,0.0,0.9999999999999998,0.0
1648,9736,0.0,0.9999999999999998,0.0
1648,9737,0.0,0.9999999999999998,0.0
1648,9738,0.0,0.9999999999999998,0.0
1648,9739,0.0,0.9999999999999998,0.0
1648,9740,0.0,0.9999999999999998,0.0
1648,9741,0.0,0.9999999999999998,0.0
1648,9742,0.0,0.9999999999999998,0.0
1648,9743,0.0,0.9999999999999998,0.0
1648,9744,0.0,0.9999999999999998,0.0
1648,9745,0.0,0.9999999999999998,0.0
1648,9746,0.0,0.9999999999999998,0.0
1648,9747,0.0,0.9999999999999998,0.0
1648,9748,0.0,0.9999999999999998,0.0
1648,9749,0.0,0.9999999999999998,0.0
1648,9750,0.0,0.9999999999999998,0.0
1648,9751,0.0,0.9999999999999998,0.0
1648,9752,0.0,0.9999999999999998,0.0
1648,9753,0.0,0.9999999999999998,0.0
1648,9754,0.0,0.9999999999999998,0.0
1648,9755,0.0,0.9999999999999998,0.0
1648,9756,0.0,0.9999999999999998,0.0
1648,9757,0.0,0.9999999999999998,0.0
1648,9758,0.0,0.9999999999999998,0.0
1648,9759,0.0,0.9999999999999998,0.0
1648,9760,0.0,0.9999999999999998,0.0
1648,9761,0.0,0.9999999999999998,0.0
1648,9762,0.0,0.9999999999999998,0.0
1648,9763,0.0,0.9999999999999998,0.0
1648,9764,0.0,0.9999999999999998,0.0
1648,9765,0.0,0.9999999999999998,0.0
1648,9766,0.0,0.9999999999999998,0.0
1648,9767,0.0,0.9999999999999998,0.0
1648,9768,0.0,0.9999999999999998,0.0
1648,9769,0.0,0.9999999999999998,0.0
1648,9770,0.0,0.9999999999999998,0.0
1648,9771,0.0,0.9999999999999998,0.0
1648,9772,0.0,0.9999999999999998,0.0
1648,9773,0.0,0.9999999999999998,0.0
1648,9774,0.0,0.9999999999999998,0.0
1648,9775,0.0,0.9999999999999998,0.0
1648,9776,0.0,0.9999999999999998,0.0
1648,9777,0.0,0.9999999999999998,0.0
1648,9778,0.0,0.9999999999999998,0.0
1648,9779,0.0,0.9999999999999998,0.0
1648,9780,0.0,0.9999999999999998,0.0
1648,9781,0.0,0.9999999999999998,0.0
1648,9782,0.0,0.9999999999999998,0.0
1648,9783,0.0,0.9999999999999998,0.0
1648,9784,0.0,0.9999999999999998,0.0
1648,9785,0.0,0.9999999999999998,0.0
1648,9786,0.0,0.9999999999999998,0.0
1648,9787,0.0,0.9999999999999998,0.0
1648,9788,0.0,0.9999999999999998,0.0
1648,9789,0.0,0.9999999999999998,0.0
1648,9790,0.0,0.9999999999999998,0.0
1648,9791,0.0,0.9999999999999998,0.0
1648,9792,0.0,0.9999999999999998,0.0
1648,9793,0.0,0.9999999999999998,0.0
1648,9794,0.0,0.9999999999999998,0.0
1648,9795,0.0,0.9999999999999998,0.0
1648,9796,0.0,0.9999999999999998,0.0
1648,9797,0.0,0.9999999999999998,0.0
1648,9798,0.0,0.9999999999999998,0.0
1648,9799,0.0,0.9999999999999998,0.0
1648,9800,0.0,0.9999999999999998,0.0
1648,9801,0.0,0.9999999999999998,0.0
1648,9802,0.0,0.9999999999999998,0.0
1648,9803,0.0,0.9999999999999998,0.0
1648,9804,0.0,0.9999999999999998,0.0
1648,9805,0.0,0.9999999999999998,0.0
1648,9806,0.0,0.9999999999999998,0.0
1648,9807,0.0,0.9999999999999998,0.0
1648,9808,0.0,0.9999999999999998,0.0
1648,9809,0.0,0.9999999999999998,0.0
1648,9810,0.0,0.9999999999999998,0.0
1648,9811,0.0,0.9999999999999998,0.0
1648,9812,0.0,0.9999999999999998,0.0
1648,9813,0.0,0.9999999999999998,0.0
1648,9814,0.0,0.9999999999999998,0.0
1648,9815,0.0,0.9999999999999998,0.0
1648,9816,0.0,0.9999999999999998,0.0
1648,9817,0.0,0.9999999999999998,0.0
1648,9818,0.0,0.9999999999999998,0.0
1648,9819,0.0,0.9999999999999998,0.0
1648,9820,0.0,0.9999999999999998,0.0
1648,9821,0.0,0.9999999999999998,0.0
1648,9822,0.0,0.9999999999999998,0.0
1648,9823,0.0,0.9999999999999998,0.0
1648,9824,0.0,0.9999999999999998,0.0
1648,9825,0.0,0.9999999999999998,0.0
1648,9826,0.0,0.9999999999999998,0.0
1648,9827,0.0,0.9999999999999998,0.0
1648,9828,0.0,0.9999999999999998,0.0
1648,9829,0.0,0.9999999999999998,0.0
1648,9830,0.0,0.9999999999999998,0.0
1648,9831,0.0,0.9999999999999998,0.0
1648,9832,0.0,0.9999999999999998,0.0
1648,9833,0.0,0.9999999999999998,0.0
1648,9834,0.0,0.9999999999999998,0.0
1648,9835,0.0,0.9999999999999998,0.0
1648,9836,0.0,0.9999999999999998,0.0
1648,9837,0.0,0.9999999999999998,0.0
1648,9838,0.0,0.9999999999999998,0.0
1648,9839,0.0,0.9999999999999998,0.0
1648,9840,0.0,0.9999999999999998,0.0
1648,9841,0.0,0.9999999999999998,0.0
1648,9842,0.0,0.9999999999999998,0.0
1648,9843,0.0,0.9999999999999998,0.0
1648,9844,0.0,0.9999999999999998,0.0
1648,9845,0.0,0.9999999999999998,0.0
1648,9846,0.0,0.9999999999999998,0.0
1648,9847,0.0,0.9999999999999998,0.0
1648,9848,0.0,0.9999999999999998,0.0
1648,9849,0.0,0.9999999999999998,0.0
1648,9850,0.0,0.9999999999999998,0.0
1648,9851,0.0,0.9999999999999998,0.0
1648,9852,0.0,0.9999999999999998,0.0
1648,9853,0.0,0.9999999999999998,0.0
1648,9854,0.0,0.9999999999999998,0.0
1648,9855,0.0,0.9999999999999998,0.0
1648,9856,0.0,0.9999999999999998,0.0
1648,9857,0.0,0.9999999999999998,0.0
1648,9858,0.0,0.9999999999999998,0.0
1648,9859,0.0,0.9999999999999998,0.0
1648,9860,0.0,0.9999999999999998,0.0
1648,9861,0.0,0.9999999999999998,0.0
1648,9862,0.0,0.9999999999999998,0.0
1648,9863,0.0,0.9999999999999998,0.0
1648,9864,0.0,0.9999999999999998,0.0
1648,9865,0.0,0.9999999999999998,0.0
1648,9866,0.0,0.9999999999999998,0.0
1648,9867,0.0,0.9999999999999998,0.0
1648,9868,0.0,0.9999999999999998,0.0
1648,9869,0.0,0.9999999999999998,0.0
1648,9870,0.0,0.9999999999999998,0.0
1648,9871,0.0,0.9999999999999998,0.0
1648,9872,0.0,0.9999999999999998,0.0
1648,9873,0.0,0.9999999999999998,0.0
1648,9874,0.0,0.9999999999999998,0.0
1648,9875,0.0,0.9999999999999998,0.0
1648,9876,0.0,0.9999999999999998,0.0
1648,9877,0.0,0.9999999999999998,0.0
1648,9878,0.0,0.9999999999999998,0.0
1648,9879,0.0,0.9999999999999998,0.0
1648,9880,0.0,0.9999999999999998,0.0
1648,9881,0.0,0.9999999999999998,0.0
1648,9882,0.0,0.9999999999999998,0.0
1648,9883,0.0,0.9999999999999998,0.0
1648,9884,0.0,0.9999999999999998,0.0
1648,9885,0.0,0.9999999999999998,0.0
1648,9886,0.0,0.9999999999999998,0.0
1648,9887,0.0,0.9999999999999998,0.0
1648,9888,0.0,0.9999999999999998,0.0
